{"code":"000014","atr10":0.273,"close":16.72,"close_count":60,"l_pvalue":0.000012445,"l_slop":8.5169454531,"l_stderror":1.4566547326,"ma120":17.2194166667,"ma250":18.89416,"ma42":17.0035714286,"max10":17.43,"min10":16.63,"name":"沙河股份","stat_date":"2017-06-30","mc":33.7251,"cmc":33.7251,"pe":78.4436,"pe_lyr":117.9332,"pb":4.5752,"ps":4.2128,"pcf":-165.7684,"iop":148.5591}