{"code":"000020","atr10":0.404,"close":18.85,"close_count":60,"l_pvalue":0.0327715446,"l_slop":3.2579668686,"l_stderror":1.4148539679,"ma120":21.30875,"ma250":21.72864,"ma42":20.0557142857,"max10":19.68,"min10":18.85,"name":"深华发Ａ","stat_date":"2017-06-30","mc":39.7928,"cmc":34.1497,"pe":16114.6387,"pe_lyr":977.9906,"pb":16.5843,"ps":7.1252,"pcf":427.4057,"iop":-75.3722}