{"code":"000045","atr10":0.268,"close":11.48,"close_count":60,"l_pvalue":0.0000150233,"l_slop":21.6607291401,"l_stderror":3.7610486507,"ma120":11.57475,"ma250":12.6716,"ma42":11.5788095238,"max10":12.18,"min10":11.31,"name":"深纺织Ａ","stat_date":"2017-06-30","mc":55.1503,"cmc":52.4661,"pe":-136.1321,"pe_lyr":-66.6303,"pb":2.4703,"ps":4.1973,"pcf":16.5033,"iop":196.3466}