{"code":"000066","atr10":0.243,"close":8.68,"close_count":60,"l_pvalue":0.0013689201,"l_slop":-2.3953131445,"l_stderror":0.6394602483,"ma120":8.9876666667,"ma250":10.2998,"ma42":8.730952381,"max10":8.95,"min10":8.56,"name":"中国长城","stat_date":"2017-06-30","mc":255.5452,"cmc":216.2212,"pe":120.8293,"pe_lyr":770.9275,"pb":3.8777,"ps":0.6445,"pcf":-9.0618,"iop":-35.5036}