{"code":"000028","atr10":0.942,"close":66.66,"close_count":60,"l_pvalue":2.579108163e-16,"l_slop":-40.1809903274,"l_stderror":1.5453986637,"ma120":74.7983333333,"ma250":72.51012,"ma42":71.4347619048,"max10":67.92,"min10":66.66,"name":"国药一致","stat_date":"2017-06-30","mc":267.5713,"cmc":205.1424,"pe":26.336,"pe_lyr":24.051,"pb":3.2195,"ps":0.6925,"pcf":-1146.0953,"iop":-23.0986}