{"code":"000016","atr10":0.159,"close":5.58,"close_count":60,"l_pvalue":0.0000112747,"l_slop":18.6852882846,"l_stderror":3.1707088217,"ma120":5.1304166667,"ma250":4.90312,"ma42":5.8157142857,"max10":6.08,"min10":5.55,"name":"深康佳Ａ","stat_date":"2017-06-30","mc":111.0191,"cmc":89.0899,"pe":118.1636,"pe_lyr":140.4402,"pb":4.5874,"ps":0.5818,"pcf":-93.8523,"iop":90.2556}