{"code":"000048","atr10":0.581,"close":25.55,"close_count":60,"l_pvalue":0.0000348491,"l_slop":11.8996573036,"l_stderror":2.2149981058,"ma120":27.00075,"ma250":30.97356,"ma42":26.2195238095,"max10":26.93,"min10":25.4,"name":"康达尔","stat_date":"2017-06-30","mc":99.8414,"cmc":98.4677,"pe":-245.4945,"pe_lyr":1674.9618,"pb":14.2786,"ps":6.7179,"pcf":240.8335,"iop":-240.7874}