{"code":"000037","atr10":0.249,"close":8.73,"close_count":60,"l_pvalue":7.31395718e-22,"l_slop":-25.1007861336,"l_stderror":0.4880799467,"ma120":9.7789166667,"ma250":10.52264,"ma42":9.2476190476,"max10":9.12,"min10":8.71,"name":"深南电A","stat_date":"2017-06-30","mc":39.4455,"cmc":29.5855,"pe":3.9254,"pe_lyr":4.027,"pb":2.7406,"ps":3.008,"pcf":-6.7905,"iop":120.0269}