{"code":"000006","atr10":0.377,"close":9.85,"close_count":60,"l_pvalue":1.046108946e-17,"l_slop":72.5568869012,"l_stderror":2.3484682823,"ma120":8.42225,"ma250":8.78576,"ma42":8.4869047619,"max10":9.85,"min10":9.85,"name":"深振业Ａ","stat_date":"2017-06-30","mc":132.9745,"cmc":132.4992,"pe":14.3585,"pe_lyr":17.0791,"pb":2.6533,"ps":3.0501,"pcf":7.8492,"iop":148.807}