{"code":"000032","atr10":0.364,"close":13.18,"close_count":60,"l_pvalue":0.0000000076,"l_slop":-43.2115494763,"l_stderror":4.4221065635,"ma120":15.0756666667,"ma250":15.3088,"ma42":14.9252380952,"max10":14.3,"min10":12.96,"name":"深桑达Ａ","stat_date":"2017-06-30","mc":55.6531,"cmc":36.8296,"pe":116.5341,"pe_lyr":91.666,"pb":3.8299,"ps":3.1868,"pcf":109.7845,"iop":13.6856}