{"code":"000089","atr10":0.093,"close":8.55,"close_count":60,"l_pvalue":0.0,"l_slop":-11.5630072738,"l_stderror":0.6269677793,"ma120":8.93475,"ma250":8.67956,"ma42":8.7661904762,"max10":8.7,"min10":8.53,"name":"深圳机场","stat_date":"2017-06-30","mc":175.3408,"cmc":175.3408,"pe":28.4863,"pe_lyr":31.1755,"pb":1.6196,"ps":5.5654,"pcf":-671.3818,"iop":36.3103}