{"code":"000070","atr10":0.51,"close":12.18,"close_count":60,"l_pvalue":0.0054195125,"l_slop":-7.8590457889,"l_stderror":2.5047179963,"ma120":11.2155833333,"ma250":12.4098,"ma42":10.9997619048,"max10":12.18,"min10":10.61,"name":"特发信息","stat_date":"2017-06-30","mc":76.368,"cmc":65.9974,"pe":34.2081,"pe_lyr":39.006,"pb":4.1917,"ps":1.5399,"pcf":138.4535,"iop":36.9449}