{"code":"000061","atr10":0.24,"close":9.28,"close_count":60,"l_pvalue":0.0994683573,"l_slop":0.2741967179,"l_stderror":0.1583075489,"ma120":10.6163333333,"ma250":11.56752,"ma42":8.9238095238,"max10":9.28,"min10":9.06,"name":"农 产 品","stat_date":"2017-06-30","mc":157.4783,"cmc":156.8693,"pe":238.0135,"pe_lyr":178.0229,"pb":3.2766,"ps":7.3213,"pcf":48.4251,"iop":-42.3674}