{"code":"000099","atr10":0.271,"close":11.26,"close_count":60,"l_pvalue":1.0,"l_slop":0.0,"l_stderror":0.0,"ma120":12.2385,"ma250":12.69108,"ma42":12.0814285714,"max10":11.26,"min10":11.26,"name":"中信海直","stat_date":"2017-06-30","mc":68.2435,"cmc":68.2435,"pe":79.774,"pe_lyr":79.4181,"pb":2.3693,"ps":5.6848,"pcf":21.6914,"iop":-16.3478}