{"code":"000008","atr10":0.301,"close":8.62,"close_count":60,"l_pvalue":0.0,"l_slop":48.173785528,"l_stderror":2.6300306826,"ma120":7.8251666667,"ma250":8.57852,"ma42":8.1797619048,"max10":9.26,"min10":8.46,"name":"神州高铁","stat_date":"2017-06-30","mc":242.9983,"cmc":171.4263,"pe":45.3646,"pe_lyr":46.5633,"pb":3.9158,"ps":13.2885,"pcf":158.0764,"iop":75.084}