{"code":"000046","atr10":0.144,"close":8.25,"close_count":60,"l_pvalue":0.0406060464,"l_slop":-1.3513280472,"l_stderror":0.6150104443,"ma120":8.4105,"ma250":9.0076,"ma42":8.2483333333,"max10":8.39,"min10":8.14,"name":"泛海控股","stat_date":"2017-06-30","mc":428.6866,"cmc":420.0624,"pe":13.8181,"pe_lyr":13.7881,"pb":2.3693,"ps":2.3422,"pcf":-3.4697,"iop":-80.0465}