{"code":"000012","atr10":0.166,"close":8.37,"close_count":60,"l_pvalue":0.0020565744,"l_slop":3.8396806272,"l_stderror":1.0764054779,"ma120":8.4281666667,"ma250":9.33528,"ma42":8.5638095238,"max10":8.88,"min10":8.35,"name":"南  玻Ａ","stat_date":"2017-06-30","mc":162.173,"cmc":126.3351,"pe":27.5978,"pe_lyr":25.0415,"pb":2.5364,"ps":2.0615,"pcf":37.8809,"iop":2.1362}