{"code":"000049","atr10":1.197,"close":52.68,"close_count":60,"l_pvalue":0.388130818,"l_slop":-3.5144889561,"l_stderror":3.9789589294,"ma120":53.6434166667,"ma250":48.59128,"ma42":54.2026190476,"max10":54.4,"min10":51.75,"name":"德赛电池","stat_date":"2017-06-30","mc":108.1224,"cmc":108.1224,"pe":36.3792,"pe_lyr":42.3509,"pb":8.8585,"ps":1.0407,"pcf":-519.5486,"iop":28.259}