{"code":"000030","atr10":0.166,"close":8.87,"close_count":60,"l_pvalue":0.0778108974,"l_slop":-2.8234576298,"l_stderror":1.5145170068,"ma120":8.7203333333,"ma250":8.64228,"ma42":9.1426190476,"max10":9.15,"min10":8.76,"name":"富奥股份","stat_date":"2017-06-30","mc":113.5397,"cmc":111.0742,"pe":15.0743,"pe_lyr":16.9513,"pb":2.1341,"ps":1.761,"pcf":25.6222,"iop":16.4135}