{"code":"000062","atr10":0.652,"close":27.22,"close_count":60,"l_pvalue":0.000001123,"l_slop":15.6808195884,"l_stderror":2.2366982572,"ma120":26.9505833333,"ma250":26.94072,"ma42":26.8904761905,"max10":28.22,"min10":26.64,"name":"深圳华强","stat_date":"2017-06-30","mc":196.3424,"cmc":181.5437,"pe":39.8764,"pe_lyr":46.1048,"pb":4.8916,"ps":3.0738,"pcf":44.9242,"iop":67.4951}