{"code":"000010","atr10":0.102,"close":5.18,"close_count":60,"l_pvalue":0.0,"l_slop":14.1621018792,"l_stderror":1.0301738344,"ma120":5.3183333333,"ma250":6.47944,"ma42":5.0107142857,"max10":5.18,"min10":5.04,"name":"美丽生态","stat_date":"2017-06-30","mc":42.4685,"cmc":27.0485,"pe":-132.6909,"pe_lyr":106.4983,"pb":1.957,"ps":5.5439,"pcf":-21.6539,"iop":-128.0866}