{"code":"000018","atr10":0.133,"close":7.95,"close_count":60,"l_pvalue":0.4928437265,"l_slop":0.8791129308,"l_stderror":1.2571510565,"ma120":8.0443333333,"ma250":9.10928,"ma42":7.8719047619,"max10":7.96,"min10":7.85,"name":"神州长城","stat_date":"2017-06-30","mc":122.8445,"cmc":59.9244,"pe":25.0034,"pe_lyr":28.5036,"pb":7.2794,"ps":2.3535,"pcf":16.1621,"iop":74.9444}