{"code":"000017","atr10":0.093,"close":7.8,"close_count":60,"l_pvalue":0.0000000527,"l_slop":-7.6074025524,"l_stderror":0.8808038434,"ma120":8.6380833333,"ma250":10.1618,"ma42":8.0780952381,"max10":8.07,"min10":7.79,"name":"深中华A","stat_date":"2017-06-30","mc":30.072,"cmc":23.6325,"pe":9270.292,"pe_lyr":1651.733,"pb":339.2294,"ps":34.3694,"pcf":-1112.3011,"iop":-1184.1082}