{"code":"000068","atr10":0.248,"close":6.82,"close_count":60,"l_pvalue":0.0001958884,"l_slop":8.7761012135,"l_stderror":1.9082460499,"ma120":7.1111666667,"ma250":7.92188,"ma42":6.8895238095,"max10":7.21,"min10":6.82,"name":"华控赛格","stat_date":"2017-06-30","mc":68.655,"cmc":61.153,"pe":390.4429,"pe_lyr":688.2585,"pb":11.2871,"ps":19.75,"pcf":10.7908,"iop":98.5454}