{"code":"000055","atr10":0.173,"close":7.7,"close_count":60,"l_pvalue":0.0000000008,"l_slop":6.1159792327,"l_stderror":0.5471149923,"ma120":7.775,"ma250":8.61036,"ma42":7.8216666667,"max10":7.99,"min10":7.63,"name":"方大集团","stat_date":"2017-06-30","mc":75.394,"cmc":52.2248,"pe":10.4423,"pe_lyr":13.0582,"pb":3.9381,"ps":1.9838,"pcf":21.4688,"iop":540.4513}