{"code":"000056","atr10":0.335,"close":12.14,"close_count":60,"l_pvalue":0.0000000021,"l_slop":-6.6820368757,"l_stderror":0.6311074495,"ma120":12.16275,"ma250":12.51288,"ma42":12.5511904762,"max10":12.74,"min10":12.08,"name":"皇庭国际","stat_date":"2017-06-30","mc":122.7156,"cmc":34.7339,"pe":88.8824,"pe_lyr":125.7422,"pb":2.6481,"ps":30.1924,"pcf":42.4881,"iop":73.2316}