{"code":"000022","atr10":0.445,"close":25.45,"close_count":60,"l_pvalue":0.0000000024,"l_slop":-15.4839274834,"l_stderror":1.4749118676,"ma120":26.5465,"ma250":22.27608,"ma42":27.2357142857,"max10":27.08,"min10":25.3,"name":"深赤湾Ａ","stat_date":"2017-06-30","mc":138.4586,"cmc":118.3084,"pe":30.2615,"pe_lyr":30.8226,"pb":3.7709,"ps":8.5026,"pcf":87.4364,"iop":-11.6453}