{"code":"000031","atr10":0.254,"close":8.0,"close_count":60,"l_pvalue":0.0,"l_slop":2.615202751,"l_stderror":0.1453805745,"ma120":7.94825,"ma250":8.7756,"ma42":7.4271428571,"max10":8.0,"min10":8.0,"name":"中粮地产","stat_date":"2017-06-30","mc":145.0985,"cmc":145.0978,"pe":20.1346,"pe_lyr":20.1483,"pb":2.5296,"ps":0.8839,"pcf":-3.2498,"iop":155.095}