{"code":"000002","atr10":1.667,"close":26.84,"close_count":60,"l_pvalue":0.0,"l_slop":88.4563669772,"l_stderror":3.858331175,"ma120":22.0455,"ma250":22.1784,"ma42":24.0669047619,"max10":29.3,"min10":26.12,"name":"万  科Ａ","stat_date":"2017-06-30","mc":2904.1025,"cmc":2605.9399,"pe":12.8968,"pe_lyr":14.0939,"pb":2.8512,"ps":1.2582,"pcf":10.2965,"iop":46.5565}