{"code":"000050","atr10":0.618,"close":22.07,"close_count":60,"l_pvalue":0.5748294172,"l_slop":1.8787218892,"l_stderror":3.2914234195,"ma120":19.92575,"ma250":19.55692,"ma42":22.4307142857,"max10":22.6,"min10":21.39,"name":"深天马Ａ","stat_date":"2017-06-30","mc":309.2225,"cmc":309.2043,"pe":41.1081,"pe_lyr":54.328,"pb":2.1881,"ps":2.5832,"pcf":-14.1494,"iop":88.2358}