{"code":"000011","atr10":0.747,"close":19.42,"close_count":60,"l_pvalue":0.0000000011,"l_slop":34.6897050421,"l_stderror":3.1517974847,"ma120":18.9764166667,"ma250":18.16376,"ma42":19.5673809524,"max10":21.5,"min10":19.08,"name":"深物业A","stat_date":"2017-06-30","mc":108.0174,"cmc":34.1525,"pe":15.9759,"pe_lyr":32.6157,"pb":4.3414,"ps":3.8525,"pcf":88.3617,"iop":2337.3784}