{"code":"000027","atr10":0.052,"close":6.42,"close_count":60,"l_pvalue":0.0332532144,"l_slop":-1.8195630017,"l_stderror":0.7926421664,"ma120":6.6576666667,"ma250":6.73044,"ma42":6.5447619048,"max10":6.57,"min10":6.41,"name":"深圳能源","stat_date":"2017-06-30","mc":254.5204,"cmc":254.5204,"pe":28.3364,"pe_lyr":18.8944,"pb":1.178,"ps":2.0423,"pcf":-19.0539,"iop":-45.3583}