{"code":"000040","atr10":0.319,"close":14.92,"close_count":60,"l_pvalue":0.0,"l_slop":36.7632007613,"l_stderror":1.9894327978,"ma120":13.3104166667,"ma250":12.99472,"ma42":13.9745238095,"max10":14.92,"min10":14.4,"name":"东旭蓝天","stat_date":"2017-06-30","mc":199.5063,"cmc":158.2028,"pe":80.9707,"pe_lyr":113.7569,"pb":1.7983,"ps":3.5006,"pcf":-2.6874,"iop":84.8855}