{"code":"000035","atr10":0.141,"close":6.72,"close_count":60,"l_pvalue":0.0,"l_slop":3.0413466039,"l_stderror":0.1690701481,"ma120":7.0973333333,"ma250":7.25736,"ma42":6.6811904762,"max10":6.72,"min10":6.72,"name":"中国天楹","stat_date":"2017-06-30","mc":90.8222,"cmc":78.4981,"pe":42.8687,"pe_lyr":42.8964,"pb":3.1669,"ps":7.7611,"pcf":-1234.5895,"iop":140.1579}