{"code":"000038","atr10":1.492,"close":31.74,"close_count":60,"l_pvalue":1.0,"l_slop":0.0,"l_stderror":0.0,"ma120":43.6950833333,"ma250":46.8034,"ma42":37.839047619,"max10":31.74,"min10":31.74,"name":"深大通","stat_date":"2017-06-30","mc":103.4054,"cmc":15.6023,"pe":31.4312,"pe_lyr":44.3316,"pb":1.994,"ps":6.9109,"pcf":-6.2115,"iop":180.968}