{"code":"000096","atr10":0.177,"close":14.05,"close_count":60,"l_pvalue":0.0088359036,"l_slop":3.7999163295,"l_stderror":1.3025413966,"ma120":14.8135,"ma250":14.92892,"ma42":14.2561904762,"max10":14.48,"min10":13.95,"name":"广聚能源","stat_date":"2017-06-30","mc":74.184,"cmc":71.7741,"pe":24.1266,"pe_lyr":25.3285,"pb":3.1899,"ps":7.3834,"pcf":89.3364,"iop":-21.047}