{"code":"000019","atr10":0.579,"close":12.15,"close_count":60,"l_pvalue":0.0,"l_slop":6.1794145726,"l_stderror":0.3435170907,"ma120":12.388,"ma250":13.85264,"ma42":11.8402380952,"max10":12.15,"min10":12.15,"name":"深深宝Ａ","stat_date":"2017-06-30","mc":56.3208,"cmc":50.5397,"pe":64.239,"pe_lyr":62.4701,"pb":6.0881,"ps":23.0039,"pcf":99.6208,"iop":22.1143}