{"code":"000025","atr10":0.974,"close":44.44,"close_count":60,"l_pvalue":0.0000001648,"l_slop":-10.7402568214,"l_stderror":1.341035841,"ma120":45.0210833333,"ma250":52.33032,"ma42":46.4297619048,"max10":46.24,"min10":44.42,"name":"特  力Ａ","stat_date":"2017-06-30","mc":122.9968,"cmc":86.161,"pe":388.0793,"pe_lyr":485.8207,"pb":14.3445,"ps":40.2685,"pcf":-1704.934,"iop":64.515}