{"code":"000029","atr10":0.357,"close":11.17,"close_count":60,"l_pvalue":1.0,"l_slop":0.0,"l_stderror":0.0,"ma120":10.80425,"ma250":11.50284,"ma42":11.025,"max10":11.17,"min10":11.17,"name":"深深房Ａ","stat_date":"2017-06-30","mc":105.4141,"cmc":99.5984,"pe":35.9843,"pe_lyr":36.269,"pb":4.0611,"ps":5.6915,"pcf":-33.972,"iop":0.9561}