{"code":"000021","atr10":0.288,"close":9.3,"close_count":60,"l_pvalue":0.0,"l_slop":25.3615135666,"l_stderror":1.4805055709,"ma120":8.5824166667,"ma250":9.32084,"ma42":8.8857142857,"max10":9.54,"min10":9.03,"name":"深科技","stat_date":"2017-06-30","mc":136.8271,"cmc":136.6422,"pe":44.9607,"pe_lyr":63.8116,"pb":2.4107,"ps":0.8892,"pcf":-23.9543,"iop":161.7774}