{"code":"000034","atr10":0.864,"close":21.8,"close_count":60,"l_pvalue":0.0,"l_slop":54.8286116322,"l_stderror":3.7577677759,"ma120":21.2508333333,"ma250":24.3876,"ma42":19.6916666667,"max10":22.46,"min10":20.4,"name":"神州数码","stat_date":"2017-06-30","mc":142.5874,"cmc":78.0374,"pe":40.0775,"pe_lyr":35.3118,"pb":5.0123,"ps":0.2596,"pcf":48.4969,"iop":-40.4394}