{"code":"000088","atr10":0.136,"close":8.92,"close_count":60,"l_pvalue":0.0000001212,"l_slop":-6.2458910553,"l_stderror":0.7639727773,"ma120":9.6834166667,"ma250":8.502,"ma42":9.2861904762,"max10":9.26,"min10":8.92,"name":"盐 田 港","stat_date":"2017-06-30","mc":173.2442,"cmc":173.2442,"pe":49.917,"pe_lyr":49.2417,"pb":2.8634,"ps":54.6837,"pcf":-424.0643,"iop":-9.9813}