{"code":"000005","atr10":0.123,"close":5.09,"close_count":60,"l_pvalue":0.0,"l_slop":30.9594917233,"l_stderror":2.3266806304,"ma120":5.2601666667,"ma250":6.15108,"ma42":4.990952381,"max10":5.34,"min10":5.04,"name":"世纪星源","stat_date":"2017-06-30","mc":53.8795,"cmc":48.4172,"pe":-149.342,"pe_lyr":49.5866,"pb":4.26,"ps":10.8736,"pcf":-87.1927,"iop":-100.1458}