{"code":"000004","atr10":0.63,"close":24.14,"close_count":60,"l_pvalue":0.0,"l_slop":35.7957591463,"l_stderror":1.9766076456,"ma120":29.4520833333,"ma250":33.75532,"ma42":23.3121428571,"max10":25.05,"min10":24.14,"name":"国农科技","stat_date":"2017-06-30","mc":20.272,"cmc":20.0274,"pe":62.2957,"pe_lyr":51.5835,"pb":17.319,"ps":9.4373,"pcf":-41.2814,"iop":-161.9615}