{"code":"000023","atr10":0.448,"close":24.06,"close_count":60,"l_pvalue":4.696733451e-16,"l_slop":-24.6457020175,"l_stderror":0.9791312144,"ma120":25.7065,"ma250":28.51228,"ma42":25.455,"max10":24.88,"min10":23.9,"name":"深天地Ａ","stat_date":"2017-06-30","mc":33.3848,"cmc":33.3848,"pe":156.204,"pe_lyr":335.4512,"pb":8.4412,"ps":3.0207,"pcf":26.2186,"iop":-21.1908}