{"code":"000026","atr10":0.186,"close":11.58,"close_count":60,"l_pvalue":0.0009443766,"l_slop":4.0483878127,"l_stderror":1.035800333,"ma120":12.312,"ma250":13.26832,"ma42":11.7111904762,"max10":12.01,"min10":11.48,"name":"飞亚达Ａ","stat_date":"2017-06-30","mc":46.2773,"cmc":41.3461,"pe":37.1235,"pe_lyr":45.9113,"pb":2.0983,"ps":1.6316,"pcf":-44.7841,"iop":24.1374}