{"code":"000039","atr10":0.419,"close":18.16,"close_count":60,"l_pvalue":0.0301454091,"l_slop":-3.9300693293,"l_stderror":1.6771487617,"ma120":17.4701666667,"ma250":16.36924,"ma42":18.669047619,"max10":18.82,"min10":17.55,"name":"中集集团","stat_date":"2017-06-30","mc":444.7968,"cmc":229.4128,"pe":31.5688,"pe_lyr":100.2993,"pb":1.9565,"ps":0.888,"pcf":33.2098,"iop":175.8666}