{"code":"000001","atr10":0.253,"close":10.93,"close_count":60,"l_pvalue":0.0000001159,"l_slop":17.6422281935,"l_stderror":2.1515111337,"ma120":9.9013333333,"ma250":9.50108,"ma42":11.0785714286,"max10":11.46,"min10":10.93,"name":"平安银行","stat_date":"2017-06-30","mc":1876.726,"cmc":1849.1364,"pe":8.2093,"pe_lyr":8.3045,"pb":0.9941,"ps":1.7536,"pcf":-2.1124,"iop":1.2036}