{"code":"000065","atr10":0.326,"close":22.22,"close_count":60,"l_pvalue":7.38175498e-23,"l_slop":-24.9996284399,"l_stderror":0.4305248251,"ma120":25.4615,"ma250":26.68804,"ma42":23.4971428571,"max10":23.18,"min10":22.19,"name":"北方国际","stat_date":"2017-06-30","mc":113.9894,"cmc":88.9935,"pe":22.635,"pe_lyr":24.7239,"pb":3.4113,"ps":1.1758,"pcf":5.6154,"iop":9.9539}