{"code":"000078","atr10":0.193,"close":6.63,"close_count":60,"l_pvalue":0.0192660939,"l_slop":5.6960175378,"l_stderror":2.2275204143,"ma120":6.0571666667,"ma250":6.32104,"ma42":6.170952381,"max10":6.9,"min10":6.07,"name":"海王生物","stat_date":"2017-06-30","mc":175.4705,"cmc":123.0962,"pe":31.6781,"pe_lyr":41.9389,"pb":3.192,"ps":1.0655,"pcf":-56.0195,"iop":176.9166}