{"code":"000059","atr10":0.277,"close":11.17,"close_count":60,"l_pvalue":0.1922993136,"l_slop":-3.4283840753,"l_stderror":2.5360744379,"ma120":10.9120833333,"ma250":10.9062,"ma42":11.6488095238,"max10":11.89,"min10":10.86,"name":"华锦股份","stat_date":"2017-06-30","mc":178.6577,"cmc":156.3768,"pe":10.3437,"pe_lyr":9.9076,"pb":1.6026,"ps":0.5647,"pcf":9.3961,"iop":9.9225}