{"code":"000069","atr10":0.325,"close":8.29,"close_count":60,"l_pvalue":0.000183053,"l_slop":11.3254450263,"l_stderror":2.4466321936,"ma120":8.8405833333,"ma250":7.92284,"ma42":8.8845238095,"max10":9.45,"min10":8.29,"name":"华侨城Ａ","stat_date":"2017-06-30","mc":680.251,"cmc":507.6984,"pe":9.6595,"pe_lyr":9.8753,"pb":1.5072,"ps":1.7991,"pcf":26.8944,"iop":6.4355}