{"code":"000058","atr10":0.126,"close":7.86,"close_count":60,"l_pvalue":0.0000000179,"l_slop":20.2319924677,"l_stderror":2.1846227236,"ma120":8.013,"ma250":9.67824,"ma42":7.7552380952,"max10":8.06,"min10":7.73,"name":"深 赛 格","stat_date":"2017-06-30","mc":85.9991,"cmc":42.3081,"pe":184.4475,"pe_lyr":90.296,"pb":5.5287,"ps":15.8643,"pcf":-28.4718,"iop":-1.5111}