{"code":"000090","atr10":0.296,"close":11.0,"close_count":60,"l_pvalue":0.1744901722,"l_slop":4.0551276559,"l_stderror":2.8745052795,"ma120":11.0448333333,"ma250":10.26152,"ma42":11.6516666667,"max10":12.03,"min10":10.85,"name":"天健集团","stat_date":"2017-06-30","mc":131.7564,"cmc":85.0896,"pe":21.4178,"pe_lyr":29.5075,"pb":2.0779,"ps":1.9082,"pcf":-17.682,"iop":-28.2889}