{"code":"000063","atr10":0.974,"close":28.02,"close_count":60,"l_pvalue":5.25885061e-17,"l_slop":39.966568853,"l_stderror":1.4108392371,"ma120":21.5778333333,"ma250":18.51624,"ma42":23.8430952381,"max10":28.02,"min10":24.52,"name":"中兴通讯","stat_date":"2017-06-30","mc":1125.9902,"cmc":961.0901,"pe":-64.127,"pe_lyr":-49.8059,"pb":4.0477,"ps":1.0924,"pcf":-58.0282,"iop":1297.8546}