{"code":"000009","atr10":0.324,"close":9.03,"close_count":60,"l_pvalue":0.0,"l_slop":38.8077944919,"l_stderror":2.4644956157,"ma120":8.4194166667,"ma250":9.296,"ma42":8.9107142857,"max10":9.64,"min10":8.85,"name":"中国宝安","stat_date":"2017-06-30","mc":194.0859,"cmc":191.444,"pe":80.5505,"pe_lyr":83.1616,"pb":4.3202,"ps":2.9433,"pcf":106.3382,"iop":56.958}