{"code":"000042","atr10":0.328,"close":16.65,"close_count":60,"l_pvalue":0.0000000023,"l_slop":11.9628863845,"l_stderror":1.1359905263,"ma120":17.28675,"ma250":17.40036,"ma42":16.9466666667,"max10":17.5,"min10":16.62,"name":"中洲控股","stat_date":"2017-06-30","mc":110.6944,"cmc":81.2514,"pe":28.7221,"pe_lyr":42.4877,"pb":1.854,"ps":1.3743,"pcf":3.0456,"iop":247.0064}