{"code":"000043","atr10":0.279,"close":10.5,"close_count":60,"l_pvalue":0.0011159495,"l_slop":3.3307858869,"l_stderror":0.8684408206,"ma120":10.3150833333,"ma250":10.53636,"ma42":10.5704761905,"max10":10.86,"min10":10.44,"name":"中航地产","stat_date":"2017-06-30","mc":70.0309,"cmc":70.012,"pe":400.1114,"pe_lyr":43.3921,"pb":1.7988,"ps":1.1696,"pcf":13.5692,"iop":-103.3903}