{"code":"000007","atr10":0.454,"close":16.62,"close_count":60,"l_pvalue":0.0000000378,"l_slop":-12.4443614012,"l_stderror":1.4099591937,"ma120":16.6859166667,"ma250":15.34504,"ma42":16.0480952381,"max10":16.62,"min10":15.3,"name":"全新好","stat_date":"2017-06-30","mc":57.5797,"cmc":51.3472,"pe":65.2246,"pe_lyr":73.8021,"pb":14.7069,"ps":132.6044,"pcf":122.173,"iop":7.4546}