{"code":"000036","atr10":0.422,"close":10.36,"close_count":60,"l_pvalue":0.5547755931,"l_slop":1.1659263676,"l_stderror":1.9391498576,"ma120":9.7638333333,"ma250":9.06896,"ma42":11.2821428571,"max10":11.82,"min10":10.29,"name":"华联控股","stat_date":"2017-06-30","mc":118.2581,"cmc":117.4003,"pe":6.0084,"pe_lyr":8.7693,"pb":3.1554,"ps":2.4027,"pcf":-11.5812,"iop":-13.6572}