{"code":"000060","atr10":0.354,"close":12.27,"close_count":60,"l_pvalue":0.4208596865,"l_slop":2.3831220462,"l_stderror":2.8965512689,"ma120":11.3305833333,"ma250":11.4154,"ma42":12.5614285714,"max10":12.84,"min10":11.95,"name":"中金岭南","stat_date":"2017-06-30","mc":292.0003,"cmc":271.3007,"pe":35.1063,"pe_lyr":90.3386,"pb":3.0214,"ps":1.5294,"pcf":14.5965,"iop":288.935}