{"code":"000159","atr10":0.237,"close":6.81,"close_count":60,"l_pvalue":0.0,"l_slop":22.3470310234,"l_stderror":1.1720385667,"ma120":6.9880833333,"ma250":7.92164,"ma42":6.7054761905,"max10":7.27,"min10":6.78,"name":"国际实业","stat_date":"2017-06-30","mc":32.7656,"cmc":32.7656,"pe":-338.5376,"pe_lyr":93.0374,"pb":1.5499,"ps":7.5675,"pcf":-58.3138,"iop":-700.0433}