{"code":"000100","atr10":0.064,"close":3.54,"close_count":60,"l_pvalue":0.0298369114,"l_slop":-0.5991386128,"l_stderror":0.2551384043,"ma120":3.5026666667,"ma250":3.48572,"ma42":3.5961904762,"max10":3.64,"min10":3.51,"name":"TCL 集团","stat_date":"2017-06-30","mc":432.3643,"cmc":318.648,"pe":21.296,"pe_lyr":26.9869,"pb":1.827,"ps":0.3913,"pcf":5.8023,"iop":1323.623}