{"code":"000155","atr10":0.481,"close":10.27,"close_count":60,"l_pvalue":1.0,"l_slop":0.0,"l_stderror":0.0,"ma120":8.3980833333,"ma250":9.26156,"ma42":8.5073809524,"max10":10.27,"min10":10.27,"name":"*ST川化","stat_date":"2017-06-30","mc":130.429,"cmc":96.2504,"pe":20.2263,"pe_lyr":15.0163,"pb":4.4422,"ps":3.3889,"pcf":8.9784,"iop":-76.2453}