{"code":"000166","atr10":0.068,"close":5.84,"close_count":60,"l_pvalue":0.0097538217,"l_slop":3.4994367148,"l_stderror":1.218335369,"ma120":5.7664166667,"ma250":6.06488,"ma42":5.9257142857,"max10":6.0,"min10":5.84,"name":"申万宏源","stat_date":"2017-06-30","mc":1171.3058,"cmc":432.7444,"pe":21.8735,"pe_lyr":21.6545,"pb":2.2285,"ps":7.9723,"pcf":-11.2838,"iop":21.1728}