{"code":"000157","atr10":0.046,"close":4.48,"close_count":60,"l_pvalue":0.0000007817,"l_slop":-5.1152854651,"l_stderror":0.7110563428,"ma120":4.4520833333,"ma250":4.49236,"ma42":4.6066666667,"max10":4.62,"min10":4.43,"name":"中联重科","stat_date":"2017-06-30","mc":319.9996,"cmc":278.8995,"pe":33.0257,"pe_lyr":-36.5871,"pb":0.9487,"ps":1.4348,"pcf":20.7232,"iop":795.3467}