{"code":"000158","atr10":0.224,"close":10.41,"close_count":60,"l_pvalue":0.3407556877,"l_slop":1.2643796532,"l_stderror":1.2938979295,"ma120":11.0348333333,"ma250":10.22696,"ma42":10.6676190476,"max10":10.9,"min10":10.36,"name":"常山股份","stat_date":"2017-06-30","mc":172.0643,"cmc":105.6596,"pe":41.0082,"pe_lyr":49.1732,"pb":3.0107,"ps":1.6417,"pcf":164.4891,"iop":1655.4312}