{"code":"000153","atr10":0.196,"close":10.16,"close_count":60,"l_pvalue":0.0,"l_slop":12.585299703,"l_stderror":0.7866187779,"ma120":11.40525,"ma250":10.87044,"ma42":10.0521428571,"max10":10.39,"min10":10.13,"name":"丰原药业","stat_date":"2017-06-30","mc":31.7135,"cmc":31.6969,"pe":50.2735,"pe_lyr":69.1887,"pb":2.6534,"ps":1.3776,"pcf":156.0541,"iop":28.1188}