{"code":"000151","atr10":0.395,"close":17.35,"close_count":60,"l_pvalue":0.0001245685,"l_slop":8.6396718136,"l_stderror":1.8000682966,"ma120":18.59175,"ma250":18.82928,"ma42":17.779047619,"max10":18.66,"min10":17.14,"name":"中成股份","stat_date":"2017-06-30","mc":51.3525,"cmc":46.2454,"pe":52.2869,"pe_lyr":50.9046,"pb":5.3794,"ps":2.4846,"pcf":-341.4139,"iop":-36.0124}