{"code":"000150","atr10":0.697,"close":28.09,"close_count":60,"l_pvalue":4.386653992e-19,"l_slop":43.0823574674,"l_stderror":1.1769120766,"ma120":25.6141666667,"ma250":28.11576,"ma42":25.9226190476,"max10":28.58,"min10":26.89,"name":"宜华健康","stat_date":"2017-06-30","mc":125.7884,"cmc":99.4197,"pe":-145.5837,"pe_lyr":16.8983,"pb":5.1697,"ps":7.5098,"pcf":50.1306,"iop":21.7061}