{"code":"000156","atr10":0.163,"close":14.42,"close_count":60,"l_pvalue":0.0813067109,"l_slop":-2.7324746368,"l_stderror":1.4843115799,"ma120":14.8946666667,"ma250":16.53888,"ma42":14.7633333333,"max10":14.73,"min10":14.37,"name":"华数传媒","stat_date":"2017-06-30","mc":206.6893,"cmc":143.2806,"pe":33.6297,"pe_lyr":34.3225,"pb":2.0927,"ps":6.5023,"pcf":25.3627,"iop":12.5954}