{"code":"000338","atr10":0.152,"close":7.35,"close_count":60,"l_pvalue":0.0,"l_slop":37.8237665488,"l_stderror":2.1398610673,"ma120":6.352,"ma250":5.73184,"ma42":7.1523809524,"max10":7.75,"min10":7.3,"name":"潍柴动力","stat_date":"2017-06-30","mc":584.2588,"cmc":317.4409,"pe":14.6216,"pe_lyr":24.0783,"pb":1.8553,"ps":0.4781,"pcf":54.4615,"iop":118.3727}