{"code":"000333","atr10":1.105,"close":43.81,"close_count":60,"l_pvalue":0.0000158872,"l_slop":11.5798489277,"l_stderror":2.0197641953,"ma120":39.1259166667,"ma250":33.72224,"ma42":41.1214285714,"max10":44.1,"min10":40.9,"name":"美的集团","stat_date":"2017-06-30","mc":2868.2998,"cmc":2775.5642,"pe":17.9278,"pe_lyr":19.5183,"pb":4.2942,"ps":1.387,"pcf":27.3442,"iop":16.8726}