{"code":"000301","atr10":0.067,"close":5.1,"close_count":60,"l_pvalue":1.0,"l_slop":0.0,"l_stderror":0.0,"ma120":5.0058333333,"ma250":4.7086,"ma42":5.1507142857,"max10":5.1,"min10":5.1,"name":"东方市场","stat_date":"2017-06-30","mc":61.5209,"cmc":61.5209,"pe":30.1675,"pe_lyr":41.7433,"pb":1.7347,"ps":6.3089,"pcf":18.83,"iop":58.7069}