{"code":"000498","atr10":0.249,"close":8.42,"close_count":60,"l_pvalue":0.0,"l_slop":15.6992191441,"l_stderror":0.7791822354,"ma120":7.6815,"ma250":7.86356,"ma42":8.1483333333,"max10":8.67,"min10":8.16,"name":"山东路桥","stat_date":"2017-06-30","mc":94.3157,"cmc":29.8211,"pe":16.9621,"pe_lyr":21.9489,"pb":2.5453,"ps":0.9057,"pcf":11.0361,"iop":62.9243}