{"code":"000411","atr10":0.603,"close":21.51,"close_count":60,"l_pvalue":0.0000000004,"l_slop":17.3171887528,"l_stderror":1.490590399,"ma120":21.4260833333,"ma250":22.2884,"ma42":20.8526190476,"max10":22.24,"min10":21.01,"name":"英特集团","stat_date":"2017-06-30","mc":44.6225,"cmc":44.5933,"pe":50.2249,"pe_lyr":51.3802,"pb":5.5877,"ps":0.2466,"pcf":6.128,"iop":4.9832}