{"code":"000417","atr10":0.302,"close":9.17,"close_count":60,"l_pvalue":0.0,"l_slop":23.2537516033,"l_stderror":1.4289200352,"ma120":8.4329166667,"ma250":8.61012,"ma42":8.6707142857,"max10":9.42,"min10":8.64,"name":"合肥百货","stat_date":"2017-06-30","mc":71.5154,"cmc":71.4322,"pe":25.9429,"pe_lyr":25.228,"pb":1.9715,"ps":0.7182,"pcf":23.2979,"iop":-34.9964}