{"code":"000425","atr10":0.049,"close":3.69,"close_count":60,"l_pvalue":0.0000000205,"l_slop":-8.5416099185,"l_stderror":0.9304164324,"ma120":3.7514166667,"ma250":3.63864,"ma42":3.830952381,"max10":3.81,"min10":3.66,"name":"徐工机械","stat_date":"2017-06-30","mc":258.5852,"cmc":258.0626,"pe":40.9232,"pe_lyr":123.9722,"pb":1.2365,"ps":1.1149,"pcf":-78.5995,"iop":274.6918}