{"code":"000408","atr10":1.391,"close":19.08,"close_count":60,"l_pvalue":3.009984757e-16,"l_slop":145.064622737,"l_stderror":5.6261060066,"ma120":14.9574166667,"ma250":15.39884,"ma42":16.1371428571,"max10":21.19,"min10":18.25,"name":"藏格控股","stat_date":"2017-06-30","mc":395.3818,"cmc":59.7808,"pe":40.705,"pe_lyr":43.3623,"pb":6.3465,"ps":14.2501,"pcf":46.5058,"iop":30.8004}