{"code":"000409","atr10":0.228,"close":7.34,"close_count":60,"l_pvalue":0.5698592597,"l_slop":0.9935941752,"l_stderror":1.7181555517,"ma120":9.1071666667,"ma250":10.72892,"ma42":7.7214285714,"max10":8.02,"min10":7.3,"name":"山东地矿","stat_date":"2017-06-30","mc":37.5023,"cmc":29.0463,"pe":-13.9709,"pe_lyr":-19.3752,"pb":4.3349,"ps":2.139,"pcf":25.7768,"iop":-1103.5397}