{"code":"000421","atr10":0.097,"close":7.0,"close_count":60,"l_pvalue":0.0000000045,"l_slop":7.7197553285,"l_stderror":0.7648510225,"ma120":7.2388333333,"ma250":8.25752,"ma42":7.1347619048,"max10":7.29,"min10":7.0,"name":"南京公用","stat_date":"2017-06-30","mc":40.0853,"cmc":27.4616,"pe":28.4301,"pe_lyr":20.8122,"pb":1.7109,"ps":1.0801,"pcf":5.2647,"iop":328.2103}