{"code":"000415","atr10":0.08,"close":6.64,"close_count":60,"l_pvalue":0.0346015012,"l_slop":-3.4040917185,"l_stderror":1.4955620533,"ma120":6.7745,"ma250":7.07184,"ma42":6.8873809524,"max10":6.92,"min10":6.64,"name":"渤海金控","stat_date":"2017-06-30","mc":410.6522,"cmc":206.8749,"pe":15.9787,"pe_lyr":18.0364,"pb":1.3377,"ps":1.2779,"pcf":38.0365,"iop":44.186}