{"code":"000426","atr10":0.468,"close":11.08,"close_count":60,"l_pvalue":0.0,"l_slop":69.3231172831,"l_stderror":3.317481944,"ma120":9.0864166667,"ma250":9.26408,"ma42":10.5195238095,"max10":11.92,"min10":11.04,"name":"兴业矿业","stat_date":"2017-06-30","mc":207.0299,"cmc":127.157,"pe":74.8075,"pe_lyr":231.425,"pb":4.1394,"ps":14.4759,"pcf":-88.3505,"iop":325.1059}