{"code":"000423","atr10":0.961,"close":63.75,"close_count":60,"l_pvalue":0.0904042855,"l_slop":-1.5616912346,"l_stderror":0.8753890557,"ma120":65.1514166667,"ma250":60.77028,"ma42":63.4285714286,"max10":64.88,"min10":62.88,"name":"东阿阿胶","stat_date":"2017-06-30","mc":416.9387,"cmc":416.8404,"pe":21.6593,"pe_lyr":22.5071,"pb":5.1682,"ps":6.3392,"pcf":361.4438,"iop":2.3993}