{"code":"000407","atr10":0.129,"close":8.14,"close_count":60,"l_pvalue":0.0000020543,"l_slop":-3.7935408376,"l_stderror":0.5653399484,"ma120":9.1074166667,"ma250":8.60572,"ma42":8.1342857143,"max10":8.19,"min10":7.99,"name":"胜利股份","stat_date":"2017-06-30","mc":71.6389,"cmc":54.2279,"pe":-26.6713,"pe_lyr":-24.4762,"pb":3.3205,"ps":2.306,"pcf":159.1582,"iop":173.945}