{"code":"000400","atr10":0.371,"close":16.48,"close_count":60,"l_pvalue":0.0000066177,"l_slop":13.5667344203,"l_stderror":2.2079912656,"ma120":17.1,"ma250":17.19996,"ma42":16.9488095238,"max10":17.8,"min10":16.31,"name":"许继电气","stat_date":"2017-06-30","mc":166.1723,"cmc":166.1492,"pe":18.0657,"pe_lyr":19.1239,"pb":2.3681,"ps":1.6674,"pcf":49.5509,"iop":82.4742}