{"code":"000416","atr10":0.16,"close":7.93,"close_count":60,"l_pvalue":0.0,"l_slop":-12.5011562103,"l_stderror":0.9421507793,"ma120":8.3700833333,"ma250":9.64752,"ma42":8.2111904762,"max10":8.18,"min10":7.72,"name":"民生控股","stat_date":"2017-06-30","mc":42.1774,"cmc":42.1581,"pe":122.5366,"pe_lyr":253.4247,"pb":4.8818,"ps":19.0455,"pcf":-76.0494,"iop":165.094}