{"code":"000401","atr10":0.499,"close":16.61,"close_count":60,"l_pvalue":0.0,"l_slop":-18.3169213935,"l_stderror":1.332068534,"ma120":17.5953333333,"ma250":14.8172,"ma42":17.7871428571,"max10":17.65,"min10":16.42,"name":"冀东水泥","stat_date":"2017-06-30","mc":223.8236,"cmc":223.7731,"pe":25.7317,"pe_lyr":423.223,"pb":2.2732,"ps":1.6434,"pcf":34.2352,"iop":315.9242}