{"code":"000403","atr10":1.287,"close":30.61,"close_count":60,"l_pvalue":0.0002032673,"l_slop":4.8900219826,"l_stderror":1.0670595158,"ma120":30.6166666667,"ma250":31.59936,"ma42":28.8857142857,"max10":33.01,"min10":30.61,"name":"ST生化","stat_date":"2017-06-30","mc":83.436,"cmc":61.5464,"pe":148.4808,"pe_lyr":154.8094,"pb":13.9306,"ps":13.7596,"pcf":99.6826,"iop":43.2007}