{"code":"000410","atr10":0.215,"close":8.82,"close_count":60,"l_pvalue":0.0000001492,"l_slop":21.8515228098,"l_stderror":2.7101526765,"ma120":8.2391666667,"ma250":10.88816,"ma42":8.8288095238,"max10":9.4,"min10":8.61,"name":"*ST沈机","stat_date":"2017-06-30","mc":67.5145,"cmc":65.2988,"pe":-4.6351,"pe_lyr":-4.811,"pb":41.3952,"ps":1.263,"pcf":-18.0696,"iop":36.7023}