{"code":"000422","atr10":0.138,"close":6.05,"close_count":60,"l_pvalue":0.0167688693,"l_slop":-2.7585818493,"l_stderror":1.05199097,"ma120":6.2199166667,"ma250":6.76512,"ma42":6.3957142857,"max10":6.39,"min10":6.01,"name":"湖北宜化","stat_date":"2017-06-30","mc":54.3209,"cmc":54.3177,"pe":-4.592,"pe_lyr":-4.3476,"pb":1.12,"ps":0.4107,"pcf":-4.4272,"iop":97.4064}