{"code":"000418","atr10":0.977,"close":44.4,"close_count":60,"l_pvalue":0.0000067309,"l_slop":-11.2990221578,"l_stderror":1.841333507,"ma120":45.4735,"ma250":39.73324,"ma42":44.890952381,"max10":45.87,"min10":43.96,"name":"小天鹅Ａ","stat_date":"2017-06-30","mc":251.5223,"cmc":194.6941,"pe":21.182,"pe_lyr":23.8988,"pb":4.5025,"ps":1.4844,"pcf":23.8463,"iop":31.7887}