{"code":"000402","atr10":0.585,"close":12.9,"close_count":60,"l_pvalue":0.0000000004,"l_slop":24.2888527394,"l_stderror":2.0758529128,"ma120":11.70125,"ma250":11.1464,"ma42":11.915952381,"max10":13.14,"min10":12.03,"name":"金 融 街","stat_date":"2017-06-30","mc":385.572,"cmc":385.3727,"pe":12.4091,"pe_lyr":13.749,"pb":1.3945,"ps":1.6285,"pcf":-48.5563,"iop":2391.4575}