{"code":"000404","atr10":0.187,"close":7.7,"close_count":60,"l_pvalue":0.0,"l_slop":17.8663207992,"l_stderror":0.8646276429,"ma120":7.9205,"ma250":8.87388,"ma42":7.5488095238,"max10":7.93,"min10":7.7,"name":"华意压缩","stat_date":"2017-06-30","mc":53.5917,"cmc":53.3894,"pe":21.2352,"pe_lyr":21.242,"pb":1.687,"ps":0.6854,"pcf":-289.5923,"iop":5.181}