{"code":"000488","atr10":0.745,"close":19.28,"close_count":60,"l_pvalue":6.502409044e-16,"l_slop":53.6934195387,"l_stderror":2.1710625488,"ma120":14.0688333333,"ma250":12.14356,"ma42":16.98,"max10":19.28,"min10":17.87,"name":"晨鸣纸业","stat_date":"2017-06-30","mc":315.5823,"cmc":213.157,"pe":13.0068,"pe_lyr":18.0882,"pb":2.3786,"ps":1.4332,"pcf":-32.579,"iop":100.0031}