{"code":"000429","atr10":0.172,"close":8.55,"close_count":60,"l_pvalue":0.0000000014,"l_slop":-8.9026390652,"l_stderror":0.8199280846,"ma120":8.49775,"ma250":7.63396,"ma42":8.6723809524,"max10":8.65,"min10":8.24,"name":"粤高速Ａ","stat_date":"2017-06-30","mc":170.2798,"cmc":40.0897,"pe":12.8778,"pe_lyr":17.8549,"pb":2.1273,"ps":6.0975,"pcf":19.4587,"iop":24.3902}