{"code":"000428","atr10":0.058,"close":4.84,"close_count":60,"l_pvalue":0.0000436926,"l_slop":-5.475517244,"l_stderror":1.0390776093,"ma120":5.1914166667,"ma250":6.23192,"ma42":4.9892857143,"max10":5.02,"min10":4.8,"name":"华天酒店","stat_date":"2017-06-30","mc":49.316,"cmc":34.7861,"pe":-16.5091,"pe_lyr":-17.091,"pb":1.759,"ps":5.145,"pcf":-157.9956,"iop":-1.4582}