{"code":"000419","atr10":0.116,"close":6.99,"close_count":60,"l_pvalue":0.0,"l_slop":8.7998721347,"l_stderror":0.5840777315,"ma120":7.0209166667,"ma250":7.57464,"ma42":7.0028571429,"max10":7.3,"min10":6.93,"name":"通程控股","stat_date":"2017-06-30","mc":37.9964,"cmc":37.976,"pe":35.3124,"pe_lyr":37.1609,"pb":1.9375,"ps":0.9632,"pcf":61.8135,"iop":14.2281}