{"code":"000430","atr10":0.209,"close":10.61,"close_count":60,"l_pvalue":0.0,"l_slop":17.8648920117,"l_stderror":1.2030406355,"ma120":10.5363333333,"ma250":11.4386,"ma42":10.4069047619,"max10":11.03,"min10":10.46,"name":"张家界","stat_date":"2017-06-30","mc":42.9512,"cmc":22.1785,"pe":66.3265,"pe_lyr":70.2322,"pb":2.8195,"ps":7.4196,"pcf":32.9302,"iop":-24.9538}