{"code":"000413","atr10":0.437,"close":11.33,"close_count":60,"l_pvalue":0.0020601952,"l_slop":8.7197273418,"l_stderror":2.4449946583,"ma120":10.7645,"ma250":12.04596,"ma42":10.8666666667,"max10":11.33,"min10":10.59,"name":"东旭光电","stat_date":"2017-06-30","mc":544.9465,"cmc":463.9211,"pe":42.0879,"pe_lyr":45.1392,"pb":2.4868,"ps":6.4626,"pcf":9.0478,"iop":84.4168}