{"code":"000420","atr10":0.072,"close":3.54,"close_count":60,"l_pvalue":0.0,"l_slop":12.797909026,"l_stderror":0.6336061143,"ma120":3.3449166667,"ma250":3.70072,"ma42":3.41,"max10":3.54,"min10":3.4,"name":"吉林化纤","stat_date":"2017-06-30","mc":69.763,"cmc":34.9261,"pe":84.8837,"pe_lyr":214.6242,"pb":2.529,"ps":3.8439,"pcf":-14.4431,"iop":1051.7719}