{"code":"000547","atr10":0.324,"close":11.92,"close_count":60,"l_pvalue":0.0368251147,"l_slop":-2.8343611703,"l_stderror":1.2622142904,"ma120":11.3401666667,"ma250":13.26152,"ma42":11.7345238095,"max10":11.94,"min10":11.32,"name":"航天发展","stat_date":"2017-06-30","mc":170.4118,"cmc":115.1276,"pe":65.099,"pe_lyr":69.8351,"pb":3.2522,"ps":7.9373,"pcf":-17.4,"iop":-3.4864}