{"code":"000532","atr10":0.314,"close":13.5,"close_count":60,"l_pvalue":0.0000003831,"l_slop":18.001935206,"l_stderror":2.3806996634,"ma120":14.0368333333,"ma250":16.80952,"ma42":13.1602380952,"max10":13.74,"min10":13.09,"name":"华金资本","stat_date":"2017-06-30","mc":46.5356,"cmc":46.3703,"pe":140.5949,"pe_lyr":113.9261,"pb":6.7598,"ps":12.6275,"pcf":-20.9192,"iop":-33.5841}