{"code":"000502","atr10":0.296,"close":11.86,"close_count":60,"l_pvalue":0.0000004581,"l_slop":14.2159989591,"l_stderror":1.9034535219,"ma120":12.6459166667,"ma250":17.06392,"ma42":11.8447619048,"max10":12.39,"min10":11.82,"name":"绿景控股","stat_date":"2017-06-30","mc":21.9196,"cmc":21.7452,"pe":134.8908,"pe_lyr":68.2569,"pb":12.6525,"ps":7.3045,"pcf":-93.4889,"iop":-300.0909}