{"code":"000507","atr10":0.218,"close":10.17,"close_count":60,"l_pvalue":0.0000000009,"l_slop":-19.2088695471,"l_stderror":1.7211038156,"ma120":10.8755,"ma250":8.6158,"ma42":10.9614285714,"max10":10.84,"min10":10.11,"name":"珠海港","stat_date":"2017-06-30","mc":80.2963,"cmc":78.527,"pe":61.6744,"pe_lyr":77.0456,"pb":2.9734,"ps":4.5429,"pcf":-37.556,"iop":95.3828}