{"code":"000563","atr10":0.137,"close":5.3,"close_count":60,"l_pvalue":0.9268355794,"l_slop":-0.0899470717,"l_stderror":0.9666207958,"ma120":5.4921666667,"ma250":5.79388,"ma42":5.495,"max10":5.63,"min10":5.28,"name":"陕国投Ａ","stat_date":"2017-06-30","mc":163.7961,"cmc":151.6788,"pe":32.7737,"pe_lyr":31.7904,"pb":2.1179,"ps":16.8547,"pcf":-31.4041,"iop":9.4736}