{"code":"000546","atr10":0.59,"close":13.45,"close_count":60,"l_pvalue":0.0000001192,"l_slop":32.7390033785,"l_stderror":3.9999213919,"ma120":11.6013333333,"ma250":11.54156,"ma42":13.0366666667,"max10":14.39,"min10":13.17,"name":"金圆股份","stat_date":"2017-06-30","mc":96.1197,"cmc":40.483,"pe":31.312,"pe_lyr":31.4621,"pb":3.0607,"ps":4.2276,"pcf":56.4439,"iop":16.9824}