{"code":"000506","atr10":0.343,"close":8.75,"close_count":60,"l_pvalue":1.0,"l_slop":0.0,"l_stderror":0.0,"ma120":9.3435,"ma250":8.65448,"ma42":10.0554761905,"max10":8.75,"min10":8.75,"name":"中润资源","stat_date":"2017-06-30","mc":81.2891,"cmc":81.2587,"pe":-62.6623,"pe_lyr":924.8683,"pb":6.0772,"ps":11.542,"pcf":-3446.3464,"iop":-2797.1018}