{"code":"000565","atr10":0.175,"close":9.27,"close_count":60,"l_pvalue":0.0001725267,"l_slop":-3.9405040699,"l_stderror":0.8464753332,"ma120":10.1333333333,"ma250":11.34156,"ma42":9.6202380952,"max10":9.73,"min10":9.27,"name":"渝三峡Ａ","stat_date":"2017-06-30","mc":40.194,"cmc":40.194,"pe":17.5016,"pe_lyr":17.9854,"pb":4.0144,"ps":1.1157,"pcf":15.8288,"iop":-5.7895}