{"code":"000597","atr10":0.25,"close":11.19,"close_count":60,"l_pvalue":0.0000000345,"l_slop":-9.8573826071,"l_stderror":1.1103442926,"ma120":11.40325,"ma250":11.1084,"ma42":11.5880952381,"max10":11.72,"min10":11.16,"name":"东北制药","stat_date":"2017-06-30","mc":53.1139,"cmc":52.9716,"pe":88.028,"pe_lyr":223.2797,"pb":2.2565,"ps":1.0262,"pcf":-60.8668,"iop":1880.7656}