{"code":"000554","atr10":0.335,"close":9.77,"close_count":60,"l_pvalue":0.5460407287,"l_slop":2.7205733286,"l_stderror":4.425811783,"ma120":9.6475,"ma250":10.35984,"ma42":10.0238095238,"max10":10.26,"min10":9.55,"name":"泰山石油","stat_date":"2017-06-30","mc":46.9735,"cmc":35.4309,"pe":1207.558,"pe_lyr":1085.4755,"pb":5.1289,"ps":1.6938,"pcf":173.1411,"iop":-29.1279}