{"code":"000570","atr10":0.105,"close":7.02,"close_count":60,"l_pvalue":0.0,"l_slop":-23.0573017715,"l_stderror":1.4012871362,"ma120":7.3808333333,"ma250":8.4318,"ma42":7.4430952381,"max10":7.22,"min10":6.98,"name":"苏常柴Ａ","stat_date":"2017-06-30","mc":34.5086,"cmc":28.8785,"pe":58.6428,"pe_lyr":63.0133,"pb":1.7098,"ps":1.6234,"pcf":-721.5162,"iop":121.7357}