{"code":"000526","atr10":0.971,"close":35.33,"close_count":60,"l_pvalue":1.874691081e-16,"l_slop":43.749011232,"l_stderror":1.6538836227,"ma120":33.9865833333,"ma250":39.30764,"ma42":32.9038095238,"max10":36.0,"min10":34.35,"name":"*ST紫学","stat_date":"2017-06-30","mc":33.9857,"cmc":33.9857,"pe":256.6927,"pe_lyr":-34.4392,"pb":23.7707,"ps":1.2516,"pcf":-5.9035,"iop":3239.5852}