{"code":"000524","atr10":0.271,"close":13.02,"close_count":60,"l_pvalue":0.0000000075,"l_slop":23.4843788592,"l_stderror":2.4010729794,"ma120":13.1266666667,"ma250":14.83164,"ma42":13.069047619,"max10":13.88,"min10":12.92,"name":"岭南控股","stat_date":"2017-06-30","mc":87.2612,"cmc":35.1112,"pe":220.383,"pe_lyr":285.0287,"pb":3.5453,"ps":16.0805,"pcf":6.0853,"iop":25.1372}