{"code":"000529","atr10":0.203,"close":8.3,"close_count":60,"l_pvalue":0.0005776989,"l_slop":-5.1313593532,"l_stderror":1.2443739977,"ma120":9.16625,"ma250":10.06824,"ma42":8.6033333333,"max10":8.7,"min10":8.21,"name":"广弘控股","stat_date":"2017-06-30","mc":48.4546,"cmc":47.3004,"pe":42.9505,"pe_lyr":45.8711,"pb":3.8248,"ps":2.3374,"pcf":21.5024,"iop":31.0273}