{"code":"000555","atr10":0.366,"close":16.73,"close_count":60,"l_pvalue":1.0,"l_slop":0.0,"l_stderror":0.0,"ma120":19.2490833333,"ma250":24.30272,"ma42":16.7757142857,"max10":16.73,"min10":16.73,"name":"神州信息","stat_date":"2017-06-30","mc":161.1821,"cmc":148.2762,"pe":63.3376,"pe_lyr":66.6067,"pb":3.4396,"ps":1.9799,"pcf":-5252.7539,"iop":82.718}