{"code":"000528","atr10":0.181,"close":8.83,"close_count":60,"l_pvalue":0.4100698822,"l_slop":1.2341753922,"l_stderror":1.4651555072,"ma120":8.6188333333,"ma250":8.25248,"ma42":9.0076190476,"max10":9.11,"min10":8.69,"name":"柳    工","stat_date":"2017-06-30","mc":99.3589,"cmc":99.3448,"pe":35.8877,"pe_lyr":201.7025,"pb":1.1002,"ps":1.1246,"pcf":-5.7773,"iop":535.4955}