{"code":"000519","atr10":0.183,"close":11.22,"close_count":60,"l_pvalue":0.0,"l_slop":-19.9675672561,"l_stderror":0.9135677809,"ma120":12.6458333333,"ma250":13.92264,"ma42":11.4354761905,"max10":11.48,"min10":11.03,"name":"江南红箭","stat_date":"2017-06-30","mc":157.4684,"cmc":65.3977,"pe":146.6053,"pe_lyr":114.3975,"pb":2.1357,"ps":3.968,"pcf":9.4619,"iop":5.4529}