{"code":"000584","atr10":0.294,"close":14.4,"close_count":60,"l_pvalue":0.0000000001,"l_slop":5.888184713,"l_stderror":0.4567164404,"ma120":12.7724166667,"ma250":11.73804,"ma42":14.2702380952,"max10":14.54,"min10":14.24,"name":"哈工智能","stat_date":"2017-06-30","mc":88.3187,"cmc":88.0255,"pe":-26.288,"pe_lyr":-21.5878,"pb":5.6863,"ps":9.6874,"pcf":-1208.1923,"iop":826.6211}