{"code":"000561","atr10":0.317,"close":10.69,"close_count":60,"l_pvalue":0.0022994115,"l_slop":-3.9146337166,"l_stderror":1.1127418084,"ma120":10.544,"ma250":12.12296,"ma42":10.2457142857,"max10":10.69,"min10":9.92,"name":"烽火电子","stat_date":"2017-06-30","mc":63.6958,"cmc":63.4977,"pe":92.7283,"pe_lyr":72.1846,"pb":5.497,"ps":5.4793,"pcf":-40.9438,"iop":25.5509}