{"code":"000516","atr10":0.07,"close":5.09,"close_count":60,"l_pvalue":0.0002661696,"l_slop":5.5248285311,"l_stderror":1.2376892416,"ma120":5.6775833333,"ma250":6.04688,"ma42":5.215952381,"max10":5.32,"min10":5.09,"name":"国际医学","stat_date":"2017-06-30","mc":100.3264,"cmc":98.3762,"pe":52.4141,"pe_lyr":49.767,"pb":2.8253,"ps":2.5179,"pcf":747.7878,"iop":-25.0371}