{"code":"000559","atr10":0.408,"close":11.53,"close_count":60,"l_pvalue":0.0,"l_slop":31.3004681206,"l_stderror":1.9606161125,"ma120":10.1373333333,"ma250":10.72792,"ma42":10.899047619,"max10":11.79,"min10":11.21,"name":"万向钱潮","stat_date":"2017-06-30","mc":317.4393,"cmc":316.8299,"pe":39.9941,"pe_lyr":38.0711,"pb":6.9114,"ps":2.8863,"pcf":-18.3639,"iop":-19.3004}