{"code":"000591","atr10":0.21,"close":6.1,"close_count":60,"l_pvalue":0.0,"l_slop":27.4307986844,"l_stderror":1.2114076229,"ma120":5.7400833333,"ma250":6.10396,"ma42":5.9221428571,"max10":6.37,"min10":5.98,"name":"太阳能","stat_date":"2017-06-30","mc":183.433,"cmc":112.7692,"pe":22.2109,"pe_lyr":28.0801,"pb":1.5789,"ps":4.0666,"pcf":-14.6021,"iop":69.3229}