{"code":"000598","atr10":0.081,"close":5.69,"close_count":60,"l_pvalue":0.0,"l_slop":5.9436835693,"l_stderror":0.4397693578,"ma120":5.6900833333,"ma250":5.78592,"ma42":5.6942857143,"max10":5.84,"min10":5.69,"name":"兴蓉环境","stat_date":"2017-06-30","mc":169.9158,"cmc":169.9158,"pe":19.8133,"pe_lyr":19.4364,"pb":1.8388,"ps":5.0646,"pcf":221.1761,"iop":10.5306}