{"code":"000505","atr10":0.332,"close":10.75,"close_count":60,"l_pvalue":0.0,"l_slop":28.2909916559,"l_stderror":1.9693967807,"ma120":10.4558333333,"ma250":10.63476,"ma42":10.4071428571,"max10":11.12,"min10":10.58,"name":"珠江控股","stat_date":"2017-06-30","mc":41.8246,"cmc":38.7506,"pe":33.2676,"pe_lyr":62.585,"pb":55.7316,"ps":3.779,"pcf":232.5157,"iop":136.0177}