{"code":"000550","atr10":0.542,"close":20.18,"close_count":60,"l_pvalue":0.0052203179,"l_slop":5.4261640904,"l_stderror":1.7201608791,"ma120":20.89425,"ma250":24.67284,"ma42":20.4202380952,"max10":21.4,"min10":20.09,"name":"江铃汽车","stat_date":"2017-06-30","mc":151.5277,"cmc":104.4291,"pe":14.9345,"pe_lyr":13.2166,"pb":1.4627,"ps":0.5532,"pcf":17.2809,"iop":-30.5958}