{"code":"000548","atr10":0.112,"close":7.86,"close_count":60,"l_pvalue":0.0000000753,"l_slop":-4.3503434817,"l_stderror":0.5155831763,"ma120":7.8788333333,"ma250":8.27308,"ma42":8.04,"max10":8.14,"min10":7.81,"name":"湖南投资","stat_date":"2017-06-30","mc":39.2384,"cmc":39.2372,"pe":28.6291,"pe_lyr":66.8649,"pb":2.3857,"ps":4.0305,"pcf":-32.2294,"iop":180.0093}