{"code":"000513","atr10":0.956,"close":51.0,"close_count":60,"l_pvalue":0.0006065718,"l_slop":-5.7858211862,"l_stderror":1.4103894761,"ma120":48.43175,"ma250":45.82972,"ma42":49.3014285714,"max10":51.0,"min10":48.22,"name":"丽珠集团","stat_date":"2017-06-30","mc":256.8215,"cmc":177.4788,"pe":32.088,"pe_lyr":35.972,"pb":4.2463,"ps":3.4652,"pcf":15.7254,"iop":30.0358}