{"code":"000539","atr10":0.048,"close":5.2,"close_count":60,"l_pvalue":0.0021172725,"l_slop":-3.7544282725,"l_stderror":1.0562953181,"ma120":5.3478333333,"ma250":5.33824,"ma42":5.3278571429,"max10":5.31,"min10":5.17,"name":"粤电力Ａ","stat_date":"2017-06-30","mc":255.4445,"cmc":132.8033,"pe":83.5173,"pe_lyr":29.1516,"pb":1.1817,"ps":1.0995,"pcf":-22.5368,"iop":-51.6287}