{"code":"000552","atr10":0.086,"close":4.07,"close_count":60,"l_pvalue":0.0000052882,"l_slop":20.9945745286,"l_stderror":3.3584329773,"ma120":3.75675,"ma250":3.83988,"ma42":4.0554761905,"max10":4.16,"min10":3.97,"name":"靖远煤电","stat_date":"2017-06-30","mc":93.0797,"cmc":63.3878,"pe":21.9026,"pe_lyr":41.981,"pb":1.3989,"ps":2.6718,"pcf":28.9828,"iop":1048.2542}