{"code":"000541","atr10":0.116,"close":9.05,"close_count":60,"l_pvalue":0.0000000038,"l_slop":6.6154961925,"l_stderror":0.648344982,"ma120":9.1585833333,"ma250":9.48644,"ma42":9.0885714286,"max10":9.27,"min10":9.03,"name":"佛山照明","stat_date":"2017-06-30","mc":103.639,"cmc":88.2266,"pe":10.5244,"pe_lyr":10.7361,"pb":2.4455,"ps":3.1675,"pcf":334.2389,"iop":5.8972}