{"code":"000543","atr10":0.069,"close":5.53,"close_count":60,"l_pvalue":0.0117442406,"l_slop":1.4828538142,"l_stderror":0.5320059792,"ma120":5.7501666667,"ma250":6.70964,"ma42":5.6466666667,"max10":5.76,"min10":5.52,"name":"皖能电力","stat_date":"2017-06-30","mc":99.0089,"cmc":99.0089,"pe":31.3609,"pe_lyr":11.1367,"pb":0.9414,"ps":0.8418,"pcf":-30.457,"iop":-139.2289}