{"code":"000544","atr10":0.217,"close":17.28,"close_count":60,"l_pvalue":7.564272563e-28,"l_slop":-25.8050200617,"l_stderror":0.242299945,"ma120":19.1309166667,"ma250":18.75952,"ma42":17.7523809524,"max10":17.32,"min10":16.78,"name":"中原环保","stat_date":"2017-06-30","mc":112.2837,"cmc":46.5627,"pe":32.4377,"pe_lyr":37.7424,"pb":2.109,"ps":11.7289,"pcf":16.5411,"iop":156.641}