{"code":"000520","atr10":0.074,"close":5.19,"close_count":60,"l_pvalue":1.579709355e-16,"l_slop":-32.4126240004,"l_stderror":1.214052456,"ma120":5.9504166667,"ma250":6.79924,"ma42":5.6078571429,"max10":5.44,"min10":5.14,"name":"长航凤凰","stat_date":"2017-06-30","mc":52.5271,"cmc":52.5271,"pe":118.4747,"pe_lyr":540.6083,"pb":18.4342,"ps":6.7324,"pcf":58.5625,"iop":172.125}