{"code":"000553","atr10":0.267,"close":13.85,"close_count":60,"l_pvalue":0.0000000004,"l_slop":-9.5740754673,"l_stderror":0.8232965205,"ma120":13.6966666667,"ma250":14.25212,"ma42":14.0602380952,"max10":14.16,"min10":13.47,"name":"沙隆达Ａ","stat_date":"2017-06-30","mc":316.4886,"cmc":50.4005,"pe":427.5889,"pe_lyr":-447.1281,"pb":1.6132,"ps":14.3889,"pcf":213.994,"iop":1092.9773}