{"code":"000589","atr10":0.083,"close":5.52,"close_count":60,"l_pvalue":0.0,"l_slop":-15.4525828869,"l_stderror":0.7523336809,"ma120":5.6513333333,"ma250":5.876,"ma42":5.7654761905,"max10":5.67,"min10":5.39,"name":"黔轮胎Ａ","stat_date":"2017-06-30","mc":42.8056,"cmc":42.8025,"pe":57.6932,"pe_lyr":281.1134,"pb":1.1919,"ps":0.6982,"pcf":-3.176,"iop":-92.4983}