{"code":"000503","atr10":1.644,"close":24.93,"close_count":60,"l_pvalue":1.0,"l_slop":0.0,"l_stderror":0.0,"ma120":43.02275,"ma250":43.10132,"ma42":34.8047619048,"max10":24.93,"min10":24.93,"name":"海虹控股","stat_date":"2017-06-30","mc":224.0665,"cmc":224.0658,"pe":6040.5933,"pe_lyr":799.6677,"pb":16.8464,"ps":112.6896,"pcf":110.9194,"iop":-18.093}