{"code":"000511","atr10":0.261,"close":5.27,"close_count":60,"l_pvalue":1.0,"l_slop":0.0,"l_stderror":0.0,"ma120":6.50525,"ma250":8.53124,"ma42":6.2385714286,"max10":5.27,"min10":5.27,"name":"*ST烯碳","stat_date":"2017-06-30","mc":60.8596,"cmc":60.8591,"pe":-12.4106,"pe_lyr":-12.8326,"pb":5.7465,"ps":3.5816,"pcf":-12512.1504,"iop":12.7326}