{"code":"000593","atr10":0.311,"close":11.72,"close_count":60,"l_pvalue":1.586749198e-19,"l_slop":68.0234823749,"l_stderror":1.7602028274,"ma120":9.2791666667,"ma250":10.52996,"ma42":10.0357142857,"max10":12.02,"min10":11.02,"name":"大通燃气","stat_date":"2017-06-30","mc":42.0316,"cmc":32.7901,"pe":-80.339,"pe_lyr":-76.304,"pb":3.7568,"ps":9.0495,"pcf":-33.3461,"iop":31.2829}