{"code":"000551","atr10":0.192,"close":9.18,"close_count":60,"l_pvalue":0.0000026822,"l_slop":7.7807750114,"l_stderror":1.1826008312,"ma120":9.43825,"ma250":10.04988,"ma42":9.3447619048,"max10":9.68,"min10":9.14,"name":"创元科技","stat_date":"2017-06-30","mc":36.7274,"cmc":36.7274,"pe":60.5519,"pe_lyr":73.7925,"pb":2.2349,"ps":1.4898,"pcf":18.2354,"iop":59.6925}