{"code":"000576","atr10":0.328,"close":16.57,"close_count":60,"l_pvalue":0.696168738,"l_slop":0.3062968708,"l_stderror":0.7725407625,"ma120":16.6995833333,"ma250":15.70356,"ma42":16.7428571429,"max10":17.25,"min10":16.46,"name":"广东甘化","stat_date":"2017-06-30","mc":73.3821,"cmc":71.8871,"pe":62.7644,"pe_lyr":71.6579,"pb":5.7488,"ps":10.3421,"pcf":44.6404,"iop":44.3341}