{"code":"000504","atr10":0.948,"close":19.6,"close_count":60,"l_pvalue":0.0,"l_slop":-4.1462972016,"l_stderror":0.230494966,"ma120":18.6575833333,"ma250":17.2406,"ma42":21.3961904762,"max10":19.6,"min10":19.6,"name":"南华生物","stat_date":"2017-06-30","mc":61.0685,"cmc":60.8919,"pe":273.9698,"pe_lyr":280.6959,"pb":-902.8574,"ps":80.2239,"pcf":70.0668,"iop":8.3686}