{"code":"000586","atr10":0.9,"close":19.91,"close_count":60,"l_pvalue":0.0648649078,"l_slop":-6.6049093251,"l_stderror":3.3703462931,"ma120":19.7830833333,"ma250":20.52956,"ma42":20.8907142857,"max10":21.3,"min10":19.3,"name":"汇源通信","stat_date":"2017-06-30","mc":38.5139,"cmc":38.5139,"pe":2953.4946,"pe_lyr":1275.5079,"pb":16.4209,"ps":8.5385,"pcf":254.0287,"iop":-25.3418}