{"code":"000582","atr10":0.249,"close":11.81,"close_count":60,"l_pvalue":0.0000000013,"l_slop":12.8782592942,"l_stderror":1.1796210313,"ma120":12.4574166667,"ma250":12.808,"ma42":11.8485714286,"max10":12.54,"min10":11.79,"name":"北部湾港","stat_date":"2017-06-30","mc":146.4746,"cmc":31.081,"pe":30.3392,"pe_lyr":32.4247,"pb":2.2533,"ps":4.7404,"pcf":240.4952,"iop":15.5638}