{"code":"000533","atr10":0.242,"close":10.54,"close_count":60,"l_pvalue":0.0020194447,"l_slop":3.826972879,"l_stderror":1.0704384091,"ma120":10.5013333333,"ma250":10.65696,"ma42":10.4026190476,"max10":10.64,"min10":10.44,"name":"万 家 乐","stat_date":"2017-06-30","mc":72.812,"cmc":72.1887,"pe":35.4987,"pe_lyr":32.1242,"pb":4.6379,"ps":1.5957,"pcf":-67.8936,"iop":-27.4373}