{"code":"000587","atr10":0.104,"close":7.65,"close_count":60,"l_pvalue":1.119390744e-17,"l_slop":-10.235022858,"l_stderror":0.3324848921,"ma120":7.5765,"ma250":7.6374,"ma42":7.8814285714,"max10":7.8,"min10":7.65,"name":"金洲慈航","stat_date":"2017-06-30","mc":162.4668,"cmc":88.1458,"pe":17.7321,"pe_lyr":15.6626,"pb":1.8781,"ps":1.7339,"pcf":23.1593,"iop":-22.1993}