{"code":"000534","atr10":0.666,"close":15.15,"close_count":60,"l_pvalue":0.0,"l_slop":113.354093826,"l_stderror":4.9739243597,"ma120":12.7651666667,"ma250":14.22844,"ma42":13.5435714286,"max10":16.43,"min10":14.62,"name":"万泽股份","stat_date":"2017-06-30","mc":74.5054,"cmc":74.4456,"pe":-1526.99,"pe_lyr":97.7887,"pb":5.4219,"ps":21.552,"pcf":24.5555,"iop":-69.5784}