{"code":"000540","atr10":0.245,"close":7.35,"close_count":60,"l_pvalue":0.0,"l_slop":-3.5484276246,"l_stderror":0.1972590639,"ma120":6.71925,"ma250":6.60368,"ma42":7.3252380952,"max10":7.35,"min10":7.35,"name":"中天金融","stat_date":"2017-06-30","mc":345.5193,"cmc":290.3658,"pe":12.8909,"pe_lyr":11.7549,"pb":2.3729,"ps":1.8347,"pcf":8.3823,"iop":-38.2292}