{"code":"000564","atr10":0.143,"close":6.57,"close_count":60,"l_pvalue":0.0000009237,"l_slop":5.7514447062,"l_stderror":0.8090091048,"ma120":6.77075,"ma250":7.87612,"ma42":6.5192857143,"max10":6.75,"min10":6.53,"name":"供销大集","stat_date":"2017-06-30","mc":394.7143,"cmc":41.8304,"pe":56.4908,"pe_lyr":98.3341,"pb":1.3285,"ps":2.2502,"pcf":6.369,"iop":227.5065}