{"code":"000509","atr10":0.211,"close":6.12,"close_count":60,"l_pvalue":0.0,"l_slop":0.2257286597,"l_stderror":0.0125483817,"ma120":7.0888333333,"ma250":6.98904,"ma42":6.2154761905,"max10":6.12,"min10":6.12,"name":"华塑控股","stat_date":"2017-06-30","mc":50.5196,"cmc":50.4909,"pe":-87.6973,"pe_lyr":-70.7886,"pb":199.4678,"ps":6.5999,"pcf":105.2579,"iop":135.8064}