{"code":"000523","atr10":0.145,"close":9.4,"close_count":60,"l_pvalue":0.0,"l_slop":-8.2502592949,"l_stderror":0.5601183322,"ma120":9.8393333333,"ma250":10.80552,"ma42":9.735,"max10":9.68,"min10":9.35,"name":"广州浪奇","stat_date":"2017-06-30","mc":49.1568,"cmc":41.8994,"pe":111.5383,"pe_lyr":125.1712,"pb":2.7613,"ps":0.4593,"pcf":126.8261,"iop":-33.1054}