{"code":"000571","atr10":0.176,"close":7.25,"close_count":60,"l_pvalue":0.0000000875,"l_slop":-7.7322768422,"l_stderror":0.9255481456,"ma120":7.6259166667,"ma250":7.88396,"ma42":7.4469047619,"max10":7.71,"min10":7.21,"name":"新大洲Ａ","stat_date":"2017-06-30","mc":59.0196,"cmc":58.4035,"pe":131.6642,"pe_lyr":179.6682,"pb":2.6922,"ps":6.2097,"pcf":164.3809,"iop":6471.0557}