{"code":"000514","atr10":0.24,"close":7.73,"close_count":60,"l_pvalue":0.2762507649,"l_slop":1.5339911984,"l_stderror":1.3683945539,"ma120":8.0005,"ma250":9.08792,"ma42":7.9957142857,"max10":8.4,"min10":7.68,"name":"渝 开 发","stat_date":"2017-06-30","mc":65.2235,"cmc":65.2235,"pe":39.6743,"pe_lyr":53.1736,"pb":2.1969,"ps":7.0685,"pcf":8.2821,"iop":657.0296}