{"code":"000530","atr10":0.17,"close":7.43,"close_count":60,"l_pvalue":0.0000000043,"l_slop":22.5289239925,"l_stderror":2.2249248898,"ma120":7.2885,"ma250":7.55556,"ma42":7.3952380952,"max10":7.81,"min10":7.39,"name":"大冷股份","stat_date":"2017-06-30","mc":55.3514,"cmc":43.6805,"pe":30.8528,"pe_lyr":35.6245,"pb":1.9227,"ps":3.2618,"pcf":-12.8679,"iop":50.7133}