{"code":"000592","atr10":0.18,"close":5.75,"close_count":60,"l_pvalue":0.0,"l_slop":4.4069348604,"l_stderror":0.2449839583,"ma120":5.8365,"ma250":6.7416,"ma42":5.4707142857,"max10":5.75,"min10":5.75,"name":"平潭发展","stat_date":"2017-06-30","mc":111.0774,"cmc":110.0161,"pe":3006.4961,"pe_lyr":547.7294,"pb":3.5115,"ps":15.0955,"pcf":114.3677,"iop":106.3767}