{"code":"000595","atr10":0.13,"close":5.25,"close_count":60,"l_pvalue":0.000000495,"l_slop":25.3561432565,"l_stderror":3.4134108183,"ma120":5.3793333333,"ma250":6.8446,"ma42":5.1780952381,"max10":5.52,"min10":5.16,"name":"*ST宝实","stat_date":"2017-06-30","mc":40.1247,"cmc":26.002,"pe":-125.0202,"pe_lyr":-47.5228,"pb":5.5964,"ps":8.8065,"pcf":72.0559,"iop":80.487}