{"code":"000536","atr10":0.138,"close":5.9,"close_count":60,"l_pvalue":0.0,"l_slop":14.2002266777,"l_stderror":0.7076628988,"ma120":5.8429166667,"ma250":7.14604,"ma42":5.6973809524,"max10":6.11,"min10":5.69,"name":"华映科技","stat_date":"2017-06-30","mc":163.1959,"cmc":73.3558,"pe":237.4101,"pe_lyr":41.2455,"pb":1.27,"ps":3.5416,"pcf":6.3981,"iop":-96.5869}