{"code":"000560","atr10":0.434,"close":11.0,"close_count":60,"l_pvalue":0.0000003837,"l_slop":42.9410605921,"l_stderror":5.6794721605,"ma120":9.7069166667,"ma250":9.7992,"ma42":10.6014285714,"max10":11.5,"min10":10.53,"name":"昆百大Ａ","stat_date":"2017-06-30","mc":128.726,"cmc":37.4988,"pe":188.5679,"pe_lyr":162.6031,"pb":3.438,"ps":8.7045,"pcf":24.5588,"iop":-65.8599}