{"code":"000501","atr10":0.322,"close":18.06,"close_count":60,"l_pvalue":0.0000000148,"l_slop":7.6100866972,"l_stderror":0.811905072,"ma120":17.1059166667,"ma250":16.4582,"ma42":17.5519047619,"max10":18.23,"min10":17.5,"name":"鄂武商Ａ","stat_date":"2017-06-30","mc":138.9509,"cmc":120.5917,"pe":12.2422,"pe_lyr":14.0123,"pb":2.116,"ps":0.774,"pcf":-38.4138,"iop":31.405}