{"code":"000596","atr10":2.397,"close":58.08,"close_count":60,"l_pvalue":0.0000231868,"l_slop":25.5319939254,"l_stderror":4.5931672577,"ma120":50.5676666667,"ma250":48.84124,"ma42":53.2311904762,"max10":58.08,"min10":51.33,"name":"古井贡酒","stat_date":"2017-06-30","mc":258.8886,"cmc":222.7949,"pe":30.8709,"pe_lyr":35.2556,"pb":5.0239,"ps":4.4035,"pcf":-71.8244,"iop":64.3504}