{"code":"000599","atr10":0.103,"close":6.58,"close_count":60,"l_pvalue":0.0000000001,"l_slop":-10.1559608382,"l_stderror":0.8163345896,"ma120":6.83525,"ma250":7.52512,"ma42":6.7311904762,"max10":6.69,"min10":6.54,"name":"青岛双星","stat_date":"2017-06-30","mc":44.3873,"cmc":41.3196,"pe":44.999,"pe_lyr":46.5574,"pb":1.6613,"ps":0.9773,"pcf":-9.6131,"iop":-50.9706}