{"code":"000572","atr10":0.174,"close":5.08,"close_count":60,"l_pvalue":0.0000000678,"l_slop":17.1262022816,"l_stderror":2.0157869337,"ma120":5.152,"ma250":5.35876,"ma42":5.039047619,"max10":5.41,"min10":5.05,"name":"海马汽车","stat_date":"2017-06-30","mc":83.5475,"cmc":83.4213,"pe":104.3759,"pe_lyr":36.2886,"pb":1.11,"ps":0.6517,"pcf":-5.0129,"iop":-211.1691}