{"code":"000566","atr10":0.154,"close":12.88,"close_count":60,"l_pvalue":0.0,"l_slop":-6.9791266399,"l_stderror":0.3187123479,"ma120":13.1575,"ma250":13.3422,"ma42":13.0419047619,"max10":13.02,"min10":12.82,"name":"海南海药","stat_date":"2017-06-30","mc":172.0741,"cmc":142.074,"pe":105.1772,"pe_lyr":104.5224,"pb":3.344,"ps":11.2646,"pcf":6.9161,"iop":11.162}