{"code":"000581","atr10":0.466,"close":24.26,"close_count":60,"l_pvalue":0.0000000003,"l_slop":-18.0892183296,"l_stderror":1.5047093575,"ma120":24.1270833333,"ma250":23.58988,"ma42":25.0807142857,"max10":24.68,"min10":23.84,"name":"威孚高科","stat_date":"2017-06-30","mc":229.3437,"cmc":202.933,"pe":11.9135,"pe_lyr":14.6375,"pb":1.8824,"ps":3.1444,"pcf":45.1861,"iop":29.2528}