{"code":"000545","atr10":0.175,"close":6.15,"close_count":60,"l_pvalue":0.0000015749,"l_slop":11.0178941166,"l_stderror":1.610407843,"ma120":6.0173333333,"ma250":6.09624,"ma42":6.3223809524,"max10":6.53,"min10":6.1,"name":"金浦钛业","stat_date":"2017-06-30","mc":60.6902,"cmc":59.0033,"pe":33.0655,"pe_lyr":50.2387,"pb":3.1367,"ps":3.8032,"pcf":116.2155,"iop":176.8465}