{"code":"000531","atr10":0.117,"close":8.67,"close_count":60,"l_pvalue":0.0,"l_slop":-7.9713599378,"l_stderror":0.5426651977,"ma120":9.4908333333,"ma250":10.34244,"ma42":8.9366666667,"max10":8.88,"min10":8.66,"name":"穗恒运Ａ","stat_date":"2017-06-30","mc":59.3967,"cmc":59.3965,"pe":13.1281,"pe_lyr":10.3576,"pb":1.5466,"ps":1.9023,"pcf":61.7216,"iop":-67.4056}