{"code":"000525","atr10":0.656,"close":20.97,"close_count":60,"l_pvalue":0.0000000153,"l_slop":24.8235737861,"l_stderror":2.653991042,"ma120":19.0790833333,"ma250":18.3722,"ma42":21.1595238095,"max10":21.92,"min10":20.8,"name":"红 太 阳","stat_date":"2017-06-30","mc":121.7881,"cmc":106.3144,"pe":29.0046,"pe_lyr":96.3414,"pb":2.4658,"ps":3.1995,"pcf":-107.2552,"iop":4703.8926}