{"code":"000568","atr10":1.5,"close":56.2,"close_count":60,"l_pvalue":0.4689233561,"l_slop":1.818827019,"l_stderror":2.4611130498,"ma120":50.1445,"ma250":41.9658,"ma42":55.2152380952,"max10":57.45,"min10":54.6,"name":"泸州老窖","stat_date":"2017-06-30","mc":823.1909,"cmc":788.0659,"pe":35.9544,"pe_lyr":42.7023,"pb":5.8385,"ps":9.0108,"pcf":-93.6581,"iop":22.9056}