{"code":"000521","atr10":0.071,"close":5.83,"close_count":60,"l_pvalue":0.2133888718,"l_slop":-0.7711454828,"l_stderror":0.5989562027,"ma120":6.1665833333,"ma250":6.50992,"ma42":5.9492857143,"max10":6.02,"min10":5.81,"name":"美菱电器","stat_date":"2017-06-30","mc":57.6074,"cmc":34.5388,"pe":30.104,"pe_lyr":27.6546,"pb":1.1896,"ps":0.4295,"pcf":8.1573,"iop":-51.4638}