{"code":"000567","atr10":1.498,"close":30.52,"close_count":60,"l_pvalue":0.0000000012,"l_slop":53.0159311871,"l_stderror":4.8433388354,"ma120":26.0989166667,"ma250":32.1548,"ma42":26.7380952381,"max10":31.99,"min10":26.69,"name":"海德股份","stat_date":"2017-06-30","mc":46.1462,"cmc":45.8901,"pe":117.4999,"pe_lyr":1549.7445,"pb":18.2307,"ps":36.1749,"pcf":-97.1571,"iop":1133.7736}