{"code":"000510","atr10":0.328,"close":10.08,"close_count":60,"l_pvalue":0.0000000007,"l_slop":30.3912989164,"l_stderror":2.6818385644,"ma120":9.30175,"ma250":10.19224,"ma42":9.9683333333,"max10":10.44,"min10":10.0,"name":"金路集团","stat_date":"2017-06-30","mc":61.4056,"cmc":56.7944,"pe":71.4009,"pe_lyr":105.7354,"pb":7.3074,"ps":3.6048,"pcf":531.764,"iop":-79.7746}