{"code":"000558","atr10":0.166,"close":6.59,"close_count":60,"l_pvalue":0.0000062686,"l_slop":-5.6388985504,"l_stderror":0.9138991484,"ma120":7.20275,"ma250":9.05764,"ma42":6.849047619,"max10":7.04,"min10":6.56,"name":"莱茵体育","stat_date":"2017-06-30","mc":84.9599,"cmc":75.5702,"pe":511.4959,"pe_lyr":337.2471,"pb":6.4776,"ps":2.4297,"pcf":106.0012,"iop":-102.5379}