{"code":"000557","atr10":0.139,"close":5.84,"close_count":60,"l_pvalue":0.9059889322,"l_slop":-0.1020762273,"l_stderror":0.8528719666,"ma120":5.9926666667,"ma250":5.67204,"ma42":6.2473809524,"max10":5.93,"min10":5.7,"name":"西部创业","stat_date":"2017-06-30","mc":85.1691,"cmc":34.1783,"pe":92.4726,"pe_lyr":1021.2792,"pb":2.1503,"ps":14.5275,"pcf":-184.5706,"iop":149.4641}