{"code":"000538","atr10":1.395,"close":88.0,"close_count":60,"l_pvalue":0.0000000002,"l_slop":-9.4815008271,"l_stderror":0.7791356634,"ma120":88.325,"ma250":78.231,"ma42":87.5316666667,"max10":88.22,"min10":85.76,"name":"云南白药","stat_date":"2017-06-30","mc":916.4318,"cmc":916.4253,"pe":29.5925,"pe_lyr":31.386,"pb":5.5684,"ps":3.8315,"pcf":772.9299,"iop":13.345}