{"code":"000590","atr10":0.318,"close":15.85,"close_count":60,"l_pvalue":0.4671836928,"l_slop":1.3421102769,"l_stderror":1.8088654222,"ma120":16.6540833333,"ma250":18.53152,"ma42":16.1152380952,"max10":16.45,"min10":15.73,"name":"启迪古汉","stat_date":"2017-06-30","mc":37.9562,"cmc":35.3829,"pe":66.3593,"pe_lyr":68.7921,"pb":6.8502,"ps":12.1078,"pcf":15.4629,"iop":10384.4092}