{"code":"000537","atr10":0.774,"close":12.56,"close_count":60,"l_pvalue":0.0000000021,"l_slop":83.0514686758,"l_stderror":7.8398969167,"ma120":8.6041666667,"ma250":8.869,"ma42":9.1183333333,"max10":12.56,"min10":9.32,"name":"广宇发展","stat_date":"2017-06-30","mc":64.3973,"cmc":64.3973,"pe":22.896,"pe_lyr":18.6497,"pb":2.8459,"ps":1.3854,"pcf":-21.2684,"iop":422.8772}