{"code":"000573","atr10":0.178,"close":6.07,"close_count":60,"l_pvalue":0.0000000011,"l_slop":16.8462246684,"l_stderror":1.5316673986,"ma120":6.434,"ma250":7.8392,"ma42":6.0928571429,"max10":6.5,"min10":5.99,"name":"粤宏远Ａ","stat_date":"2017-06-30","mc":37.8013,"cmc":37.7659,"pe":15.1877,"pe_lyr":19.1723,"pb":2.212,"ps":3.7458,"pcf":26.3778,"iop":681.0042}