{"code":"000518","atr10":0.181,"close":7.41,"close_count":60,"l_pvalue":0.0,"l_slop":-18.9083531202,"l_stderror":1.2525489541,"ma120":7.6863333333,"ma250":7.95124,"ma42":7.849047619,"max10":7.77,"min10":7.31,"name":"四环生物","stat_date":"2017-06-30","mc":76.2901,"cmc":76.2886,"pe":267.8716,"pe_lyr":1705.5977,"pb":11.9121,"ps":19.4319,"pcf":-27912.2988,"iop":866.6082}