{"code":"000585","atr10":0.079,"close":5.26,"close_count":60,"l_pvalue":0.0,"l_slop":0.6121884314,"l_stderror":0.0340318952,"ma120":6.3016666667,"ma250":6.97348,"ma42":5.2647619048,"max10":5.26,"min10":5.26,"name":"东北电气","stat_date":"2017-06-30","mc":36.7422,"cmc":32.0431,"pe":-43.2314,"pe_lyr":-46.173,"pb":25.1718,"ps":98.5295,"pcf":-133.3238,"iop":38.0518}