{"code":"000517","atr10":0.097,"close":4.28,"close_count":60,"l_pvalue":0.0000031931,"l_slop":-6.660823789,"l_stderror":1.0256178132,"ma120":4.632,"ma250":4.86768,"ma42":4.4564285714,"max10":4.54,"min10":4.25,"name":"荣安地产","stat_date":"2017-06-30","mc":136.2719,"cmc":129.9244,"pe":22.6877,"pe_lyr":91.4979,"pb":3.2866,"ps":2.7987,"pcf":11.6202,"iop":620.4192}