{"code":"000655","atr10":0.305,"close":8.68,"close_count":60,"l_pvalue":0.0000198636,"l_slop":18.9127602247,"l_stderror":3.3593276889,"ma120":8.1421666667,"ma250":8.71132,"ma42":9.0483333333,"max10":9.38,"min10":8.45,"name":"金岭矿业","stat_date":"2017-06-30","mc":51.6755,"cmc":51.6755,"pe":-13.376,"pe_lyr":-9.1857,"pb":1.9367,"ps":5.8946,"pcf":62.7147,"iop":190.555}