{"code":"000687","atr10":0.407,"close":14.38,"close_count":60,"l_pvalue":0.0,"l_slop":12.5054612423,"l_stderror":0.8348180277,"ma120":15.1065833333,"ma250":16.26768,"ma42":13.3911904762,"max10":14.38,"min10":13.37,"name":"华讯方舟","stat_date":"2017-06-30","mc":110.1795,"cmc":76.3805,"pe":101.7896,"pe_lyr":68.3976,"pb":7.4372,"ps":8.6543,"pcf":59.3258,"iop":-12.8002}