{"code":"000631","atr10":0.094,"close":4.03,"close_count":60,"l_pvalue":0.0025053769,"l_slop":3.2430829625,"l_stderror":0.9318658821,"ma120":4.2808333333,"ma250":4.64676,"ma42":4.0721428571,"max10":4.23,"min10":4.03,"name":"顺发恒业","stat_date":"2017-06-30","mc":98.0305,"cmc":98.0305,"pe":22.6231,"pe_lyr":26.7611,"pb":1.7389,"ps":2.1011,"pcf":-91.069,"iop":18.8094}