{"code":"000682","atr10":0.101,"close":5.33,"close_count":60,"l_pvalue":0.0000000228,"l_slop":6.8625975295,"l_stderror":0.7527449178,"ma120":5.3380833333,"ma250":5.44812,"ma42":5.3723809524,"max10":5.5,"min10":5.27,"name":"东方电子","stat_date":"2017-06-30","mc":52.1361,"cmc":52.1283,"pe":82.388,"pe_lyr":87.2924,"pb":3.0578,"ps":2.1699,"pcf":6.4462,"iop":73.0037}