{"code":"000652","atr10":0.081,"close":5.11,"close_count":60,"l_pvalue":0.0001374502,"l_slop":-6.7036484595,"l_stderror":1.4095369755,"ma120":5.6305,"ma250":5.72824,"ma42":5.2895238095,"max10":5.32,"min10":5.06,"name":"泰达股份","stat_date":"2017-06-30","mc":75.4018,"cmc":75.0535,"pe":27.5433,"pe_lyr":27.8371,"pb":2.1534,"ps":0.4431,"pcf":50.585,"iop":-27.3427}