{"code":"000680","atr10":0.117,"close":5.73,"close_count":60,"l_pvalue":0.0000019111,"l_slop":-9.578528501,"l_stderror":1.4199181222,"ma120":5.8853333333,"ma250":6.01064,"ma42":6.0645238095,"max10":6.09,"min10":5.65,"name":"山推股份","stat_date":"2017-06-30","mc":71.0971,"cmc":60.5613,"pe":82.9321,"pe_lyr":163.6093,"pb":2.1627,"ps":1.2916,"pcf":13.5081,"iop":469.4835}