{"code":"000616","atr10":0.09,"close":4.5,"close_count":60,"l_pvalue":0.0000001307,"l_slop":5.6798355692,"l_stderror":0.6982325565,"ma120":4.5238333333,"ma250":4.9484,"ma42":4.5523809524,"max10":4.66,"min10":4.49,"name":"海航投资","stat_date":"2017-06-30","mc":64.3605,"cmc":64.3599,"pe":-16.0196,"pe_lyr":-14.785,"pb":1.612,"ps":59.0381,"pcf":4.7035,"iop":-139.9343}