{"code":"000617","atr10":0.345,"close":16.76,"close_count":60,"l_pvalue":0.7227953332,"l_slop":-0.6847378872,"l_stderror":1.9018883817,"ma120":16.749,"ma250":17.51412,"ma42":17.2547619048,"max10":17.51,"min10":16.49,"name":"中油资本","stat_date":"2017-06-30","mc":1513.4375,"cmc":19.2766,"pe":24.754,"pe_lyr":27.341,"pb":2.1899,"ps":5.2795,"pcf":-1.9607,"iop":4.6014}