{"code":"000609","atr10":0.387,"close":14.45,"close_count":60,"l_pvalue":0.0028247287,"l_slop":8.2865822585,"l_stderror":2.4178447921,"ma120":15.301,"ma250":15.79884,"ma42":14.9828571429,"max10":15.6,"min10":14.3,"name":"绵石投资","stat_date":"2017-06-30","mc":43.2453,"cmc":38.9117,"pe":36.6216,"pe_lyr":32.4876,"pb":2.7831,"ps":12.6876,"pcf":251.5378,"iop":-19.6162}