{"code":"000663","atr10":0.392,"close":15.11,"close_count":60,"l_pvalue":2.128173908e-18,"l_slop":35.8122772233,"l_stderror":1.0644021223,"ma120":13.1086666667,"ma250":14.15756,"ma42":13.8164285714,"max10":15.23,"min10":13.99,"name":"永安林业","stat_date":"2017-06-30","mc":51.5234,"cmc":28.5997,"pe":42.0275,"pe_lyr":41.9195,"pb":2.413,"ps":3.5538,"pcf":-187.9059,"iop":22.7307}