{"code":"000698","atr10":0.112,"close":6.61,"close_count":60,"l_pvalue":0.0007147025,"l_slop":-7.2339054857,"l_stderror":1.7948107876,"ma120":6.8026666667,"ma250":7.23164,"ma42":6.9528571429,"max10":6.99,"min10":6.55,"name":"沈阳化工","stat_date":"2017-06-30","mc":54.1699,"cmc":28.5785,"pe":17.0971,"pe_lyr":15.9093,"pb":1.2618,"ps":0.4788,"pcf":24.7754,"iop":-67.7544}