{"code":"000650","atr10":0.045,"close":5.86,"close_count":60,"l_pvalue":0.0000000649,"l_slop":5.7463379162,"l_stderror":0.6743926498,"ma120":5.91025,"ma250":6.50316,"ma42":5.8745238095,"max10":5.97,"min10":5.84,"name":"仁和药业","stat_date":"2017-06-30","mc":72.5667,"cmc":72.5465,"pe":20.3524,"pe_lyr":19.4873,"pb":2.6014,"ps":2.0097,"pcf":18.5056,"iop":1.9051}