{"code":"000688","atr10":0.57,"close":10.95,"close_count":60,"l_pvalue":0.0,"l_slop":43.9885984263,"l_stderror":2.713117514,"ma120":8.4018333333,"ma250":9.08116,"ma42":9.4130952381,"max10":10.95,"min10":10.95,"name":"建新矿业","stat_date":"2017-06-30","mc":124.5343,"cmc":124.5338,"pe":30.0433,"pe_lyr":53.1463,"pb":6.2213,"ps":9.8526,"pcf":36.6622,"iop":193.9585}