{"code":"000678","atr10":0.166,"close":8.26,"close_count":60,"l_pvalue":0.0001069171,"l_slop":-8.4279711362,"l_stderror":1.7314279229,"ma120":8.8503333333,"ma250":10.9744,"ma42":8.6623809524,"max10":8.58,"min10":8.22,"name":"襄阳轴承","stat_date":"2017-06-30","mc":37.9639,"cmc":35.442,"pe":203.5223,"pe_lyr":325.8014,"pb":3.0615,"ps":2.5013,"pcf":-262.9487,"iop":15.9737}