{"code":"000610","atr10":0.334,"close":13.48,"close_count":60,"l_pvalue":1.324124434e-19,"l_slop":61.5656059717,"l_stderror":1.5778170527,"ma120":12.7735833333,"ma250":13.64472,"ma42":11.8169047619,"max10":13.48,"min10":12.89,"name":"西安旅游","stat_date":"2017-06-30","mc":31.9104,"cmc":31.7002,"pe":-12489.5664,"pe_lyr":297.8886,"pb":4.045,"ps":4.246,"pcf":20.7319,"iop":-118.5119}