{"code":"000662","atr10":0.496,"close":16.05,"close_count":60,"l_pvalue":1.0,"l_slop":0.0,"l_stderror":0.0,"ma120":19.21475,"ma250":21.14932,"ma42":17.5097619048,"max10":16.05,"min10":16.05,"name":"天夏智慧","stat_date":"2017-06-30","mc":134.5351,"cmc":46.0675,"pe":29.4961,"pe_lyr":41.5875,"pb":2.6169,"ps":10.1632,"pcf":-53.112,"iop":93.942}