{"code":"000651","atr10":0.88,"close":38.55,"close_count":60,"l_pvalue":0.0000000354,"l_slop":-15.4222233751,"l_stderror":1.7398868666,"ma120":36.16525,"ma250":29.9576,"ma42":38.4354761905,"max10":39.25,"min10":37.29,"name":"格力电器","stat_date":"2017-06-30","mc":2319.0642,"cmc":2301.6245,"pe":12.5552,"pe_lyr":15.0384,"pb":5.5707,"ps":1.7833,"pcf":-17.9141,"iop":71.7433}