{"code":"000615","atr10":0.567,"close":13.61,"close_count":60,"l_pvalue":0.0000000001,"l_slop":-25.3362137226,"l_stderror":1.9245962062,"ma120":15.4949166667,"ma250":12.93468,"ma42":13.4892857143,"max10":13.61,"min10":13.61,"name":"湖北金环","stat_date":"2017-06-30","mc":106.1921,"cmc":48.2188,"pe":67.5143,"pe_lyr":97.2053,"pb":6.4904,"ps":2.4953,"pcf":89.4771,"iop":90.9586}