{"code":"000685","atr10":0.121,"close":10.79,"close_count":60,"l_pvalue":0.0001672937,"l_slop":2.9145963739,"l_stderror":0.6242679113,"ma120":10.7815,"ma250":10.82208,"ma42":10.895952381,"max10":11.08,"min10":10.76,"name":"中山公用","stat_date":"2017-06-30","mc":159.1645,"cmc":115.5628,"pe":15.5994,"pe_lyr":16.5335,"pb":1.4046,"ps":10.6522,"pcf":-289.6233,"iop":5.013}