{"code":"000690","atr10":0.25,"close":7.94,"close_count":60,"l_pvalue":0.0,"l_slop":59.7542773886,"l_stderror":3.3387895075,"ma120":6.74225,"ma250":7.66188,"ma42":7.555,"max10":8.38,"min10":7.72,"name":"宝新能源","stat_date":"2017-06-30","mc":172.7655,"cmc":161.9121,"pe":31.526,"pe_lyr":25.6114,"pb":2.0565,"ps":5.3235,"pcf":13.7363,"iop":-12.4162}