{"code":"000629","atr10":0.136,"close":3.07,"close_count":60,"l_pvalue":1.0,"l_slop":0.0,"l_stderror":0.0,"ma120":2.5655,"ma250":2.80368,"ma42":2.6154761905,"max10":3.07,"min10":3.07,"name":"*ST钒钛","stat_date":"2017-06-30","mc":263.7052,"cmc":146.3514,"pe":-5.5685,"pe_lyr":-4.404,"pb":6.855,"ps":2.9431,"pcf":-17.377,"iop":116.6446}