{"code":"000679","atr10":0.19,"close":9.02,"close_count":60,"l_pvalue":0.000007925,"l_slop":11.3428805198,"l_stderror":1.8720905793,"ma120":9.7483333333,"ma250":11.81196,"ma42":9.1564285714,"max10":9.45,"min10":9.0,"name":"大连友谊","stat_date":"2017-06-30","mc":32.1473,"cmc":32.1418,"pe":24.0836,"pe_lyr":24.0389,"pb":2.3513,"ps":1.5843,"pcf":-5.3305,"iop":216.7165}