{"code":"000613","atr10":0.318,"close":10.24,"close_count":60,"l_pvalue":0.0000000002,"l_slop":-95.8446266996,"l_stderror":7.8102623371,"ma120":13.6006666667,"ma250":13.94296,"ma42":11.8033333333,"max10":10.55,"min10":9.97,"name":"*ST东海A","stat_date":"2017-06-30","mc":32.1423,"cmc":27.202,"pe":-3347.0806,"pe_lyr":-1401.0938,"pb":49.0605,"ps":150.6883,"pcf":-2171.3074,"iop":59.5768}