{"code":"000637","atr10":0.106,"close":6.92,"close_count":60,"l_pvalue":0.0000269486,"l_slop":-7.655871082,"l_stderror":1.3945855111,"ma120":6.95575,"ma250":7.36568,"ma42":7.2104761905,"max10":7.17,"min10":6.78,"name":"茂化实华","stat_date":"2017-06-30","mc":35.9754,"cmc":25.3615,"pe":33.0211,"pe_lyr":58.5857,"pb":4.2012,"ps":0.9158,"pcf":-102.2917,"iop":1642.1313}