{"code":"000673","atr10":0.28,"close":11.6,"close_count":60,"l_pvalue":0.0000032617,"l_slop":-24.1857063839,"l_stderror":3.7299827224,"ma120":12.78875,"ma250":12.60388,"ma42":12.7597619048,"max10":12.15,"min10":11.55,"name":"当代东方","stat_date":"2017-06-30","mc":92.0269,"cmc":48.1139,"pe":53.8169,"pe_lyr":51.8547,"pb":3.9372,"ps":8.0141,"pcf":69.1277,"iop":123.9667}