{"code":"000605","atr10":0.722,"close":26.9,"close_count":60,"l_pvalue":0.0000096638,"l_slop":-7.5398734093,"l_stderror":1.2639290693,"ma120":28.7036666667,"ma250":25.31248,"ma42":26.3352380952,"max10":27.31,"min10":25.74,"name":"渤海股份","stat_date":"2017-06-30","mc":67.7608,"cmc":52.4521,"pe":114.8434,"pe_lyr":159.2651,"pb":3.4689,"ps":6.1812,"pcf":35.5045,"iop":375.029}