{"code":"000671","atr10":0.503,"close":7.3,"close_count":60,"l_pvalue":2.218348164e-16,"l_slop":134.677954588,"l_stderror":5.1378434886,"ma120":5.8365,"ma250":5.88032,"ma42":6.2973809524,"max10":8.28,"min10":7.06,"name":"阳 光 城","stat_date":"2017-06-30","mc":295.6554,"cmc":236.9263,"pe":21.3141,"pe_lyr":24.0359,"pb":2.2361,"ps":1.2838,"pcf":1.7776,"iop":128.5709}