{"code":"000669","atr10":0.279,"close":16.16,"close_count":60,"l_pvalue":1.216518212e-18,"l_slop":-31.4702199324,"l_stderror":0.9078032868,"ma120":16.6171666667,"ma250":16.78572,"ma42":17.1,"max10":16.6,"min10":15.98,"name":"金鸿控股","stat_date":"2017-06-30","mc":78.5386,"cmc":77.3298,"pe":33.9504,"pe_lyr":41.2191,"pb":1.9347,"ps":2.6215,"pcf":-16.2035,"iop":7.4671}