{"code":"000676","atr10":0.359,"close":13.85,"close_count":60,"l_pvalue":0.0000005007,"l_slop":11.2653411371,"l_stderror":1.5177412896,"ma120":14.769,"ma250":16.66096,"ma42":13.9642857143,"max10":14.52,"min10":13.85,"name":"智度股份","stat_date":"2017-06-30","mc":133.7509,"cmc":43.8337,"pe":29.8819,"pe_lyr":42.311,"pb":2.7872,"ps":3.1433,"pcf":-37.1567,"iop":-3.879}