{"code":"000611","atr10":0.323,"close":8.97,"close_count":60,"l_pvalue":0.0,"l_slop":38.1501560586,"l_stderror":2.1110860601,"ma120":8.7214166667,"ma250":8.5774,"ma42":8.4185714286,"max10":9.17,"min10":8.77,"name":"天首发展","stat_date":"2017-06-30","mc":28.8674,"cmc":28.6201,"pe":200.7549,"pe_lyr":562.8404,"pb":5.4419,"ps":63.3542,"pcf":6.506,"iop":32.074}