{"code":"000667","atr10":0.084,"close":3.4,"close_count":60,"l_pvalue":0.0,"l_slop":11.8368163343,"l_stderror":0.8629647817,"ma120":3.3791666667,"ma250":3.60008,"ma42":3.4014285714,"max10":3.58,"min10":3.37,"name":"美好置业","stat_date":"2017-06-30","mc":87.0261,"cmc":86.3572,"pe":12.5826,"pe_lyr":13.0895,"pb":1.2959,"ps":1.7572,"pcf":18.2292,"iop":7.0828}