{"code":"000666","atr10":0.313,"close":20.42,"close_count":60,"l_pvalue":0.0,"l_slop":-33.8989459431,"l_stderror":2.015264571,"ma120":21.5395,"ma250":21.94644,"ma42":21.9611904762,"max10":21.06,"min10":20.1,"name":"经纬纺机","stat_date":"2017-06-30","mc":161.8395,"cmc":59.9365,"pe":18.4785,"pe_lyr":26.4039,"pb":2.0447,"ps":1.3648,"pcf":13.6039,"iop":-3.7641}