{"code":"000632","atr10":0.314,"close":7.1,"close_count":60,"l_pvalue":0.0000008427,"l_slop":25.9008831786,"l_stderror":3.6196081749,"ma120":6.619,"ma250":7.73072,"ma42":6.4247619048,"max10":7.25,"min10":6.38,"name":"三木集团","stat_date":"2017-06-30","mc":33.0519,"cmc":33.0495,"pe":182.5758,"pe_lyr":199.4085,"pb":2.6425,"ps":0.6868,"pcf":6.2789,"iop":-59.5625}