{"code":"000638","atr10":0.519,"close":11.14,"close_count":60,"l_pvalue":0.0,"l_slop":-2.6746179691,"l_stderror":0.1486834995,"ma120":13.4890833333,"ma250":16.6524,"ma42":12.845,"max10":11.14,"min10":11.14,"name":"万方发展","stat_date":"2017-06-30","mc":34.4672,"cmc":34.4672,"pe":285.4878,"pe_lyr":330.1224,"pb":15.2338,"ps":22.8299,"pcf":34.8881,"iop":471.095}