{"code":"000672","atr10":0.339,"close":10.03,"close_count":60,"l_pvalue":0.6151591738,"l_slop":-0.8497773766,"l_stderror":1.662597559,"ma120":9.9720833333,"ma250":9.82412,"ma42":10.4692857143,"max10":11.07,"min10":10.03,"name":"上峰水泥","stat_date":"2017-06-30","mc":81.6061,"cmc":81.6061,"pe":22.4927,"pe_lyr":56.1912,"pb":4.8012,"ps":2.452,"pcf":136.3717,"iop":184.9101}