{"code":"000692","atr10":0.14,"close":6.81,"close_count":60,"l_pvalue":0.0000000011,"l_slop":15.77721837,"l_stderror":1.4348772217,"ma120":6.7323333333,"ma250":6.52712,"ma42":6.7907142857,"max10":7.13,"min10":6.75,"name":"惠天热电","stat_date":"2017-06-30","mc":36.2859,"cmc":36.2827,"pe":222.7336,"pe_lyr":68.9773,"pb":2.6335,"ps":1.9027,"pcf":11.2295,"iop":-22.9473}