{"code":"000695","atr10":0.358,"close":11.6,"close_count":60,"l_pvalue":0.0000000021,"l_slop":24.1160995864,"l_stderror":2.2773645748,"ma120":11.9280833333,"ma250":14.19036,"ma42":11.5007142857,"max10":12.43,"min10":11.3,"name":"滨海能源","stat_date":"2017-06-30","mc":25.7691,"cmc":25.7197,"pe":-340.1276,"pe_lyr":663.5883,"pb":8.2393,"ps":3.7829,"pcf":31.7267,"iop":95.6167}