{"code":"000656","atr10":0.194,"close":5.03,"close_count":60,"l_pvalue":0.0394458309,"l_slop":6.2323812001,"l_stderror":2.8180272179,"ma120":5.5101666667,"ma250":5.0546,"ma42":5.0738095238,"max10":5.64,"min10":5.02,"name":"金科股份","stat_date":"2017-06-30","mc":268.7714,"cmc":209.9843,"pe":22.6959,"pe_lyr":19.2632,"pb":1.6453,"ps":0.9107,"pcf":3.7025,"iop":-21.1219}