{"code":"000625","atr10":0.233,"close":13.78,"close_count":60,"l_pvalue":0.0076521954,"l_slop":2.0198235952,"l_stderror":0.6772224818,"ma120":14.0360833333,"ma250":14.53084,"ma42":13.8461904762,"max10":14.13,"min10":13.7,"name":"长安汽车","stat_date":"2017-06-30","mc":615.3095,"cmc":518.2494,"pe":7.0294,"pe_lyr":6.4345,"pb":1.4674,"ps":0.8674,"pcf":11.5718,"iop":-12.4366}