{"code":"000608","atr10":0.513,"close":8.13,"close_count":60,"l_pvalue":0.0174796932,"l_slop":9.5958131176,"l_stderror":3.6866981118,"ma120":7.6830833333,"ma250":7.85868,"ma42":7.4616666667,"max10":8.13,"min10":7.14,"name":"阳光股份","stat_date":"2017-06-30","mc":60.968,"cmc":60.9589,"pe":-14.8214,"pe_lyr":-13.0207,"pb":2.2032,"ps":7.8748,"pcf":29.2337,"iop":66.2031}