{"code":"000691","atr10":0.234,"close":7.49,"close_count":60,"l_pvalue":0.0,"l_slop":51.101855183,"l_stderror":2.5310379868,"ma120":7.1258333333,"ma250":8.4386,"ma42":7.284047619,"max10":8.09,"min10":7.49,"name":"ST亚太","stat_date":"2017-06-30","mc":24.2129,"cmc":21.7574,"pe":-2510.5273,"pe_lyr":1798.5024,"pb":30.64,"ps":47.8554,"pcf":162.1222,"iop":-1397.141}