{"code":"000670","atr10":0.496,"close":7.12,"close_count":60,"l_pvalue":2.337585231e-17,"l_slop":111.98014978,"l_stderror":3.7843308871,"ma120":5.7596666667,"ma250":7.03704,"ma42":6.2626190476,"max10":7.72,"min10":6.84,"name":"盈方微","stat_date":"2017-06-30","mc":58.1439,"cmc":42.7319,"pe":966.5916,"pe_lyr":240.5452,"pb":8.1924,"ps":17.6661,"pcf":-3240.865,"iop":-148.8416}