{"code":"000606","atr10":0.177,"close":10.19,"close_count":60,"l_pvalue":1.0,"l_slop":0.0,"l_stderror":0.0,"ma120":10.9136666667,"ma250":10.6982,"ma42":10.1535714286,"max10":10.19,"min10":10.19,"name":"神州易桥","stat_date":"2017-06-30","mc":78.035,"cmc":48.1084,"pe":-1694.1547,"pe_lyr":170.3139,"pb":2.8319,"ps":16.2297,"pcf":14.2835,"iop":-83.2966}