{"code":"000612","atr10":0.411,"close":10.94,"close_count":60,"l_pvalue":1.894762181e-16,"l_slop":50.3783235216,"l_stderror":1.9055929074,"ma120":9.18125,"ma250":9.61252,"ma42":10.3397619048,"max10":11.47,"min10":10.71,"name":"焦作万方","stat_date":"2017-06-30","mc":130.4266,"cmc":109.3099,"pe":113.0294,"pe_lyr":131.4471,"pb":2.8105,"ps":3.2208,"pcf":-7.2125,"iop":-124.0389}