{"code":"000683","atr10":0.119,"close":3.25,"close_count":60,"l_pvalue":0.0000022247,"l_slop":12.2537191139,"l_stderror":1.8368647219,"ma120":3.0018333333,"ma250":3.05504,"ma42":3.3319047619,"max10":3.52,"min10":3.19,"name":"远兴能源","stat_date":"2017-06-30","mc":126.7751,"cmc":68.0146,"pe":-54.1608,"pe_lyr":-24.7233,"pb":1.5061,"ps":1.15,"pcf":-142.903,"iop":375.5888}