{"code":"000697","atr10":1.158,"close":25.94,"close_count":60,"l_pvalue":0.0,"l_slop":108.547490839,"l_stderror":5.569815363,"ma120":21.6125833333,"ma250":21.99028,"ma42":23.3783333333,"max10":28.0,"min10":25.09,"name":"炼石有色","stat_date":"2017-06-30","mc":145.181,"cmc":117.7088,"pe":-83.9092,"pe_lyr":-381.6705,"pb":11.2678,"ps":152.4836,"pcf":69.6219,"iop":-2257.395}