{"code":"000601","atr10":0.12,"close":7.4,"close_count":60,"l_pvalue":0.0,"l_slop":22.6348092213,"l_stderror":1.5914975837,"ma120":7.2595,"ma250":8.05168,"ma42":7.3776190476,"max10":7.77,"min10":7.4,"name":"韶能股份","stat_date":"2017-06-30","mc":79.9608,"cmc":79.9053,"pe":20.5631,"pe_lyr":18.1493,"pb":1.9421,"ps":2.4197,"pcf":-254.5113,"iop":-15.1299}