{"code":"000622","atr10":0.149,"close":5.87,"close_count":60,"l_pvalue":0.0000000037,"l_slop":18.6181313993,"l_stderror":1.820374082,"ma120":6.4500833333,"ma250":7.61792,"ma42":5.9371428571,"max10":6.21,"min10":5.8,"name":"恒立实业","stat_date":"2017-06-30","mc":24.9608,"cmc":24.9608,"pe":49.0169,"pe_lyr":52.0026,"pb":12.8909,"ps":55.762,"pcf":16.3384,"iop":37.3736}