{"code":"000659","atr10":0.097,"close":3.86,"close_count":60,"l_pvalue":6.556482389e-18,"l_slop":-37.5972740408,"l_stderror":1.1868227316,"ma120":4.4065,"ma250":5.10404,"ma42":4.1904761905,"max10":4.08,"min10":3.84,"name":"*ST中富","stat_date":"2017-06-30","mc":49.6281,"cmc":49.6281,"pe":-9.7855,"pe_lyr":-8.6536,"pb":10.0223,"ps":3.1015,"pcf":-491.1875,"iop":2420.498}