{"code":"000623","atr10":0.259,"close":22.36,"close_count":60,"l_pvalue":0.286293005,"l_slop":1.3232140983,"l_stderror":1.206062711,"ma120":22.2425833333,"ma250":22.24216,"ma42":22.6004761905,"max10":22.84,"min10":22.26,"name":"吉林敖东","stat_date":"2017-06-30","mc":259.9954,"cmc":244.9097,"pe":14.9469,"pe_lyr":15.6014,"pb":1.3415,"ps":9.4702,"pcf":50.3794,"iop":4.4438}