{"code":"000686","atr10":0.147,"close":10.29,"close_count":60,"l_pvalue":0.950112405,"l_slop":0.0895312388,"l_stderror":1.4122259563,"ma120":10.3425,"ma250":11.4652,"ma42":10.6071428571,"max10":10.7,"min10":10.29,"name":"东北证券","stat_date":"2017-06-30","mc":240.8326,"cmc":240.8326,"pe":23.2066,"pe_lyr":18.3151,"pb":1.5533,"ps":4.9715,"pcf":-9.4379,"iop":-46.8933}