{"code":"000628","atr10":0.272,"close":10.13,"close_count":60,"l_pvalue":0.0005967941,"l_slop":7.1657224867,"l_stderror":1.7437378338,"ma120":10.3141666667,"ma250":12.45864,"ma42":10.4566666667,"max10":10.79,"min10":10.04,"name":"高新发展","stat_date":"2017-06-30","mc":31.5529,"cmc":19.0424,"pe":76.2886,"pe_lyr":107.4445,"pb":4.2247,"ps":4.9612,"pcf":21.4978,"iop":224.7497}