{"code":"000607","atr10":0.247,"close":8.4,"close_count":60,"l_pvalue":2.532095755e-16,"l_slop":25.403349626,"l_stderror":0.9760659312,"ma120":7.6221666667,"ma250":10.29964,"ma42":7.6397619048,"max10":8.4,"min10":7.84,"name":"华媒控股","stat_date":"2017-06-30","mc":85.4867,"cmc":40.9306,"pe":42.3362,"pe_lyr":38.3238,"pb":4.8152,"ps":4.5006,"pcf":-81.5431,"iop":-34.0194}