{"code":"000661","atr10":3.137,"close":143.99,"close_count":60,"l_pvalue":1.860142381e-16,"l_slop":35.6847419623,"l_stderror":1.3484554013,"ma120":124.000166667,"ma250":117.75872,"ma42":135.413095238,"max10":144.4,"min10":140.47,"name":"长春高新","stat_date":"2017-06-30","mc":244.9447,"cmc":244.7962,"pe":44.2044,"pe_lyr":50.5194,"pb":6.0513,"ps":7.6024,"pcf":-16.66,"iop":58.9494}