{"code":"000633","atr10":0.254,"close":9.08,"close_count":60,"l_pvalue":1.0,"l_slop":0.0,"l_stderror":0.0,"ma120":10.39525,"ma250":11.05244,"ma42":8.8357142857,"max10":9.08,"min10":9.08,"name":"合金投资","stat_date":"2017-06-30","mc":34.9677,"cmc":34.9518,"pe":89.4607,"pe_lyr":132.4176,"pb":20.8815,"ps":58.6599,"pcf":5.7201,"iop":59.5834}