{"code":"000657","atr10":0.714,"close":14.71,"close_count":60,"l_pvalue":0.0,"l_slop":34.7764203607,"l_stderror":1.556115936,"ma120":13.4665833333,"ma250":14.48544,"ma42":14.6783333333,"max10":16.1,"min10":14.7,"name":"中钨高新","stat_date":"2017-06-30","mc":92.4751,"cmc":36.1235,"pe":138.1122,"pe_lyr":695.0919,"pb":3.0491,"ps":1.6419,"pcf":197.0293,"iop":24.9729}