{"code":"000665","atr10":0.141,"close":11.92,"close_count":60,"l_pvalue":0.000218767,"l_slop":7.3968711897,"l_stderror":1.6255894161,"ma120":12.2578333333,"ma250":13.45692,"ma42":12.0935714286,"max10":12.3,"min10":11.85,"name":"湖北广电","stat_date":"2017-06-30","mc":75.8371,"cmc":54.9545,"pe":24.6981,"pe_lyr":25.0066,"pb":1.324,"ps":3.0157,"pcf":-39.4461,"iop":12.0313}