{"code":"000693","atr10":1.111,"close":12.5,"close_count":60,"l_pvalue":1.0,"l_slop":0.0,"l_stderror":0.0,"ma120":16.5286666667,"ma250":20.84796,"ma42":14.6052380952,"max10":12.5,"min10":12.5,"name":"*ST华泽","stat_date":"2017-06-30","mc":67.9365,"cmc":34.6694,"pe":-15.9538,"pe_lyr":-16.8058,"pb":8.7426,"ps":5.3534,"pcf":16.5752,"iop":-19.9516}