{"code":"000626","atr10":0.925,"close":17.4,"close_count":60,"l_pvalue":0.0000000011,"l_slop":68.9617807832,"l_stderror":6.272887679,"ma120":18.44575,"ma250":22.6708,"ma42":18.714047619,"max10":21.56,"min10":17.4,"name":"远大控股","stat_date":"2017-06-30","mc":104.1624,"cmc":70.3995,"pe":32.1781,"pe_lyr":26.6442,"pb":3.382,"ps":0.1112,"pcf":-57.0226,"iop":-79.4722}