{"code":"000627","atr10":0.195,"close":9.0,"close_count":60,"l_pvalue":0.0162770509,"l_slop":-5.1136258103,"l_stderror":1.9398061238,"ma120":8.4024166667,"ma250":8.11648,"ma42":9.4176190476,"max10":9.44,"min10":8.93,"name":"天茂集团","stat_date":"2017-06-30","mc":383.3275,"cmc":121.8224,"pe":24.3492,"pe_lyr":21.5508,"pb":2.8466,"ps":0.7757,"pcf":-7.2264,"iop":991.8674}