{"code":"000603","atr10":0.469,"close":13.92,"close_count":60,"l_pvalue":0.1758380991,"l_slop":4.8223312094,"l_stderror":3.429576074,"ma120":13.9215833333,"ma250":15.4332,"ma42":14.7642857143,"max10":15.17,"min10":13.82,"name":"盛达矿业","stat_date":"2017-06-30","mc":100.5894,"cmc":57.176,"pe":45.0596,"pe_lyr":49.7728,"pb":4.4668,"ps":13.7859,"pcf":36.3268,"iop":21.7025}