{"code":"000630","atr10":0.05,"close":3.03,"close_count":60,"l_pvalue":0.7528236837,"l_slop":-0.7670638756,"l_stderror":2.4007248997,"ma120":2.9461666667,"ma250":3.0418,"ma42":3.1226190476,"max10":3.11,"min10":3.0,"name":"铜陵有色","stat_date":"2017-06-30","mc":318.954,"cmc":289.6819,"pe":86.1113,"pe_lyr":176.8783,"pb":1.8802,"ps":0.3835,"pcf":18.9944,"iop":10.6955}