{"code":"000639","atr10":0.592,"close":20.84,"close_count":60,"l_pvalue":0.0,"l_slop":43.0304777794,"l_stderror":2.0103656038,"ma120":19.6740833333,"ma250":21.14644,"ma42":20.5630952381,"max10":22.39,"min10":20.84,"name":"西王食品","stat_date":"2017-06-30","mc":94.7241,"cmc":78.493,"pe":52.3847,"pe_lyr":70.2623,"pb":4.6934,"ps":1.8634,"pcf":-23.503,"iop":364.0477}