{"code":"000620","atr10":0.181,"close":7.65,"close_count":60,"l_pvalue":0.0,"l_slop":34.7166171033,"l_stderror":1.6178815084,"ma120":7.195,"ma250":7.78968,"ma42":7.2254761905,"max10":7.71,"min10":7.35,"name":"新华联","stat_date":"2017-06-30","mc":145.0968,"cmc":140.5264,"pe":24.0594,"pe_lyr":27.6958,"pb":2.4256,"ps":1.794,"pcf":14.2662,"iop":695.4137}