{"code":"000636","atr10":0.321,"close":9.45,"close_count":60,"l_pvalue":0.0000000001,"l_slop":20.817438831,"l_stderror":1.6165161196,"ma120":8.9325,"ma250":9.67504,"ma42":9.4923809524,"max10":9.96,"min10":9.41,"name":"风华高科","stat_date":"2017-06-30","mc":84.5995,"cmc":76.7865,"pe":49.8001,"pe_lyr":60.9041,"pb":1.8873,"ps":2.7978,"pcf":-23.4286,"iop":61.6755}