{"code":"000668","atr10":0.35,"close":16.8,"close_count":60,"l_pvalue":0.0308838602,"l_slop":-3.266809374,"l_stderror":1.4011249974,"ma120":17.0265833333,"ma250":20.76584,"ma42":17.3997619048,"max10":17.52,"min10":16.74,"name":"荣丰控股","stat_date":"2017-06-30","mc":24.6694,"cmc":24.6437,"pe":-100.1449,"pe_lyr":-60.264,"pb":4.1167,"ps":169.6353,"pcf":-19.396,"iop":99.5426}