{"code":"000619","atr10":0.194,"close":9.34,"close_count":60,"l_pvalue":0.0000000084,"l_slop":-5.8397856845,"l_stderror":0.6014317046,"ma120":9.7993333333,"ma250":11.07824,"ma42":9.8104761905,"max10":9.87,"min10":9.3,"name":"海螺型材","stat_date":"2017-06-30","mc":33.624,"cmc":33.624,"pe":155.1327,"pe_lyr":44.2585,"pb":1.3808,"ps":1.0583,"pcf":-18.9683,"iop":-13.0236}