{"code":"000600","atr10":0.335,"close":11.42,"close_count":60,"l_pvalue":0.0000023554,"l_slop":-23.4426240544,"l_stderror":3.5289379025,"ma120":12.3961666667,"ma250":10.61736,"ma42":12.2071428571,"max10":12.39,"min10":11.11,"name":"建投能源","stat_date":"2017-06-30","mc":204.6037,"cmc":124.483,"pe":38.4098,"pe_lyr":14.0801,"pb":1.9044,"ps":2.1235,"pcf":27.3327,"iop":-90.7004}