{"code":"000677","atr10":0.089,"close":4.75,"close_count":60,"l_pvalue":0.043498357,"l_slop":-3.7802264452,"l_stderror":1.7476779282,"ma120":4.8799166667,"ma250":5.8816,"ma42":4.8373809524,"max10":4.9,"min10":4.62,"name":"恒天海龙","stat_date":"2017-06-30","mc":41.039,"cmc":41.0388,"pe":626.2148,"pe_lyr":907.6651,"pb":15.0089,"ps":7.9134,"pcf":-91.6361,"iop":5732.3838}