{"code":"000635","atr10":0.458,"close":18.15,"close_count":60,"l_pvalue":0.0124177388,"l_slop":-8.7565017303,"l_stderror":3.1707749199,"ma120":19.6814166667,"ma250":20.60756,"ma42":19.5342857143,"max10":19.55,"min10":18.04,"name":"英 力 特","stat_date":"2017-06-30","mc":55.0104,"cmc":55.0104,"pe":37.1938,"pe_lyr":50.1033,"pb":1.854,"ps":2.9896,"pcf":18.0594,"iop":-25.1584}