{"code":"000681","atr10":0.635,"close":18.0,"close_count":60,"l_pvalue":0.0,"l_slop":73.6998864114,"l_stderror":4.9971660371,"ma120":16.4153333333,"ma250":18.53276,"ma42":16.584047619,"max10":18.94,"min10":17.7,"name":"视觉中国","stat_date":"2017-06-30","mc":126.1039,"cmc":50.377,"pe":52.501,"pe_lyr":58.7461,"pb":5.2753,"ps":15.0541,"pcf":279.672,"iop":35.0669}