{"code":"000756","atr10":0.377,"close":15.59,"close_count":60,"l_pvalue":0.0000174755,"l_slop":11.3131986371,"l_stderror":1.9885698637,"ma120":14.6185,"ma250":13.90612,"ma42":15.4578571429,"max10":15.9,"min10":15.5,"name":"新华制药","stat_date":"2017-06-30","mc":57.5181,"cmc":47.9087,"pe":38.9209,"pe_lyr":58.3088,"pb":3.3566,"ps":1.6131,"pcf":29.0652,"iop":94.2238}