{"code":"000738","atr10":0.372,"close":19.87,"close_count":60,"l_pvalue":9.239206323e-17,"l_slop":11.3996894964,"l_stderror":0.4148146404,"ma120":20.1563333333,"ma250":23.12084,"ma42":19.5478571429,"max10":20.21,"min10":19.71,"name":"航发控制","stat_date":"2017-06-30","mc":227.6391,"cmc":227.6391,"pe":95.1987,"pe_lyr":108.9994,"pb":4.4982,"ps":9.0577,"pcf":1504.0914,"iop":33.9742}