{"code":"000791","atr10":0.113,"close":8.13,"close_count":60,"l_pvalue":0.0000208355,"l_slop":-2.5105426657,"l_stderror":0.4476797658,"ma120":8.7321666667,"ma250":11.26992,"ma42":8.2273809524,"max10":8.33,"min10":8.07,"name":"甘肃电投","stat_date":"2017-06-30","mc":78.9526,"cmc":78.9498,"pe":179.1647,"pe_lyr":-73.9668,"pb":1.4987,"ps":4.67,"pcf":37.2723,"iop":403.5095}