{"code":"000719","atr10":0.236,"close":10.52,"close_count":60,"l_pvalue":0.0000204727,"l_slop":5.7472880528,"l_stderror":1.0233787169,"ma120":10.6476666667,"ma250":11.18548,"ma42":10.7980952381,"max10":11.13,"min10":10.51,"name":"大地传媒","stat_date":"2017-06-30","mc":107.641,"cmc":70.1839,"pe":15.8379,"pe_lyr":15.9925,"pb":1.5838,"ps":1.2894,"pcf":-12.597,"iop":13.396}