{"code":"000739","atr10":0.17,"close":7.4,"close_count":60,"l_pvalue":0.0,"l_slop":30.5613291017,"l_stderror":1.6214471962,"ma120":7.26925,"ma250":7.64156,"ma42":7.1602380952,"max10":7.67,"min10":7.4,"name":"普洛药业","stat_date":"2017-06-30","mc":84.8683,"cmc":78.4435,"pe":30.4616,"pe_lyr":32.282,"pb":3.165,"ps":1.5976,"pcf":77.9016,"iop":21.6926}