{"code":"000732","atr10":0.749,"close":18.12,"close_count":60,"l_pvalue":2.465213779e-16,"l_slop":57.4621285951,"l_stderror":2.2046604233,"ma120":16.7221666667,"ma250":17.54004,"ma42":17.0683333333,"max10":19.6,"min10":17.8,"name":"泰禾集团","stat_date":"2017-06-30","mc":225.4945,"cmc":225.2424,"pe":12.1743,"pe_lyr":13.2075,"pb":1.5225,"ps":0.9788,"pcf":2.7741,"iop":7.4772}