{"code":"000761","atr10":0.31,"close":6.27,"close_count":60,"l_pvalue":0.0003222514,"l_slop":26.3717133976,"l_stderror":6.02133319,"ma120":5.6219166667,"ma250":5.71404,"ma42":6.3857142857,"max10":7.06,"min10":6.08,"name":"本钢板材","stat_date":"2017-06-30","mc":183.0023,"cmc":171.5472,"pe":17.5189,"pe_lyr":25.1675,"pb":1.4841,"ps":0.5225,"pcf":4.7882,"iop":39.7364}