{"code":"000793","atr10":0.183,"close":10.09,"close_count":60,"l_pvalue":0.0002148183,"l_slop":-6.3345028342,"l_stderror":1.3896610228,"ma120":10.41475,"ma250":10.73232,"ma42":10.5,"max10":10.49,"min10":10.02,"name":"华闻传媒","stat_date":"2017-06-30","mc":201.9306,"cmc":185.8109,"pe":22.1956,"pe_lyr":23.1358,"pb":2.0682,"ps":4.6943,"pcf":-54.0724,"iop":142.8729}