{"code":"000788","atr10":0.142,"close":10.1,"close_count":60,"l_pvalue":0.0000000086,"l_slop":-8.1266666559,"l_stderror":0.8378261067,"ma120":10.8758333333,"ma250":12.40072,"ma42":10.3811904762,"max10":10.43,"min10":10.04,"name":"北大医药","stat_date":"2017-06-30","mc":60.1947,"cmc":56.4361,"pe":272.0036,"pe_lyr":479.293,"pb":5.1672,"ps":2.687,"pcf":-16.5973,"iop":136.7349}