{"code":"000780","atr10":0.106,"close":5.25,"close_count":60,"l_pvalue":0.0000098775,"l_slop":19.3478860436,"l_stderror":3.2489364979,"ma120":4.7346666667,"ma250":5.41336,"ma42":5.1695238095,"max10":5.4,"min10":5.11,"name":"*ST平能","stat_date":"2017-06-30","mc":53.2511,"cmc":53.2511,"pe":143.0311,"pe_lyr":-16.4555,"pb":1.2506,"ps":2.1014,"pcf":7.166,"iop":212.1258}