{"code":"000708","atr10":0.523,"close":14.11,"close_count":60,"l_pvalue":0.0000000139,"l_slop":41.6171728864,"l_stderror":4.4238588609,"ma120":12.2675833333,"ma250":12.55468,"ma42":13.4680952381,"max10":14.38,"min10":13.51,"name":"大冶特钢","stat_date":"2017-06-30","mc":63.4115,"cmc":63.4115,"pe":18.8516,"pe_lyr":21.6658,"pb":1.6588,"ps":0.7982,"pcf":758.5293,"iop":53.8763}