{"code":"000796","atr10":0.76,"close":15.6,"close_count":60,"l_pvalue":0.0,"l_slop":123.651066363,"l_stderror":5.7888650435,"ma120":13.1859166667,"ma250":14.70752,"ma42":14.2526190476,"max10":17.8,"min10":15.6,"name":"凯撒旅游","stat_date":"2017-06-30","mc":125.268,"cmc":38.3826,"pe":43.1829,"pe_lyr":58.9252,"pb":6.7904,"ps":1.684,"pcf":21.6732,"iop":141.6044}