{"code":"000767","atr10":0.041,"close":3.49,"close_count":60,"l_pvalue":0.0000000021,"l_slop":-5.5879753427,"l_stderror":0.5282822304,"ma120":3.547,"ma250":3.72476,"ma42":3.6016666667,"max10":3.6,"min10":3.47,"name":"漳泽电力","stat_date":"2017-06-30","mc":107.3853,"cmc":78.655,"pe":-28.7637,"pe_lyr":125.415,"pb":1.308,"ps":1.2196,"pcf":16.0753,"iop":-1162.271}