{"code":"000717","atr10":0.409,"close":8.25,"close_count":60,"l_pvalue":0.000000025,"l_slop":114.756464757,"l_stderror":12.6611391867,"ma120":5.8766666667,"ma250":5.52436,"ma42":7.3280952381,"max10":8.75,"min10":7.72,"name":"韶钢松山","stat_date":"2017-06-30","mc":199.6108,"cmc":199.6108,"pe":20.3706,"pe_lyr":196.8018,"pb":18.0058,"ps":1.0223,"pcf":-1351.4918,"iop":2463.7524}