{"code":"000792","atr10":1.657,"close":19.46,"close_count":60,"l_pvalue":0.0,"l_slop":179.618647485,"l_stderror":13.0816057908,"ma120":11.3513333333,"ma250":12.09812,"ma42":13.1783333333,"max10":20.02,"min10":14.82,"name":"盐湖股份","stat_date":"2017-06-30","mc":542.1732,"cmc":535.1293,"pe":-106.1853,"pe_lyr":158.8717,"pb":2.4202,"ps":5.3383,"pcf":-214.9823,"iop":-204.835}