{"code":"000785","atr10":0.185,"close":11.34,"close_count":60,"l_pvalue":5.91542358e-21,"l_slop":19.6713948221,"l_stderror":0.4273516114,"ma120":11.02075,"ma250":12.5218,"ma42":10.945952381,"max10":11.46,"min10":11.21,"name":"武汉中商","stat_date":"2017-06-30","mc":28.4885,"cmc":28.474,"pe":224.6938,"pe_lyr":1395.7324,"pb":3.4768,"ps":0.7181,"pcf":602.0945,"iop":34.4102}