{"code":"000723","atr10":0.287,"close":8.38,"close_count":60,"l_pvalue":0.0000273787,"l_slop":33.0876764818,"l_stderror":6.0351878647,"ma120":7.8051666667,"ma250":8.15784,"ma42":8.3216666667,"max10":8.89,"min10":8.32,"name":"美锦能源","stat_date":"2017-06-30","mc":344.0771,"cmc":77.9448,"pe":31.7549,"pe_lyr":50.625,"pb":4.7881,"ps":3.197,"pcf":205.5981,"iop":18.9484}