{"code":"000725","atr10":0.106,"close":4.2,"close_count":60,"l_pvalue":0.0000000003,"l_slop":11.6307250296,"l_stderror":0.9820358948,"ma120":3.9341666667,"ma250":3.414,"ma42":3.9033333333,"max10":4.2,"min10":3.84,"name":"京东方Ａ","stat_date":"2017-06-30","mc":1450.2932,"cmc":1422.1407,"pe":21.8086,"pe_lyr":77.6349,"pb":1.8096,"ps":1.6789,"pcf":52.9105,"iop":356.9451}