{"code":"000778","atr10":0.113,"close":6.33,"close_count":60,"l_pvalue":0.0000000108,"l_slop":-20.6565556342,"l_stderror":2.1600469597,"ma120":6.892,"ma250":6.03372,"ma42":6.75,"max10":6.63,"min10":6.23,"name":"新兴铸管","stat_date":"2017-06-30","mc":252.6227,"cmc":230.6022,"pe":33.5644,"pe_lyr":57.3853,"pb":1.2966,"ps":0.5007,"pcf":37.7651,"iop":52.211}