{"code":"000715","atr10":0.23,"close":11.0,"close_count":60,"l_pvalue":0.0,"l_slop":14.7667444894,"l_stderror":0.6455292781,"ma120":11.4053333333,"ma250":13.453,"ma42":10.845,"max10":11.41,"min10":11.0,"name":"中兴商业","stat_date":"2017-06-30","mc":30.6907,"cmc":30.6422,"pe":31.137,"pe_lyr":34.6118,"pb":2.4949,"ps":1.283,"pcf":-39.3177,"iop":43.0276}