{"code":"000786","atr10":0.431,"close":16.13,"close_count":60,"l_pvalue":0.0000000022,"l_slop":-18.3496708605,"l_stderror":1.7407157814,"ma120":15.2723333333,"ma250":13.0424,"ma42":16.159047619,"max10":16.13,"min10":15.37,"name":"北新建材","stat_date":"2017-06-30","mc":288.4979,"cmc":222.2159,"pe":20.6965,"pe_lyr":24.6354,"pb":2.6827,"ps":3.171,"pcf":447.9754,"iop":19.1396}