{"code":"000712","atr10":0.996,"close":21.14,"close_count":60,"l_pvalue":8.237720632e-19,"l_slop":38.3222311035,"l_stderror":1.0826804377,"ma120":18.50125,"ma250":20.4206,"ma42":19.304047619,"max10":21.14,"min10":19.8,"name":"锦龙股份","stat_date":"2017-06-30","mc":189.4144,"cmc":189.2578,"pe":63.6092,"pe_lyr":51.8143,"pb":5.3412,"ps":10.2815,"pcf":93.6283,"iop":-85.2999}