{"code":"000722","atr10":0.156,"close":11.95,"close_count":60,"l_pvalue":0.0000004356,"l_slop":-3.2504883099,"l_stderror":0.4337077423,"ma120":12.5325,"ma250":13.6174,"ma42":12.0419047619,"max10":12.07,"min10":11.91,"name":"湖南发展","stat_date":"2017-06-30","mc":55.4669,"cmc":55.4666,"pe":49.6435,"pe_lyr":39.4806,"pb":2.0075,"ps":20.8648,"pcf":18.7311,"iop":-36.9342}