{"code":"000753","atr10":0.084,"close":4.53,"close_count":60,"l_pvalue":0.0295384273,"l_slop":-2.3535615007,"l_stderror":1.0001717982,"ma120":4.7405833333,"ma250":4.98532,"ma42":4.7073809524,"max10":4.78,"min10":4.51,"name":"漳州发展","stat_date":"2017-06-30","mc":44.9141,"cmc":37.1168,"pe":21.3023,"pe_lyr":22.0199,"pb":2.1486,"ps":1.4923,"pcf":6.5636,"iop":387.2914}