{"code":"000700","atr10":0.129,"close":6.94,"close_count":60,"l_pvalue":2.654921306e-20,"l_slop":-39.3964117674,"l_stderror":0.9269231553,"ma120":7.6708333333,"ma250":8.26076,"ma42":7.4630952381,"max10":7.33,"min10":6.91,"name":"模塑科技","stat_date":"2017-06-30","mc":49.7742,"cmc":48.3984,"pe":31.9266,"pe_lyr":26.7355,"pb":1.6264,"ps":1.4399,"pcf":6.0109,"iop":-30.251}