{"code":"000752","atr10":0.551,"close":14.42,"close_count":60,"l_pvalue":0.0,"l_slop":31.6168327297,"l_stderror":1.5352623222,"ma120":13.4439166667,"ma250":15.40876,"ma42":13.7954761905,"max10":14.78,"min10":13.91,"name":"西藏发展","stat_date":"2017-06-30","mc":38.034,"cmc":38.0328,"pe":308.9651,"pe_lyr":476.9597,"pb":4.8376,"ps":10.3671,"pcf":-14.1542,"iop":227.7013}