{"code":"000755","atr10":0.222,"close":6.75,"close_count":60,"l_pvalue":1.0,"l_slop":0.0,"l_stderror":0.0,"ma120":8.8190833333,"ma250":8.37892,"ma42":8.2411904762,"max10":6.75,"min10":6.75,"name":"*ST三维","stat_date":"2017-06-30","mc":31.6754,"cmc":31.6749,"pe":-5.0676,"pe_lyr":-4.6933,"pb":10.5186,"ps":1.0441,"pcf":-23.7713,"iop":14.4054}