{"code":"000709","atr10":0.104,"close":4.46,"close_count":60,"l_pvalue":0.0000757685,"l_slop":-14.324705116,"l_stderror":2.8526532043,"ma120":4.62575,"ma250":3.99752,"ma42":4.8126190476,"max10":4.74,"min10":4.36,"name":"河钢股份","stat_date":"2017-06-30","mc":473.5899,"cmc":473.5136,"pe":19.7553,"pe_lyr":30.4466,"pb":1.0463,"ps":0.5199,"pcf":-21.1063,"iop":155.9531}