{"code":"000790","atr10":0.254,"close":9.66,"close_count":60,"l_pvalue":2.830712628e-16,"l_slop":37.0595868709,"l_stderror":1.4325353105,"ma120":9.2690833333,"ma250":11.35964,"ma42":9.5076190476,"max10":10.29,"min10":9.66,"name":"泰合健康","stat_date":"2017-06-30","mc":41.6367,"cmc":41.5905,"pe":54.1205,"pe_lyr":50.4703,"pb":6.1497,"ps":7.0004,"pcf":28.5426,"iop":26.9507}