{"code":"000711","atr10":0.47,"close":14.31,"close_count":60,"l_pvalue":0.0055938061,"l_slop":-4.2282492565,"l_stderror":1.3536802065,"ma120":15.20175,"ma250":13.3658,"ma42":14.5671428571,"max10":15.17,"min10":14.1,"name":"京蓝科技","stat_date":"2017-06-30","mc":93.1852,"cmc":46.0491,"pe":73.0624,"pe_lyr":777.2599,"pb":3.0672,"ps":10.2505,"pcf":19.015,"iop":1244.097}