{"code":"000701","atr10":0.202,"close":12.36,"close_count":60,"l_pvalue":0.0,"l_slop":-24.0586882272,"l_stderror":1.2453468163,"ma120":12.8508333333,"ma250":14.25388,"ma42":13.2483333333,"max10":12.94,"min10":12.26,"name":"厦门信达","stat_date":"2017-06-30","mc":50.2574,"cmc":46.7077,"pe":51.3136,"pe_lyr":35.9518,"pb":1.5888,"ps":0.11,"pcf":-81.4776,"iop":-45.607}