{"code":"000797","atr10":0.473,"close":12.57,"close_count":60,"l_pvalue":0.0000008028,"l_slop":22.7821955129,"l_stderror":3.1728239836,"ma120":9.966,"ma250":9.40748,"ma42":11.2214285714,"max10":12.57,"min10":11.23,"name":"中国武夷","stat_date":"2017-06-30","mc":125.6492,"cmc":107.6443,"pe":53.744,"pe_lyr":57.2006,"pb":5.6177,"ps":4.7127,"pcf":17.5098,"iop":-61.5877}