{"code":"000757","atr10":0.202,"close":7.49,"close_count":60,"l_pvalue":0.0000000423,"l_slop":13.6560425187,"l_stderror":1.5585734981,"ma120":7.2908333333,"ma250":9.0912,"ma42":7.0485714286,"max10":7.54,"min10":7.08,"name":"浩物股份","stat_date":"2017-06-30","mc":33.8264,"cmc":33.8263,"pe":107.9365,"pe_lyr":128.5207,"pb":5.6897,"ps":6.0169,"pcf":-400.3886,"iop":15.4546}