{"code":"000768","atr10":0.299,"close":18.79,"close_count":60,"l_pvalue":0.0,"l_slop":-7.40976667,"l_stderror":0.47451385,"ma120":19.2860833333,"ma250":20.9744,"ma42":18.8314285714,"max10":18.96,"min10":18.49,"name":"中航飞机","stat_date":"2017-06-30","mc":520.2284,"cmc":520.2247,"pe":122.5736,"pe_lyr":125.9226,"pb":3.3909,"ps":1.8958,"pcf":189.33,"iop":86.1966}