{"code":"000727","atr10":0.039,"close":2.8,"close_count":60,"l_pvalue":0.7877825545,"l_slop":-0.129712794,"l_stderror":0.4751019819,"ma120":2.8385,"ma250":3.12028,"ma42":2.8285714286,"max10":2.88,"min10":2.78,"name":"华东科技","stat_date":"2017-06-30","mc":126.8279,"cmc":68.3887,"pe":-73.626,"pe_lyr":537.4751,"pb":1.2025,"ps":3.085,"pcf":-12.7878,"iop":981.7602}