{"code":"000737","atr10":0.399,"close":7.01,"close_count":60,"l_pvalue":0.0,"l_slop":60.1800595428,"l_stderror":3.1719198591,"ma120":6.0306666667,"ma250":6.58244,"ma42":6.2811904762,"max10":7.38,"min10":6.67,"name":"南风化工","stat_date":"2017-06-30","mc":38.4681,"cmc":38.4681,"pe":-58.8122,"pe_lyr":183.6864,"pb":389.0806,"ps":1.93,"pcf":-182.9717,"iop":-211.8116}