{"code":"000733","atr10":0.45,"close":16.6,"close_count":60,"l_pvalue":0.0,"l_slop":24.8497484626,"l_stderror":1.3986166821,"ma120":16.0945833333,"ma250":17.50616,"ma42":16.3664285714,"max10":17.31,"min10":16.36,"name":"振华科技","stat_date":"2017-06-30","mc":77.9108,"cmc":77.9108,"pe":37.4673,"pe_lyr":42.9254,"pb":1.8898,"ps":0.9534,"pcf":-77.8623,"iop":4.1533}