{"code":"000728","atr10":0.309,"close":14.03,"close_count":60,"l_pvalue":0.0000001462,"l_slop":18.1742725119,"l_stderror":2.2510229375,"ma120":13.16225,"ma250":13.42692,"ma42":14.0295238095,"max10":14.79,"min10":13.79,"name":"国元证券","stat_date":"2017-06-30","mc":413.3448,"cmc":413.3448,"pe":29.3452,"pe_lyr":29.4111,"pb":2.0076,"ps":11.6622,"pcf":-14.8938,"iop":-5.8477}