{"code":"000713","atr10":0.182,"close":8.27,"close_count":60,"l_pvalue":0.0,"l_slop":20.2098880582,"l_stderror":1.3672046484,"ma120":8.3823333333,"ma250":9.86776,"ma42":8.2290476191,"max10":8.77,"min10":8.23,"name":"丰乐种业","stat_date":"2017-06-30","mc":24.717,"cmc":24.717,"pe":1340.3586,"pe_lyr":115.5878,"pb":1.8296,"ps":1.8202,"pcf":-55.1127,"iop":11.4539}