{"code":"000783","atr10":0.151,"close":9.83,"close_count":60,"l_pvalue":0.0000000044,"l_slop":9.8712449643,"l_stderror":0.9767951051,"ma120":9.4785,"ma250":9.98364,"ma42":9.8076190476,"max10":10.07,"min10":9.75,"name":"长江证券","stat_date":"2017-06-30","mc":543.5467,"cmc":543.5393,"pe":26.0481,"pe_lyr":24.633,"pb":2.0953,"ps":8.9913,"pcf":-6.4476,"iop":0.2298}