{"code":"000750","atr10":0.076,"close":5.86,"close_count":60,"l_pvalue":0.4993633385,"l_slop":-1.3468957047,"l_stderror":1.9558334305,"ma120":5.75025,"ma250":6.3628,"ma42":6.0640476191,"max10":6.1,"min10":5.82,"name":"国海证券","stat_date":"2017-06-30","mc":247.0308,"cmc":247.0306,"pe":29.761,"pe_lyr":24.3257,"pb":1.8021,"ps":6.8967,"pcf":-135.6832,"iop":-35.1517}