{"code":"000718","atr10":0.169,"close":5.5,"close_count":60,"l_pvalue":0.0001060186,"l_slop":7.1590261089,"l_stderror":1.4696025771,"ma120":5.88575,"ma250":7.03392,"ma42":5.5916666667,"max10":5.9,"min10":5.5,"name":"苏宁环球","stat_date":"2017-06-30","mc":166.905,"cmc":125.9011,"pe":15.5151,"pe_lyr":15.5812,"pb":2.3465,"ps":2.0628,"pcf":-27.5117,"iop":15.8787}