{"code":"000703","atr10":0.452,"close":16.43,"close_count":60,"l_pvalue":0.0000004852,"l_slop":11.9352321004,"l_stderror":1.6044609922,"ma120":14.8136666667,"ma250":14.29196,"ma42":16.1897619048,"max10":17.01,"min10":16.1,"name":"恒逸石化","stat_date":"2017-06-30","mc":270.8361,"cmc":190.015,"pe":20.3577,"pe_lyr":32.6176,"pb":2.2448,"ps":0.5739,"pcf":21.2382,"iop":109.6168}