{"code":"000795","atr10":0.367,"close":7.77,"close_count":60,"l_pvalue":0.0,"l_slop":53.6284144777,"l_stderror":3.7676463414,"ma120":6.80425,"ma250":6.96976,"ma42":7.7454761905,"max10":8.46,"min10":7.59,"name":"英洛华","stat_date":"2017-06-30","mc":88.0873,"cmc":53.2906,"pe":137.1503,"pe_lyr":254.7287,"pb":4.3564,"ps":5.1967,"pcf":-36.2377,"iop":468.6805}