{"code":"000799","atr10":1.212,"close":27.7,"close_count":60,"l_pvalue":0.0000000001,"l_slop":42.7030224712,"l_stderror":3.3283133763,"ma120":22.17625,"ma250":21.4942,"ma42":26.8754761905,"max10":29.52,"min10":27.65,"name":"酒鬼酒","stat_date":"2017-06-30","mc":90.0053,"cmc":62.1039,"pe":58.9781,"pe_lyr":82.8898,"pb":4.7065,"ps":12.2556,"pcf":-86.3365,"iop":1646.5267}