{"code":"000736","atr10":1.377,"close":16.63,"close_count":60,"l_pvalue":0.0000000015,"l_slop":89.1559181273,"l_stderror":8.2390102036,"ma120":15.75125,"ma250":17.45128,"ma42":14.7426190476,"max10":19.67,"min10":15.43,"name":"中房地产","stat_date":"2017-06-30","mc":49.4233,"cmc":49.4233,"pe":-83.9904,"pe_lyr":416.4669,"pb":3.5929,"ps":2.3803,"pcf":2.3204,"iop":-2206.0139}