{"code":"000776","atr10":0.353,"close":18.81,"close_count":60,"l_pvalue":0.0,"l_slop":29.1124621329,"l_stderror":2.0424638327,"ma120":17.1291666667,"ma250":17.142,"ma42":18.2835714286,"max10":19.29,"min10":18.81,"name":"广发证券","stat_date":"2017-06-30","mc":1361.7106,"cmc":1113.4187,"pe":17.2692,"pe_lyr":17.8519,"pb":1.8353,"ps":6.9479,"pcf":-6.9022,"iop":-7.7091}