{"code":"000758","atr10":0.227,"close":7.56,"close_count":60,"l_pvalue":0.6213514364,"l_slop":-1.4250762341,"l_stderror":2.8381105449,"ma120":7.6248333333,"ma250":8.08536,"ma42":8.0578571429,"max10":8.12,"min10":7.48,"name":"中色股份","stat_date":"2017-06-30","mc":148.885,"cmc":148.8711,"pe":42.9528,"pe_lyr":50.2967,"pb":2.8551,"ps":0.6994,"pcf":-80.4757,"iop":18.8068}