{"code":"000751","atr10":0.238,"close":6.21,"close_count":60,"l_pvalue":0.0000079551,"l_slop":26.5341730229,"l_stderror":4.3806373434,"ma120":5.4471666667,"ma250":5.68548,"ma42":6.2242857143,"max10":6.53,"min10":5.99,"name":"锌业股份","stat_date":"2017-06-30","mc":87.5529,"cmc":87.5526,"pe":55.2547,"pe_lyr":65.1453,"pb":3.9083,"ps":1.4888,"pcf":-41.3555,"iop":6.1863}