{"code":"000777","atr10":0.294,"close":17.38,"close_count":60,"l_pvalue":0.1668998353,"l_slop":1.2317563451,"l_stderror":0.8569969407,"ma120":19.4251666667,"ma250":21.19772,"ma42":17.6473809524,"max10":17.97,"min10":17.32,"name":"中核科技","stat_date":"2017-06-30","mc":66.638,"cmc":66.636,"pe":85.9826,"pe_lyr":63.2103,"pb":5.3528,"ps":7.7554,"pcf":394.376,"iop":3.9898}