{"code":"000710","atr10":4.681,"close":65.89,"close_count":60,"l_pvalue":0.0000000001,"l_slop":64.2777286069,"l_stderror":5.1299299775,"ma120":63.1344166667,"ma250":48.46576,"ma42":61.2397619048,"max10":79.53,"min10":63.4,"name":"贝瑞基因","stat_date":"2017-06-30","mc":233.6498,"cmc":99.6257,"pe":-2358.9448,"pe_lyr":-5581.7925,"pb":5.3021,"ps":95.1224,"pcf":-13156.9551,"iop":-378.933}