{"code":"000731","atr10":0.244,"close":8.36,"close_count":60,"l_pvalue":0.7669560934,"l_slop":0.4738804722,"l_stderror":1.57625357,"ma120":8.2103333333,"ma250":8.99744,"ma42":8.7733333333,"max10":9.15,"min10":8.3,"name":"四川美丰","stat_date":"2017-06-30","mc":49.4481,"cmc":49.4481,"pe":-41.1967,"pe_lyr":-19.7497,"pb":1.9389,"ps":2.0725,"pcf":-26.8961,"iop":221.1602}