{"code":"000735","atr10":0.197,"close":7.18,"close_count":60,"l_pvalue":0.0000000001,"l_slop":23.3696870373,"l_stderror":1.806368247,"ma120":6.5050833333,"ma250":6.72748,"ma42":6.9373809524,"max10":7.48,"min10":7.06,"name":"罗 牛 山","stat_date":"2017-06-30","mc":82.6787,"cmc":76.0796,"pe":43.5169,"pe_lyr":103.5018,"pb":2.3207,"ps":5.7191,"pcf":-19.2662,"iop":19486.4746}