{"code":"000716","atr10":0.117,"close":6.41,"close_count":60,"l_pvalue":2.982425362e-17,"l_slop":-34.0042964755,"l_stderror":1.1643052995,"ma120":7.2736666667,"ma250":7.20364,"ma42":7.0604761905,"max10":6.81,"min10":6.38,"name":"黑芝麻","stat_date":"2017-06-30","mc":40.5643,"cmc":34.6731,"pe":179.6903,"pe_lyr":248.615,"pb":2.2967,"ps":1.6128,"pcf":110.3131,"iop":58285.1562}