{"code":"000798","atr10":0.212,"close":9.45,"close_count":60,"l_pvalue":0.0000000009,"l_slop":15.2763787967,"l_stderror":1.3696308039,"ma120":9.4626666667,"ma250":10.64884,"ma42":9.4611904762,"max10":9.9,"min10":9.4,"name":"中水渔业","stat_date":"2017-06-30","mc":30.1885,"cmc":30.1808,"pe":65.4405,"pe_lyr":84.664,"pb":4.2694,"ps":4.3638,"pcf":35.1528,"iop":528.0213}