{"code":"000702","atr10":0.197,"close":8.7,"close_count":60,"l_pvalue":0.2428114689,"l_slop":-6.6339737016,"l_stderror":5.503111116,"ma120":10.6618333333,"ma250":12.34152,"ma42":9.0935714286,"max10":9.27,"min10":8.62,"name":"正虹科技","stat_date":"2017-06-30","mc":23.1972,"cmc":23.1972,"pe":638.2943,"pe_lyr":1145.83,"pb":5.0681,"ps":1.8631,"pcf":-44.2222,"iop":-40.1857}