{"code":"000705","atr10":0.321,"close":10.38,"close_count":60,"l_pvalue":0.0,"l_slop":14.3319621844,"l_stderror":0.6076516728,"ma120":10.3001666667,"ma250":11.91592,"ma42":10.285952381,"max10":10.85,"min10":10.13,"name":"浙江震元","stat_date":"2017-06-30","mc":34.682,"cmc":29.2656,"pe":55.832,"pe_lyr":76.602,"pb":2.5774,"ps":1.3814,"pcf":47.7296,"iop":90.915}