{"code":"000759","atr10":0.233,"close":9.33,"close_count":60,"l_pvalue":0.0000038155,"l_slop":-16.4183979601,"l_stderror":2.5620954017,"ma120":8.8831666667,"ma250":8.802,"ma42":9.5309523809,"max10":9.64,"min10":9.12,"name":"中百集团","stat_date":"2017-06-30","mc":63.5393,"cmc":63.498,"pe":30.9747,"pe_lyr":982.6668,"pb":2.0791,"ps":0.4223,"pcf":-13.4012,"iop":143.7782}