{"code":"000726","atr10":0.18,"close":11.96,"close_count":60,"l_pvalue":0.0,"l_slop":18.4843768434,"l_stderror":0.8246087481,"ma120":11.7593333333,"ma250":11.7966,"ma42":11.83,"max10":12.29,"min10":11.92,"name":"鲁  泰Ａ","stat_date":"2017-06-30","mc":93.9787,"cmc":67.0613,"pe":12.9226,"pe_lyr":13.6996,"pb":1.6097,"ps":1.7969,"pcf":483.257,"iop":24.1283}