{"code":"000782","atr10":0.302,"close":10.03,"close_count":60,"l_pvalue":0.0000000008,"l_slop":16.6007802909,"l_stderror":1.4837512627,"ma120":9.3115833333,"ma250":9.69284,"ma42":9.4242857143,"max10":10.14,"min10":9.47,"name":"美达股份","stat_date":"2017-06-30","mc":52.9724,"cmc":32.1899,"pe":-106.9717,"pe_lyr":-64.9867,"pb":4.5631,"ps":1.7779,"pcf":-693.7663,"iop":23.4124}