{"code":"000729","atr10":0.069,"close":6.39,"close_count":60,"l_pvalue":0.4967410745,"l_slop":0.4105530173,"l_stderror":0.5924943026,"ma120":6.6115,"ma250":7.01944,"ma42":6.4645238095,"max10":6.54,"min10":6.37,"name":"燕京啤酒","stat_date":"2017-06-30","mc":180.1047,"cmc":160.3444,"pe":51.1989,"pe_lyr":57.7102,"pb":1.3665,"ps":1.5502,"pcf":-52.4445,"iop":-11.1342}