{"code":"000789","atr10":0.387,"close":8.89,"close_count":60,"l_pvalue":0.0000000001,"l_slop":26.7156889342,"l_stderror":2.1491037574,"ma120":7.7819166667,"ma250":7.87444,"ma42":8.1554761905,"max10":8.95,"min10":8.33,"name":"万年青","stat_date":"2017-06-30","mc":54.5281,"cmc":54.5268,"pe":21.849,"pe_lyr":23.7854,"pb":1.9692,"ps":0.8911,"pcf":-10.5476,"iop":93.4929}