{"code":"000779","atr10":0.377,"close":14.9,"close_count":60,"l_pvalue":0.0000000008,"l_slop":32.0173202169,"l_stderror":2.853333668,"ma120":14.1603333333,"ma250":16.71136,"ma42":14.2914285714,"max10":15.49,"min10":14.38,"name":"三毛派神","stat_date":"2017-06-30","mc":27.7797,"cmc":27.7797,"pe":34.0843,"pe_lyr":211.3928,"pb":10.9469,"ps":10.3089,"pcf":20.5033,"iop":62.0324}