{"code":"000721","atr10":0.184,"close":7.47,"close_count":60,"l_pvalue":0.0000000153,"l_slop":12.153676052,"l_stderror":1.2996577773,"ma120":7.67675,"ma250":8.5826,"ma42":7.480952381,"max10":7.91,"min10":7.39,"name":"西安饮食","stat_date":"2017-06-30","mc":37.2795,"cmc":32.5558,"pe":-387.6313,"pe_lyr":301.8279,"pb":5.546,"ps":7.4339,"pcf":1027.7345,"iop":791.1543}