{"code":"000766","atr10":0.741,"close":13.98,"close_count":60,"l_pvalue":0.0,"l_slop":-1.2141683341,"l_stderror":0.0674962925,"ma120":17.1553333333,"ma250":18.55276,"ma42":15.9261904762,"max10":13.98,"min10":13.98,"name":"通化金马","stat_date":"2017-06-30","mc":135.116,"cmc":62.7725,"pe":54.8649,"pe_lyr":63.2976,"pb":3.181,"ps":12.4241,"pcf":-56.0257,"iop":79.0911}