{"code":"000720","atr10":0.131,"close":5.65,"close_count":60,"l_pvalue":0.0,"l_slop":19.7307136913,"l_stderror":1.0968413407,"ma120":5.46825,"ma250":6.08068,"ma42":5.0519047619,"max10":5.65,"min10":5.65,"name":"新能泰山","stat_date":"2017-06-30","mc":48.7855,"cmc":48.7855,"pe":-31.7772,"pe_lyr":-73.1354,"pb":6.3127,"ps":1.9134,"pcf":-52.0996,"iop":-43.9665}