{"code":"000762","atr10":1.413,"close":21.01,"close_count":60,"l_pvalue":0.0,"l_slop":148.288606712,"l_stderror":7.5748008113,"ma120":15.89975,"ma250":17.13036,"ma42":18.2585714286,"max10":24.15,"min10":20.57,"name":"西藏矿业","stat_date":"2017-06-30","mc":109.4241,"cmc":99.9971,"pe":-499.5831,"pe_lyr":514.4423,"pb":5.2369,"ps":18.715,"pcf":130.1438,"iop":-275.9675}