{"code":"000707","atr10":0.168,"close":7.01,"close_count":60,"l_pvalue":0.0000000001,"l_slop":-12.1986221104,"l_stderror":0.9805151856,"ma120":7.2719166667,"ma250":7.95196,"ma42":7.515952381,"max10":7.35,"min10":6.94,"name":"双环科技","stat_date":"2017-06-30","mc":32.5366,"cmc":32.5365,"pe":-5.436,"pe_lyr":-5.1804,"pb":3.6252,"ps":0.9115,"pcf":5.8637,"iop":-202.1704}