{"code":"000760","atr10":0.292,"close":9.7,"close_count":60,"l_pvalue":0.0,"l_slop":25.087957712,"l_stderror":1.7145185276,"ma120":9.2939166667,"ma250":10.79184,"ma42":9.5869047619,"max10":10.2,"min10":9.7,"name":"斯太尔","stat_date":"2017-06-30","mc":76.484,"cmc":63.4811,"pe":31.3146,"pe_lyr":166.0777,"pb":3.6006,"ps":22.6018,"pcf":14.8439,"iop":623.1233}