{"code":"000851","atr10":0.379,"close":11.7,"close_count":60,"l_pvalue":0.0,"l_slop":37.65145338,"l_stderror":2.0983838622,"ma120":10.16575,"ma250":11.3842,"ma42":10.9157142857,"max10":11.91,"min10":11.3,"name":"高鸿股份","stat_date":"2017-06-30","mc":76.1465,"cmc":60.7768,"pe":80.5433,"pe_lyr":95.068,"pb":2.3866,"ps":0.8431,"pcf":28.6635,"iop":10.168}