{"code":"000880","atr10":0.271,"close":11.24,"close_count":60,"l_pvalue":0.0001125808,"l_slop":7.6450149386,"l_stderror":1.5780321174,"ma120":12.1179166667,"ma250":13.77324,"ma42":11.2002380952,"max10":11.76,"min10":10.99,"name":"潍柴重机","stat_date":"2017-06-30","mc":31.0337,"cmc":15.1892,"pe":118.0932,"pe_lyr":157.6949,"pb":2.3384,"ps":1.721,"pcf":31.1403,"iop":277.615}