{"code":"000852","atr10":0.578,"close":13.83,"close_count":60,"l_pvalue":0.0000108363,"l_slop":15.8695352883,"l_stderror":2.6844416882,"ma120":14.04725,"ma250":12.8806,"ma42":13.9514285714,"max10":14.82,"min10":13.75,"name":"石化机械","stat_date":"2017-06-30","mc":82.7252,"cmc":82.7252,"pe":-10.1922,"pe_lyr":-9.9823,"pb":5.1794,"ps":2.4935,"pcf":140.3323,"iop":69.5831}