{"code":"000869","atr10":0.907,"close":37.05,"close_count":60,"l_pvalue":0.0002806299,"l_slop":6.8144504511,"l_stderror":1.5346004315,"ma120":34.9749166667,"ma250":35.76652,"ma42":35.8011904762,"max10":37.67,"min10":35.13,"name":"张  裕Ａ","stat_date":"2017-06-30","mc":206.4562,"cmc":168.0072,"pe":26.5235,"pe_lyr":25.8498,"pb":2.9746,"ps":5.3673,"pcf":-61.2779,"iop":-3.7011}