{"code":"000883","atr10":0.052,"close":5.02,"close_count":60,"l_pvalue":0.0000000023,"l_slop":9.9883481233,"l_stderror":0.9488442357,"ma120":4.8904166667,"ma250":4.775,"ma42":5.0226190476,"max10":5.14,"min10":5.02,"name":"湖北能源","stat_date":"2017-06-30","mc":326.674,"cmc":268.3586,"pe":16.6612,"pe_lyr":17.1126,"pb":1.3587,"ps":3.0658,"pcf":492.6865,"iop":4.8897}