{"code":"000801","atr10":0.22,"close":8.35,"close_count":60,"l_pvalue":8.31094704e-16,"l_slop":-28.8811139294,"l_stderror":1.1834296157,"ma120":8.8618333333,"ma250":10.20996,"ma42":8.5545238095,"max10":8.37,"min10":8.09,"name":"四川九洲","stat_date":"2017-06-30","mc":85.4044,"cmc":85.4044,"pe":76.9888,"pe_lyr":44.8166,"pb":3.6999,"ps":2.3495,"pcf":123.2758,"iop":-160.7488}