{"code":"000889","atr10":0.77,"close":16.71,"close_count":60,"l_pvalue":1.0,"l_slop":0.0,"l_stderror":0.0,"ma120":16.2293333333,"ma250":13.83332,"ma42":17.2430952381,"max10":16.71,"min10":16.71,"name":"茂业通信","stat_date":"2017-06-30","mc":103.6585,"cmc":74.2379,"pe":51.8577,"pe_lyr":47.1273,"pb":4.0806,"ps":5.7828,"pcf":100.6908,"iop":-25.4396}