{"code":"000837","atr10":0.13,"close":7.43,"close_count":60,"l_pvalue":0.0,"l_slop":-13.1712330783,"l_stderror":0.7719544199,"ma120":7.8375833333,"ma250":8.50264,"ma42":7.7966666667,"max10":7.75,"min10":7.38,"name":"秦川机床","stat_date":"2017-06-30","mc":51.5175,"cmc":43.2884,"pe":69.8012,"pe_lyr":344.1767,"pb":1.8315,"ps":1.7664,"pcf":43.7321,"iop":82.7163}