{"code":"000890","atr10":0.163,"close":7.74,"close_count":60,"l_pvalue":0.0029735584,"l_slop":-2.7756104006,"l_stderror":0.8152598501,"ma120":8.2066666667,"ma250":10.00976,"ma42":8.0357142857,"max10":8.18,"min10":7.68,"name":"法 尔 胜","stat_date":"2017-06-30","mc":29.3843,"cmc":29.3829,"pe":22.3675,"pe_lyr":20.7887,"pb":3.4113,"ps":1.3605,"pcf":23.3498,"iop":2.0487}