{"code":"000822","atr10":0.557,"close":11.8,"close_count":60,"l_pvalue":0.0000000007,"l_slop":76.0134923169,"l_stderror":6.7075430248,"ma120":8.8503333333,"ma250":7.70808,"ma42":11.0583333333,"max10":12.7,"min10":11.1,"name":"山东海化","stat_date":"2017-06-30","mc":105.6208,"cmc":105.6208,"pe":56.2713,"pe_lyr":-85.8101,"pb":4.2503,"ps":2.4841,"pcf":129.1251,"iop":205.8634}