{"code":"000838","atr10":0.283,"close":6.59,"close_count":60,"l_pvalue":1.0,"l_slop":0.0,"l_stderror":0.0,"ma120":8.69725,"ma250":9.9768,"ma42":7.7630952381,"max10":6.59,"min10":6.59,"name":"财信发展","stat_date":"2017-06-30","mc":72.5205,"cmc":41.6602,"pe":268.8379,"pe_lyr":65.153,"pb":4.4054,"ps":6.2918,"pcf":437.0011,"iop":-83.9286}