{"code":"000895","atr10":0.591,"close":24.36,"close_count":60,"l_pvalue":2.204624997e-18,"l_slop":24.7566759291,"l_stderror":0.7372007231,"ma120":21.99975,"ma250":21.36848,"ma42":22.4664285714,"max10":24.36,"min10":23.0,"name":"双汇发展","stat_date":"2017-06-30","mc":803.7724,"cmc":803.6421,"pe":19.3324,"pe_lyr":18.2466,"pb":6.5976,"ps":1.596,"pcf":78.2937,"iop":-2.335}