{"code":"000892","atr10":0.183,"close":8.22,"close_count":60,"l_pvalue":0.0,"l_slop":-11.1935755308,"l_stderror":0.7322874253,"ma120":9.8821666667,"ma250":12.1288,"ma42":8.3211904762,"max10":8.37,"min10":8.03,"name":"欢瑞世纪","stat_date":"2017-06-30","mc":80.6366,"cmc":29.2332,"pe":45.281,"pe_lyr":30.4205,"pb":3.033,"ps":10.9045,"pcf":95.7292,"iop":-107.816}