{"code":"000816","atr10":0.215,"close":7.03,"close_count":60,"l_pvalue":0.000173715,"l_slop":-6.430162921,"l_stderror":1.3821906401,"ma120":7.0465,"ma250":6.6432,"ma42":7.0866666667,"max10":7.31,"min10":6.8,"name":"智慧农业","stat_date":"2017-06-30","mc":99.7419,"cmc":93.9403,"pe":-48.5678,"pe_lyr":-72.2345,"pb":3.039,"ps":5.7791,"pcf":-71.5918,"iop":-3282.9717}