{"code":"000803","atr10":0.404,"close":24.1,"close_count":60,"l_pvalue":0.0,"l_slop":1.7315080478,"l_stderror":0.0962554948,"ma120":22.5035,"ma250":22.33924,"ma42":23.0466666667,"max10":24.1,"min10":24.1,"name":"*ST金宇","stat_date":"2017-06-30","mc":30.7831,"cmc":30.7831,"pe":-47.7698,"pe_lyr":-49.9409,"pb":85.1205,"ps":73.4511,"pcf":-683.6899,"iop":19.2283}