{"code":"000897","atr10":0.084,"close":4.29,"close_count":60,"l_pvalue":0.0001448611,"l_slop":-3.6045945975,"l_stderror":0.7616487315,"ma120":4.8385833333,"ma250":4.75164,"ma42":4.4064285714,"max10":4.51,"min10":4.25,"name":"津滨发展","stat_date":"2017-06-30","mc":69.381,"cmc":69.3786,"pe":-431.875,"pe_lyr":147.4427,"pb":5.5045,"ps":12.5781,"pcf":157.8452,"iop":-180.5473}