{"code":"000860","atr10":0.345,"close":19.3,"close_count":60,"l_pvalue":0.0000693515,"l_slop":-5.0942927038,"l_stderror":1.0065312807,"ma120":19.84125,"ma250":20.47724,"ma42":20.165952381,"max10":20.44,"min10":19.29,"name":"顺鑫农业","stat_date":"2017-06-30","mc":110.1239,"cmc":110.1239,"pe":25.82,"pe_lyr":26.6922,"pb":1.8622,"ps":0.9595,"pcf":26.7717,"iop":1.757}