{"code":"000815","atr10":0.633,"close":16.0,"close_count":60,"l_pvalue":2.1108946e-16,"l_slop":104.147967818,"l_stderror":3.9625110248,"ma120":13.447,"ma250":17.21924,"ma42":13.3478571429,"max10":16.02,"min10":14.86,"name":"美利云","stat_date":"2017-06-30","mc":111.2421,"cmc":50.688,"pe":231.6214,"pe_lyr":3150.9309,"pb":5.6694,"ps":16.0488,"pcf":-11.0833,"iop":126.7694}