{"code":"000802","atr10":0.427,"close":16.0,"close_count":60,"l_pvalue":0.000000003,"l_slop":-15.9933867484,"l_stderror":1.5446971851,"ma120":15.8326666667,"ma250":17.7892,"ma42":17.684047619,"max10":17.24,"min10":15.94,"name":"北京文化","stat_date":"2017-06-30","mc":116.088,"cmc":60.8093,"pe":21.0736,"pe_lyr":22.2435,"pb":2.6406,"ps":12.387,"pcf":29.8881,"iop":214.1339}