{"code":"000836","atr10":0.218,"close":6.05,"close_count":60,"l_pvalue":1.0,"l_slop":0.0,"l_stderror":0.0,"ma120":7.3461666667,"ma250":7.19308,"ma42":7.1592857143,"max10":6.05,"min10":6.05,"name":"鑫茂科技","stat_date":"2017-06-30","mc":73.1115,"cmc":71.5502,"pe":102.2912,"pe_lyr":154.0907,"pb":4.2335,"ps":3.6813,"pcf":-67.1288,"iop":176.9228}