{"code":"000839","atr10":0.503,"close":11.02,"close_count":60,"l_pvalue":0.0,"l_slop":61.0081644483,"l_stderror":2.9019462989,"ma120":9.6805,"ma250":10.0048,"ma42":10.5169047619,"max10":11.98,"min10":10.84,"name":"中信国安","stat_date":"2017-06-30","mc":431.9649,"cmc":431.8746,"pe":143.3666,"pe_lyr":187.6462,"pb":6.3453,"ps":9.4871,"pcf":71.995,"iop":200.9836}