{"code":"000833","atr10":0.22,"close":8.26,"close_count":60,"l_pvalue":0.0000002148,"l_slop":15.7512815376,"l_stderror":2.0021871252,"ma120":7.932,"ma250":9.18568,"ma42":8.3395238095,"max10":8.78,"min10":8.15,"name":"贵糖股份","stat_date":"2017-06-30","mc":55.21,"cmc":31.2299,"pe":72.7971,"pe_lyr":142.521,"pb":2.0693,"ps":3.0815,"pcf":27.9518,"iop":2302.158}