{"code":"000826","atr10":0.799,"close":35.06,"close_count":60,"l_pvalue":0.0,"l_slop":12.851648226,"l_stderror":0.5510406717,"ma120":34.2996666667,"ma250":33.98188,"ma42":34.2071428571,"max10":35.72,"min10":34.58,"name":"启迪桑德","stat_date":"2017-06-30","mc":358.2578,"cmc":296.8447,"pe":31.5548,"pe_lyr":33.1303,"pb":2.9646,"ps":4.8311,"pcf":21.7549,"iop":13.5341}