{"code":"000858","atr10":1.196,"close":56.7,"close_count":60,"l_pvalue":0.6846652743,"l_slop":1.0367134621,"l_stderror":2.5138796208,"ma120":51.4325833333,"ma250":43.47908,"ma42":55.4135714286,"max10":57.42,"min10":54.8,"name":"五 粮 液","stat_date":"2017-06-30","mc":2152.313,"cmc":2152.1909,"pe":27.351,"pe_lyr":31.7238,"pb":4.4257,"ps":7.9984,"pcf":55.3653,"iop":52.1386}