{"code":"000898","atr10":0.251,"close":6.63,"close_count":60,"l_pvalue":0.6923447795,"l_slop":2.4009700195,"l_stderror":5.9761479349,"ma120":5.9910833333,"ma250":5.61928,"ma42":7.0078571429,"max10":7.12,"min10":6.43,"name":"鞍钢股份","stat_date":"2017-06-30","mc":472.4448,"cmc":407.6783,"pe":15.2809,"pe_lyr":29.6824,"pb":1.0375,"ps":0.6708,"pcf":-155.2323,"iop":-25.492}