{"code":"000848","atr10":0.157,"close":9.67,"close_count":60,"l_pvalue":0.0012384178,"l_slop":3.0508771624,"l_stderror":0.8050346772,"ma120":9.7380833333,"ma250":10.37976,"ma42":9.4021428571,"max10":9.67,"min10":9.31,"name":"承德露露","stat_date":"2017-06-30","mc":94.627,"cmc":94.5969,"pe":23.3615,"pe_lyr":21.0111,"pb":5.221,"ps":4.5128,"pcf":119.1373,"iop":0.6719}