{"code":"000819","atr10":0.524,"close":17.42,"close_count":60,"l_pvalue":0.0000009023,"l_slop":18.9189380668,"l_stderror":2.6567554085,"ma120":17.2251666667,"ma250":21.93352,"ma42":17.5078571429,"max10":18.82,"min10":17.29,"name":"岳阳兴长","stat_date":"2017-06-30","mc":47.2671,"cmc":47.264,"pe":523.4783,"pe_lyr":155.8037,"pb":6.893,"ps":3.6802,"pcf":-333.6697,"iop":-140.941}