{"code":"000818","atr10":0.314,"close":11.18,"close_count":60,"l_pvalue":0.0558258745,"l_slop":-3.5318418043,"l_stderror":1.7338415769,"ma120":11.1765833333,"ma250":12.27224,"ma42":11.530952381,"max10":11.56,"min10":11.09,"name":"方大化工","stat_date":"2017-06-30","mc":77.348,"cmc":76.9771,"pe":47.5641,"pe_lyr":68.9937,"pb":3.3618,"ps":2.58,"pcf":130.937,"iop":4748.1929}