{"code":"000830","atr10":0.484,"close":11.49,"close_count":60,"l_pvalue":0.0,"l_slop":50.6521825774,"l_stderror":2.7215239079,"ma120":7.6003333333,"ma250":6.54064,"ma42":9.4319047619,"max10":11.49,"min10":9.67,"name":"鲁西化工","stat_date":"2017-06-30","mc":168.3125,"cmc":168.2112,"pe":24.9083,"pe_lyr":66.6326,"pb":2.5899,"ps":1.2827,"pcf":-514.248,"iop":212.7184}