{"code":"000820","atr10":1.778,"close":28.96,"close_count":60,"l_pvalue":0.0,"l_slop":-3.3593300589,"l_stderror":0.1867470251,"ma120":36.63425,"ma250":30.39388,"ma42":37.0021428571,"max10":28.96,"min10":28.96,"name":"神雾节能","stat_date":"2017-06-30","mc":184.5462,"cmc":83.3054,"pe":41.9207,"pe_lyr":55.369,"pb":19.6375,"ps":17.9727,"pcf":29.5284,"iop":139.5411}