{"code":"000877","atr10":0.474,"close":12.06,"close_count":60,"l_pvalue":0.000000001,"l_slop":-15.635902056,"l_stderror":1.4101432095,"ma120":13.25975,"ma250":11.1328,"ma42":12.8702380952,"max10":13.22,"min10":11.79,"name":"天山股份","stat_date":"2017-06-30","mc":106.1402,"cmc":106.1394,"pe":46.3149,"pe_lyr":106.3685,"pb":1.7619,"ps":1.8936,"pcf":-79.7351,"iop":177.52}