{"code":"000811","atr10":0.146,"close":9.64,"close_count":60,"l_pvalue":0.0000012238,"l_slop":-7.4715366925,"l_stderror":1.0723322857,"ma120":10.78225,"ma250":10.44392,"ma42":10.0302380952,"max10":10.07,"min10":9.6,"name":"烟台冰轮","stat_date":"2017-06-30","mc":62.9544,"cmc":58.3085,"pe":22.8612,"pe_lyr":20.923,"pb":2.5064,"ps":1.9873,"pcf":27.296,"iop":-24.5026}