{"code":"000810","atr10":0.291,"close":10.95,"close_count":60,"l_pvalue":0.0000023124,"l_slop":11.0030396996,"l_stderror":1.6540959346,"ma120":11.456,"ma250":13.32336,"ma42":11.11,"max10":11.63,"min10":10.9,"name":"创维数字","stat_date":"2017-06-30","mc":113.2841,"cmc":45.385,"pe":41.748,"pe_lyr":23.2902,"pb":4.3322,"ps":1.8014,"pcf":-184.1932,"iop":-64.4857}