{"code":"000812","atr10":0.189,"close":8.68,"close_count":60,"l_pvalue":0.0002173011,"l_slop":-5.663784084,"l_stderror":1.2439027983,"ma120":9.4791666667,"ma250":10.2562,"ma42":8.9442857143,"max10":9.17,"min10":8.54,"name":"陕西金叶","stat_date":"2017-06-30","mc":38.8322,"cmc":38.7426,"pe":122.8895,"pe_lyr":111.1821,"pb":4.3625,"ps":3.6051,"pcf":113.8871,"iop":-25.7638}