{"code":"000831","atr10":0.751,"close":14.89,"close_count":60,"l_pvalue":0.0000000315,"l_slop":29.8267991838,"l_stderror":3.3400794096,"ma120":13.3341666667,"ma250":12.78788,"ma42":15.6778571429,"max10":17.18,"min10":14.63,"name":"五矿稀土","stat_date":"2017-06-30","mc":146.0544,"cmc":146.0529,"pe":180.0756,"pe_lyr":785.6995,"pb":7.2421,"ps":22.7819,"pcf":-55.7602,"iop":160.6186}