{"code":"000821","atr10":0.344,"close":12.9,"close_count":60,"l_pvalue":0.0,"l_slop":22.7174690073,"l_stderror":0.9520469249,"ma120":13.8785,"ma250":14.4942,"ma42":12.7364285714,"max10":13.64,"min10":12.79,"name":"京山轻机","stat_date":"2017-06-30","mc":61.6275,"cmc":44.5358,"pe":47.8279,"pe_lyr":72.1947,"pb":3.428,"ps":4.3959,"pcf":22.7014,"iop":89.9985}