{"code":"000829","atr10":0.19,"close":10.21,"close_count":60,"l_pvalue":0.0000546575,"l_slop":-7.6942651708,"l_stderror":1.488719755,"ma120":10.693,"ma250":11.57636,"ma42":10.7285714286,"max10":10.75,"min10":9.98,"name":"天音控股","stat_date":"2017-06-30","mc":97.9459,"cmc":97.0029,"pe":37.6406,"pe_lyr":43.838,"pb":4.3717,"ps":0.2833,"pcf":9.679,"iop":133.005}