{"code":"000859","atr10":0.09,"close":5.07,"close_count":60,"l_pvalue":0.0000106076,"l_slop":7.1698440744,"l_stderror":1.2107808964,"ma120":5.1290833333,"ma250":5.52272,"ma42":5.1611904762,"max10":5.3,"min10":5.03,"name":"国风塑业","stat_date":"2017-06-30","mc":37.4901,"cmc":37.4833,"pe":73.9968,"pe_lyr":204.2199,"pb":2.6151,"ps":3.1366,"pcf":15.4062,"iop":-282.4559}