{"code":"000886","atr10":0.247,"close":6.58,"close_count":60,"l_pvalue":7.329011485e-20,"l_slop":48.7479331349,"l_stderror":1.210594969,"ma120":5.2669166667,"ma250":5.34824,"ma42":6.0507142857,"max10":6.7,"min10":6.43,"name":"海南高速","stat_date":"2017-06-30","mc":65.0649,"cmc":63.5189,"pe":53.1197,"pe_lyr":102.6032,"pb":2.4299,"ps":10.4565,"pcf":-393.0346,"iop":115.8465}