{"code":"000875","atr10":0.048,"close":4.94,"close_count":60,"l_pvalue":0.0000000078,"l_slop":-5.7781475887,"l_stderror":0.5922424574,"ma120":5.15075,"ma250":5.74236,"ma42":5.0680952381,"max10":5.08,"min10":4.93,"name":"吉电股份","stat_date":"2017-06-30","mc":106.0279,"cmc":63.955,"pe":-250.8035,"pe_lyr":815.2909,"pb":1.377,"ps":2.2345,"pcf":-26.7535,"iop":-24.4198}