{"code":"000807","atr10":1.042,"close":14.85,"close_count":60,"l_pvalue":4.910304186e-20,"l_slop":113.100685138,"l_stderror":2.7494976274,"ma120":9.511,"ma250":8.26016,"ma42":12.9721428571,"max10":16.17,"min10":14.3,"name":"云铝股份","stat_date":"2017-06-30","mc":387.1156,"cmc":255.694,"pe":187.5127,"pe_lyr":350.2372,"pb":4.1204,"ps":2.0876,"pcf":33.8471,"iop":-58.6149}