{"code":"000861","atr10":0.066,"close":3.72,"close_count":60,"l_pvalue":0.0,"l_slop":10.8409815736,"l_stderror":0.7388602335,"ma120":3.8160833333,"ma250":4.3756,"ma42":3.7366666667,"max10":3.88,"min10":3.7,"name":"海印股份","stat_date":"2017-06-30","mc":83.6953,"cmc":69.6427,"pe":47.629,"pe_lyr":40.5604,"pb":2.8819,"ps":4.2716,"pcf":-18.7816,"iop":-47.3278}