{"code":"000835","atr10":0.167,"close":9.48,"close_count":60,"l_pvalue":0.0210587374,"l_slop":2.5199306039,"l_stderror":1.0019215906,"ma120":9.7986666667,"ma250":11.31384,"ma42":9.8195238095,"max10":10.03,"min10":9.48,"name":"长城动漫","stat_date":"2017-06-30","mc":30.9769,"cmc":28.7144,"pe":71.6172,"pe_lyr":-38.4176,"pb":8.0651,"ps":12.1941,"pcf":90.0603,"iop":-60.3089}