{"code":"000893","atr10":0.538,"close":9.31,"close_count":60,"l_pvalue":5.41418285e-16,"l_slop":67.8102371724,"l_stderror":2.7147989916,"ma120":10.5854166667,"ma250":11.66956,"ma42":8.53,"max10":10.19,"min10":8.58,"name":"东凌国际","stat_date":"2017-06-30","mc":70.4677,"cmc":37.3195,"pe":-496.1846,"pe_lyr":360.9858,"pb":1.6461,"ps":3.6601,"pcf":1247.6573,"iop":-224.5644}