{"code":"000856","atr10":1.05,"close":28.42,"close_count":60,"l_pvalue":0.0,"l_slop":-29.7013452123,"l_stderror":1.6327662306,"ma120":31.8568333333,"ma250":22.90824,"ma42":29.6066666667,"max10":30.16,"min10":27.25,"name":"冀东装备","stat_date":"2017-06-30","mc":64.5134,"cmc":64.5134,"pe":-243.0852,"pe_lyr":278.9817,"pb":21.6896,"ps":4.4742,"pcf":-27.3786,"iop":-93.3842}