{"code":"000828","atr10":0.308,"close":12.67,"close_count":60,"l_pvalue":0.0000000481,"l_slop":5.7684348889,"l_stderror":0.6639187153,"ma120":12.43475,"ma250":12.23332,"ma42":12.5788095238,"max10":12.87,"min10":12.27,"name":"东莞控股","stat_date":"2017-06-30","mc":131.7068,"cmc":131.7066,"pe":14.8592,"pe_lyr":15.8871,"pb":2.5146,"ps":9.6548,"pcf":-100.2831,"iop":18.7463}