{"code":"000878","atr10":0.452,"close":14.4,"close_count":60,"l_pvalue":0.104136153,"l_slop":7.2666168103,"l_stderror":4.2572614998,"ma120":13.4769166667,"ma250":13.34704,"ma42":14.7892857143,"max10":15.19,"min10":14.05,"name":"云南铜业","stat_date":"2017-06-30","mc":203.9614,"cmc":203.9604,"pe":63.4698,"pe_lyr":100.2626,"pb":3.425,"ps":0.2825,"pcf":20.807,"iop":-15.7856}