{"code":"000876","atr10":0.058,"close":7.35,"close_count":60,"l_pvalue":1.005988127e-17,"l_slop":-10.7915758927,"l_stderror":0.3485620763,"ma120":7.60275,"ma250":7.63728,"ma42":7.5997619048,"max10":7.5,"min10":7.35,"name":"新 希 望","stat_date":"2017-06-30","mc":309.8771,"cmc":306.1944,"pe":14.2835,"pe_lyr":12.5504,"pb":1.5596,"ps":0.4928,"pcf":19.3977,"iop":-21.3274}