{"code":"000809","atr10":0.105,"close":4.25,"close_count":60,"l_pvalue":0.0000041516,"l_slop":8.48363238,"l_stderror":1.3323399334,"ma120":4.0853333333,"ma250":4.71348,"ma42":4.0723809524,"max10":4.36,"min10":4.05,"name":"*ST新城","stat_date":"2017-06-30","mc":35.0536,"cmc":35.0536,"pe":-14.1348,"pe_lyr":-14.5771,"pb":1.1989,"ps":168.195,"pcf":-16.6473,"iop":19.9584}