{"code":"000899","atr10":0.097,"close":7.31,"close_count":60,"l_pvalue":0.0000000089,"l_slop":-4.2270300778,"l_stderror":0.4368871354,"ma120":7.82,"ma250":8.49272,"ma42":7.3845238095,"max10":7.42,"min10":7.18,"name":"赣能股份","stat_date":"2017-06-30","mc":71.322,"cmc":47.2712,"pe":33.341,"pe_lyr":18.8565,"pb":1.5658,"ps":3.1027,"pcf":-14.38,"iop":-84.901}