{"code":"000813","atr10":0.251,"close":7.9,"close_count":60,"l_pvalue":7.675817979e-16,"l_slop":-18.1639392645,"l_stderror":0.7410823817,"ma120":8.37475,"ma250":9.28228,"ma42":8.4723809524,"max10":8.44,"min10":7.9,"name":"德展健康","stat_date":"2017-06-30","mc":177.0771,"cmc":46.5107,"pe":23.4554,"pe_lyr":26.7621,"pb":4.2356,"ps":11.1728,"pcf":8.9707,"iop":34.6115}