{"code":"000868","atr10":0.627,"close":8.69,"close_count":60,"l_pvalue":0.0000000002,"l_slop":211.365129808,"l_stderror":17.166124928,"ma120":5.5719166667,"ma250":6.29532,"ma42":5.6171428571,"max10":9.16,"min10":7.57,"name":"安凯客车","stat_date":"2017-06-30","mc":60.4447,"cmc":60.4443,"pe":1797.0837,"pe_lyr":117.7096,"pb":4.678,"ps":1.1288,"pcf":-54.7198,"iop":91.3475}