{"code":"000888","atr10":0.178,"close":11.34,"close_count":60,"l_pvalue":0.1035713706,"l_slop":2.3081457809,"l_stderror":1.3498957081,"ma120":12.1151666667,"ma250":12.26332,"ma42":11.6376190476,"max10":11.99,"min10":11.34,"name":"峨眉山Ａ","stat_date":"2017-06-30","mc":59.7519,"cmc":59.7403,"pe":30.7061,"pe_lyr":31.2511,"pb":2.8844,"ps":5.5181,"pcf":56.2935,"iop":11.6976}