{"code":"000882","atr10":0.047,"close":3.55,"close_count":60,"l_pvalue":0.0000325229,"l_slop":-2.9033150118,"l_stderror":0.5372739232,"ma120":3.7074166667,"ma250":3.96908,"ma42":3.665,"max10":3.7,"min10":3.55,"name":"华联股份","stat_date":"2017-06-30","mc":97.176,"cmc":79.0259,"pe":100.289,"pe_lyr":83.7891,"pb":1.249,"ps":9.8396,"pcf":-17.3266,"iop":-63.2387}