{"code":"000885","atr10":0.711,"close":19.67,"close_count":60,"l_pvalue":0.0000000787,"l_slop":12.7744253466,"l_stderror":1.5183234321,"ma120":22.7316666667,"ma250":19.62684,"ma42":19.7935714286,"max10":21.14,"min10":19.57,"name":"同力水泥","stat_date":"2017-06-30","mc":97.6383,"cmc":83.9514,"pe":57.899,"pe_lyr":228.6921,"pb":3.6979,"ps":2.7017,"pcf":-130.7846,"iop":212.3293}