{"code":"000863","atr10":0.122,"close":7.09,"close_count":60,"l_pvalue":0.0000000001,"l_slop":10.7621018055,"l_stderror":0.8158546286,"ma120":7.3563333333,"ma250":8.15,"ma42":7.1226190476,"max10":7.42,"min10":7.07,"name":"三湘印象","stat_date":"2017-06-30","mc":97.9663,"cmc":64.9974,"pe":29.0579,"pe_lyr":13.8895,"pb":1.5068,"ps":2.7309,"pcf":-10.7285,"iop":-110.0156}