{"code":"000800","atr10":0.448,"close":12.3,"close_count":60,"l_pvalue":1.113295141e-19,"l_slop":57.3091267749,"l_stderror":1.455229503,"ma120":10.4130833333,"ma250":10.92652,"ma42":10.6964285714,"max10":12.5,"min10":11.13,"name":"一汽轿车","stat_date":"2017-06-30","mc":200.1825,"cmc":173.6458,"pe":140.7823,"pe_lyr":-20.9763,"pb":2.5128,"ps":0.7248,"pcf":98.7038,"iop":140.6117}