{"code":"000881","atr10":0.257,"close":16.21,"close_count":60,"l_pvalue":0.0,"l_slop":-18.9289085431,"l_stderror":0.8526974835,"ma120":18.785,"ma250":22.16568,"ma42":16.735,"max10":16.61,"min10":15.83,"name":"中广核技","stat_date":"2017-06-30","mc":171.1124,"cmc":49.9161,"pe":51.9086,"pe_lyr":54.8589,"pb":3.3371,"ps":3.7923,"pcf":11.5676,"iop":65.2139}