{"code":"000862","atr10":0.169,"close":7.9,"close_count":60,"l_pvalue":1.0,"l_slop":0.0,"l_stderror":0.0,"ma120":8.4799166667,"ma250":7.70024,"ma42":7.9504761905,"max10":7.9,"min10":7.9,"name":"银星能源","stat_date":"2017-06-30","mc":55.7834,"cmc":26.4144,"pe":81.1847,"pe_lyr":505.7339,"pb":2.0208,"ps":4.3163,"pcf":14.4398,"iop":-448.4001}