{"code":"000887","atr10":0.584,"close":21.13,"close_count":60,"l_pvalue":4.453216836e-17,"l_slop":50.0246600656,"l_stderror":1.7501652577,"ma120":22.1365,"ma250":22.56956,"ma42":19.5926190476,"max10":21.7,"min10":20.74,"name":"中鼎股份","stat_date":"2017-06-30","mc":260.8372,"cmc":256.4975,"pe":24.7928,"pe_lyr":28.9482,"pb":3.7498,"ps":2.5753,"pcf":-124.3956,"iop":37.7135}