{"code":"000823","atr10":0.408,"close":14.41,"close_count":60,"l_pvalue":0.0027337499,"l_slop":7.1653033834,"l_stderror":2.0818983976,"ma120":14.0281666667,"ma250":13.35656,"ma42":14.2707142857,"max10":14.67,"min10":14.19,"name":"超声电子","stat_date":"2017-06-30","mc":77.3768,"cmc":77.3702,"pe":34.1107,"pe_lyr":41.3289,"pb":2.5434,"ps":1.9862,"pcf":320.6458,"iop":-1.8553}