{"code":"000806","atr10":0.519,"close":10.76,"close_count":60,"l_pvalue":0.0,"l_slop":-5.3865135206,"l_stderror":0.2994392805,"ma120":12.687,"ma250":15.6458,"ma42":12.6078571429,"max10":10.76,"min10":10.76,"name":"银河生物","stat_date":"2017-06-30","mc":118.3505,"cmc":75.1528,"pe":-801.3651,"pe_lyr":919.3386,"pb":5.766,"ps":9.5695,"pcf":-116.3961,"iop":-137.6092}