{"code":"000850","atr10":0.068,"close":5.26,"close_count":60,"l_pvalue":0.0004709543,"l_slop":5.3501636361,"l_stderror":1.2698668862,"ma120":5.36775,"ma250":5.71664,"ma42":5.3795238095,"max10":5.45,"min10":5.25,"name":"华茂股份","stat_date":"2017-06-30","mc":49.6368,"cmc":49.6219,"pe":142.6766,"pe_lyr":50.3544,"pb":1.0542,"ps":2.2501,"pcf":33.18,"iop":-72.7052}