{"code":"000825","atr10":0.177,"close":5.14,"close_count":60,"l_pvalue":0.3569641589,"l_slop":5.4836804482,"l_stderror":5.8082932267,"ma120":4.6958333333,"ma250":4.5526,"ma42":5.340952381,"max10":5.54,"min10":4.97,"name":"太钢不锈","stat_date":"2017-06-30","mc":292.7871,"cmc":292.7782,"pe":18.5488,"pe_lyr":25.5563,"pb":1.2701,"ps":0.4533,"pcf":68.0755,"iop":-48.2476}