{"code":"000903","atr10":0.044,"close":3.97,"close_count":60,"l_pvalue":1.839311757e-19,"l_slop":-12.7861276412,"l_stderror":0.3334726778,"ma120":4.2669166667,"ma250":4.17448,"ma42":4.1138095238,"max10":4.12,"min10":3.97,"name":"云内动力","stat_date":"2017-06-30","mc":69.7742,"cmc":62.7737,"pe":24.8343,"pe_lyr":31.164,"pb":1.531,"ps":1.386,"pcf":146.0099,"iop":6.2209}