{"code":"000916","atr10":0.258,"close":9.1,"close_count":60,"l_pvalue":0.0012296373,"l_slop":4.9165966743,"l_stderror":1.2962755019,"ma120":6.9668333333,"ma250":5.93608,"ma42":9.1054761905,"max10":9.3,"min10":8.81,"name":"华北高速","stat_date":"2017-06-30","mc":99.19,"cmc":99.1881,"pe":32.7007,"pe_lyr":33.0622,"pb":2.1062,"ps":9.8897,"pcf":144.52,"iop":-3.0883}