{"code":"000979","atr10":0.02,"close":1.94,"close_count":60,"l_pvalue":0.0,"l_slop":-2.0051576364,"l_stderror":0.084289015,"ma120":1.91075,"ma250":1.93856,"ma42":1.9519047619,"max10":1.94,"min10":1.94,"name":"中弘股份","stat_date":"2017-06-30","mc":162.7777,"cmc":162.7451,"pe":98.4286,"pe_lyr":103.648,"pb":1.6635,"ps":2.7933,"pcf":41.3689,"iop":55.9969}