{"code":"000987","atr10":0.227,"close":11.61,"close_count":60,"l_pvalue":0.0000000156,"l_slop":18.0324207183,"l_stderror":1.9302905941,"ma120":11.8564166667,"ma250":12.65648,"ma42":11.6471428571,"max10":12.26,"min10":11.5,"name":"越秀金控","stat_date":"2017-06-30","mc":258.1867,"cmc":62.4975,"pe":39.3703,"pe_lyr":41.6097,"pb":2.0539,"ps":3.8496,"pcf":-15.466,"iop":-46.3924}