{"code":"000973","atr10":0.307,"close":8.08,"close_count":60,"l_pvalue":0.0,"l_slop":49.4342889167,"l_stderror":2.4471457094,"ma120":7.5818333333,"ma250":7.844,"ma42":7.7619047619,"max10":8.69,"min10":8.0,"name":"佛塑科技","stat_date":"2017-06-30","mc":78.1678,"cmc":78.1659,"pe":57.6725,"pe_lyr":62.2082,"pb":3.639,"ps":3.1544,"pcf":42.6902,"iop":1.5437}