{"code":"000999","atr10":0.442,"close":27.78,"close_count":60,"l_pvalue":0.0,"l_slop":-14.8733352301,"l_stderror":0.6911357399,"ma120":28.82975,"ma250":27.26184,"ma42":28.3352380952,"max10":28.27,"min10":27.73,"name":"华润三九","stat_date":"2017-06-30","mc":271.9384,"cmc":271.7982,"pe":20.8709,"pe_lyr":22.7024,"pb":2.9809,"ps":2.8038,"pcf":-143.092,"iop":14.5556}