{"code":"000990","atr10":0.435,"close":17.25,"close_count":60,"l_pvalue":0.0,"l_slop":-31.3461327911,"l_stderror":1.7879995844,"ma120":16.8093333333,"ma250":16.57148,"ma42":18.5861904762,"max10":18.59,"min10":17.13,"name":"诚志股份","stat_date":"2017-06-30","mc":216.1446,"cmc":51.2374,"pe":40.5445,"pe_lyr":195.1114,"pb":1.384,"ps":5.3061,"pcf":52.7582,"iop":47000.6484}