{"code":"000993","atr10":0.307,"close":9.65,"close_count":60,"l_pvalue":0.000000004,"l_slop":11.3449323043,"l_stderror":1.1160241768,"ma120":9.8146666667,"ma250":11.0586,"ma42":9.864047619,"max10":10.24,"min10":9.62,"name":"闽东电力","stat_date":"2017-06-30","mc":35.9945,"cmc":35.9945,"pe":880.066,"pe_lyr":136.7024,"pb":2.2824,"ps":4.2674,"pcf":-200.7485,"iop":-7.1273}