{"code":"000902","atr10":0.195,"close":10.12,"close_count":60,"l_pvalue":5.56689307e-19,"l_slop":29.1103711174,"l_stderror":0.8054026098,"ma120":9.06275,"ma250":9.92368,"ma42":9.4678571429,"max10":10.12,"min10":9.65,"name":"新洋丰","stat_date":"2017-06-30","mc":132.0184,"cmc":118.2892,"pe":25.0899,"pe_lyr":23.4455,"pb":2.4339,"ps":1.5825,"pcf":25.1214,"iop":-16.2875}