{"code":"000939","atr10":0.225,"close":5.58,"close_count":60,"l_pvalue":0.0,"l_slop":27.9511098177,"l_stderror":1.7328772232,"ma120":5.3039166667,"ma250":5.47496,"ma42":5.3114285714,"max10":5.74,"min10":5.44,"name":"凯迪生态","stat_date":"2017-06-30","mc":219.2714,"cmc":118.449,"pe":61.2847,"pe_lyr":65.7431,"pb":1.828,"ps":4.1795,"pcf":39.0716,"iop":-703.5953}