{"code":"000917","atr10":0.196,"close":10.48,"close_count":60,"l_pvalue":0.0002593449,"l_slop":9.3930964852,"l_stderror":2.0988922547,"ma120":11.2375833333,"ma250":13.06548,"ma42":10.7328571429,"max10":11.01,"min10":10.45,"name":"电广传媒","stat_date":"2017-06-30","mc":148.5599,"cmc":135.6767,"pe":46.4131,"pe_lyr":44.5936,"pb":1.3573,"ps":1.9097,"pcf":-209.0716,"iop":377.6076}