{"code":"000963","atr10":0.97,"close":48.45,"close_count":60,"l_pvalue":0.0000104489,"l_slop":-6.5043623363,"l_stderror":1.0970896967,"ma120":46.97275,"ma250":41.88384,"ma42":47.2545238095,"max10":48.51,"min10":46.3,"name":"华东医药","stat_date":"2017-06-30","mc":470.9904,"cmc":420.6041,"pe":28.2887,"pe_lyr":32.5586,"pb":6.1457,"ps":1.7299,"pcf":-624.1573,"iop":30.4313}