{"code":"000972","atr10":0.053,"close":4.16,"close_count":60,"l_pvalue":0.0000011759,"l_slop":8.4931922346,"l_stderror":1.2154741309,"ma120":4.27625,"ma250":5.52384,"ma42":4.1678571429,"max10":4.27,"min10":4.15,"name":"*ST中基","stat_date":"2017-06-30","mc":32.0854,"cmc":32.0854,"pe":-13.3991,"pe_lyr":-12.6265,"pb":4.0412,"ps":5.4299,"pcf":35.5241,"iop":49.0277}