{"code":"000938","atr10":1.824,"close":59.2,"close_count":60,"l_pvalue":0.0000000084,"l_slop":13.324049996,"l_stderror":1.3717904194,"ma120":55.2950833333,"ma250":57.87212,"ma42":57.0861904762,"max10":60.0,"min10":56.92,"name":"紫光股份","stat_date":"2017-06-30","mc":617.0435,"cmc":121.9948,"pe":45.5041,"pe_lyr":75.7273,"pb":2.5437,"ps":1.747,"pcf":-27.4614,"iop":443.0545}