{"code":"000983","atr10":0.428,"close":10.6,"close_count":60,"l_pvalue":0.0006777933,"l_slop":26.5272932949,"l_stderror":6.5440173125,"ma120":9.4043333333,"ma250":9.44072,"ma42":10.879047619,"max10":11.53,"min10":10.28,"name":"西山煤电","stat_date":"2017-06-30","mc":334.0272,"cmc":334.027,"pe":26.891,"pe_lyr":76.9512,"pb":1.898,"ps":1.3545,"pcf":-12.405,"iop":474.7367}