{"code":"000925","atr10":0.502,"close":17.45,"close_count":60,"l_pvalue":0.1202989896,"l_slop":3.5806118003,"l_stderror":2.2013232171,"ma120":19.7764166667,"ma250":21.77012,"ma42":17.3492857143,"max10":17.99,"min10":17.29,"name":"众合科技","stat_date":"2017-06-30","mc":68.5655,"cmc":53.2983,"pe":-56.1495,"pe_lyr":-63.6996,"pb":3.0722,"ps":5.7017,"pcf":11.5343,"iop":50.0745}