{"code":"000901","atr10":0.518,"close":28.58,"close_count":60,"l_pvalue":0.0031605079,"l_slop":1.5459451922,"l_stderror":0.4577045361,"ma120":28.7389166667,"ma250":32.15624,"ma42":28.7871428571,"max10":29.46,"min10":28.58,"name":"航天科技","stat_date":"2017-06-30","mc":117.0238,"cmc":92.4918,"pe":79.8574,"pe_lyr":114.0134,"pb":3.1605,"ps":2.0268,"pcf":40.3911,"iop":88.3212}