{"code":"000910","atr10":0.47,"close":20.84,"close_count":60,"l_pvalue":3.198937366e-17,"l_slop":-22.2502385844,"l_stderror":0.764722263,"ma120":22.904,"ma250":21.2228,"ma42":21.8273809524,"max10":21.76,"min10":20.7,"name":"大亚圣象","stat_date":"2017-06-30","mc":115.7433,"cmc":110.1858,"pe":20.0463,"pe_lyr":21.3896,"pb":3.5458,"ps":1.712,"pcf":50.7576,"iop":42.5855}