{"code":"000959","atr10":0.192,"close":6.97,"close_count":60,"l_pvalue":0.0000005052,"l_slop":-15.5990485674,"l_stderror":2.1029028701,"ma120":7.2531666667,"ma250":7.01804,"ma42":7.3783333333,"max10":7.42,"min10":6.78,"name":"首钢股份","stat_date":"2017-06-30","mc":368.6705,"cmc":206.7669,"pe":27.6487,"pe_lyr":91.946,"pb":1.4085,"ps":0.7117,"pcf":-55.0265,"iop":-30.882}