{"code":"000969","atr10":0.601,"close":10.79,"close_count":60,"l_pvalue":5.253389222e-17,"l_slop":46.1826677771,"l_stderror":1.6301793795,"ma120":9.4826666667,"ma250":10.5108,"ma42":10.4507142857,"max10":11.98,"min10":10.75,"name":"安泰科技","stat_date":"2017-06-30","mc":110.7063,"cmc":96.1048,"pe":128.1243,"pe_lyr":140.0732,"pb":2.4364,"ps":2.5981,"pcf":158.9227,"iop":-15.0427}