{"code":"000951","atr10":0.624,"close":18.98,"close_count":60,"l_pvalue":0.0,"l_slop":16.3230392583,"l_stderror":0.8319463372,"ma120":15.4075833333,"ma250":14.94204,"ma42":17.9214285714,"max10":19.0,"min10":17.77,"name":"中国重汽","stat_date":"2017-06-30","mc":127.3711,"cmc":127.3373,"pe":17.2903,"pe_lyr":30.4585,"pb":2.4418,"ps":0.4263,"pcf":-35.1287,"iop":143.8614}