{"code":"000921","atr10":0.412,"close":13.43,"close_count":60,"l_pvalue":0.0067800795,"l_slop":-6.7430211472,"l_stderror":2.220199252,"ma120":14.4073333333,"ma250":12.81188,"ma42":13.57,"max10":14.09,"min10":13.37,"name":"海信科龙","stat_date":"2017-06-30","mc":156.4147,"cmc":121.1433,"pe":15.2442,"pe_lyr":16.8253,"pb":3.877,"ps":0.5863,"pcf":-22.6056,"iop":-8.1598}