{"code":"000915","atr10":0.92,"close":33.5,"close_count":60,"l_pvalue":0.0,"l_slop":32.716856084,"l_stderror":1.8635530638,"ma120":33.9945,"ma250":33.8192,"ma42":32.1183333333,"max10":35.03,"min10":32.78,"name":"山大华特","stat_date":"2017-06-30","mc":78.501,"cmc":78.1999,"pe":32.8139,"pe_lyr":39.57,"pb":5.5959,"ps":4.6335,"pcf":-179.0318,"iop":6.4953}