{"code":"000932","atr10":0.467,"close":8.36,"close_count":60,"l_pvalue":0.0000000001,"l_slop":136.670299788,"l_stderror":10.7823228834,"ma120":5.6034166667,"ma250":5.49244,"ma42":7.5897619048,"max10":9.7,"min10":7.83,"name":"*ST华菱","stat_date":"2017-06-30","mc":252.1083,"cmc":252.0833,"pe":29.7749,"pe_lyr":-23.8927,"pb":3.5066,"ps":0.3999,"pcf":-49.3132,"iop":491.4189}