{"code":"000929","atr10":0.234,"close":13.16,"close_count":60,"l_pvalue":0.3657876577,"l_slop":-1.5046049769,"l_stderror":1.6239024614,"ma120":13.7865,"ma250":16.21648,"ma42":13.439047619,"max10":13.61,"min10":12.88,"name":"兰州黄河","stat_date":"2017-06-30","mc":24.4468,"cmc":24.4292,"pe":175.1377,"pe_lyr":-97.4223,"pb":3.3766,"ps":3.7409,"pcf":-68.5867,"iop":-10.7583}