{"code":"000955","atr10":0.186,"close":6.55,"close_count":60,"l_pvalue":0.0,"l_slop":58.3460166385,"l_stderror":2.921389965,"ma120":6.0464166667,"ma250":6.97736,"ma42":6.084047619,"max10":6.65,"min10":6.46,"name":"欣龙控股","stat_date":"2017-06-30","mc":35.2649,"cmc":35.2646,"pe":354.4435,"pe_lyr":109.9918,"pb":5.1632,"ps":6.1199,"pcf":300.8488,"iop":-646.4521}