{"code":"000931","atr10":0.154,"close":7.57,"close_count":60,"l_pvalue":0.8966644256,"l_slop":-0.110590725,"l_stderror":0.8401929944,"ma120":7.9661666667,"ma250":8.52676,"ma42":7.5495238095,"max10":7.72,"min10":7.37,"name":"中 关 村","stat_date":"2017-06-30","mc":57.0117,"cmc":50.5683,"pe":-235.8177,"pe_lyr":208.3903,"pb":3.7595,"ps":3.9444,"pcf":17.604,"iop":-482.0552}