{"code":"000989","atr10":0.208,"close":18.58,"close_count":60,"l_pvalue":0.0001663191,"l_slop":-2.8608627943,"l_stderror":0.6124195893,"ma120":18.8900833333,"ma250":20.5708,"ma42":18.9864285714,"max10":19.12,"min10":18.57,"name":"九 芝 堂","stat_date":"2017-06-30","mc":161.526,"cmc":76.9751,"pe":22.74,"pe_lyr":24.7812,"pb":3.8914,"ps":5.063,"pcf":-46.5702,"iop":48.7557}