{"code":"000958","atr10":0.247,"close":7.57,"close_count":60,"l_pvalue":0.000142012,"l_slop":8.5833918563,"l_stderror":1.810294953,"ma120":8.2616666667,"ma250":7.78308,"ma42":7.7773809524,"max10":8.25,"min10":7.51,"name":"东方能源","stat_date":"2017-06-30","mc":83.4421,"cmc":50.45,"pe":96.6865,"pe_lyr":29.5173,"pb":3.1834,"ps":3.3934,"pcf":21.8111,"iop":-109.604}