{"code":"000971","atr10":0.256,"close":16.71,"close_count":60,"l_pvalue":0.0000005291,"l_slop":-18.5962309602,"l_stderror":2.515066534,"ma120":17.2110833333,"ma250":20.62548,"ma42":17.1688095238,"max10":16.82,"min10":16.35,"name":"高升控股","stat_date":"2017-06-30","mc":85.4338,"cmc":40.7437,"pe":58.5192,"pe_lyr":76.9379,"pb":2.3685,"ps":10.6424,"pcf":38.5048,"iop":296.885}