{"code":"000962","atr10":0.662,"close":11.95,"close_count":60,"l_pvalue":0.0,"l_slop":32.3247528419,"l_stderror":2.2023021763,"ma120":9.7089166667,"ma250":10.70988,"ma42":10.4716666667,"max10":11.95,"min10":10.28,"name":"东方钽业","stat_date":"2017-06-30","mc":52.6795,"cmc":52.6793,"pe":73.6364,"pe_lyr":181.623,"pb":3.7885,"ps":5.5357,"pcf":-37.6364,"iop":27.9107}