{"code":"000966","atr10":0.067,"close":4.66,"close_count":60,"l_pvalue":0.0241917504,"l_slop":-7.1100517582,"l_stderror":2.9030679172,"ma120":4.9021666667,"ma250":5.48632,"ma42":4.8978571429,"max10":4.88,"min10":4.66,"name":"长源电力","stat_date":"2017-06-30","mc":51.646,"cmc":51.646,"pe":1719.8466,"pe_lyr":12.9502,"pb":1.5766,"ps":0.9261,"pcf":-125.682,"iop":-721.0967}