{"code":"000906","atr10":0.191,"close":9.02,"close_count":60,"l_pvalue":0.000053865,"l_slop":-7.9948353104,"l_stderror":1.5449059715,"ma120":9.3365833333,"ma250":10.48264,"ma42":9.4883333333,"max10":9.54,"min10":8.9,"name":"浙商中拓","stat_date":"2017-06-30","mc":46.0753,"cmc":38.7668,"pe":32.6828,"pe_lyr":36.7577,"pb":2.6166,"ps":0.1126,"pcf":46.0102,"iop":35.366}