{"code":"000968","atr10":0.555,"close":15.9,"close_count":60,"l_pvalue":0.0,"l_slop":22.2066398208,"l_stderror":0.9520902275,"ma120":14.1495,"ma250":12.44344,"ma42":14.475,"max10":15.9,"min10":14.88,"name":"蓝焰控股","stat_date":"2017-06-30","mc":153.8329,"cmc":41.2938,"pe":29.2883,"pe_lyr":40.013,"pb":5.2661,"ps":10.5077,"pcf":28.7335,"iop":434.3291}