{"code":"000923","atr10":0.836,"close":28.05,"close_count":60,"l_pvalue":0.2314538133,"l_slop":2.4338642762,"l_stderror":1.9688472022,"ma120":29.8920833333,"ma250":24.951,"ma42":28.6435714286,"max10":29.15,"min10":27.9,"name":"河北宣工","stat_date":"2017-06-30","mc":183.0905,"cmc":55.539,"pe":11551.7432,"pe_lyr":8753.4775,"pb":3.0356,"ps":69.2918,"pcf":211.8566,"iop":61.084}