{"code":"000996","atr10":0.499,"close":14.46,"close_count":60,"l_pvalue":0.000000001,"l_slop":59.8555828596,"l_stderror":5.3934375602,"ma120":13.2695,"ma250":14.7568,"ma42":14.1895238095,"max10":15.83,"min10":14.32,"name":"中国中期","stat_date":"2017-06-30","mc":49.887,"cmc":49.887,"pe":235.114,"pe_lyr":243.4339,"pb":8.019,"ps":49.9698,"pcf":30.1037,"iop":-21.9338}