{"code":"000926","atr10":0.34,"close":12.35,"close_count":60,"l_pvalue":0.0,"l_slop":16.2526384422,"l_stderror":0.7540093384,"ma120":12.1636666667,"ma250":12.1896,"ma42":12.3264285714,"max10":12.97,"min10":12.35,"name":"福星股份","stat_date":"2017-06-30","mc":117.2413,"cmc":117.121,"pe":16.6685,"pe_lyr":20.1773,"pb":1.2108,"ps":1.1529,"pcf":-158.1573,"iop":178.8753}