{"code":"000980","atr10":0.827,"close":13.55,"close_count":60,"l_pvalue":0.0,"l_slop":52.8736489457,"l_stderror":3.6523455922,"ma120":12.46875,"ma250":13.28288,"ma42":11.5057142857,"max10":13.55,"min10":11.84,"name":"众泰汽车","stat_date":"2017-06-30","mc":276.1127,"cmc":71.563,"pe":101.6233,"pe_lyr":318.1595,"pb":1.7387,"ps":4.1312,"pcf":39.0625,"iop":7683.2466}