{"code":"000911","atr10":0.269,"close":11.74,"close_count":60,"l_pvalue":0.0515316241,"l_slop":2.683003388,"l_stderror":1.2913039399,"ma120":12.42525,"ma250":15.6462,"ma42":12.0692857143,"max10":12.57,"min10":11.7,"name":"南宁糖业","stat_date":"2017-06-30","mc":38.0471,"cmc":38.0471,"pe":25.8831,"pe_lyr":200.4595,"pb":2.4977,"ps":0.9852,"pcf":36.7956,"iop":-3.3117}