{"code":"000948","atr10":0.288,"close":12.07,"close_count":60,"l_pvalue":0.0,"l_slop":24.4189796635,"l_stderror":1.7906409762,"ma120":12.22375,"ma250":15.08856,"ma42":11.7852380952,"max10":12.47,"min10":11.94,"name":"南天信息","stat_date":"2017-06-30","mc":29.7653,"cmc":29.7501,"pe":286.6625,"pe_lyr":143.8677,"pb":2.1622,"ps":1.3393,"pcf":46.2736,"iop":-1177.6241}