{"code":"000981","atr10":0.139,"close":9.53,"close_count":60,"l_pvalue":0.193473586,"l_slop":1.2365985516,"l_stderror":0.9172762572,"ma120":9.9818333333,"ma250":10.12716,"ma42":9.6961904762,"max10":9.72,"min10":9.47,"name":"银亿股份","stat_date":"2017-06-30","mc":291.4684,"cmc":245.3323,"pe":49.7896,"pe_lyr":56.7187,"pb":3.3328,"ps":3.5149,"pcf":36.5354,"iop":-9.5114}