{"code":"000982","atr10":0.146,"close":4.26,"close_count":60,"l_pvalue":0.0656255246,"l_slop":7.1731738235,"l_stderror":3.6716663273,"ma120":5.1884166667,"ma250":5.35624,"ma42":4.4866666667,"max10":4.61,"min10":4.25,"name":"*ST中绒","stat_date":"2017-06-30","mc":76.8948,"cmc":76.8948,"pe":-7.1359,"pe_lyr":-7.2528,"pb":4.9365,"ps":2.4914,"pcf":-101.2724,"iop":38.8723}