{"code":"000960","atr10":0.619,"close":15.39,"close_count":60,"l_pvalue":0.0000000821,"l_slop":16.9693091103,"l_stderror":2.0225561812,"ma120":13.3873333333,"ma250":13.72568,"ma42":14.8238095238,"max10":15.71,"min10":14.45,"name":"锡业股份","stat_date":"2017-06-30","mc":256.8247,"cmc":186.1302,"pe":52.4437,"pe_lyr":188.6762,"pb":2.4179,"ps":0.7205,"pcf":-90.6552,"iop":750.6781}