{"code":"000961","atr10":0.274,"close":6.37,"close_count":60,"l_pvalue":0.0000000001,"l_slop":39.4426856781,"l_stderror":3.1650864739,"ma120":6.53525,"ma250":8.03272,"ma42":6.2683333333,"max10":7.06,"min10":6.35,"name":"中南建设","stat_date":"2017-06-30","mc":236.3135,"cmc":235.6797,"pe":55.6052,"pe_lyr":57.9596,"pb":1.7182,"ps":0.6994,"pcf":9.3369,"iop":57.6825}