{"code":"000933","atr10":0.877,"close":11.74,"close_count":60,"l_pvalue":0.0042562688,"l_slop":18.9329823486,"l_stderror":5.8335581416,"ma120":9.4604166667,"ma250":7.75408,"ma42":13.234047619,"max10":14.69,"min10":11.55,"name":"神火股份","stat_date":"2017-06-30","mc":223.1187,"cmc":223.107,"pe":72.4688,"pe_lyr":65.2128,"pb":3.5667,"ps":1.2161,"pcf":38.987,"iop":90.6473}