{"code":"000928","atr10":0.306,"close":8.37,"close_count":60,"l_pvalue":0.0021232499,"l_slop":-4.6515423831,"l_stderror":1.3091521468,"ma120":9.71925,"ma250":9.7468,"ma42":8.9580952381,"max10":8.95,"min10":8.35,"name":"中钢国际","stat_date":"2017-06-30","mc":105.1827,"cmc":62.2023,"pe":19.7747,"pe_lyr":20.5269,"pb":2.3722,"ps":1.1619,"pcf":12.0807,"iop":12.2186}