{"code":"000950","atr10":0.517,"close":10.72,"close_count":60,"l_pvalue":1.0,"l_slop":0.0,"l_stderror":0.0,"ma120":9.2369166667,"ma250":8.3728,"ma42":9.7069047619,"max10":10.72,"min10":10.72,"name":"*ST建峰","stat_date":"2017-06-30","mc":64.1913,"cmc":64.1913,"pe":-14.8164,"pe_lyr":-9.6606,"pb":6.7064,"ps":2.4137,"pcf":94.8482,"iop":59.8177}