{"code":"000965","atr10":0.151,"close":7.15,"close_count":60,"l_pvalue":1.10148514e-16,"l_slop":-21.9425354222,"l_stderror":0.8060519825,"ma120":8.1295,"ma250":7.46652,"ma42":7.6604761905,"max10":7.62,"min10":7.06,"name":"天保基建","stat_date":"2017-06-30","mc":72.139,"cmc":72.139,"pe":20.4493,"pe_lyr":24.8214,"pb":1.4769,"ps":4.8019,"pcf":-40.0274,"iop":-99.6334}