{"code":"000918","atr10":0.161,"close":7.05,"close_count":60,"l_pvalue":0.0207988202,"l_slop":4.5502500896,"l_stderror":1.8049560874,"ma120":7.33025,"ma250":7.98512,"ma42":7.0480952381,"max10":7.2,"min10":6.92,"name":"嘉凯城","stat_date":"2017-06-30","mc":127.1955,"cmc":127.1955,"pe":20.4516,"pe_lyr":31.8921,"pb":6.5585,"ps":9.3671,"pcf":-38.3647,"iop":58.6041}