{"code":"000970","atr10":1.054,"close":18.33,"close_count":60,"l_pvalue":0.0,"l_slop":70.2817080294,"l_stderror":3.7961515081,"ma120":15.5818333333,"ma250":15.11976,"ma42":17.8864285714,"max10":20.18,"min10":17.82,"name":"中科三环","stat_date":"2017-06-30","mc":195.2512,"cmc":195.2512,"pe":61.5768,"pe_lyr":61.6726,"pb":4.6852,"ps":5.3545,"pcf":-89.5428,"iop":6.6137}