{"code":"000909","atr10":0.437,"close":13.76,"close_count":60,"l_pvalue":1.54871569e-16,"l_slop":33.938107608,"l_stderror":1.2698326504,"ma120":12.6920833333,"ma250":14.55556,"ma42":12.7869047619,"max10":13.84,"min10":13.05,"name":"数源科技","stat_date":"2017-06-30","mc":42.9797,"cmc":40.4544,"pe":173.7464,"pe_lyr":200.4374,"pb":4.1688,"ps":2.3054,"pcf":9.9143,"iop":658.9134}