{"code":"000995","atr10":0.67,"close":14.28,"close_count":60,"l_pvalue":0.0,"l_slop":0.9433907967,"l_stderror":0.0524436187,"ma120":14.1344166667,"ma250":14.57968,"ma42":13.0035714286,"max10":14.28,"min10":14.28,"name":"皇台酒业","stat_date":"2017-06-30","mc":25.3339,"cmc":25.3335,"pe":-15.5873,"pe_lyr":-19.9987,"pb":-261.3636,"ps":16.5769,"pcf":-1476.3973,"iop":-14.1895}