{"code":"000905","atr10":0.333,"close":13.1,"close_count":60,"l_pvalue":0.0,"l_slop":-41.4756736956,"l_stderror":2.8505338547,"ma120":14.0471666667,"ma250":12.5126,"ma42":15.1176190476,"max10":14.3,"min10":12.94,"name":"厦门港务","stat_date":"2017-06-30","mc":69.561,"cmc":69.561,"pe":37.1113,"pe_lyr":33.6681,"pb":2.6441,"ps":0.6068,"pcf":-10.3744,"iop":-40.1762}