{"code":"000997","atr10":0.52,"close":22.48,"close_count":60,"l_pvalue":0.0010029957,"l_slop":-8.1134875267,"l_stderror":2.0899759671,"ma120":21.6286666667,"ma250":20.17092,"ma42":23.3604761905,"max10":23.52,"min10":22.07,"name":"新 大 陆","stat_date":"2017-06-30","mc":210.8989,"cmc":207.7875,"pe":32.2606,"pe_lyr":45.7137,"pb":7.2097,"ps":4.7062,"pcf":-164.2316,"iop":36.0573}