{"code":"000930","atr10":0.757,"close":13.84,"close_count":60,"l_pvalue":0.0,"l_slop":59.1201533515,"l_stderror":4.2493747594,"ma120":11.689,"ma250":12.26628,"ma42":12.6476190476,"max10":14.92,"min10":13.64,"name":"中粮生化","stat_date":"2017-06-30","mc":133.4745,"cmc":133.4745,"pe":39.346,"pe_lyr":105.0329,"pb":7.4709,"ps":2.2632,"pcf":-73.8886,"iop":637.4817}