{"code":"000975","atr10":0.417,"close":13.9,"close_count":60,"l_pvalue":0.0000167671,"l_slop":18.8290104349,"l_stderror":3.2985470465,"ma120":13.594,"ma250":14.06924,"ma42":14.31,"max10":14.71,"min10":13.85,"name":"银泰资源","stat_date":"2017-06-30","mc":150.3446,"cmc":122.1147,"pe":63.9253,"pe_lyr":68.4494,"pb":3.8644,"ps":17.3362,"pcf":-28.4766,"iop":29.7922}