{"code":"000935","atr10":1.775,"close":22.37,"close_count":60,"l_pvalue":0.000000624,"l_slop":40.7301896981,"l_stderror":5.5725513838,"ma120":22.6985833333,"ma250":14.37784,"ma42":28.9735714286,"max10":28.55,"min10":22.1,"name":"四川双马","stat_date":"2017-06-30","mc":170.7816,"cmc":140.8164,"pe":143.912,"pe_lyr":202.0154,"pb":6.1734,"ps":6.8913,"pcf":43.5141,"iop":111.6844}