{"code":"000912","atr10":0.427,"close":9.83,"close_count":60,"l_pvalue":0.0907856566,"l_slop":6.3778754097,"l_stderror":3.5796129683,"ma120":9.2018333333,"ma250":8.5704,"ma42":9.6702380952,"max10":10.37,"min10":9.6,"name":"泸天化","stat_date":"2017-06-30","mc":57.5055,"cmc":57.5055,"pe":-11.6543,"pe_lyr":-9.0247,"pb":72.3535,"ps":1.6468,"pcf":-88.0086,"iop":72.191}