{"code":"000976","atr10":0.207,"close":9.37,"close_count":60,"l_pvalue":2.078623627e-18,"l_slop":47.9074974441,"l_stderror":1.422100213,"ma120":8.5625833333,"ma250":9.18236,"ma42":8.6802380952,"max10":9.54,"min10":9.06,"name":"春晖股份","stat_date":"2017-06-30","mc":149.5151,"cmc":54.9577,"pe":156.4511,"pe_lyr":484.5919,"pb":4.021,"ps":8.2016,"pcf":24.3964,"iop":-19.1315}