{"code":"000953","atr10":0.366,"close":9.86,"close_count":60,"l_pvalue":0.0,"l_slop":20.1932499509,"l_stderror":1.1225539884,"ma120":14.2479166667,"ma250":13.26132,"ma42":10.365952381,"max10":9.86,"min10":9.86,"name":"*ST河化","stat_date":"2017-06-30","mc":28.9943,"cmc":28.9943,"pe":-38.5809,"pe_lyr":-20.453,"pb":-45.4163,"ps":10.5635,"pcf":-288.1704,"iop":58.1404}