{"code":"000988","atr10":0.631,"close":16.92,"close_count":60,"l_pvalue":1.211619006e-16,"l_slop":33.6834842997,"l_stderror":1.243726657,"ma120":15.0055833333,"ma250":15.57196,"ma42":16.2242857143,"max10":17.47,"min10":16.43,"name":"华工科技","stat_date":"2017-06-30","mc":150.7769,"cmc":150.7769,"pe":52.2333,"pe_lyr":65.6094,"pb":4.555,"ps":4.0741,"pcf":182.0296,"iop":75.0337}