{"code":"000978","atr10":0.155,"close":9.77,"close_count":60,"l_pvalue":0.0,"l_slop":30.0532038594,"l_stderror":2.273070203,"ma120":9.5210833333,"ma250":10.54948,"ma42":9.5678571429,"max10":10.2,"min10":9.71,"name":"桂林旅游","stat_date":"2017-06-30","mc":35.1818,"cmc":35.1754,"pe":110.325,"pe_lyr":587.7906,"pb":2.3618,"ps":6.4643,"pcf":-89.6498,"iop":1125.3909}