{"code":"000949","atr10":0.059,"close":4.47,"close_count":60,"l_pvalue":1.052254677e-23,"l_slop":-24.8003408436,"l_stderror":0.385281397,"ma120":4.81225,"ma250":5.31508,"ma42":4.7528571429,"max10":4.61,"min10":4.45,"name":"新乡化纤","stat_date":"2017-06-30","mc":56.2172,"cmc":45.8927,"pe":43.2097,"pe_lyr":48.878,"pb":1.571,"ps":1.4514,"pcf":-177.2104,"iop":-101.828}