{"code":"000920","atr10":0.522,"close":12.16,"close_count":60,"l_pvalue":0.0000005436,"l_slop":18.9340878718,"l_stderror":2.5655787158,"ma120":12.6064166667,"ma250":14.09408,"ma42":11.6547619048,"max10":13.64,"min10":11.58,"name":"南方汇通","stat_date":"2017-06-30","mc":51.3152,"cmc":51.3022,"pe":46.5679,"pe_lyr":52.0136,"pb":6.2418,"ps":4.9411,"pcf":-50.5003,"iop":17.3498}