{"code":"000998","atr10":0.812,"close":25.42,"close_count":60,"l_pvalue":0.0,"l_slop":33.218128857,"l_stderror":1.848354294,"ma120":22.35275,"ma250":21.14636,"ma42":23.6261904762,"max10":25.42,"min10":24.67,"name":"隆平高科","stat_date":"2017-06-30","mc":319.3247,"cmc":242.9682,"pe":55.0488,"pe_lyr":63.7174,"pb":5.6162,"ps":12.5309,"pcf":-396.7069,"iop":291.3809}