{"code":"000967","atr10":0.175,"close":9.46,"close_count":60,"l_pvalue":0.0061838376,"l_slop":2.3696607883,"l_stderror":0.7697367882,"ma120":9.9295833333,"ma250":9.96324,"ma42":9.590952381,"max10":9.9,"min10":9.45,"name":"盈峰环境","stat_date":"2017-06-30","mc":103.4103,"cmc":70.3959,"pe":34.1879,"pe_lyr":42.0726,"pb":2.8985,"ps":2.8542,"pcf":24.1738,"iop":141.6876}