{"code":"000919","atr10":0.149,"close":10.43,"close_count":60,"l_pvalue":0.0011574764,"l_slop":4.7339142522,"l_stderror":1.2394524621,"ma120":10.8623333333,"ma250":12.30352,"ma42":10.6271428571,"max10":10.79,"min10":10.43,"name":"金陵药业","stat_date":"2017-06-30","mc":52.5672,"cmc":52.4661,"pe":30.7433,"pe_lyr":29.1795,"pb":2.1323,"ps":1.51,"pcf":38.5236,"iop":-7.7164}