{"code":"000985","atr10":0.881,"close":25.48,"close_count":60,"l_pvalue":0.0022979827,"l_slop":17.0167046396,"l_stderror":4.836653131,"ma120":25.7244166667,"ma250":28.38088,"ma42":26.344047619,"max10":27.66,"min10":25.48,"name":"大庆华科","stat_date":"2017-06-30","mc":33.0321,"cmc":33.0321,"pe":82.7916,"pe_lyr":99.0708,"pb":6.3481,"ps":2.5339,"pcf":37.987,"iop":-110.2571}