{"code":"000927","atr10":0.232,"close":5.78,"close_count":60,"l_pvalue":0.0,"l_slop":38.1545341815,"l_stderror":1.6171740656,"ma120":5.667,"ma250":5.79364,"ma42":5.1204761905,"max10":5.78,"min10":5.78,"name":"一汽夏利","stat_date":"2017-06-30","mc":92.2011,"cmc":92.2009,"pe":-2029.0647,"pe_lyr":56.7996,"pb":9.1055,"ps":5.6038,"pcf":-71.1364,"iop":-9.9736}