{"code":"000922","atr10":0.212,"close":8.31,"close_count":60,"l_pvalue":0.0000092016,"l_slop":20.0575465877,"l_stderror":3.349355568,"ma120":7.79025,"ma250":9.7986,"ma42":8.0530952381,"max10":8.35,"min10":8.07,"name":"*ST佳电","stat_date":"2017-06-30","mc":45.1788,"cmc":38.0515,"pe":-22.5787,"pe_lyr":-10.3462,"pb":3.1394,"ps":3.3538,"pcf":-498.7442,"iop":97.3086}