{"code":"000908","atr10":0.118,"close":7.37,"close_count":60,"l_pvalue":0.0900372567,"l_slop":-1.1761478591,"l_stderror":0.6584659894,"ma120":8.0221666667,"ma250":9.49468,"ma42":7.4966666667,"max10":7.64,"min10":7.37,"name":"景峰医药","stat_date":"2017-06-30","mc":64.8394,"cmc":45.4148,"pe":23.1575,"pe_lyr":19.0688,"pb":2.8448,"ps":2.528,"pcf":13.2693,"iop":-56.9606}