{"code":"000900","atr10":0.057,"close":6.03,"close_count":60,"l_pvalue":0.0004758944,"l_slop":-4.8250564708,"l_stderror":1.146476992,"ma120":6.0298333333,"ma250":5.77584,"ma42":6.1769047619,"max10":6.16,"min10":6.01,"name":"现代投资","stat_date":"2017-06-30","mc":91.525,"cmc":91.3873,"pe":10.3282,"pe_lyr":11.1387,"pb":1.1291,"ps":0.8968,"pcf":18.5656,"iop":7.1097}