{"code":"000977","atr10":0.763,"close":19.14,"close_count":60,"l_pvalue":1.31356088e-17,"l_slop":63.8769036059,"l_stderror":2.0929244417,"ma120":16.9145,"ma250":18.7358,"ma42":17.8111904762,"max10":20.28,"min10":18.86,"name":"浪潮信息","stat_date":"2017-06-30","mc":246.7629,"cmc":245.7786,"pe":144.3575,"pe_lyr":85.9727,"pb":3.5204,"ps":1.5496,"pcf":26.2597,"iop":-33.7332}