{"code":"000952","atr10":0.456,"close":16.01,"close_count":60,"l_pvalue":0.0000029555,"l_slop":9.0747862932,"l_stderror":1.3892697524,"ma120":15.66,"ma250":18.17232,"ma42":16.3078571429,"max10":16.72,"min10":15.88,"name":"广济药业","stat_date":"2017-06-30","mc":40.2981,"cmc":40.2964,"pe":29.702,"pe_lyr":28.4111,"pb":5.7181,"ps":5.3211,"pcf":-53.0595,"iop":2.6055}