{"code":"000937","atr10":0.176,"close":6.92,"close_count":60,"l_pvalue":0.1975111721,"l_slop":4.1400203246,"l_stderror":3.1001132918,"ma120":6.633,"ma250":6.82708,"ma42":7.1257142857,"max10":7.23,"min10":6.8,"name":"冀中能源","stat_date":"2017-06-30","mc":244.5214,"cmc":201.1367,"pe":30.3617,"pe_lyr":100.2237,"pb":1.2895,"ps":1.3403,"pcf":-67.5833,"iop":7805.645}