{"code":"000913","atr10":0.527,"close":17.72,"close_count":60,"l_pvalue":0.0,"l_slop":34.1034840076,"l_stderror":1.9679488197,"ma120":16.80225,"ma250":17.36116,"ma42":17.1028571429,"max10":18.61,"min10":17.38,"name":"钱江摩托","stat_date":"2017-06-30","mc":80.3666,"cmc":80.3666,"pe":24.4678,"pe_lyr":24.4837,"pb":3.2728,"ps":3.3159,"pcf":35.2686,"iop":328.8343}