{"code":"000957","atr10":1.029,"close":13.99,"close_count":60,"l_pvalue":0.0,"l_slop":111.376029847,"l_stderror":7.0090905833,"ma120":11.81575,"ma250":14.31688,"ma42":11.7478571429,"max10":15.21,"min10":12.58,"name":"中通客车","stat_date":"2017-06-30","mc":82.9473,"cmc":66.7321,"pe":23.3294,"pe_lyr":14.1594,"pb":3.1274,"ps":1.0945,"pcf":18.2659,"iop":-69.2856}