{"code":"000936","atr10":0.115,"close":7.09,"close_count":60,"l_pvalue":0.7066195844,"l_slop":0.5747771875,"l_stderror":1.50421613,"ma120":7.3558333333,"ma250":8.7462,"ma42":7.2966666667,"max10":7.38,"min10":7.09,"name":"华西股份","stat_date":"2017-06-30","mc":62.8183,"cmc":53.0213,"pe":10.012,"pe_lyr":10.3926,"pb":1.313,"ps":2.2667,"pcf":-189.1485,"iop":7.0467}