{"code":"001696","atr10":0.196,"close":7.45,"close_count":60,"l_pvalue":0.0,"l_slop":2.1214932056,"l_stderror":0.1179349864,"ma120":7.8225,"ma250":8.80576,"ma42":7.3726190476,"max10":7.45,"min10":7.45,"name":"宗申动力","stat_date":"2017-06-30","mc":85.3045,"cmc":66.472,"pe":30.1675,"pe_lyr":29.3024,"pb":2.3567,"ps":1.6927,"pcf":18.7181,"iop":-6.4095}