{"code":"001896","atr10":0.073,"close":6.42,"close_count":60,"l_pvalue":0.000000036,"l_slop":-8.2819081493,"l_stderror":0.935439154,"ma120":7.1385,"ma250":8.85272,"ma42":6.659047619,"max10":6.65,"min10":6.42,"name":"豫能控股","stat_date":"2017-06-30","mc":73.8677,"cmc":42.4954,"pe":212.4473,"pe_lyr":16.0654,"pb":1.1809,"ps":1.2222,"pcf":28.4457,"iop":-112.9301}