{"code":"001979","atr10":0.605,"close":18.51,"close_count":60,"l_pvalue":0.000977889,"l_slop":6.8292961544,"l_stderror":1.7541619837,"ma120":19.4630833333,"ma250":18.00136,"ma42":19.2078571429,"max10":20.19,"min10":18.51,"name":"招商蛇口","stat_date":"2017-06-30","mc":1463.0476,"cmc":351.6252,"pe":15.8715,"pe_lyr":15.2696,"pb":2.8181,"ps":2.3704,"pcf":16.0394,"iop":-49.9429}