{"code":"002079","atr10":0.36,"close":8.55,"close_count":60,"l_pvalue":3.646169772e-17,"l_slop":42.397624483,"l_stderror":1.467459155,"ma120":7.65725,"ma250":8.78896,"ma42":7.8419047619,"max10":8.83,"min10":7.96,"name":"苏州固锝","stat_date":"2017-06-30","mc":62.2416,"cmc":62.0754,"pe":53.9783,"pe_lyr":54.8821,"pb":4.2065,"ps":4.1783,"pcf":44.1071,"iop":-6.2074}