{"code":"002039","atr10":0.226,"close":15.64,"close_count":60,"l_pvalue":0.9102310355,"l_slop":0.2034712742,"l_stderror":1.7807854301,"ma120":15.1945,"ma250":15.8876,"ma42":16.0116666667,"max10":16.0,"min10":15.52,"name":"黔源电力","stat_date":"2017-06-30","mc":47.7644,"cmc":47.7603,"pe":64.3254,"pe_lyr":36.8513,"pb":2.2927,"ps":2.8913,"pcf":106.305,"iop":23.2841}