{"code":"002029","atr10":0.158,"close":9.57,"close_count":60,"l_pvalue":0.0,"l_slop":10.0101024909,"l_stderror":0.4613587747,"ma120":9.6253333333,"ma250":9.99476,"ma42":9.554047619,"max10":9.84,"min10":9.55,"name":"七 匹 狼","stat_date":"2017-06-30","mc":72.3176,"cmc":72.2367,"pe":25.4665,"pe_lyr":27.0658,"pb":1.375,"ps":2.6037,"pcf":-88.3998,"iop":91.3995}