{"code":"002057","atr10":0.663,"close":15.6,"close_count":60,"l_pvalue":0.0,"l_slop":46.2940347164,"l_stderror":3.0461822475,"ma120":13.82075,"ma250":14.71592,"ma42":15.460952381,"max10":17.2,"min10":15.31,"name":"中钢天源","stat_date":"2017-06-30","mc":36.708,"cmc":31.1035,"pe":60.2888,"pe_lyr":106.781,"pb":4.0358,"ps":7.5021,"pcf":-66.536,"iop":50.6637}