{"code":"002042","atr10":0.175,"close":11.03,"close_count":60,"l_pvalue":0.000000098,"l_slop":11.8151080568,"l_stderror":1.4249009182,"ma120":10.764,"ma250":11.2442,"ma42":11.0071428571,"max10":11.29,"min10":10.98,"name":"华孚色纺","stat_date":"2017-06-30","mc":111.7247,"cmc":92.3935,"pe":18.1026,"pe_lyr":23.316,"pb":1.7051,"ps":1.1176,"pcf":5.5817,"iop":289.7982}