{"code":"002076","atr10":0.4,"close":14.17,"close_count":60,"l_pvalue":1.0,"l_slop":0.0,"l_stderror":0.0,"ma120":14.5085,"ma250":14.40984,"ma42":13.3692857143,"max10":14.17,"min10":14.17,"name":"雪 莱 特","stat_date":"2017-06-30","mc":51.6281,"cmc":29.7461,"pe":140.3986,"pe_lyr":127.4644,"pb":5.0723,"ps":5.7598,"pcf":74.9805,"iop":-88.2842}