{"code":"002094","atr10":0.45,"close":21.21,"close_count":60,"l_pvalue":0.0000335809,"l_slop":16.011454613,"l_stderror":2.9710282524,"ma120":21.9415,"ma250":25.05024,"ma42":21.2383333333,"max10":21.83,"min10":21.15,"name":"青岛金王","stat_date":"2017-06-30","mc":83.2595,"cmc":74.68,"pe":18.9169,"pe_lyr":44.9231,"pb":2.9912,"ps":2.5174,"pcf":55.2392,"iop":608.2445}