{"code":"002002","atr10":0.136,"close":7.82,"close_count":60,"l_pvalue":0.0000000003,"l_slop":-6.0210542104,"l_stderror":0.5065677863,"ma120":7.9211666667,"ma250":7.645,"ma42":8.080952381,"max10":8.13,"min10":7.81,"name":"鸿达兴业","stat_date":"2017-06-30","mc":202.1118,"cmc":162.3185,"pe":19.309,"pe_lyr":24.714,"pb":3.8355,"ps":2.8897,"pcf":-122.3996,"iop":19.7231}