{"code":"002074","atr10":1.563,"close":32.17,"close_count":60,"l_pvalue":0.0000000472,"l_slop":26.684110453,"l_stderror":3.0670698541,"ma120":31.45325,"ma250":31.99092,"ma42":32.6207142857,"max10":34.66,"min10":31.7,"name":"国轩高科","stat_date":"2017-06-30","mc":282.3239,"cmc":156.5096,"pe":29.9521,"pe_lyr":27.3851,"pb":6.5724,"ps":5.937,"pcf":27.3699,"iop":25.6429}