{"code":"002070","atr10":0.631,"close":10.17,"close_count":60,"l_pvalue":1.0,"l_slop":0.0,"l_stderror":0.0,"ma120":14.8344166667,"ma250":18.49092,"ma42":13.7514285714,"max10":10.17,"min10":10.17,"name":"*ST众和","stat_date":"2017-06-30","mc":64.6058,"cmc":57.6234,"pe":-43.499,"pe_lyr":-133.7715,"pb":11.0049,"ps":7.7007,"pcf":592.5901,"iop":-264.7955}