{"code":"002005","atr10":0.105,"close":4.85,"close_count":60,"l_pvalue":2.053133863e-16,"l_slop":13.542721357,"l_stderror":0.5144875697,"ma120":4.9535833333,"ma250":5.5102,"ma42":4.7502380952,"max10":4.96,"min10":4.74,"name":"德豪润达","stat_date":"2017-06-30","mc":67.7254,"cmc":56.5704,"pe":-131.5614,"pe_lyr":213.5108,"pb":1.287,"ps":1.5875,"pcf":11.417,"iop":-638.5632}