{"code":"002097","atr10":0.183,"close":8.85,"close_count":60,"l_pvalue":0.0000000067,"l_slop":15.1138732921,"l_stderror":1.5345481022,"ma120":8.6243333333,"ma250":8.88024,"ma42":8.85,"max10":9.22,"min10":8.68,"name":"山河智能","stat_date":"2017-06-30","mc":66.8463,"cmc":53.4527,"pe":50.1022,"pe_lyr":99.8883,"pb":2.809,"ps":2.2902,"pcf":-54.0953,"iop":183.9328}