{"code":"002044","atr10":0.461,"close":16.85,"close_count":60,"l_pvalue":1.226826562e-18,"l_slop":22.4844850735,"l_stderror":0.6488894207,"ma120":15.7311666667,"ma250":14.42072,"ma42":16.2876190476,"max10":17.15,"min10":16.65,"name":"美年健康","stat_date":"2017-06-30","mc":408.0198,"cmc":178.9101,"pe":104.6518,"pe_lyr":120.3916,"pb":12.3575,"ps":11.146,"pcf":47.6647,"iop":34.1469}