{"code":"002054","atr10":0.468,"close":14.75,"close_count":60,"l_pvalue":0.0090249611,"l_slop":-9.120077879,"l_stderror":3.1365433374,"ma120":15.1085833333,"ma250":13.15952,"ma42":15.5752380952,"max10":16.04,"min10":14.75,"name":"德美化工","stat_date":"2017-06-30","mc":61.8365,"cmc":46.4347,"pe":83.2606,"pe_lyr":41.6887,"pb":3.4792,"ps":2.2549,"pcf":-300.5938,"iop":-79.6641}