{"code":"002048","atr10":0.79,"close":24.2,"close_count":60,"l_pvalue":2.918826619e-17,"l_slop":75.3717196374,"l_stderror":2.5777356318,"ma120":21.2168333333,"ma250":21.9516,"ma42":21.6147619048,"max10":24.48,"min10":23.63,"name":"宁波华翔","stat_date":"2017-06-30","mc":128.2714,"cmc":111.4308,"pe":16.1313,"pe_lyr":17.9681,"pb":2.3162,"ps":0.9176,"pcf":243.4125,"iop":15.2717}