{"code":"002078","atr10":0.333,"close":9.58,"close_count":60,"l_pvalue":0.0,"l_slop":58.4560090334,"l_stderror":2.862931579,"ma120":7.715,"ma250":7.3376,"ma42":8.7828571429,"max10":9.58,"min10":9.15,"name":"太阳纸业","stat_date":"2017-06-30","mc":242.9349,"cmc":242.5156,"pe":15.3845,"pe_lyr":22.9886,"pb":2.7959,"ps":1.4641,"pcf":-258.3744,"iop":104.4924}