{"code":"002081","atr10":0.242,"close":10.94,"close_count":60,"l_pvalue":0.0000004303,"l_slop":8.6467517599,"l_stderror":1.1527380271,"ma120":10.6989166667,"ma250":10.74564,"ma42":11.0578571429,"max10":11.54,"min10":10.91,"name":"金 螳 螂","stat_date":"2017-06-30","mc":289.178,"cmc":278.3524,"pe":17.0934,"pe_lyr":17.1783,"pb":2.765,"ps":1.4461,"pcf":112.4935,"iop":3.1894}