{"code":"002051","atr10":0.318,"close":20.03,"close_count":60,"l_pvalue":3.338584717e-17,"l_slop":-12.8552604949,"l_stderror":0.4428406844,"ma120":21.2786666667,"ma250":20.51384,"ma42":20.7176190476,"max10":20.78,"min10":19.9,"name":"中工国际","stat_date":"2017-06-30","mc":222.8886,"cmc":221.9158,"pe":16.3806,"pe_lyr":17.4185,"pb":3.0465,"ps":2.5208,"pcf":83.8947,"iop":23.201}