{"code":"002031","atr10":0.04,"close":3.11,"close_count":60,"l_pvalue":0.0000403712,"l_slop":3.7360016731,"l_stderror":0.7041823391,"ma120":3.1566666667,"ma250":3.37408,"ma42":3.135952381,"max10":3.2,"min10":3.1,"name":"巨轮智能","stat_date":"2017-06-30","mc":68.4012,"cmc":58.1306,"pe":166.4401,"pe_lyr":216.8257,"pb":2.2989,"ps":7.2353,"pcf":-21.2699,"iop":1568.4507}