{"code":"002040","atr10":0.319,"close":16.7,"close_count":60,"l_pvalue":0.0000000002,"l_slop":-15.0747896339,"l_stderror":1.2529379065,"ma120":18.2955,"ma250":18.21044,"ma42":17.5719047619,"max10":17.56,"min10":16.58,"name":"南 京 港","stat_date":"2017-06-30","mc":62.1711,"cmc":41.0606,"pe":53.5766,"pe_lyr":73.4785,"pb":2.6417,"ps":13.4009,"pcf":12.8135,"iop":275.364}