{"code":"002022","atr10":0.369,"close":17.28,"close_count":60,"l_pvalue":0.0000000002,"l_slop":20.3200991302,"l_stderror":1.6752379185,"ma120":17.5179166667,"ma250":19.35708,"ma42":17.0816666667,"max10":17.92,"min10":17.23,"name":"科华生物","stat_date":"2017-06-30","mc":88.572,"cmc":78.7464,"pe":40.1483,"pe_lyr":38.1118,"pb":4.6385,"ps":6.0767,"pcf":151.3927,"iop":10.2944}