{"code":"002053","atr10":0.355,"close":13.08,"close_count":60,"l_pvalue":1.0,"l_slop":0.0,"l_stderror":0.0,"ma120":15.7959166667,"ma250":14.98544,"ma42":12.6978571429,"max10":13.08,"min10":13.08,"name":"云南能投","stat_date":"2017-06-30","mc":73.0295,"cmc":48.6186,"pe":26.7004,"pe_lyr":27.0353,"pb":3.1827,"ps":4.7946,"pcf":-18.7341,"iop":-1.5653}