{"code":"002018","atr10":0.355,"close":8.26,"close_count":60,"l_pvalue":0.0,"l_slop":61.4019520022,"l_stderror":3.7373884019,"ma120":7.18375,"ma250":8.18804,"ma42":7.3873809524,"max10":8.58,"min10":7.82,"name":"华信国际","stat_date":"2017-06-30","mc":188.1485,"cmc":188.1485,"pe":37.5315,"pe_lyr":51.1219,"pb":5.642,"ps":0.8289,"pcf":-589.2332,"iop":76.1524}