{"code":"002059","atr10":0.355,"close":10.34,"close_count":60,"l_pvalue":0.0,"l_slop":47.753904477,"l_stderror":2.5358119388,"ma120":9.92825,"ma250":10.44528,"ma42":9.6966666667,"max10":10.77,"min10":10.0,"name":"云南旅游","stat_date":"2017-06-30","mc":75.564,"cmc":73.2918,"pe":137.8512,"pe_lyr":113.1241,"pb":5.0926,"ps":5.5961,"pcf":26.1725,"iop":-64.915}