{"code":"002023","atr10":0.456,"close":11.16,"close_count":60,"l_pvalue":0.0000000106,"l_slop":25.6691483528,"l_stderror":2.6810844402,"ma120":10.7579166667,"ma250":12.7614,"ma42":10.3480952381,"max10":11.43,"min10":10.19,"name":"海特高新","stat_date":"2017-06-30","mc":84.4579,"cmc":73.5757,"pe":619.0247,"pe_lyr":207.1649,"pb":2.351,"ps":18.1508,"pcf":-81.0431,"iop":-62.6791}