{"code":"002099","atr10":0.128,"close":6.58,"close_count":60,"l_pvalue":0.0000133735,"l_slop":-11.0534262035,"l_stderror":1.9013854404,"ma120":6.97625,"ma250":8.04696,"ma42":6.9819047619,"max10":6.99,"min10":6.52,"name":"海翔药业","stat_date":"2017-06-30","mc":106.702,"cmc":61.7776,"pe":64.8568,"pe_lyr":47.4192,"pb":2.1195,"ps":4.4916,"pcf":19.2101,"iop":-23.1501}