{"code":"002033","atr10":0.196,"close":10.21,"close_count":60,"l_pvalue":0.0,"l_slop":26.9350971162,"l_stderror":1.9556018472,"ma120":10.2063333333,"ma250":10.88224,"ma42":10.0495238095,"max10":10.75,"min10":10.21,"name":"丽江旅游","stat_date":"2017-06-30","mc":56.103,"cmc":56.1019,"pe":27.0144,"pe_lyr":25.0657,"pb":2.527,"ps":7.5935,"pcf":71.2007,"iop":-30.3169}