{"code":"002011","atr10":0.304,"close":10.66,"close_count":60,"l_pvalue":0.0,"l_slop":14.1341940624,"l_stderror":0.8595802109,"ma120":10.79225,"ma250":10.34876,"ma42":10.7111904762,"max10":11.43,"min10":10.65,"name":"盾安环境","stat_date":"2017-06-30","mc":97.7748,"cmc":89.5679,"pe":109.0671,"pe_lyr":117.7824,"pb":2.2236,"ps":1.3778,"pcf":382.6827,"iop":386.1962}