{"code":"002049","atr10":2.084,"close":33.85,"close_count":60,"l_pvalue":0.0,"l_slop":73.1401273169,"l_stderror":4.5122232502,"ma120":30.47625,"ma250":34.7236,"ma42":28.24,"max10":36.15,"min10":28.66,"name":"紫光国芯","stat_date":"2017-06-30","mc":205.4079,"cmc":204.019,"pe":66.4182,"pe_lyr":61.1139,"pb":6.2423,"ps":13.0538,"pcf":127.9717,"iop":66.6167}