{"code":"002065","atr10":0.336,"close":11.02,"close_count":60,"l_pvalue":0.0,"l_slop":42.925428316,"l_stderror":2.0133858602,"ma120":10.45075,"ma250":10.68012,"ma42":10.4828571429,"max10":11.68,"min10":11.0,"name":"东华软件","stat_date":"2017-06-30","mc":346.0046,"cmc":308.0131,"pe":29.173,"pe_lyr":38.46,"pb":3.9129,"ps":5.0674,"pcf":133.5675,"iop":-12.5816}