{"code":"002089","atr10":0.319,"close":7.3,"close_count":60,"l_pvalue":0.0000000002,"l_slop":33.1345546391,"l_stderror":2.7523002771,"ma120":6.6164166667,"ma250":7.16648,"ma42":6.7297619048,"max10":7.3,"min10":6.86,"name":"新 海 宜","stat_date":"2017-06-30","mc":100.3509,"cmc":68.084,"pe":227.3345,"pe_lyr":366.4084,"pb":5.2494,"ps":8.2873,"pcf":64.8289,"iop":-49.8122}