{"code":"002021","atr10":0.117,"close":6.21,"close_count":60,"l_pvalue":0.0000005166,"l_slop":13.3771654448,"l_stderror":1.8061723164,"ma120":7.0210833333,"ma250":8.06428,"ma42":6.3173809524,"max10":6.52,"min10":6.17,"name":"中捷资源","stat_date":"2017-06-30","mc":42.7133,"cmc":42.7098,"pe":212.9438,"pe_lyr":274.5891,"pb":4.3308,"ps":5.8653,"pcf":662.9303,"iop":8.3274}