{"code":"002012","atr10":0.49,"close":11.79,"close_count":60,"l_pvalue":1.0,"l_slop":0.0,"l_stderror":0.0,"ma120":12.6426666667,"ma250":10.73964,"ma42":13.725952381,"max10":11.79,"min10":11.79,"name":"凯恩股份","stat_date":"2017-06-30","mc":55.0395,"cmc":55.0395,"pe":164.4967,"pe_lyr":633.4287,"pb":4.5818,"ps":5.5482,"pcf":243.1111,"iop":35.5118}