{"code":"002007","atr10":0.301,"close":27.43,"close_count":60,"l_pvalue":5.422846612e-16,"l_slop":-11.9204775516,"l_stderror":0.4772804838,"ma120":31.9188333333,"ma250":33.71884,"ma42":28.2019047619,"max10":27.92,"min10":27.4,"name":"华兰生物","stat_date":"2017-06-30","mc":255.1231,"cmc":220.3717,"pe":31.846,"pe_lyr":32.695,"pb":5.965,"ps":12.2013,"pcf":247.4952,"iop":-1.0637}