{"code":"002092","atr10":0.494,"close":15.85,"close_count":60,"l_pvalue":0.0347330087,"l_slop":9.2575920613,"l_stderror":4.0705767565,"ma120":13.8371666667,"ma250":12.78976,"ma42":16.2485714286,"max10":17.15,"min10":15.26,"name":"中泰化学","stat_date":"2017-06-30","mc":340.2123,"cmc":322.4344,"pe":12.0831,"pe_lyr":18.4549,"pb":2.1462,"ps":1.1146,"pcf":33.2027,"iop":249.7665}