{"code":"002001","atr10":0.797,"close":24.95,"close_count":60,"l_pvalue":0.0,"l_slop":46.1146590931,"l_stderror":2.7342966223,"ma120":19.6505,"ma250":19.78024,"ma42":22.1076190476,"max10":25.15,"min10":22.97,"name":"新 和 成","stat_date":"2017-06-30","mc":271.6853,"cmc":267.7234,"pe":21.344,"pe_lyr":22.5909,"pb":3.3996,"ps":5.4319,"pcf":66.8216,"iop":-9.4948}