{"code":"002019","atr10":0.576,"close":20.58,"close_count":60,"l_pvalue":1.938944508e-16,"l_slop":-15.0825299933,"l_stderror":0.5712170127,"ma120":17.5908333333,"ma250":16.61528,"ma42":20.7642857143,"max10":20.75,"min10":19.68,"name":"亿帆医药","stat_date":"2017-06-30","mc":248.3954,"cmc":119.0042,"pe":30.2379,"pe_lyr":35.2452,"pb":4.4032,"ps":6.8432,"pcf":88.1817,"iop":7.9578}