{"code":"002095","atr10":2.139,"close":41.03,"close_count":60,"l_pvalue":0.0,"l_slop":118.790891086,"l_stderror":5.491133594,"ma120":34.7780833333,"ma250":40.02088,"ma42":37.170952381,"max10":46.04,"min10":40.32,"name":"生 意 宝","stat_date":"2017-06-30","mc":103.691,"cmc":103.2325,"pe":759.3851,"pe_lyr":821.6897,"pb":12.6055,"ps":27.6217,"pcf":25.4524,"iop":3.1046}