{"code":"002026","atr10":0.143,"close":9.38,"close_count":60,"l_pvalue":0.0,"l_slop":36.4962831821,"l_stderror":1.7070167035,"ma120":9.54825,"ma250":10.5904,"ma42":9.0157142857,"max10":9.64,"min10":9.35,"name":"山东威达","stat_date":"2017-06-30","mc":39.4052,"cmc":34.0215,"pe":28.6595,"pe_lyr":37.8984,"pb":1.7153,"ps":2.9284,"pcf":-26.0786,"iop":68.2789}