{"code":"002046","atr10":0.281,"close":10.35,"close_count":60,"l_pvalue":0.9026826037,"l_slop":-0.1264522486,"l_stderror":1.0204599132,"ma120":11.0749166667,"ma250":11.92308,"ma42":10.4423809524,"max10":10.88,"min10":10.35,"name":"轴研科技","stat_date":"2017-06-30","mc":36.5986,"cmc":35.2486,"pe":90.2816,"pe_lyr":290.9705,"pb":2.7012,"ps":7.988,"pcf":37.5457,"iop":150.453}