{"code":"002058","atr10":0.724,"close":19.57,"close_count":60,"l_pvalue":0.000038236,"l_slop":-5.2236231235,"l_stderror":0.980019202,"ma120":23.7243333333,"ma250":25.09372,"ma42":21.215,"max10":20.82,"min10":19.57,"name":"威 尔 泰","stat_date":"2017-06-30","mc":28.0728,"cmc":28.0699,"pe":1015.1856,"pe_lyr":535.3964,"pb":15.5826,"ps":27.8007,"pcf":1780.1342,"iop":-81.1107}