{"code":"002035","atr10":0.908,"close":25.78,"close_count":60,"l_pvalue":0.000331512,"l_slop":13.1159954662,"l_stderror":3.0032539164,"ma120":23.18625,"ma250":20.06784,"ma42":23.7345238095,"max10":25.78,"min10":23.0,"name":"华帝股份","stat_date":"2017-06-30","mc":149.9783,"cmc":133.4371,"pe":36.6852,"pe_lyr":45.7919,"pb":8.0399,"ps":2.9843,"pcf":-346.3963,"iop":53.6872}