{"code":"002027","atr10":0.308,"close":9.96,"close_count":60,"l_pvalue":2.836200608e-19,"l_slop":39.7675686793,"l_stderror":1.0613873797,"ma120":9.13375,"ma250":9.57772,"ma42":9.3616666667,"max10":10.04,"min10":9.66,"name":"分众传媒","stat_date":"2017-06-30","mc":1218.2642,"cmc":578.0602,"pe":23.9674,"pe_lyr":27.3693,"pb":36.326,"ps":11.1493,"pcf":27.7071,"iop":83.8977}