{"code":"002025","atr10":0.439,"close":21.34,"close_count":60,"l_pvalue":0.1636152672,"l_slop":-2.0730528723,"l_stderror":1.4305826777,"ma120":22.63175,"ma250":21.96708,"ma42":21.375,"max10":21.64,"min10":20.84,"name":"航天电器","stat_date":"2017-06-30","mc":91.5486,"cmc":91.527,"pe":32.2434,"pe_lyr":35.0671,"pb":4.1539,"ps":3.768,"pcf":309.0177,"iop":10.6174}