{"code":"002088","atr10":0.397,"close":12.99,"close_count":60,"l_pvalue":0.0,"l_slop":38.4207542186,"l_stderror":2.0037666155,"ma120":11.7516666667,"ma250":12.02736,"ma42":12.6642857143,"max10":13.8,"min10":12.8,"name":"鲁阳节能","stat_date":"2017-06-30","mc":45.5907,"cmc":27.1672,"pe":32.1961,"pe_lyr":43.5574,"pb":2.6459,"ps":3.4111,"pcf":31.1198,"iop":407.9569}