{"code":"002013","atr10":0.239,"close":11.23,"close_count":60,"l_pvalue":0.0000007035,"l_slop":-6.6874055712,"l_stderror":0.9226985033,"ma120":11.4138333333,"ma250":11.41588,"ma42":11.0664285714,"max10":11.25,"min10":10.8,"name":"中航机电","stat_date":"2017-06-30","mc":270.1663,"cmc":235.2727,"pe":44.2497,"pe_lyr":46.3295,"pb":3.5477,"ps":3.0726,"pcf":-16.1164,"iop":47.0653}