{"code":"002024","atr10":0.417,"close":12.4,"close_count":60,"l_pvalue":0.0000014524,"l_slop":17.591505587,"l_stderror":2.5561787569,"ma120":11.1045833333,"ma250":11.13888,"ma42":11.9676190476,"max10":13.0,"min10":11.77,"name":"苏宁云商","stat_date":"2017-06-30","mc":1154.4449,"cmc":618.334,"pe":103.3429,"pe_lyr":163.8873,"pb":1.5419,"ps":0.7056,"pcf":-28.3087,"iop":142.2287}