{"code":"002090","atr10":0.552,"close":25.21,"close_count":60,"l_pvalue":2.861568541e-18,"l_slop":27.8546495855,"l_stderror":0.8411038083,"ma120":22.8815833333,"ma250":24.02792,"ma42":23.1171428571,"max10":25.21,"min10":23.81,"name":"金智科技","stat_date":"2017-06-30","mc":59.9501,"cmc":52.1765,"pe":43.3439,"pe_lyr":54.9056,"pb":4.9528,"ps":2.4779,"pcf":32.8524,"iop":70.2688}