{"code":"002073","atr10":0.284,"close":9.55,"close_count":60,"l_pvalue":0.0,"l_slop":15.40992961,"l_stderror":1.0072792978,"ma120":8.9905833333,"ma250":10.18712,"ma42":9.2423809524,"max10":9.73,"min10":9.17,"name":"软控股份","stat_date":"2017-06-30","mc":89.335,"cmc":59.9494,"pe":-12.2725,"pe_lyr":-11.581,"pb":1.9517,"ps":3.9496,"pcf":14.1813,"iop":484.5959}