{"code":"002087","atr10":0.097,"close":6.03,"close_count":60,"l_pvalue":0.0000324444,"l_slop":7.8475715276,"l_stderror":1.4519387465,"ma120":5.981,"ma250":6.47296,"ma42":6.1121428571,"max10":6.25,"min10":5.99,"name":"新野纺织","stat_date":"2017-06-30","mc":49.2527,"cmc":49.1833,"pe":17.7968,"pe_lyr":23.7414,"pb":1.612,"ps":1.0165,"pcf":-20.0861,"iop":158.8195}