{"code":"002028","atr10":0.51,"close":16.72,"close_count":60,"l_pvalue":0.0000001027,"l_slop":35.161744202,"l_stderror":4.2536490266,"ma120":15.889,"ma250":14.4338,"ma42":15.1933333333,"max10":16.72,"min10":15.7,"name":"思源电气","stat_date":"2017-06-30","mc":127.107,"cmc":96.891,"pe":36.123,"pe_lyr":36.169,"pb":2.9732,"ps":2.7743,"pcf":28.7395,"iop":8.8642}