{"code":"002091","atr10":0.467,"close":11.07,"close_count":60,"l_pvalue":0.0,"l_slop":49.3314050494,"l_stderror":2.4184928257,"ma120":10.0363333333,"ma250":10.24348,"ma42":10.5816666667,"max10":11.97,"min10":10.84,"name":"江苏国泰","stat_date":"2017-06-30","mc":174.195,"cmc":77.0922,"pe":25.3812,"pe_lyr":32.1726,"pb":2.6362,"ps":0.5336,"pcf":8.2767,"iop":19.0555}