{"code":"002072","atr10":0.712,"close":31.07,"close_count":60,"l_pvalue":0.8823295247,"l_slop":-0.2656238419,"l_stderror":1.7705832811,"ma120":28.5408333333,"ma250":26.24892,"ma42":30.9095238095,"max10":31.3,"min10":30.29,"name":"凯瑞德","stat_date":"2017-06-30","mc":54.6832,"cmc":54.6832,"pe":-273.4357,"pe_lyr":380.8988,"pb":55.465,"ps":68.9314,"pcf":621.5474,"iop":139.4086}