{"code":"002004","atr10":0.071,"close":7.71,"close_count":60,"l_pvalue":0.0000000208,"l_slop":-5.3586828676,"l_stderror":0.5842527455,"ma120":7.91975,"ma250":8.45796,"ma42":7.8966666667,"max10":7.9,"min10":7.64,"name":"华邦健康","stat_date":"2017-06-30","mc":156.8852,"cmc":128.6906,"pe":32.2711,"pe_lyr":27.6758,"pb":1.6201,"ps":1.9497,"pcf":-12.7871,"iop":-24.8265}