{"code":"002008","atr10":1.328,"close":41.54,"close_count":60,"l_pvalue":2.269067052e-24,"l_slop":47.5843748003,"l_stderror":0.681673455,"ma120":34.09425,"ma250":28.43252,"ma42":37.5352380952,"max10":41.82,"min10":39.08,"name":"大族激光","stat_date":"2017-06-30","mc":443.2589,"cmc":412.153,"pe":34.9363,"pe_lyr":58.7672,"pb":7.2648,"ps":4.7294,"pcf":-361.4002,"iop":217.464}