{"code":"002066","atr10":0.307,"close":13.69,"close_count":60,"l_pvalue":0.00000004,"l_slop":14.3437525042,"l_stderror":1.6311493732,"ma120":14.28225,"ma250":16.0452,"ma42":13.7654761905,"max10":14.49,"min10":13.53,"name":"瑞泰科技","stat_date":"2017-06-30","mc":31.6239,"cmc":31.6239,"pe":123.5819,"pe_lyr":125.3008,"pb":7.8968,"ps":1.7701,"pcf":15.2344,"iop":399.5586}