{"code":"002064","atr10":0.118,"close":5.31,"close_count":60,"l_pvalue":0.0005593416,"l_slop":-6.6125821882,"l_stderror":1.5980940248,"ma120":5.1848333333,"ma250":5.17316,"ma42":5.5738095238,"max10":5.59,"min10":5.27,"name":"华峰氨纶","stat_date":"2017-06-30","mc":89.0381,"cmc":81.5761,"pe":29.4897,"pe_lyr":-29.3073,"pb":2.7756,"ps":2.5692,"pcf":68.5979,"iop":125.3561}