{"code":"002032","atr10":0.893,"close":38.32,"close_count":60,"l_pvalue":0.2297910839,"l_slop":2.2439697642,"l_stderror":1.8085199199,"ma120":36.99325,"ma250":32.00984,"ma42":36.8785714286,"max10":38.89,"min10":36.51,"name":"苏 泊 尔","stat_date":"2017-06-30","mc":314.7174,"cmc":209.1287,"pe":26.1403,"pe_lyr":29.2076,"pb":6.7427,"ps":2.4016,"pcf":-298.5144,"iop":-11.1501}