{"code":"002010","atr10":0.213,"close":14.65,"close_count":60,"l_pvalue":0.0,"l_slop":-8.0920808836,"l_stderror":0.428096134,"ma120":15.64075,"ma250":17.33604,"ma42":15.0569047619,"max10":15.12,"min10":14.65,"name":"传化智联","stat_date":"2017-06-30","mc":477.2699,"cmc":60.4777,"pe":149.0249,"pe_lyr":82.1483,"pb":4.3017,"ps":4.1076,"pcf":-12.6884,"iop":211.5533}