{"code":"002047","atr10":0.26,"close":9.05,"close_count":60,"l_pvalue":1.302977255e-16,"l_slop":30.5656183995,"l_stderror":1.1330363593,"ma120":8.2721666667,"ma250":9.32096,"ma42":8.5430952381,"max10":9.15,"min10":8.64,"name":"宝鹰股份","stat_date":"2017-06-30","mc":114.3107,"cmc":114.3072,"pe":32.6539,"pe_lyr":33.6695,"pb":4.0032,"ps":1.6313,"pcf":-51.5975,"iop":-7.1528}