{"code":"002056","atr10":0.608,"close":11.13,"close_count":60,"l_pvalue":0.0,"l_slop":128.485241051,"l_stderror":6.2185761405,"ma120":8.3430833333,"ma250":7.74844,"ma42":9.9061904762,"max10":12.28,"min10":10.83,"name":"横店东磁","stat_date":"2017-06-30","mc":182.9327,"cmc":182.8251,"pe":40.1044,"pe_lyr":41.4641,"pb":4.388,"ps":3.5913,"pcf":34.6183,"iop":53.9696}