{"code":"002083","atr10":0.095,"close":7.27,"close_count":60,"l_pvalue":0.0,"l_slop":-16.5904571313,"l_stderror":1.1497857111,"ma120":7.3888333333,"ma250":7.13356,"ma42":7.6247619048,"max10":7.47,"min10":7.21,"name":"孚日股份","stat_date":"2017-06-30","mc":66.0116,"cmc":62.8983,"pe":14.7797,"pe_lyr":17.4559,"pb":2.0324,"ps":1.4603,"pcf":-29.3092,"iop":19.0596}