{"code":"002055","atr10":0.905,"close":24.75,"close_count":60,"l_pvalue":0.0,"l_slop":59.3292309072,"l_stderror":2.6608848984,"ma120":21.59375,"ma250":23.87728,"ma42":23.025,"max10":26.19,"min10":24.14,"name":"得润电子","stat_date":"2017-06-30","mc":115.6182,"cmc":99.6755,"pe":150.099,"pe_lyr":298.9435,"pb":5.0978,"ps":2.3104,"pcf":40.1637,"iop":86.1817}