{"code":"002014","atr10":0.199,"close":12.31,"close_count":60,"l_pvalue":0.0017186523,"l_slop":5.2022702347,"l_stderror":1.4268363989,"ma120":12.77275,"ma250":14.38008,"ma42":12.5542857143,"max10":12.78,"min10":12.28,"name":"永新股份","stat_date":"2017-06-30","mc":41.3301,"cmc":28.4136,"pe":20.7625,"pe_lyr":20.3887,"pb":2.5168,"ps":2.1106,"pcf":-55.6227,"iop":4.9384}