{"code":"002034","atr10":1.305,"close":49.4,"close_count":60,"l_pvalue":0.0000000001,"l_slop":29.0689934964,"l_stderror":2.32000157,"ma120":47.755,"ma250":44.11184,"ma42":46.8411904762,"max10":50.09,"min10":48.4,"name":"美 欣 达","stat_date":"2017-06-30","mc":53.3718,"cmc":30.6214,"pe":275.3464,"pe_lyr":264.2436,"pb":6.3353,"ps":7.1538,"pcf":29.7495,"iop":-63.4556}