{"code":"002030","atr10":0.685,"close":20.45,"close_count":60,"l_pvalue":0.0,"l_slop":24.8034927305,"l_stderror":1.6931125191,"ma120":20.1503333333,"ma250":22.14876,"ma42":20.1378571429,"max10":21.99,"min10":20.44,"name":"达安基因","stat_date":"2017-06-30","mc":148.2462,"cmc":141.9994,"pe":147.4804,"pe_lyr":138.9563,"pb":9.0676,"ps":9.2986,"pcf":-89.7534,"iop":37.6341}