{"code":"002080","atr10":0.926,"close":23.04,"close_count":60,"l_pvalue":0.0000000829,"l_slop":38.297201104,"l_stderror":4.5676156494,"ma120":20.27275,"ma250":19.20148,"ma42":23.0466666667,"max10":25.13,"min10":22.75,"name":"中材科技","stat_date":"2017-06-30","mc":185.8845,"cmc":92.16,"pe":36.9997,"pe_lyr":46.3087,"pb":2.2472,"ps":1.9253,"pcf":-96.5215,"iop":43.4105}