{"code":"002096","atr10":0.161,"close":9.85,"close_count":60,"l_pvalue":0.0000569787,"l_slop":9.6574842357,"l_stderror":1.8753757069,"ma120":10.5988333333,"ma250":12.91624,"ma42":9.9123809524,"max10":10.13,"min10":9.72,"name":"南岭民爆","stat_date":"2017-06-30","mc":36.5718,"cmc":36.5289,"pe":109.6186,"pe_lyr":108.037,"pb":1.8122,"ps":1.221,"pcf":26.6803,"iop":-14.2717}