{"code":"002085","atr10":0.691,"close":20.93,"close_count":60,"l_pvalue":1.172198535e-19,"l_slop":43.9851028579,"l_stderror":1.1199678562,"ma120":17.2115833333,"ma250":16.7894,"ma42":18.109047619,"max10":20.93,"min10":18.61,"name":"万丰奥威","stat_date":"2017-06-30","mc":457.7139,"cmc":442.4048,"pe":47.7189,"pe_lyr":47.78,"pb":8.1912,"ps":4.6317,"pcf":-114.2368,"iop":-9.4411}