{"code":"002062","atr10":0.088,"close":5.83,"close_count":60,"l_pvalue":0.00000004,"l_slop":7.722595645,"l_stderror":0.878167914,"ma120":5.8983333333,"ma250":6.41836,"ma42":5.8821428571,"max10":6.05,"min10":5.8,"name":"宏润建设","stat_date":"2017-06-30","mc":64.2758,"cmc":55.4348,"pe":25.3875,"pe_lyr":27.5868,"pb":2.4776,"ps":0.7173,"pcf":10.2136,"iop":100.3402}