{"code":"002071","atr10":0.104,"close":9.94,"close_count":60,"l_pvalue":0.0010837088,"l_slop":-3.7752376205,"l_stderror":0.9810391225,"ma120":10.2645,"ma250":12.03608,"ma42":9.990952381,"max10":10.04,"min10":9.94,"name":"长城影视","stat_date":"2017-06-30","mc":52.2277,"cmc":51.2121,"pe":20.3201,"pe_lyr":20.3753,"pb":5.9907,"ps":5.1128,"pcf":229.4926,"iop":15.7665}