{"code":"002063","atr10":0.223,"close":11.12,"close_count":60,"l_pvalue":0.0000008725,"l_slop":17.6943502491,"l_stderror":2.4788598392,"ma120":10.8415,"ma250":12.11456,"ma42":11.1102380952,"max10":11.57,"min10":10.97,"name":"远光软件","stat_date":"2017-06-30","mc":67.0207,"cmc":58.9685,"pe":50.3474,"pe_lyr":51.0151,"pb":3.6199,"ps":6.2535,"pcf":48.2178,"iop":23.6993}