{"code":"002077","atr10":0.58,"close":12.05,"close_count":60,"l_pvalue":0.0,"l_slop":31.2647981226,"l_stderror":2.3454560316,"ma120":11.4099166667,"ma250":14.65284,"ma42":10.8626190476,"max10":12.36,"min10":10.86,"name":"大港股份","stat_date":"2017-06-30","mc":69.932,"cmc":45.0322,"pe":439.0699,"pe_lyr":168.1263,"pb":1.8332,"ps":5.0526,"pcf":-11.0879,"iop":381.3021}