{"code":"002075","atr10":0.609,"close":16.12,"close_count":60,"l_pvalue":1.0,"l_slop":0.0,"l_stderror":0.0,"ma120":13.4149166667,"ma250":12.89072,"ma42":15.8169047619,"max10":16.12,"min10":16.12,"name":"沙钢股份","stat_date":"2017-06-30","mc":355.7316,"cmc":355.7314,"pe":103.6259,"pe_lyr":161.6995,"pb":12.186,"ps":3.4319,"pcf":162.9723,"iop":79.1973}