{"code":"002038","atr10":0.458,"close":27.74,"close_count":60,"l_pvalue":0.0,"l_slop":30.5874133365,"l_stderror":1.3109290949,"ma120":26.654,"ma250":27.4916,"ma42":26.9138095238,"max10":28.6,"min10":27.74,"name":"双鹭药业","stat_date":"2017-06-30","mc":189.9913,"cmc":157.1186,"pe":44.0489,"pe_lyr":42.0235,"pb":4.7565,"ps":18.931,"pcf":28.2514,"iop":-3.8104}