{"code":"002017","atr10":0.345,"close":10.88,"close_count":60,"l_pvalue":0.0,"l_slop":13.8275159854,"l_stderror":0.8972068539,"ma120":11.0326666667,"ma250":12.90936,"ma42":10.7476190476,"max10":11.42,"min10":10.62,"name":"东信和平","stat_date":"2017-06-30","mc":37.6901,"cmc":37.379,"pe":48.4024,"pe_lyr":46.1257,"pb":4.0819,"ps":2.5736,"pcf":34.3414,"iop":-58.2487}