{"code":"002060","atr10":0.067,"close":4.02,"close_count":60,"l_pvalue":0.0000000001,"l_slop":5.9942639464,"l_stderror":0.4610329953,"ma120":4.13575,"ma250":4.0402,"ma42":3.9745238095,"max10":4.1,"min10":3.98,"name":"粤 水 电","stat_date":"2017-06-30","mc":48.3309,"cmc":48.3089,"pe":35.8674,"pe_lyr":35.8934,"pb":1.7567,"ps":0.7281,"pcf":-39.9081,"iop":46.2989}