{"code":"002086","atr10":0.36,"close":10.74,"close_count":60,"l_pvalue":0.2072293248,"l_slop":2.5282812026,"l_stderror":1.936276576,"ma120":11.17,"ma250":10.92348,"ma42":10.8885714286,"max10":11.08,"min10":10.69,"name":"东方海洋","stat_date":"2017-06-30","mc":73.859,"cmc":51.0813,"pe":58.0509,"pe_lyr":96.4001,"pb":2.4941,"ps":9.7082,"pcf":181.9158,"iop":102.8996}