{"code":"002036","atr10":1.073,"close":20.98,"close_count":60,"l_pvalue":5.040149807e-18,"l_slop":92.4338974201,"l_stderror":2.8770140907,"ma120":17.3159166667,"ma250":19.50748,"ma42":18.3845238095,"max10":22.13,"min10":19.81,"name":"联创电子","stat_date":"2017-06-30","mc":117.0747,"cmc":82.8803,"pe":52.1996,"pe_lyr":55.6228,"pb":7.0239,"ps":2.6703,"pcf":-224.1371,"iop":38.0797}