{"code":"002041","atr10":0.475,"close":14.35,"close_count":60,"l_pvalue":0.0,"l_slop":38.4160510103,"l_stderror":2.6124758616,"ma120":13.4443333333,"ma250":15.69644,"ma42":13.7426190476,"max10":15.22,"min10":14.12,"name":"登海种业","stat_date":"2017-06-30","mc":126.28,"cmc":125.3992,"pe":37.9533,"pe_lyr":28.5574,"pb":4.5753,"ps":9.5498,"pcf":40.7604,"iop":-50.013}