{"code":"002084","atr10":0.183,"close":8.79,"close_count":60,"l_pvalue":0.0,"l_slop":14.259976318,"l_stderror":0.9430002532,"ma120":8.9678333333,"ma250":10.0312,"ma42":8.7878571429,"max10":9.12,"min10":8.74,"name":"海鸥卫浴","stat_date":"2017-06-30","mc":40.1102,"cmc":35.5605,"pe":39.3407,"pe_lyr":47.2021,"pb":3.4141,"ps":2.0598,"pcf":-84.9867,"iop":51.8909}