{"code":"002003","atr10":0.158,"close":10.82,"close_count":60,"l_pvalue":0.0,"l_slop":14.134295751,"l_stderror":0.8663793101,"ma120":10.70175,"ma250":10.81212,"ma42":10.8264285714,"max10":11.13,"min10":10.8,"name":"伟星股份","stat_date":"2017-06-30","mc":63.0906,"cmc":50.8766,"pe":19.4378,"pe_lyr":21.3522,"pb":2.9063,"ps":2.6569,"pcf":124.7985,"iop":22.3608}