{"code":"002061","atr10":0.545,"close":11.75,"close_count":60,"l_pvalue":0.0000045758,"l_slop":25.9506954584,"l_stderror":4.1056965423,"ma120":9.7071666667,"ma250":8.2802,"ma42":11.614047619,"max10":12.52,"min10":11.42,"name":"江山化工","stat_date":"2017-06-30","mc":77.7485,"cmc":53.258,"pe":31.6993,"pe_lyr":117.3036,"pb":2.8234,"ps":1.8447,"pcf":325.7058,"iop":460.8268}