{"code":"002045","atr10":0.714,"close":17.56,"close_count":60,"l_pvalue":0.0000000021,"l_slop":32.7795828766,"l_stderror":3.101271135,"ma120":17.0925833333,"ma250":15.1136,"ma42":17.569047619,"max10":19.1,"min10":17.06,"name":"国光电器","stat_date":"2017-06-30","mc":73.2083,"cmc":72.9944,"pe":80.4799,"pe_lyr":121.1587,"pb":5.452,"ps":2.3813,"pcf":-214.4959,"iop":809.3883}