{"code":"002043","atr10":0.264,"close":12.61,"close_count":60,"l_pvalue":7.339633738e-20,"l_slop":-19.2865874051,"l_stderror":0.4789955973,"ma120":14.0968333333,"ma250":13.44456,"ma42":13.0935714286,"max10":13.14,"min10":12.5,"name":"兔 宝 宝","stat_date":"2017-06-30","mc":108.5798,"cmc":90.3312,"pe":33.9575,"pe_lyr":41.7888,"pb":6.351,"ps":3.1553,"pcf":183.9901,"iop":46.3092}