{"code":"002015","atr10":0.266,"close":8.41,"close_count":60,"l_pvalue":0.0,"l_slop":3.7130586144,"l_stderror":0.2064109921,"ma120":8.201,"ma250":8.68756,"ma42":7.7411904762,"max10":8.41,"min10":8.41,"name":"霞客环保","stat_date":"2017-06-30","mc":33.6992,"cmc":33.6988,"pe":-96.8397,"pe_lyr":-81.711,"pb":12.0541,"ps":12.7053,"pcf":6387.1113,"iop":70.2537}