{"code":"002052","atr10":0.255,"close":6.87,"close_count":60,"l_pvalue":1.981204635e-22,"l_slop":37.4384667285,"l_stderror":0.6793243043,"ma120":6.5824166667,"ma250":8.95656,"ma42":6.4821428571,"max10":7.06,"min10":6.73,"name":"同洲电子","stat_date":"2017-06-30","mc":51.2474,"cmc":42.7891,"pe":-9.4827,"pe_lyr":-8.3959,"pb":5.5721,"ps":7.9392,"pcf":423.244,"iop":91.1228}