{"code":"002068","atr10":0.546,"close":12.74,"close_count":60,"l_pvalue":0.0000000001,"l_slop":53.1068886492,"l_stderror":4.0325839133,"ma120":9.3619166667,"ma250":8.99992,"ma42":11.5154761905,"max10":12.74,"min10":11.62,"name":"黑猫股份","stat_date":"2017-06-30","mc":92.6279,"cmc":77.3266,"pe":25.2686,"pe_lyr":98.4,"pb":3.1871,"ps":1.684,"pcf":-44.0681,"iop":2391.4729}