{"code":"002050","atr10":0.591,"close":16.43,"close_count":60,"l_pvalue":0.0000602978,"l_slop":15.2251647355,"l_stderror":2.9712711897,"ma120":14.9386666667,"ma250":12.38476,"ma42":16.7073809524,"max10":17.32,"min10":15.79,"name":"三花智控","stat_date":"2017-06-30","mc":348.3681,"cmc":256.9304,"pe":35.8796,"pe_lyr":40.6281,"pb":3.9737,"ps":4.5648,"pcf":79.6251,"iop":32.8932}