{"code":"002009","atr10":0.469,"close":15.41,"close_count":60,"l_pvalue":1.550077842e-18,"l_slop":54.1820325208,"l_stderror":1.5833261047,"ma120":12.5414166667,"ma250":14.04316,"ma42":13.6661904762,"max10":15.41,"min10":14.59,"name":"天奇股份","stat_date":"2017-06-30","mc":57.1017,"cmc":41.8258,"pe":53.1857,"pe_lyr":54.9371,"pb":2.9292,"ps":2.2048,"pcf":102.8847,"iop":291.5643}