{"code":"002016","atr10":0.256,"close":8.81,"close_count":60,"l_pvalue":0.0,"l_slop":17.147879619,"l_stderror":1.0661492247,"ma120":9.0745833333,"ma250":9.38028,"ma42":8.6838095238,"max10":9.21,"min10":8.7,"name":"世荣兆业","stat_date":"2017-06-30","mc":71.2813,"cmc":56.921,"pe":-138.7665,"pe_lyr":76.1302,"pb":4.8456,"ps":12.0384,"pcf":23.8325,"iop":-105.5369}