{"code":"002067","atr10":0.188,"close":7.09,"close_count":60,"l_pvalue":2.713905353e-18,"l_slop":33.0583435472,"l_stderror":0.9954101273,"ma120":6.1248333333,"ma250":6.49664,"ma42":6.519047619,"max10":7.09,"min10":6.68,"name":"景兴纸业","stat_date":"2017-06-30","mc":80.0072,"cmc":68.0853,"pe":21.1807,"pe_lyr":25.0941,"pb":2.2494,"ps":1.8402,"pcf":-56.1054,"iop":1605.0898}