{"code":"002082","atr10":0.45,"close":15.97,"close_count":60,"l_pvalue":0.0000000002,"l_slop":25.4214026229,"l_stderror":2.1103319891,"ma120":18.1083333333,"ma250":17.65484,"ma42":15.4345238095,"max10":16.65,"min10":15.84,"name":"栋梁新材","stat_date":"2017-06-30","mc":38.0086,"cmc":36.5189,"pe":62.1553,"pe_lyr":54.5039,"pb":2.8091,"ps":0.3346,"pcf":105.229,"iop":-23.0266}