{"code":"002020","atr10":0.201,"close":11.27,"close_count":60,"l_pvalue":0.0000003202,"l_slop":-5.4349638533,"l_stderror":0.70994121,"ma120":11.38925,"ma250":11.57064,"ma42":11.4842857143,"max10":11.56,"min10":11.25,"name":"京新药业","stat_date":"2017-06-30","mc":82.9612,"cmc":54.8229,"pe":34.0523,"pe_lyr":39.1426,"pb":2.319,"ps":4.1858,"pcf":-67.0847,"iop":30.1865}