{"code":"002098","atr10":0.507,"close":15.03,"close_count":60,"l_pvalue":0.0,"l_slop":37.2716406152,"l_stderror":2.2207200972,"ma120":15.2668333333,"ma250":13.96044,"ma42":14.0445238095,"max10":15.75,"min10":14.6,"name":"浔兴股份","stat_date":"2017-06-30","mc":53.8074,"cmc":46.592,"pe":44.9252,"pe_lyr":45.4087,"pb":4.7331,"ps":4.08,"pcf":-1136.4858,"iop":-2.0226}