{"code":"002069","atr10":0.125,"close":8.86,"close_count":60,"l_pvalue":0.0,"l_slop":-10.9746438996,"l_stderror":0.6180400024,"ma120":9.3209166667,"ma250":10.24556,"ma42":9.2121428571,"max10":9.18,"min10":8.83,"name":"獐子岛","stat_date":"2017-06-30","mc":63.0045,"cmc":60.8276,"pe":60.7681,"pe_lyr":79.158,"pb":5.7085,"ps":1.9563,"pcf":-950.0994,"iop":385.1015}