{"code":"002093","atr10":0.378,"close":10.28,"close_count":60,"l_pvalue":1.743541964e-18,"l_slop":26.3761582046,"l_stderror":0.7756338527,"ma120":9.05525,"ma250":10.00484,"ma42":9.2823809524,"max10":10.28,"min10":9.46,"name":"国脉科技","stat_date":"2017-06-30","mc":103.571,"cmc":87.1929,"pe":90.1646,"pe_lyr":133.907,"pb":3.5806,"ps":7.6603,"pcf":24.7288,"iop":1548.4451}