{"code":"002037","atr10":0.263,"close":13.41,"close_count":60,"l_pvalue":0.0000011325,"l_slop":-5.5399198885,"l_stderror":0.7906884681,"ma120":13.7664166667,"ma250":15.80024,"ma42":14.0116666667,"max10":14.32,"min10":13.36,"name":"久联发展","stat_date":"2017-06-30","mc":43.9001,"cmc":43.9001,"pe":46.1034,"pe_lyr":70.878,"pb":2.1411,"ps":1.0724,"pcf":-15.4429,"iop":4.1387}