{"code":"002120","atr10":1.914,"close":45.41,"close_count":60,"l_pvalue":0.0,"l_slop":34.4560352818,"l_stderror":1.881592515,"ma120":40.7989166667,"ma250":41.61092,"ma42":43.5076190476,"max10":48.61,"min10":44.55,"name":"韵达股份","stat_date":"2017-06-30","mc":552.7549,"cmc":44.248,"pe":39.6341,"pe_lyr":46.9541,"pb":12.9469,"ps":6.3907,"pcf":102.1805,"iop":54.6478}