{"code":"002133","atr10":0.204,"close":5.55,"close_count":60,"l_pvalue":0.0000042415,"l_slop":13.1536945692,"l_stderror":2.0691208683,"ma120":5.6763333333,"ma250":6.7246,"ma42":5.5135714286,"max10":6.07,"min10":5.45,"name":"广宇集团","stat_date":"2017-06-30","mc":42.965,"cmc":33.3989,"pe":72.6936,"pe_lyr":28.3782,"pb":1.5239,"ps":1.3502,"pcf":-17.3768,"iop":-89.7643}