{"code":"002105","atr10":0.147,"close":8.1,"close_count":60,"l_pvalue":0.0000000012,"l_slop":-10.8272942803,"l_stderror":0.9907982862,"ma120":8.5558333333,"ma250":10.4608,"ma42":8.5176190476,"max10":8.47,"min10":8.02,"name":"信隆健康","stat_date":"2017-06-30","mc":29.8485,"cmc":29.8485,"pe":72.2343,"pe_lyr":104.5419,"pb":5.8087,"ps":1.802,"pcf":-68.5362,"iop":3697.7476}