{"code":"002144","atr10":0.221,"close":16.32,"close_count":60,"l_pvalue":0.0000000467,"l_slop":9.8291538904,"l_stderror":1.1289919514,"ma120":17.043,"ma250":19.86524,"ma42":16.4321428571,"max10":16.9,"min10":16.24,"name":"宏达高科","stat_date":"2017-06-30","mc":28.8476,"cmc":22.8336,"pe":29.9458,"pe_lyr":28.6152,"pb":1.7462,"ps":4.8894,"pcf":1110.136,"iop":-20.3689}