{"code":"002148","atr10":0.441,"close":11.81,"close_count":60,"l_pvalue":0.0665286336,"l_slop":-3.0443660232,"l_stderror":1.5639834622,"ma120":10.7859166667,"ma250":9.98172,"ma42":12.1733333333,"max10":12.47,"min10":11.72,"name":"北纬科技","stat_date":"2017-06-30","mc":67.0055,"cmc":52.0715,"pe":50.044,"pe_lyr":84.9995,"pb":5.8618,"ps":12.27,"pcf":-150.1378,"iop":199.9501}