{"code":"002198","atr10":0.142,"close":12.68,"close_count":60,"l_pvalue":8.067971611e-22,"l_slop":-11.618379933,"l_stderror":0.2270948937,"ma120":13.24525,"ma250":13.53048,"ma42":12.8564285714,"max10":12.75,"min10":12.67,"name":"嘉应制药","stat_date":"2017-06-30","mc":64.3522,"cmc":59.003,"pe":130.9867,"pe_lyr":116.6392,"pb":6.4695,"ps":13.6747,"pcf":154.6058,"iop":-78.2616}