{"code":"002118","atr10":0.106,"close":6.78,"close_count":60,"l_pvalue":0.0000000076,"l_slop":15.4760580986,"l_stderror":1.5834796921,"ma120":6.66075,"ma250":7.11056,"ma42":6.7352380952,"max10":7.06,"min10":6.74,"name":"紫鑫药业","stat_date":"2017-06-30","mc":86.8355,"cmc":69.5243,"pe":34.3259,"pe_lyr":53.219,"pb":2.2542,"ps":9.383,"pcf":317.7609,"iop":400.8294}