{"code":"002103","atr10":0.27,"close":11.47,"close_count":60,"l_pvalue":0.8190336013,"l_slop":0.9827875862,"l_stderror":4.2365140001,"ma120":12.9636666667,"ma250":13.69644,"ma42":12.025,"max10":12.16,"min10":11.47,"name":"广博股份","stat_date":"2017-06-30","mc":62.9947,"cmc":37.3449,"pe":43.4174,"pe_lyr":52.7166,"pb":3.6374,"ps":3.0971,"pcf":-1199.3096,"iop":114.1547}