{"code":"002130","atr10":0.135,"close":6.59,"close_count":60,"l_pvalue":0.0000000026,"l_slop":7.952507665,"l_stderror":0.7608872228,"ma120":6.5508333333,"ma250":6.90888,"ma42":6.66,"max10":6.85,"min10":6.54,"name":"沃尔核材","stat_date":"2017-06-30","mc":83.1868,"cmc":59.9052,"pe":78.7233,"pe_lyr":77.5444,"pb":3.0946,"ps":3.8578,"pcf":59.1619,"iop":68.2727}