{"code":"002152","atr10":0.169,"close":7.87,"close_count":60,"l_pvalue":0.0000274814,"l_slop":8.8874453692,"l_stderror":1.6215760702,"ma120":8.08075,"ma250":8.66924,"ma42":8.1414285714,"max10":8.35,"min10":7.87,"name":"广电运通","stat_date":"2017-06-30","mc":191.1533,"cmc":153.8345,"pe":18.7444,"pe_lyr":22.6492,"pb":2.2201,"ps":4.4654,"pcf":65.6116,"iop":147.1888}