{"code":"002193","atr10":0.464,"close":16.88,"close_count":60,"l_pvalue":0.0000000173,"l_slop":17.4038694975,"l_stderror":1.8757860688,"ma120":16.2743333333,"ma250":18.95668,"ma42":16.5654761905,"max10":17.21,"min10":16.55,"name":"如意集团","stat_date":"2017-06-30","mc":44.1776,"cmc":39.0208,"pe":134.7737,"pe_lyr":134.8198,"pb":1.782,"ps":4.0473,"pcf":7.0534,"iop":-33.8985}