{"code":"002169","atr10":0.134,"close":6.81,"close_count":60,"l_pvalue":0.0000000466,"l_slop":15.1265102082,"l_stderror":1.7373486016,"ma120":7.44175,"ma250":8.70192,"ma42":6.8388095238,"max10":7.08,"min10":6.79,"name":"智光电气","stat_date":"2017-06-30","mc":53.6486,"cmc":34.3057,"pe":47.3488,"pe_lyr":48.1694,"pb":1.9763,"ps":3.7506,"pcf":-18806.3652,"iop":56.5179}