{"code":"002117","atr10":0.447,"close":21.8,"close_count":60,"l_pvalue":0.0,"l_slop":-7.9766383491,"l_stderror":0.5934319965,"ma120":24.392,"ma250":26.86516,"ma42":22.2497619048,"max10":22.54,"min10":21.75,"name":"东港股份","stat_date":"2017-06-30","mc":79.3035,"cmc":79.2803,"pe":35.7674,"pe_lyr":36.1879,"pb":5.2431,"ps":5.2313,"pcf":32.1169,"iop":22.9343}