{"code":"002197","atr10":0.375,"close":13.07,"close_count":60,"l_pvalue":0.0000007621,"l_slop":9.012421116,"l_stderror":1.2505355912,"ma120":12.64,"ma250":14.80736,"ma42":12.7319047619,"max10":13.38,"min10":12.73,"name":"证通电子","stat_date":"2017-06-30","mc":67.331,"cmc":56.7993,"pe":125.8922,"pe_lyr":123.7802,"pb":2.479,"ps":3.4505,"pcf":26.7288,"iop":301.4178}