{"code":"002191","atr10":0.229,"close":10.02,"close_count":60,"l_pvalue":0.0,"l_slop":26.9580094578,"l_stderror":1.7488631458,"ma120":9.3591666667,"ma250":9.7284,"ma42":9.5552380952,"max10":10.1,"min10":9.82,"name":"劲嘉股份","stat_date":"2017-06-30","mc":130.8659,"cmc":130.5521,"pe":25.0831,"pe_lyr":22.9299,"pb":2.8755,"ps":4.5163,"pcf":-146.4838,"iop":15.6161}