{"code":"002172","atr10":0.177,"close":7.62,"close_count":60,"l_pvalue":0.000000001,"l_slop":-13.5022441265,"l_stderror":1.2181143107,"ma120":8.1781666667,"ma250":9.46304,"ma42":8.0528571429,"max10":8.09,"min10":7.48,"name":"澳洋科技","stat_date":"2017-06-30","mc":55.8923,"cmc":42.5954,"pe":21.3686,"pe_lyr":21.5599,"pb":4.1899,"ps":1.0587,"pcf":16.3911,"iop":-31.0637}