{"code":"002187","atr10":0.114,"close":11.8,"close_count":60,"l_pvalue":0.2742299621,"l_slop":-0.7624265831,"l_stderror":0.6771722992,"ma120":12.3011666667,"ma250":13.01664,"ma42":11.9697619048,"max10":12.05,"min10":11.78,"name":"广百股份","stat_date":"2017-06-30","mc":40.4059,"cmc":40.4059,"pe":24.3646,"pe_lyr":25.6294,"pb":1.5721,"ps":0.6271,"pcf":-21.2597,"iop":18.8926}