{"code":"002166","atr10":0.369,"close":11.92,"close_count":60,"l_pvalue":0.0,"l_slop":12.6592662469,"l_stderror":0.7211457446,"ma120":11.24675,"ma250":11.79236,"ma42":11.6066666667,"max10":12.25,"min10":11.49,"name":"莱茵生物","stat_date":"2017-06-30","mc":52.1239,"cmc":41.5996,"pe":45.7209,"pe_lyr":74.8226,"pb":5.6854,"ps":6.9865,"pcf":-36.4782,"iop":612.1684}