{"code":"002185","atr10":0.39,"close":8.2,"close_count":60,"l_pvalue":0.0,"l_slop":37.0612616801,"l_stderror":2.4397310359,"ma120":6.9598333333,"ma250":6.58588,"ma42":7.3197619048,"max10":8.56,"min10":7.25,"name":"华天科技","stat_date":"2017-06-30","mc":174.7513,"cmc":174.6928,"pe":37.5067,"pe_lyr":44.7025,"pb":3.4208,"ps":2.7697,"pcf":-46.2638,"iop":65.5307}