{"code":"002167","atr10":0.557,"close":12.64,"close_count":60,"l_pvalue":0.0,"l_slop":30.0960828049,"l_stderror":1.6377826826,"ma120":11.36725,"ma250":12.0198,"ma42":12.5711904762,"max10":13.58,"min10":12.41,"name":"东方锆业","stat_date":"2017-06-30","mc":78.4876,"cmc":61.7476,"pe":145.2115,"pe_lyr":308.4624,"pb":7.2031,"ps":8.9472,"pcf":-163.2237,"iop":280.6167}