{"code":"002165","atr10":0.142,"close":6.64,"close_count":60,"l_pvalue":0.0000000491,"l_slop":14.6449276445,"l_stderror":1.6876232524,"ma120":6.5003333333,"ma250":7.41672,"ma42":6.7114285714,"max10":7.0,"min10":6.56,"name":"红 宝 丽","stat_date":"2017-06-30","mc":39.9767,"cmc":35.0325,"pe":38.4093,"pe_lyr":31.531,"pb":2.5726,"ps":1.9055,"pcf":-10.775,"iop":-39.8361}