{"code":"002104","atr10":0.348,"close":10.29,"close_count":60,"l_pvalue":0.0,"l_slop":20.8470392619,"l_stderror":1.2551018153,"ma120":9.4714166667,"ma250":10.9528,"ma42":10.090952381,"max10":10.84,"min10":10.09,"name":"恒宝股份","stat_date":"2017-06-30","mc":73.4344,"cmc":61.9477,"pe":48.5908,"pe_lyr":50.1583,"pb":4.2501,"ps":5.2578,"pcf":-17.3422,"iop":334.6933}