{"code":"002131","atr10":0.034,"close":3.03,"close_count":60,"l_pvalue":0.0001526891,"l_slop":3.5842947344,"l_stderror":0.7611121716,"ma120":3.33075,"ma250":3.97764,"ma42":3.0573809524,"max10":3.1,"min10":3.03,"name":"利欧股份","stat_date":"2017-06-30","mc":169.911,"cmc":97.1794,"pe":27.5324,"pe_lyr":30.2046,"pb":2.224,"ps":1.916,"pcf":79.4183,"iop":-12.1367}