{"code":"002145","atr10":0.178,"close":6.2,"close_count":60,"l_pvalue":0.0016935826,"l_slop":7.6214377709,"l_stderror":2.0866535199,"ma120":6.2135,"ma250":6.34944,"ma42":6.5230952381,"max10":6.65,"min10":6.2,"name":"中核钛白","stat_date":"2017-06-30","mc":98.6929,"cmc":67.4405,"pe":31.9864,"pe_lyr":117.3648,"pb":3.3753,"ps":3.5903,"pcf":-58.5732,"iop":187.5542}