{"code":"002101","atr10":0.504,"close":23.24,"close_count":60,"l_pvalue":0.000000076,"l_slop":15.9371265215,"l_stderror":1.8899424576,"ma120":22.7429166667,"ma250":23.09372,"ma42":23.4916666667,"max10":24.2,"min10":22.98,"name":"广东鸿图","stat_date":"2017-06-30","mc":82.4364,"cmc":57.6383,"pe":31.6542,"pe_lyr":49.6346,"pb":1.964,"ps":2.27,"pcf":20.0106,"iop":233.4028}