{"code":"002132","atr10":0.178,"close":5.59,"close_count":60,"l_pvalue":0.0,"l_slop":68.4199443875,"l_stderror":3.0142533413,"ma120":4.9253333333,"ma250":5.11052,"ma42":5.2957142857,"max10":5.84,"min10":5.59,"name":"恒星科技","stat_date":"2017-06-30","mc":70.242,"cmc":46.4733,"pe":56.6166,"pe_lyr":66.4144,"pb":2.5472,"ps":2.7684,"pcf":30.8873,"iop":-38.0225}