{"code":"002177","atr10":0.182,"close":5.95,"close_count":60,"l_pvalue":0.0000000038,"l_slop":10.7784604308,"l_stderror":1.0569269324,"ma120":5.8995833333,"ma250":6.8988,"ma42":5.9364285714,"max10":6.18,"min10":5.91,"name":"御银股份","stat_date":"2017-06-30","mc":45.2909,"cmc":35.8673,"pe":-295.8452,"pe_lyr":194.831,"pb":2.6724,"ps":8.4813,"pcf":1306.9211,"iop":-133.3246}