{"code":"002139","atr10":0.427,"close":12.17,"close_count":60,"l_pvalue":0.0000000001,"l_slop":17.1920709969,"l_stderror":1.3289731306,"ma120":10.4430833333,"ma250":9.7778,"ma42":11.66,"max10":12.38,"min10":11.68,"name":"拓邦股份","stat_date":"2017-06-30","mc":82.7812,"cmc":63.1341,"pe":43.8986,"pe_lyr":57.3699,"pb":4.5847,"ps":3.6115,"pcf":-78.7258,"iop":63.1308}