{"code":"002150","atr10":0.21,"close":11.14,"close_count":60,"l_pvalue":0.0461496128,"l_slop":2.8417355079,"l_stderror":1.3320299637,"ma120":11.7195833333,"ma250":14.13856,"ma42":11.2883333333,"max10":11.46,"min10":10.95,"name":"通润装备","stat_date":"2017-06-30","mc":30.5508,"cmc":27.8723,"pe":29.2943,"pe_lyr":30.757,"pb":2.8639,"ps":2.5769,"pcf":12.8352,"iop":7.1363}