{"code":"002116","atr10":0.246,"close":12.52,"close_count":60,"l_pvalue":0.6640443692,"l_slop":-0.614292828,"l_stderror":1.3923070887,"ma120":12.667,"ma250":13.1854,"ma42":12.9066666667,"max10":13.17,"min10":12.5,"name":"中国海诚","stat_date":"2017-06-30","mc":52.2871,"cmc":52.0285,"pe":40.4806,"pe_lyr":38.941,"pb":4.4939,"ps":1.2957,"pcf":-14.2586,"iop":16.2809}