{"code":"002170","atr10":0.239,"close":7.9,"close_count":60,"l_pvalue":0.0,"l_slop":48.0649202359,"l_stderror":2.7356127325,"ma120":7.41825,"ma250":8.51456,"ma42":7.3571428571,"max10":8.14,"min10":7.83,"name":"芭田股份","stat_date":"2017-06-30","mc":70.3138,"cmc":54.2985,"pe":191.7358,"pe_lyr":78.5305,"pb":3.4568,"ps":3.6462,"pcf":-137.0327,"iop":-94.1547}