{"code":"002157","atr10":0.142,"close":5.55,"close_count":60,"l_pvalue":0.0000775774,"l_slop":23.8336326333,"l_stderror":4.7562961249,"ma120":4.975,"ma250":5.911,"ma42":5.4276190476,"max10":5.66,"min10":5.38,"name":"正邦科技","stat_date":"2017-06-30","mc":129.5179,"cmc":103.5669,"pe":18.2145,"pe_lyr":12.3827,"pb":2.1248,"ps":0.6723,"pcf":14.1589,"iop":-52.8698}