{"code":"002134","atr10":0.245,"close":10.22,"close_count":60,"l_pvalue":0.0003351783,"l_slop":8.490179174,"l_stderror":1.9462047246,"ma120":11.95275,"ma250":13.20372,"ma42":10.1254761905,"max10":10.57,"min10":10.06,"name":"*ST普林","stat_date":"2017-06-30","mc":25.1258,"cmc":25.1258,"pe":-32.0315,"pe_lyr":-25.4238,"pb":6.031,"ps":6.3397,"pcf":-94.5528,"iop":81.9477}