{"code":"002154","atr10":0.052,"close":3.83,"close_count":60,"l_pvalue":0.0004415668,"l_slop":3.9466957681,"l_stderror":0.9305125223,"ma120":3.9243333333,"ma250":4.5542,"ma42":3.9183333333,"max10":4.0,"min10":3.83,"name":"报 喜 鸟","stat_date":"2017-06-30","mc":48.3838,"cmc":40.9383,"pe":-15.1266,"pe_lyr":-12.5121,"pb":1.8602,"ps":2.1689,"pcf":37.5932,"iop":64.6182}