{"code":"002100","atr10":0.086,"close":8.26,"close_count":60,"l_pvalue":0.0000000002,"l_slop":5.6761252604,"l_stderror":0.4624134186,"ma120":8.1705,"ma250":8.6994,"ma42":8.2897619048,"max10":8.42,"min10":8.26,"name":"天康生物","stat_date":"2017-06-30","mc":79.5756,"cmc":58.6002,"pe":20.3858,"pe_lyr":20.2719,"pb":2.923,"ps":1.749,"pcf":14.0702,"iop":-29.5213}