{"code":"002107","atr10":0.202,"close":12.8,"close_count":60,"l_pvalue":0.0000000031,"l_slop":11.7476310312,"l_stderror":1.1363894832,"ma120":12.857,"ma250":14.2906,"ma42":12.8147619048,"max10":13.33,"min10":12.67,"name":"沃华医药","stat_date":"2017-06-30","mc":46.1768,"cmc":44.7012,"pe":78.0486,"pe_lyr":94.6062,"pb":8.7968,"ps":7.541,"pcf":67.6373,"iop":158.2223}