{"code":"002149","atr10":0.671,"close":13.69,"close_count":60,"l_pvalue":7.681619654e-21,"l_slop":60.4489670521,"l_stderror":1.3315660518,"ma120":12.481,"ma250":13.92936,"ma42":12.744047619,"max10":14.79,"min10":13.18,"name":"西部材料","stat_date":"2017-06-30","mc":58.2392,"cmc":58.2351,"pe":160.3785,"pe_lyr":274.4405,"pb":3.3452,"ps":4.6277,"pcf":26.3163,"iop":95.3186}