{"code":"002190","atr10":0.921,"close":28.09,"close_count":60,"l_pvalue":0.0,"l_slop":35.2850274424,"l_stderror":2.5109078793,"ma120":27.1670833333,"ma250":30.66692,"ma42":27.269047619,"max10":29.52,"min10":27.65,"name":"成飞集成","stat_date":"2017-06-30","mc":96.9634,"cmc":96.9634,"pe":108.7472,"pe_lyr":70.408,"pb":5.4994,"ps":4.9427,"pcf":101.7232,"iop":-89.1021}