{"code":"002127","atr10":0.531,"close":15.2,"close_count":60,"l_pvalue":1.501652416e-19,"l_slop":42.157159501,"l_stderror":1.0876772395,"ma120":12.8965,"ma250":12.26284,"ma42":14.265952381,"max10":15.5,"min10":14.8,"name":"南极电商","stat_date":"2017-06-30","mc":233.8154,"cmc":147.1593,"pe":65.6949,"pe_lyr":77.6422,"pb":13.9656,"ps":38.0958,"pcf":-6210.7656,"iop":66.1447}