{"code":"002140","atr10":0.371,"close":12.8,"close_count":60,"l_pvalue":0.0,"l_slop":19.3396029432,"l_stderror":1.2229965908,"ma120":13.1383333333,"ma250":13.98568,"ma42":12.8219047619,"max10":13.69,"min10":12.76,"name":"东华科技","stat_date":"2017-06-30","mc":57.0924,"cmc":56.3012,"pe":63.2922,"pe_lyr":69.795,"pb":2.7688,"ps":3.2152,"pcf":16.5382,"iop":12.6637}