{"code":"002196","atr10":0.567,"close":12.51,"close_count":60,"l_pvalue":0.0,"l_slop":91.3464272182,"l_stderror":5.1571226688,"ma120":11.5839166667,"ma250":13.36316,"ma42":11.7273809524,"max10":13.68,"min10":12.3,"name":"方正电机","stat_date":"2017-06-30","mc":56.4075,"cmc":31.5621,"pe":44.7314,"pe_lyr":47.6857,"pb":2.3481,"ps":5.0216,"pcf":-634.2513,"iop":23.4806}