{"code":"002112","atr10":0.549,"close":18.71,"close_count":60,"l_pvalue":0.0,"l_slop":21.5370957802,"l_stderror":1.3200650995,"ma120":15.92425,"ma250":17.5136,"ma42":16.8764285714,"max10":18.79,"min10":17.15,"name":"三变科技","stat_date":"2017-06-30","mc":37.7194,"cmc":34.1743,"pe":-56.7544,"pe_lyr":717.6437,"pb":7.942,"ps":9.3748,"pcf":-81.8857,"iop":7.0054}