{"code":"002121","atr10":0.287,"close":10.12,"close_count":60,"l_pvalue":0.0,"l_slop":37.850792611,"l_stderror":2.1010310859,"ma120":9.0983333333,"ma250":9.19476,"ma42":9.7411904762,"max10":10.47,"min10":10.01,"name":"科陆电子","stat_date":"2017-06-30","mc":142.4402,"cmc":71.2432,"pe":42.7687,"pe_lyr":52.4242,"pb":3.1449,"ps":4.2232,"pcf":10.433,"iop":156.1094}