{"code":"002175","atr10":0.244,"close":10.5,"close_count":60,"l_pvalue":0.2457250204,"l_slop":-2.7161348196,"l_stderror":2.2676059907,"ma120":13.6633333333,"ma250":16.68436,"ma42":10.8147619048,"max10":11.28,"min10":10.41,"name":"东方网络","stat_date":"2017-06-30","mc":79.1467,"cmc":55.6661,"pe":87.8507,"pe_lyr":129.3866,"pb":5.8725,"ps":12.4126,"pcf":-39.4615,"iop":-213.2348}