{"code":"002184","atr10":0.441,"close":14.6,"close_count":60,"l_pvalue":0.0,"l_slop":50.3952003365,"l_stderror":3.5295229631,"ma120":14.5670833333,"ma250":17.9922,"ma42":14.2742857143,"max10":15.73,"min10":14.43,"name":"海得控制","stat_date":"2017-06-30","mc":35.4513,"cmc":19.8131,"pe":588.533,"pe_lyr":264.0312,"pb":3.2469,"ps":1.9594,"pcf":-2795.8484,"iop":676.5531}