{"code":"002136","atr10":0.565,"close":16.88,"close_count":60,"l_pvalue":0.0000000114,"l_slop":18.7455931845,"l_stderror":1.9673615505,"ma120":16.7759166667,"ma250":17.01012,"ma42":17.0747619048,"max10":18.25,"min10":16.65,"name":"安 纳 达","stat_date":"2017-06-30","mc":36.2954,"cmc":36.0205,"pe":30.3416,"pe_lyr":85.3786,"pb":6.1979,"ps":3.6417,"pcf":328.6357,"iop":175.2462}