{"code":"002110","atr10":0.713,"close":15.86,"close_count":60,"l_pvalue":0.0,"l_slop":0.8470784074,"l_stderror":0.0470895595,"ma120":13.1968333333,"ma250":11.09316,"ma42":13.125952381,"max10":15.86,"min10":15.86,"name":"三钢闽光","stat_date":"2017-06-30","mc":215.1081,"cmc":83.7329,"pe":13.0623,"pe_lyr":23.2164,"pb":2.7458,"ps":1.2096,"pcf":21.3777,"iop":110.1976}