{"code":"002108","atr10":0.414,"close":14.91,"close_count":60,"l_pvalue":0.0058195976,"l_slop":8.4453606712,"l_stderror":2.7192364836,"ma120":14.6063333333,"ma250":13.7264,"ma42":15.4952380952,"max10":15.9,"min10":14.56,"name":"沧州明珠","stat_date":"2017-06-30","mc":162.625,"cmc":155.7417,"pe":31.5476,"pe_lyr":33.3713,"pb":5.6152,"ps":5.1079,"pcf":68.1526,"iop":-1.177}