{"code":"002174","atr10":0.447,"close":23.9,"close_count":60,"l_pvalue":1.984909583e-20,"l_slop":-51.5719273041,"l_stderror":1.194777231,"ma120":28.46575,"ma250":27.8256,"ma42":27.0935714286,"max10":25.42,"min10":23.9,"name":"游族网络","stat_date":"2017-06-30","mc":205.8543,"cmc":131.1614,"pe":29.7087,"pe_lyr":35.0164,"pb":6.9241,"ps":6.4453,"pcf":102.2132,"iop":40.2163}