{"code":"002183","atr10":0.195,"close":8.5,"close_count":60,"l_pvalue":0.0000000002,"l_slop":37.2793496195,"l_stderror":3.0385745572,"ma120":8.9823333333,"ma250":10.35964,"ma42":8.4895238095,"max10":8.85,"min10":8.48,"name":"怡 亚 通","stat_date":"2017-06-30","mc":180.2503,"cmc":180.0619,"pe":33.4312,"pe_lyr":34.7256,"pb":3.1764,"ps":0.2898,"pcf":-20.8989,"iop":-1.5315}