{"code":"002163","atr10":0.157,"close":7.88,"close_count":60,"l_pvalue":0.000014458,"l_slop":4.8216993126,"l_stderror":0.8346292419,"ma120":8.1425833333,"ma250":8.79052,"ma42":7.944047619,"max10":8.28,"min10":7.88,"name":"中航三鑫","stat_date":"2017-06-30","mc":63.3197,"cmc":63.3054,"pe":-251.1878,"pe_lyr":669.1634,"pb":8.9513,"ps":1.4793,"pcf":160.372,"iop":-215.415}