{"code":"002168","atr10":0.702,"close":16.99,"close_count":60,"l_pvalue":1.0,"l_slop":0.0,"l_stderror":0.0,"ma120":14.81125,"ma250":13.3768,"ma42":15.600952381,"max10":16.99,"min10":16.99,"name":"深圳惠程","stat_date":"2017-06-30","mc":139.4182,"cmc":130.1536,"pe":443.8756,"pe_lyr":183.6565,"pb":10.3275,"ps":41.7966,"pcf":-20.5775,"iop":-15345.543}