{"code":"002126","atr10":0.237,"close":9.94,"close_count":60,"l_pvalue":0.5519097439,"l_slop":0.9881327861,"l_stderror":1.6315064362,"ma120":9.9861666667,"ma250":9.49792,"ma42":10.35,"max10":10.5,"min10":9.9,"name":"银轮股份","stat_date":"2017-06-30","mc":79.6275,"cmc":60.5946,"pe":26.0544,"pe_lyr":31.0161,"pb":2.5475,"ps":2.1615,"pcf":10.7799,"iop":56.0264}