{"code":"002176","atr10":1.115,"close":15.6,"close_count":60,"l_pvalue":0.0,"l_slop":133.568108743,"l_stderror":6.8183589971,"ma120":11.0228333333,"ma250":11.54132,"ma42":13.8654761905,"max10":18.0,"min10":14.99,"name":"江特电机","stat_date":"2017-06-30","mc":229.1924,"cmc":215.3847,"pe":150.3934,"pe_lyr":116.1662,"pb":6.081,"ps":8.54,"pcf":-5967.2915,"iop":-53.7484}