{"code":"002141","atr10":0.364,"close":7.15,"close_count":60,"l_pvalue":1.0,"l_slop":0.0,"l_stderror":0.0,"ma120":9.3428333333,"ma250":8.6934,"ma42":7.8795238095,"max10":7.15,"min10":7.15,"name":"贤丰控股","stat_date":"2017-06-30","mc":81.1279,"cmc":45.5175,"pe":865.6185,"pe_lyr":961.8908,"pb":6.2299,"ps":7.7375,"pcf":249.6409,"iop":135.0229}