{"code":"002162","atr10":0.11,"close":5.83,"close_count":60,"l_pvalue":0.0000045418,"l_slop":2.7567113107,"l_stderror":0.4358956512,"ma120":6.40325,"ma250":6.61076,"ma42":5.9269047619,"max10":6.04,"min10":5.83,"name":"悦心健康","stat_date":"2017-06-30","mc":49.6803,"cmc":49.6803,"pe":150.6082,"pe_lyr":291.7866,"pb":5.7354,"ps":5.786,"pcf":425.0484,"iop":36.234}