{"code":"002128","atr10":0.566,"close":13.08,"close_count":60,"l_pvalue":0.000000054,"l_slop":46.2447411709,"l_stderror":5.3627944204,"ma120":9.90475,"ma250":8.7812,"ma42":12.2533333333,"max10":14.14,"min10":12.65,"name":"露天煤业","stat_date":"2017-06-30","mc":213.7767,"cmc":207.7392,"pe":13.9976,"pe_lyr":25.9452,"pb":2.0939,"ps":3.0244,"pcf":32.7305,"iop":236.1143}