{"code":"002106","atr10":0.202,"close":10.41,"close_count":60,"l_pvalue":0.012725877,"l_slop":-6.5078251608,"l_stderror":2.3661985507,"ma120":10.5200833333,"ma250":11.43944,"ma42":10.7019047619,"max10":10.76,"min10":10.28,"name":"莱宝高科","stat_date":"2017-06-30","mc":73.4755,"cmc":73.2395,"pe":35.3305,"pe_lyr":34.6953,"pb":2.013,"ps":1.9728,"pcf":120.6585,"iop":-58.3395}