{"code":"002178","atr10":0.213,"close":12.08,"close_count":60,"l_pvalue":4.484741458e-16,"l_slop":34.9476776792,"l_stderror":1.3849442016,"ma120":10.60525,"ma250":10.2802,"ma42":11.0145238095,"max10":12.08,"min10":11.32,"name":"延华智能","stat_date":"2017-06-30","mc":86.4974,"cmc":73.3267,"pe":-28033.5957,"pe_lyr":194.5347,"pb":7.7837,"ps":7.5826,"pcf":150.6688,"iop":-168.5546}