{"code":"002109","atr10":0.526,"close":8.85,"close_count":60,"l_pvalue":0.0000000001,"l_slop":63.6022345465,"l_stderror":4.9554499774,"ma120":8.3315,"ma250":8.15252,"ma42":8.1121428571,"max10":9.64,"min10":8.85,"name":"兴化股份","stat_date":"2017-06-30","mc":62.1237,"cmc":18.5925,"pe":37.5242,"pe_lyr":221.2198,"pb":1.9253,"ps":3.1254,"pcf":-139.0775,"iop":12.8926}