{"code":"002102","atr10":0.036,"close":3.95,"close_count":60,"l_pvalue":1.64854166e-21,"l_slop":-8.8694115325,"l_stderror":0.1800558844,"ma120":4.2024166667,"ma250":4.78264,"ma42":4.0135714286,"max10":3.99,"min10":3.95,"name":"冠福股份","stat_date":"2017-06-30","mc":104.0365,"cmc":47.6954,"pe":42.8183,"pe_lyr":42.3945,"pb":2.0359,"ps":2.4291,"pcf":-50.0646,"iop":-41.0406}