{"code":"002161","atr10":0.548,"close":11.52,"close_count":60,"l_pvalue":0.5180639895,"l_slop":3.5639884862,"l_stderror":5.4115816128,"ma120":10.36975,"ma250":11.05592,"ma42":12.3245238095,"max10":13.38,"min10":11.3,"name":"远 望 谷","stat_date":"2017-06-30","mc":85.2201,"cmc":80.4353,"pe":373.2074,"pe_lyr":211.6149,"pb":5.4073,"ps":16.8758,"pcf":119.7782,"iop":33.6218}