{"code":"002156","atr10":0.64,"close":12.1,"close_count":60,"l_pvalue":0.0,"l_slop":63.790600712,"l_stderror":4.6739450458,"ma120":9.9785833333,"ma250":10.81988,"ma42":10.159047619,"max10":12.7,"min10":10.18,"name":"通富微电","stat_date":"2017-06-30","mc":117.6882,"cmc":117.664,"pe":65.0201,"pe_lyr":65.0878,"pb":2.9459,"ps":2.0212,"pcf":-12.9131,"iop":95.9079}