{"code":"002122","atr10":0.203,"close":10.65,"close_count":60,"l_pvalue":0.0000004761,"l_slop":18.5848744832,"l_stderror":2.4951107155,"ma120":10.8550833333,"ma250":9.99032,"ma42":10.6102380952,"max10":11.03,"min10":10.65,"name":"天马股份","stat_date":"2017-06-30","mc":126.522,"cmc":117.5258,"pe":-52.4788,"pe_lyr":-50.175,"pb":2.8043,"ps":5.5347,"pcf":-176.1058,"iop":30.6182}