{"code":"002142","atr10":0.263,"close":15.88,"close_count":60,"l_pvalue":0.0000000035,"l_slop":7.3864559991,"l_stderror":0.7196893638,"ma120":14.6190833333,"ma250":13.83084,"ma42":15.8176190476,"max10":16.3,"min10":15.81,"name":"宁波银行","stat_date":"2017-06-30","mc":805.0735,"cmc":714.3961,"pe":9.5421,"pe_lyr":10.3077,"pb":1.7097,"ps":3.3664,"pcf":-23.0698,"iop":6.3303}