{"code":"002123","atr10":0.248,"close":11.02,"close_count":60,"l_pvalue":0.0000000539,"l_slop":25.838956196,"l_stderror":2.995842734,"ma120":11.35925,"ma250":13.5184,"ma42":10.8671428571,"max10":11.53,"min10":10.89,"name":"梦网荣信","stat_date":"2017-06-30","mc":94.9478,"cmc":65.1224,"pe":35.9891,"pe_lyr":37.0697,"pb":1.8861,"ps":3.4358,"pcf":64.7967,"iop":38.1311}