{"code":"002153","atr10":0.579,"close":23.6,"close_count":60,"l_pvalue":0.0,"l_slop":26.0511370224,"l_stderror":1.953069617,"ma120":22.2388333333,"ma250":23.1408,"ma42":23.4402380952,"max10":24.97,"min10":23.41,"name":"石基信息","stat_date":"2017-06-30","mc":251.7621,"cmc":114.3333,"pe":63.6409,"pe_lyr":64.7552,"pb":4.9601,"ps":8.8837,"pcf":-32.7557,"iop":10.1751}