{"code":"002129","atr10":0.345,"close":8.29,"close_count":60,"l_pvalue":1.0,"l_slop":0.0,"l_stderror":0.0,"ma120":10.46275,"ma250":15.10596,"ma42":8.5333333333,"max10":8.29,"min10":8.29,"name":"中环股份","stat_date":"2017-06-30","mc":217.8851,"cmc":217.8851,"pe":51.2399,"pe_lyr":54.1994,"pb":2.0427,"ps":2.9583,"pcf":10.4916,"iop":30.5221}