{"code":"002158","atr10":0.408,"close":16.36,"close_count":60,"l_pvalue":9.133836105e-20,"l_slop":-25.5906655562,"l_stderror":0.6430030281,"ma120":17.02975,"ma250":13.80876,"ma42":17.035952381,"max10":16.92,"min10":16.09,"name":"汉钟精机","stat_date":"2017-06-30","mc":86.7704,"cmc":86.7704,"pe":51.5421,"pe_lyr":52.1291,"pb":4.5338,"ps":7.9104,"pcf":-31.9637,"iop":5.456}