{"code":"002151","atr10":0.844,"close":27.96,"close_count":60,"l_pvalue":0.0021494311,"l_slop":5.1618194433,"l_stderror":1.4549753319,"ma120":28.3136666667,"ma250":30.2476,"ma42":27.1304761905,"max10":28.21,"min10":26.5,"name":"北斗星通","stat_date":"2017-06-30","mc":143.3679,"cmc":65.3213,"pe":223.4224,"pe_lyr":277.3988,"pb":3.3621,"ps":8.0709,"pcf":-38.6489,"iop":58.9364}