{"code":"002188","atr10":0.283,"close":23.6,"close_count":60,"l_pvalue":0.0,"l_slop":-10.946082134,"l_stderror":0.5176673945,"ma120":25.25725,"ma250":26.77676,"ma42":24.0783333333,"max10":23.95,"min10":23.55,"name":"巴士在线","stat_date":"2017-06-30","mc":69.7681,"cmc":40.7317,"pe":67.9183,"pe_lyr":74.538,"pb":3.3031,"ps":9.0068,"pcf":-123.7386,"iop":271.6449}