{"code":"002179","atr10":1.12,"close":37.19,"close_count":60,"l_pvalue":0.0,"l_slop":12.5868363495,"l_stderror":0.8813240686,"ma120":31.7010833333,"ma250":30.7074,"ma42":33.9052380952,"max10":37.19,"min10":33.72,"name":"中航光电","stat_date":"2017-06-30","mc":294.178,"cmc":291.0011,"pe":37.7721,"pe_lyr":40.0915,"pb":6.5357,"ps":4.9992,"pcf":95.6328,"iop":1.9322}