{"code":"002113","atr10":0.473,"close":14.1,"close_count":60,"l_pvalue":0.0,"l_slop":19.8022286363,"l_stderror":1.4881888548,"ma120":14.9371666667,"ma250":11.62804,"ma42":13.6371428571,"max10":14.19,"min10":13.87,"name":"天润数娱","stat_date":"2017-06-30","mc":106.3817,"cmc":66.7617,"pe":184.9762,"pe_lyr":196.5914,"pb":10.8995,"ps":57.018,"pcf":-181.4294,"iop":-26.6162}