{"code":"002146","atr10":0.32,"close":9.82,"close_count":60,"l_pvalue":0.0006349098,"l_slop":-6.1076239929,"l_stderror":1.4961268537,"ma120":10.4259166667,"ma250":9.20904,"ma42":10.4333333333,"max10":10.64,"min10":9.66,"name":"荣盛发展","stat_date":"2017-06-30","mc":426.9897,"cmc":382.0322,"pe":9.4262,"pe_lyr":10.2936,"pb":1.8084,"ps":1.3078,"pcf":-258.9288,"iop":14.7}