{"code":"002115","atr10":0.475,"close":10.31,"close_count":60,"l_pvalue":1.073833727e-21,"l_slop":34.7022159499,"l_stderror":0.6886527173,"ma120":10.2031666667,"ma250":10.80156,"ma42":9.3602380952,"max10":10.39,"min10":9.81,"name":"三维通信","stat_date":"2017-06-30","mc":42.8993,"cmc":35.5654,"pe":62.5003,"pe_lyr":155.4291,"pb":4.7198,"ps":4.0371,"pcf":11.5821,"iop":391.1786}