{"code":"002135","atr10":0.331,"close":8.42,"close_count":60,"l_pvalue":0.0000000001,"l_slop":48.5290842963,"l_stderror":3.8082728084,"ma120":7.8626666667,"ma250":7.73492,"ma42":8.2778571429,"max10":9.15,"min10":8.3,"name":"东南网架","stat_date":"2017-06-30","mc":71.9516,"cmc":56.5146,"pe":88.0832,"pe_lyr":146.4675,"pb":2.8895,"ps":1.1415,"pcf":41.1683,"iop":56.4562}