{"code":"002155","atr10":0.208,"close":10.2,"close_count":60,"l_pvalue":0.5222063505,"l_slop":-1.469281205,"l_stderror":2.2534726277,"ma120":10.1989166667,"ma250":11.07544,"ma42":10.5811904762,"max10":10.62,"min10":10.13,"name":"湖南黄金","stat_date":"2017-06-30","mc":122.608,"cmc":101.608,"pe":47.4986,"pe_lyr":85.4396,"pb":2.7681,"ps":1.5055,"pcf":88.7797,"iop":188.0008}