{"code":"002181","atr10":0.101,"close":5.5,"close_count":60,"l_pvalue":0.000004189,"l_slop":14.4301926489,"l_stderror":2.267777762,"ma120":5.6866666667,"ma250":6.66144,"ma42":5.545952381,"max10":5.77,"min10":5.46,"name":"粤 传 媒","stat_date":"2017-06-30","mc":63.8582,"cmc":62.3872,"pe":25.8823,"pe_lyr":33.6917,"pb":1.71,"ps":6.6998,"pcf":-518.0535,"iop":98.8964}