{"code":"002147","atr10":0.351,"close":13.0,"close_count":60,"l_pvalue":5.561315652e-20,"l_slop":39.5428934161,"l_stderror":0.9676825779,"ma120":11.7800833333,"ma250":11.9288,"ma42":12.314047619,"max10":13.3,"min10":12.94,"name":"新光圆成","stat_date":"2017-06-30","mc":237.6499,"cmc":69.7121,"pe":14.8259,"pe_lyr":15.5362,"pb":3.5461,"ps":5.4796,"pcf":-11.3884,"iop":108.9308}