{"code":"002138","atr10":0.523,"close":20.58,"close_count":60,"l_pvalue":0.0,"l_slop":35.8903655814,"l_stderror":1.6080942824,"ma120":19.1295833333,"ma250":18.54948,"ma42":20.2785714286,"max10":21.78,"min10":20.5,"name":"顺络电子","stat_date":"2017-06-30","mc":168.0594,"cmc":137.4048,"pe":46.9794,"pe_lyr":46.7961,"pb":4.4161,"ps":9.3355,"pcf":-586.6136,"iop":42.3062}