{"code":"002125","atr10":0.621,"close":12.49,"close_count":60,"l_pvalue":0.0013661328,"l_slop":20.1871749193,"l_stderror":5.3879457874,"ma120":11.7488333333,"ma250":12.7316,"ma42":13.619047619,"max10":15.17,"min10":12.31,"name":"湘潭电化","stat_date":"2017-06-30","mc":43.1654,"cmc":27.8039,"pe":111.422,"pe_lyr":194.0834,"pb":4.0101,"ps":5.8562,"pcf":1213.5887,"iop":436.6856}