{"code":"002182","atr10":0.554,"close":11.1,"close_count":60,"l_pvalue":0.0000247265,"l_slop":28.2243368978,"l_stderror":5.1046316567,"ma120":10.1480833333,"ma250":9.91768,"ma42":12.0366666667,"max10":13.2,"min10":10.9,"name":"云海金属","stat_date":"2017-06-30","mc":71.7529,"cmc":50.0315,"pe":36.7823,"pe_lyr":42.3816,"pb":4.8162,"ps":1.5518,"pcf":-286.316,"iop":-35.8383}