{"code":"002192","atr10":2.315,"close":40.6,"close_count":60,"l_pvalue":0.0,"l_slop":155.442295256,"l_stderror":7.2457887363,"ma120":28.66675,"ma250":26.68028,"ma42":35.1195238095,"max10":47.28,"min10":38.58,"name":"融捷股份","stat_date":"2017-06-30","mc":105.42,"cmc":77.3392,"pe":2152.4707,"pe_lyr":1987.0153,"pb":14.3698,"ps":41.3872,"pcf":-361.2986,"iop":-131.9884}