{"code":"002111","atr10":0.385,"close":17.41,"close_count":60,"l_pvalue":0.0000035762,"l_slop":7.2434950556,"l_stderror":1.1248526153,"ma120":18.1003333333,"ma250":20.61396,"ma42":17.485,"max10":17.93,"min10":17.41,"name":"威海广泰","stat_date":"2017-06-30","mc":66.4762,"cmc":49.5664,"pe":35.8764,"pe_lyr":39.4425,"pb":2.4596,"ps":4.038,"pcf":71.7708,"iop":24.0415}