{"code":"002199","atr10":0.851,"close":18.58,"close_count":60,"l_pvalue":1.801436741e-17,"l_slop":67.1284447642,"l_stderror":2.2370629792,"ma120":15.83275,"ma250":16.43928,"ma42":15.7830952381,"max10":18.58,"min10":16.63,"name":"东晶电子","stat_date":"2017-06-30","mc":45.2316,"cmc":36.3263,"pe":58.3669,"pe_lyr":279.2634,"pb":9.8923,"ps":19.4378,"pcf":80.5881,"iop":93.9234}