{"code":"002173","atr10":0.285,"close":15.24,"close_count":60,"l_pvalue":0.0122894624,"l_slop":2.9197890661,"l_stderror":1.0554429049,"ma120":15.95875,"ma250":18.09876,"ma42":15.199047619,"max10":15.55,"min10":15.08,"name":"创新医疗","stat_date":"2017-06-30","mc":69.4913,"cmc":30.9139,"pe":60.0084,"pe_lyr":60.5781,"pb":1.9513,"ps":8.8573,"pcf":-6.6928,"iop":80.5508}