{"code":"002180","atr10":1.469,"close":28.53,"close_count":60,"l_pvalue":3.743564017e-18,"l_slop":71.8426174739,"l_stderror":2.2007863049,"ma120":25.2645,"ma250":27.89756,"ma42":24.9573809524,"max10":30.37,"min10":25.92,"name":"纳思达","stat_date":"2017-06-30","mc":288.7305,"cmc":55.0093,"pe":-24.3264,"pe_lyr":472.7465,"pb":40.0484,"ps":1.8628,"pcf":69.7275,"iop":-920.6191}