{"code":"002186","atr10":0.229,"close":19.09,"close_count":60,"l_pvalue":0.0000000581,"l_slop":4.5457356595,"l_stderror":0.5296211969,"ma120":19.9490833333,"ma250":20.98352,"ma42":19.3247619048,"max10":19.64,"min10":19.08,"name":"全 聚 德","stat_date":"2017-06-30","mc":58.8858,"cmc":58.4071,"pe":40.4094,"pe_lyr":42.1849,"pb":4.0592,"ps":3.2052,"pcf":173309.6094,"iop":17.1544}