{"code":"002164","atr10":0.195,"close":10.0,"close_count":60,"l_pvalue":0.0000000805,"l_slop":-7.4628490662,"l_stderror":0.8883735741,"ma120":10.2298333333,"ma250":10.40608,"ma42":9.8957142857,"max10":10.0,"min10":9.57,"name":"宁波东力","stat_date":"2017-06-30","mc":69.9347,"cmc":41.4312,"pe":298.0792,"pe_lyr":604.5965,"pb":2.1402,"ps":11.5324,"pcf":-690.1727,"iop":166.3226}