{"code":"002195","atr10":0.216,"close":7.31,"close_count":60,"l_pvalue":0.0000000303,"l_slop":-16.0302133154,"l_stderror":1.7903863143,"ma120":6.91675,"ma250":6.8106,"ma42":7.9297619048,"max10":7.93,"min10":7.24,"name":"二三四五","stat_date":"2017-06-30","mc":240.1661,"cmc":136.9101,"pe":28.0601,"pe_lyr":37.8235,"pb":3.4105,"ps":11.9414,"pcf":-481.8403,"iop":140.4712}