{"code":"002124","atr10":0.245,"close":9.09,"close_count":60,"l_pvalue":0.0000000002,"l_slop":13.0679447009,"l_stderror":1.0774057513,"ma120":8.83925,"ma250":10.49796,"ma42":8.9878571429,"max10":9.54,"min10":8.88,"name":"天邦股份","stat_date":"2017-06-30","mc":70.2735,"cmc":34.7134,"pe":23.0285,"pe_lyr":18.8457,"pb":2.4068,"ps":2.6651,"pcf":12.8552,"iop":-51.5931}