{"code":"002160","atr10":0.36,"close":8.13,"close_count":60,"l_pvalue":0.0000015681,"l_slop":16.7780859253,"l_stderror":2.4515625108,"ma120":7.808,"ma250":8.57596,"ma42":8.485,"max10":9.07,"min10":8.04,"name":"常铝股份","stat_date":"2017-06-30","mc":58.8831,"cmc":39.9586,"pe":32.1632,"pe_lyr":37.5847,"pb":1.8967,"ps":1.5286,"pcf":73.5899,"iop":190.0186}