{"code":"002143","atr10":2.029,"close":24.93,"close_count":60,"l_pvalue":1.0,"l_slop":0.0,"l_stderror":0.0,"ma120":32.1068333333,"ma250":28.38056,"ma42":35.1169047619,"max10":24.93,"min10":24.93,"name":"印纪传媒","stat_date":"2017-06-30","mc":274.8552,"cmc":57.7383,"pe":37.2112,"pe_lyr":37.6022,"pb":11.7848,"ps":11.9201,"pcf":-116.2338,"iop":-15.9839}