{"code":"002189","atr10":0.627,"close":18.08,"close_count":60,"l_pvalue":0.0,"l_slop":34.2066108076,"l_stderror":2.3954438905,"ma120":17.8578333333,"ma250":20.88084,"ma42":16.5780952381,"max10":18.08,"min10":18.08,"name":"利达光电","stat_date":"2017-06-30","mc":36.0226,"cmc":35.9256,"pe":175.9809,"pe_lyr":207.9582,"pb":6.656,"ps":4.1207,"pcf":36.9392,"iop":98.2053}