{"code":"002119","atr10":0.733,"close":19.83,"close_count":60,"l_pvalue":0.0,"l_slop":40.5243825703,"l_stderror":2.8260492158,"ma120":17.8471666667,"ma250":19.13544,"ma42":17.9704761905,"max10":20.8,"min10":18.18,"name":"康强电子","stat_date":"2017-06-30","mc":40.8895,"cmc":40.0417,"pe":68.845,"pe_lyr":93.7447,"pb":5.7664,"ps":3.348,"pcf":404.3234,"iop":30.9648}