{"code":"002114","atr10":0.666,"close":20.73,"close_count":60,"l_pvalue":0.000000353,"l_slop":7.1027941023,"l_stderror":0.9340377995,"ma120":19.9705833333,"ma250":21.93756,"ma42":21.3483333333,"max10":22.28,"min10":20.73,"name":"罗平锌电","stat_date":"2017-06-30","mc":67.0398,"cmc":56.3464,"pe":58.6344,"pe_lyr":80.8552,"pb":3.8238,"ps":5.2945,"pcf":-97.9615,"iop":163.9241}