{"code":"002159","atr10":0.887,"close":25.5,"close_count":60,"l_pvalue":0.0000000069,"l_slop":25.5406206339,"l_stderror":2.5968249712,"ma120":24.50275,"ma250":26.40652,"ma42":23.5223809524,"max10":26.03,"min10":23.39,"name":"三特索道","stat_date":"2017-06-30","mc":35.36,"cmc":34.1401,"pe":-59.6105,"pe_lyr":-65.5539,"pb":4.4935,"ps":7.6094,"pcf":-42.6086,"iop":97.9229}