{"code":"002194","atr10":0.703,"close":12.49,"close_count":60,"l_pvalue":0.3200485159,"l_slop":7.7480965077,"l_stderror":7.5882329614,"ma120":8.9386666667,"ma250":11.91716,"ma42":8.6871428571,"max10":12.49,"min10":7.87,"name":"武汉凡谷","stat_date":"2017-06-30","mc":70.5272,"cmc":65.1367,"pe":-17.4359,"pe_lyr":-42.6758,"pb":3.9998,"ps":4.5339,"pcf":21.2999,"iop":-7490.7441}