{"code":"002171","atr10":0.393,"close":8.74,"close_count":60,"l_pvalue":0.0000000006,"l_slop":52.4403369572,"l_stderror":4.5886340021,"ma120":7.8399166667,"ma250":8.13756,"ma42":8.6673809524,"max10":9.46,"min10":8.58,"name":"楚江新材","stat_date":"2017-06-30","mc":93.4488,"cmc":72.7617,"pe":33.2826,"pe_lyr":49.8655,"pb":2.8792,"ps":1.0168,"pcf":28.5095,"iop":129.9674}