{"code":"002137","atr10":0.199,"close":8.42,"close_count":60,"l_pvalue":0.0000000043,"l_slop":20.9714075077,"l_stderror":2.0723255257,"ma120":9.25825,"ma250":11.56708,"ma42":8.609047619,"max10":8.94,"min10":8.35,"name":"麦达数字","stat_date":"2017-06-30","mc":48.7869,"cmc":24.4762,"pe":88.1975,"pe_lyr":32.5272,"pb":2.9129,"ps":5.8239,"pcf":264.2081,"iop":-77.9812}