{"code":"002238","atr10":0.186,"close":10.82,"close_count":60,"l_pvalue":0.0002455131,"l_slop":8.9665452985,"l_stderror":1.992826983,"ma120":11.70025,"ma250":13.07824,"ma42":11.0664285714,"max10":11.34,"min10":10.75,"name":"天威视讯","stat_date":"2017-06-30","mc":66.7976,"cmc":60.3121,"pe":24.3296,"pe_lyr":22.0721,"pb":2.5446,"ps":4.0376,"pcf":-63.3262,"iop":-7.2825}