{"code":"002268","atr10":1.432,"close":22.43,"close_count":60,"l_pvalue":4.741066944e-21,"l_slop":181.875056204,"l_stderror":3.9050108349,"ma120":17.6884166667,"ma250":18.99068,"ma42":17.819047619,"max10":23.8,"min10":21.8,"name":"卫 士 通","stat_date":"2017-06-30","mc":188.0388,"cmc":123.6816,"pe":270.9634,"pe_lyr":120.7302,"pb":4.7001,"ps":9.9653,"pcf":13.1188,"iop":-4330.3403}