{"code":"002239","atr10":0.285,"close":4.8,"close_count":60,"l_pvalue":0.0000000008,"l_slop":87.669555832,"l_stderror":7.8319092442,"ma120":4.39125,"ma250":4.92936,"ma42":4.4395238095,"max10":5.6,"min10":4.72,"name":"奥特佳","stat_date":"2017-06-30","mc":150.3053,"cmc":88.4308,"pe":33.2175,"pe_lyr":33.6953,"pb":3.0015,"ps":2.7518,"pcf":95.6582,"iop":6.0453}