{"code":"002253","atr10":0.699,"close":25.54,"close_count":60,"l_pvalue":0.0000002323,"l_slop":35.8329489289,"l_stderror":4.5791398592,"ma120":24.5023333333,"ma250":26.99008,"ma42":24.9266666667,"max10":26.55,"min10":25.3,"name":"川大智胜","stat_date":"2017-06-30","mc":57.6249,"cmc":53.2768,"pe":147.5402,"pe_lyr":148.1704,"pb":4.5333,"ps":21.2557,"pcf":-67.6808,"iop":7.1477}