{"code":"002247","atr10":0.55,"close":14.11,"close_count":60,"l_pvalue":2.693817718e-17,"l_slop":49.1565724718,"l_stderror":1.6739375375,"ma120":13.53325,"ma250":15.21896,"ma42":13.1688095238,"max10":15.0,"min10":13.68,"name":"帝龙文化","stat_date":"2017-06-30","mc":120.1623,"cmc":73.9564,"pe":25.3202,"pe_lyr":31.7314,"pb":2.556,"ps":5.4022,"pcf":-31.6366,"iop":55.0899}