{"code":"002226","atr10":0.102,"close":7.09,"close_count":60,"l_pvalue":0.0155259281,"l_slop":-3.1136004433,"l_stderror":1.1713292128,"ma120":7.6593333333,"ma250":8.27712,"ma42":7.1745238095,"max10":7.16,"min10":7.08,"name":"江南化工","stat_date":"2017-06-30","mc":64.6097,"cmc":56.0999,"pe":78.4341,"pe_lyr":105.3825,"pb":1.7865,"ps":4.574,"pcf":143.4758,"iop":33.5968}