{"code":"002240","atr10":1.071,"close":16.65,"close_count":60,"l_pvalue":0.000000272,"l_slop":38.139254126,"l_stderror":4.9265695737,"ma120":13.51225,"ma250":12.58888,"ma42":16.7976190476,"max10":19.03,"min10":16.12,"name":"威华股份","stat_date":"2017-06-30","mc":81.7022,"cmc":81.6242,"pe":86.0776,"pe_lyr":349.068,"pb":5.7405,"ps":4.8177,"pcf":-92.9758,"iop":147.4908}