{"code":"002200","atr10":0.618,"close":17.87,"close_count":60,"l_pvalue":0.0,"l_slop":28.6990000003,"l_stderror":1.8770239147,"ma120":19.3430833333,"ma250":21.7806,"ma42":17.3578571429,"max10":19.03,"min10":17.79,"name":"云投生态","stat_date":"2017-06-30","mc":32.9045,"cmc":19.2691,"pe":-172.3109,"pe_lyr":98.4115,"pb":4.0002,"ps":3.1293,"pcf":-128.3857,"iop":-140.6581}