{"code":"002299","atr10":0.323,"close":15.25,"close_count":60,"l_pvalue":4.424377069e-25,"l_slop":-56.1166315221,"l_stderror":0.7374082861,"ma120":15.7151666667,"ma250":20.53388,"ma42":16.7754761905,"max10":16.14,"min10":15.08,"name":"圣农发展","stat_date":"2017-06-30","mc":169.4123,"cmc":137.3819,"pe":37.5772,"pe_lyr":24.9603,"pb":3.1546,"ps":1.9377,"pcf":-148.504,"iop":-116.1771}