{"code":"002272","atr10":0.171,"close":6.82,"close_count":60,"l_pvalue":0.0,"l_slop":22.3768828429,"l_stderror":1.082950666,"ma120":6.9399166667,"ma250":8.478,"ma42":6.7411904762,"max10":7.21,"min10":6.78,"name":"川润股份","stat_date":"2017-06-30","mc":28.6235,"cmc":21.7076,"pe":208.3137,"pe_lyr":196.7492,"pb":2.4455,"ps":4.2998,"pcf":172.6262,"iop":-2153.1016}