{"code":"002218","atr10":0.187,"close":5.06,"close_count":60,"l_pvalue":0.0,"l_slop":43.2028798954,"l_stderror":1.8431273037,"ma120":4.696,"ma250":4.70184,"ma42":4.7928571429,"max10":5.3,"min10":5.03,"name":"拓日新能","stat_date":"2017-06-30","mc":62.5589,"cmc":61.4945,"pe":39.6954,"pe_lyr":48.6038,"pb":2.2685,"ps":4.705,"pcf":-43.5465,"iop":129.2766}