{"code":"002250","atr10":0.172,"close":12.74,"close_count":60,"l_pvalue":0.0,"l_slop":-9.3960798251,"l_stderror":0.6570519596,"ma120":13.6945,"ma250":14.94064,"ma42":12.9419047619,"max10":13.01,"min10":12.69,"name":"联化科技","stat_date":"2017-06-30","mc":117.9599,"cmc":86.4247,"pe":63.3352,"pe_lyr":44.7068,"pb":2.1674,"ps":3.6135,"pcf":11.8584,"iop":13.8771}