{"code":"002214","atr10":0.16,"close":8.33,"close_count":60,"l_pvalue":0.0,"l_slop":18.2872288271,"l_stderror":1.3472559023,"ma120":8.4495833333,"ma250":10.2014,"ma42":8.0707142857,"max10":8.44,"min10":8.13,"name":"大立科技","stat_date":"2017-06-30","mc":38.2069,"cmc":29.5998,"pe":114.5419,"pe_lyr":115.3986,"pb":3.8887,"ps":12.8003,"pcf":92.3939,"iop":-2.7317}