{"code":"002211","atr10":0.203,"close":8.58,"close_count":60,"l_pvalue":0.0000000031,"l_slop":-16.4249370238,"l_stderror":1.5888360749,"ma120":9.2463333333,"ma250":12.1096,"ma42":9.3030952381,"max10":9.22,"min10":8.47,"name":"宏达新材","stat_date":"2017-06-30","mc":37.1064,"cmc":37.0689,"pe":115.7175,"pe_lyr":336.1481,"pb":4.6963,"ps":4.4227,"pcf":-153.9837,"iop":103.838}