{"code":"002225","atr10":0.461,"close":6.81,"close_count":60,"l_pvalue":0.0,"l_slop":63.431571952,"l_stderror":3.5253260836,"ma120":6.033,"ma250":6.27552,"ma42":6.7330952381,"max10":7.76,"min10":6.6,"name":"濮耐股份","stat_date":"2017-06-30","mc":60.6311,"cmc":42.114,"pe":-33.8111,"pe_lyr":-32.7829,"pb":2.5339,"ps":2.5095,"pcf":23.0369,"iop":5.9936}