{"code":"002213","atr10":0.494,"close":21.31,"close_count":60,"l_pvalue":9.859300532e-16,"l_slop":-10.7490592238,"l_stderror":0.4445530187,"ma120":22.43325,"ma250":24.40356,"ma42":21.8897619048,"max10":21.56,"min10":21.05,"name":"特 尔 佳","stat_date":"2017-06-30","mc":43.8986,"cmc":40.0245,"pe":2834.959,"pe_lyr":549.9174,"pb":12.3588,"ps":33.2933,"pcf":242.6623,"iop":-36.8863}