{"code":"002209","atr10":0.377,"close":14.05,"close_count":60,"l_pvalue":0.0070836277,"l_slop":-5.6396198188,"l_stderror":1.8690445302,"ma120":14.32225,"ma250":17.70416,"ma42":14.2452380952,"max10":14.42,"min10":13.47,"name":"达 意 隆","stat_date":"2017-06-30","mc":27.4318,"cmc":26.8484,"pe":-68.7337,"pe_lyr":-60.5316,"pb":4.5402,"ps":3.4465,"pcf":-54.4181,"iop":35.5259}