{"code":"002289","atr10":0.439,"close":11.68,"close_count":60,"l_pvalue":0.0,"l_slop":-0.8602002764,"l_stderror":0.0478190115,"ma120":13.756,"ma250":15.33912,"ma42":11.9921428571,"max10":11.68,"min10":11.68,"name":"宇顺电子","stat_date":"2017-06-30","mc":32.7336,"cmc":29.3966,"pe":21.55,"pe_lyr":109.6422,"pb":5.8203,"ps":3.9069,"pcf":33.7082,"iop":86.1838}