{"code":"002241","atr10":0.558,"close":20.16,"close_count":60,"l_pvalue":0.4235670812,"l_slop":3.6154792716,"l_stderror":4.4205753579,"ma120":18.86375,"ma250":16.71432,"ma42":20.4788095238,"max10":20.81,"min10":19.36,"name":"歌尔股份","stat_date":"2017-06-30","mc":654.213,"cmc":548.3645,"pe":34.5034,"pe_lyr":39.6133,"pb":4.7786,"ps":2.8799,"pcf":66.4823,"iop":55.4765}