{"code":"002230","atr10":1.917,"close":53.0,"close_count":60,"l_pvalue":0.3638322945,"l_slop":-3.1359070101,"l_stderror":3.3704697982,"ma120":41.66575,"ma250":35.5324,"ma42":54.6233333333,"max10":56.05,"min10":52.24,"name":"科大讯飞","stat_date":"2017-06-30","mc":736.0076,"cmc":624.1461,"pe":219.2994,"pe_lyr":151.9326,"pb":9.0057,"ps":18.5826,"pcf":-603.0284,"iop":-43.9345}