{"code":"002203","atr10":0.254,"close":8.7,"close_count":60,"l_pvalue":0.0000000199,"l_slop":17.4534312061,"l_stderror":1.8977162789,"ma120":8.364,"ma250":8.30716,"ma42":8.765,"max10":9.13,"min10":8.54,"name":"海亮股份","stat_date":"2017-06-30","mc":147.5535,"cmc":128.0488,"pe":22.4061,"pe_lyr":26.7671,"pb":3.2588,"ps":0.6476,"pcf":-22.2624,"iop":6.5733}