{"code":"002259","atr10":0.271,"close":6.87,"close_count":60,"l_pvalue":0.0018826774,"l_slop":-9.5099276591,"l_stderror":2.6372695254,"ma120":7.5931666667,"ma250":8.312,"ma42":7.3773809524,"max10":7.54,"min10":6.84,"name":"升达林业","stat_date":"2017-06-30","mc":51.685,"cmc":49.7078,"pe":71.3031,"pe_lyr":72.4054,"pb":3.103,"ps":3.4971,"pcf":13.5541,"iop":22.0286}