{"code":"002291","atr10":0.326,"close":10.36,"close_count":60,"l_pvalue":0.0,"l_slop":24.5126722887,"l_stderror":1.138132067,"ma120":14.05675,"ma250":14.91344,"ma42":9.814047619,"max10":10.63,"min10":10.15,"name":"星期六","stat_date":"2017-06-30","mc":41.3283,"cmc":37.6431,"pe":179.7119,"pe_lyr":198.316,"pb":2.2223,"ps":2.6405,"pcf":99.3701,"iop":7.6282}