{"code":"002265","atr10":0.349,"close":18.1,"close_count":60,"l_pvalue":2.337210803e-22,"l_slop":-29.6076791152,"l_stderror":0.5419552802,"ma120":19.7930833333,"ma250":21.79768,"ma42":19.284047619,"max10":19.07,"min10":18.09,"name":"西仪股份","stat_date":"2017-06-30","mc":57.6605,"cmc":52.6756,"pe":309.1155,"pe_lyr":822.2412,"pb":6.0036,"ps":7.9398,"pcf":65.8477,"iop":512.9103}