{"code":"002237","atr10":0.225,"close":11.42,"close_count":60,"l_pvalue":0.6207240461,"l_slop":1.4631815933,"l_stderror":2.9087323314,"ma120":11.1346666667,"ma250":11.44792,"ma42":11.9402380952,"max10":11.9,"min10":11.39,"name":"恒邦股份","stat_date":"2017-06-30","mc":103.9677,"cmc":95.4798,"pe":35.903,"pe_lyr":51.1362,"pb":2.5696,"ps":0.5438,"pcf":-50.8242,"iop":70.061}