{"code":"002205","atr10":0.427,"close":24.05,"close_count":60,"l_pvalue":0.0007515085,"l_slop":6.7007791238,"l_stderror":1.6716544669,"ma120":26.9785,"ma250":28.61852,"ma42":24.4514285714,"max10":25.32,"min10":24.01,"name":"国统股份","stat_date":"2017-06-30","mc":27.9346,"cmc":27.9346,"pe":118.1236,"pe_lyr":209.5831,"pb":3.0663,"ps":3.697,"pcf":-30.3816,"iop":220.993}