{"code":"002201","atr10":0.303,"close":10.82,"close_count":60,"l_pvalue":0.000000004,"l_slop":43.8931415194,"l_stderror":4.315910958,"ma120":10.3505833333,"ma250":12.5344,"ma42":10.9447619048,"max10":11.87,"min10":10.74,"name":"九鼎新材","stat_date":"2017-06-30","mc":35.973,"cmc":33.7962,"pe":1067.7111,"pe_lyr":750.773,"pb":4.0572,"ps":4.1899,"pcf":54.7554,"iop":34.3389}