{"code":"002278","atr10":0.273,"close":10.0,"close_count":60,"l_pvalue":0.0000000028,"l_slop":38.8769637202,"l_stderror":3.7384025921,"ma120":10.7035833333,"ma250":13.94524,"ma42":9.8026190476,"max10":10.72,"min10":10.0,"name":"神开股份","stat_date":"2017-06-30","mc":36.391,"cmc":34.2018,"pe":-39.549,"pe_lyr":-33.3339,"pb":3.45,"ps":8.7061,"pcf":-28.7359,"iop":37.65}