{"code":"002296","atr10":0.443,"close":10.63,"close_count":60,"l_pvalue":0.0,"l_slop":35.0004627821,"l_stderror":2.6379020961,"ma120":11.0395833333,"ma250":13.51656,"ma42":9.6716666667,"max10":11.27,"min10":9.58,"name":"辉煌科技","stat_date":"2017-06-30","mc":40.0386,"cmc":33.6199,"pe":56.2179,"pe_lyr":47.0654,"pb":2.5609,"ps":7.63,"pcf":-115.9787,"iop":-14.2859}