{"code":"002232","atr10":0.344,"close":12.05,"close_count":60,"l_pvalue":0.0,"l_slop":26.095168475,"l_stderror":1.756651854,"ma120":12.1601666667,"ma250":12.59144,"ma42":11.489047619,"max10":12.27,"min10":11.59,"name":"启明信息","stat_date":"2017-06-30","mc":49.2301,"cmc":48.5013,"pe":97.4265,"pe_lyr":107.6842,"pb":4.8437,"ps":3.3423,"pcf":90.644,"iop":557.206}