{"code":"002256","atr10":0.16,"close":4.39,"close_count":60,"l_pvalue":1.0,"l_slop":0.0,"l_stderror":0.0,"ma120":6.0021666667,"ma250":6.60016,"ma42":5.5278571429,"max10":4.39,"min10":4.39,"name":"兆新股份","stat_date":"2017-06-30","mc":82.6379,"cmc":54.9955,"pe":75.1301,"pe_lyr":71.2795,"pb":3.7776,"ps":14.5243,"pcf":-11.5304,"iop":-21.3648}