{"code":"002233","atr10":0.401,"close":13.31,"close_count":60,"l_pvalue":0.0119869883,"l_slop":-4.8239373582,"l_stderror":1.7365529719,"ma120":12.9905,"ma250":11.4148,"ma42":13.7645238095,"max10":13.95,"min10":13.28,"name":"塔牌集团","stat_date":"2017-06-30","mc":119.0787,"cmc":106.9563,"pe":18.1872,"pe_lyr":26.2155,"pb":2.4794,"ps":2.9243,"pcf":-59.2497,"iop":111.396}