{"code":"002202","atr10":0.448,"close":13.03,"close_count":60,"l_pvalue":0.0,"l_slop":42.8859377912,"l_stderror":2.5967462326,"ma120":11.6853333333,"ma250":12.21824,"ma42":12.0314285714,"max10":13.58,"min10":12.35,"name":"金风科技","stat_date":"2017-06-30","mc":433.4176,"cmc":365.4628,"pe":17.2528,"pe_lyr":15.4304,"pb":2.4988,"ps":1.8305,"pcf":-29.8339,"iop":-7.5517}