{"code":"002254","atr10":0.301,"close":13.16,"close_count":60,"l_pvalue":0.0,"l_slop":-20.8130337019,"l_stderror":0.9944315631,"ma120":13.0943333333,"ma250":13.05724,"ma42":13.4788095238,"max10":13.21,"min10":12.62,"name":"泰和新材","stat_date":"2017-06-30","mc":80.3857,"cmc":80.3445,"pe":92.5825,"pe_lyr":136.6216,"pb":4.027,"ps":4.7834,"pcf":53.5938,"iop":155.7827}