{"code":"002229","atr10":0.355,"close":11.76,"close_count":60,"l_pvalue":2.624416654e-20,"l_slop":45.1927339009,"l_stderror":1.0626466652,"ma120":11.4669166667,"ma250":13.62888,"ma42":11.1592857143,"max10":12.15,"min10":11.75,"name":"鸿博股份","stat_date":"2017-06-30","mc":59.1237,"cmc":43.372,"pe":393.441,"pe_lyr":466.2728,"pb":3.6697,"ps":7.9138,"pcf":32.7134,"iop":-369.6873}