{"code":"002223","atr10":0.376,"close":20.47,"close_count":60,"l_pvalue":0.127271105,"l_slop":2.7626423627,"l_stderror":1.7323524447,"ma120":21.37925,"ma250":21.40316,"ma42":20.5076190476,"max10":20.98,"min10":20.16,"name":"鱼跃医疗","stat_date":"2017-06-30","mc":205.207,"cmc":175.0403,"pe":36.1934,"pe_lyr":41.0205,"pb":4.0671,"ps":6.6942,"pcf":-17.7891,"iop":29.0279}