{"code":"002234","atr10":0.422,"close":14.28,"close_count":60,"l_pvalue":0.0,"l_slop":-31.4911335196,"l_stderror":1.51248686,"ma120":14.5144166667,"ma250":18.72608,"ma42":16.0235714286,"max10":15.39,"min10":14.28,"name":"民和股份","stat_date":"2017-06-30","mc":43.1323,"cmc":29.4388,"pe":-23.5322,"pe_lyr":28.0462,"pb":5.0869,"ps":3.5589,"pcf":-32.809,"iop":-235.2663}