{"code":"002216","atr10":0.099,"close":8.48,"close_count":60,"l_pvalue":0.0109596627,"l_slop":-3.5552171884,"l_stderror":1.2611541811,"ma120":8.6504166667,"ma250":9.28844,"ma42":8.6352380952,"max10":8.7,"min10":8.4,"name":"三全食品","stat_date":"2017-06-30","mc":69.131,"cmc":48.3978,"pe":138.5845,"pe_lyr":175.138,"pb":3.4699,"ps":1.3577,"pcf":64.2375,"iop":73.6726}