{"code":"002292","atr10":0.348,"close":15.09,"close_count":60,"l_pvalue":0.9708199329,"l_slop":0.0633559685,"l_stderror":1.7093259158,"ma120":15.7680833333,"ma250":20.12744,"ma42":14.9138095238,"max10":15.24,"min10":14.64,"name":"奥飞娱乐","stat_date":"2017-06-30","mc":197.2179,"cmc":114.7098,"pe":57.822,"pe_lyr":39.5667,"pb":4.0705,"ps":5.4454,"pcf":-286.7597,"iop":-55.972}