{"code":"002249","atr10":0.55,"close":8.9,"close_count":60,"l_pvalue":4.996797952e-16,"l_slop":95.7040057793,"l_stderror":3.8149241121,"ma120":7.0156666667,"ma250":8.01952,"ma42":7.4471428571,"max10":9.3,"min10":8.43,"name":"大洋电机","stat_date":"2017-06-30","mc":210.9089,"cmc":121.0008,"pe":46.2742,"pe_lyr":41.4039,"pb":2.4213,"ps":2.7128,"pcf":-190.0892,"iop":-28.4573}