{"code":"002286","atr10":0.331,"close":11.68,"close_count":60,"l_pvalue":0.0,"l_slop":33.4902157523,"l_stderror":1.8267317504,"ma120":11.9731666667,"ma250":13.72504,"ma42":11.305,"max10":12.36,"min10":11.63,"name":"保龄宝","stat_date":"2017-06-30","mc":43.1291,"cmc":33.6413,"pe":78.1765,"pe_lyr":87.4072,"pb":2.9095,"ps":2.7772,"pcf":-132.9625,"iop":23.3275}