{"code":"002283","atr10":0.152,"close":6.67,"close_count":60,"l_pvalue":4.445775226e-18,"l_slop":16.2699297007,"l_stderror":0.5030119335,"ma120":6.56,"ma250":7.53132,"ma42":6.565952381,"max10":6.97,"min10":6.66,"name":"天润曲轴","stat_date":"2017-06-30","mc":75.1133,"cmc":75.0513,"pe":30.2983,"pe_lyr":38.6153,"pb":2.0345,"ps":3.203,"pcf":-375.7103,"iop":57.8752}