{"code":"002206","atr10":0.084,"close":6.85,"close_count":60,"l_pvalue":0.0,"l_slop":-7.0664832747,"l_stderror":0.3241337168,"ma120":7.1370833333,"ma250":7.1524,"ma42":6.9578571429,"max10":6.91,"min10":6.82,"name":"海 利 得","stat_date":"2017-06-30","mc":83.7775,"cmc":65.1081,"pe":30.1704,"pe_lyr":32.8398,"pb":3.0783,"ps":2.9306,"pcf":-13.9175,"iop":30.4859}