{"code":"002285","atr10":0.625,"close":11.28,"close_count":60,"l_pvalue":0.0000000091,"l_slop":47.1745645166,"l_stderror":4.8813277581,"ma120":9.0665833333,"ma250":8.35568,"ma42":11.0807142857,"max10":12.31,"min10":10.9,"name":"世联行","stat_date":"2017-06-30","mc":230.6725,"cmc":191.9896,"pe":27.8153,"pe_lyr":30.871,"pb":5.3274,"ps":3.3371,"pcf":-128.98,"iop":42.6123}