{"code":"002245","atr10":0.276,"close":9.24,"close_count":60,"l_pvalue":0.0,"l_slop":30.2998874068,"l_stderror":2.239616769,"ma120":8.9800833333,"ma250":9.45644,"ma42":9.1366666667,"max10":9.77,"min10":9.13,"name":"澳洋顺昌","stat_date":"2017-06-30","mc":91.2249,"cmc":84.0314,"pe":34.4539,"pe_lyr":44.3655,"pb":4.3665,"ps":3.2843,"pcf":-413.5632,"iop":104.5606}