{"code":"002271","atr10":1.545,"close":38.03,"close_count":60,"l_pvalue":0.0001849106,"l_slop":17.7254331176,"l_stderror":3.8329160747,"ma120":34.1955,"ma250":28.80452,"ma42":35.9826190476,"max10":40.32,"min10":36.29,"name":"东方雨虹","stat_date":"2017-06-30","mc":335.3681,"cmc":216.9106,"pe":28.9601,"pe_lyr":32.6009,"pb":6.1555,"ps":3.9974,"pcf":103.5143,"iop":40.3385}