{"code":"002266","atr10":0.072,"close":4.84,"close_count":60,"l_pvalue":0.0000000097,"l_slop":6.6469950254,"l_stderror":0.6906187672,"ma120":4.9528333333,"ma250":5.42812,"ma42":4.8016666667,"max10":4.91,"min10":4.77,"name":"浙富控股","stat_date":"2017-06-30","mc":95.77,"cmc":77.9225,"pe":119.9894,"pe_lyr":148.8859,"pb":3.2396,"ps":8.5298,"pcf":54.6973,"iop":-13.5992}