{"code":"002231","atr10":0.359,"close":12.03,"close_count":60,"l_pvalue":0.0000000001,"l_slop":29.9619357232,"l_stderror":2.2990074909,"ma120":11.4350833333,"ma250":12.9102,"ma42":11.2452380952,"max10":12.03,"min10":11.5,"name":"奥维通信","stat_date":"2017-06-30","mc":42.923,"cmc":34.7565,"pe":384.7089,"pe_lyr":592.1167,"pb":6.4897,"ps":8.8813,"pcf":-2762.2861,"iop":74.981}