{"code":"002244","atr10":0.208,"close":6.88,"close_count":60,"l_pvalue":0.0,"l_slop":20.8126910386,"l_stderror":1.3307382803,"ma120":6.86325,"ma250":6.929,"ma42":6.8935714286,"max10":7.33,"min10":6.84,"name":"滨江集团","stat_date":"2017-06-30","mc":214.0673,"cmc":185.9598,"pe":13.0132,"pe_lyr":15.3036,"pb":1.5807,"ps":1.3381,"pcf":8.8805,"iop":143.1264}