{"code":"002293","atr10":0.146,"close":11.0,"close_count":60,"l_pvalue":0.0032160208,"l_slop":4.2197813244,"l_stderror":1.2521980294,"ma120":11.4030833333,"ma250":12.42408,"ma42":11.0792857143,"max10":11.3,"min10":11.0,"name":"罗莱生活","stat_date":"2017-06-30","mc":77.5396,"cmc":76.9201,"pe":23.6333,"pe_lyr":24.4376,"pb":2.819,"ps":2.0456,"pcf":213.4018,"iop":25.9137}