{"code":"002212","atr10":0.507,"close":17.8,"close_count":60,"l_pvalue":1.062933714e-20,"l_slop":90.7775789442,"l_stderror":2.0344292094,"ma120":14.3749166667,"ma250":15.76804,"ma42":14.7528571429,"max10":17.8,"min10":16.26,"name":"南洋股份","stat_date":"2017-06-30","mc":204.1486,"cmc":41.1901,"pe":1425.9891,"pe_lyr":290.4962,"pb":2.6999,"ps":5.8553,"pcf":181.6426,"iop":-51.9492}