{"code":"002274","atr10":0.408,"close":8.45,"close_count":60,"l_pvalue":0.0,"l_slop":44.1267641749,"l_stderror":2.2677586978,"ma120":7.9336666667,"ma250":8.54684,"ma42":8.2721428571,"max10":9.24,"min10":8.42,"name":"华昌化工","stat_date":"2017-06-30","mc":53.6499,"cmc":41.4331,"pe":111.2626,"pe_lyr":175.3089,"pb":2.0523,"ps":1.1377,"pcf":65.3991,"iop":-403.6207}