{"code":"002261","atr10":0.258,"close":10.08,"close_count":60,"l_pvalue":0.3850241468,"l_slop":1.1935648857,"l_stderror":1.342315159,"ma120":10.69025,"ma250":11.5386,"ma42":9.6185714286,"max10":10.08,"min10":9.47,"name":"拓维信息","stat_date":"2017-06-30","mc":112.0039,"cmc":93.6574,"pe":52.7835,"pe_lyr":52.9497,"pb":2.8625,"ps":10.2862,"pcf":2307.8618,"iop":-21.7402}