{"code":"002297","atr10":0.473,"close":11.3,"close_count":60,"l_pvalue":0.0000019297,"l_slop":10.9162206339,"l_stderror":1.6193675691,"ma120":10.98825,"ma250":11.57312,"ma42":10.449047619,"max10":11.3,"min10":10.24,"name":"博云新材","stat_date":"2017-06-30","mc":53.2586,"cmc":44.7547,"pe":312.5944,"pe_lyr":846.4935,"pb":3.3736,"ps":9.3567,"pcf":-21.6868,"iop":51.0564}