{"code":"002269","atr10":0.046,"close":3.73,"close_count":60,"l_pvalue":0.7113612483,"l_slop":0.5389387446,"l_stderror":1.43480309,"ma120":3.8955833333,"ma250":4.31724,"ma42":3.8252380952,"max10":3.87,"min10":3.72,"name":"美邦服饰","stat_date":"2017-06-30","mc":93.7163,"cmc":93.7163,"pe":181.6227,"pe_lyr":259.1809,"pb":3.0258,"ps":1.4779,"pcf":-256.469,"iop":25.7401}