{"code":"002279","atr10":0.343,"close":12.14,"close_count":60,"l_pvalue":0.0000000009,"l_slop":14.7536495682,"l_stderror":1.3252328682,"ma120":12.5904166667,"ma250":13.2764,"ma42":12.2173809524,"max10":12.97,"min10":12.12,"name":"久其软件","stat_date":"2017-06-30","mc":86.282,"cmc":33.2967,"pe":34.1101,"pe_lyr":39.4685,"pb":3.8507,"ps":5.8078,"pcf":17.4045,"iop":258.161}