{"code":"002282","atr10":0.681,"close":18.37,"close_count":60,"l_pvalue":0.6867234323,"l_slop":-1.6059766468,"l_stderror":3.9214129256,"ma120":19.1843333333,"ma250":15.68804,"ma42":19.4438095238,"max10":20.44,"min10":18.2,"name":"博深工具","stat_date":"2017-06-30","mc":62.1145,"cmc":33.8141,"pe":138.3859,"pe_lyr":497.5329,"pb":7.3998,"ps":13.7508,"pcf":178.0468,"iop":354.9616}