{"code":"002235","atr10":0.28,"close":12.21,"close_count":60,"l_pvalue":0.0000000215,"l_slop":21.535566319,"l_stderror":2.3530923009,"ma120":12.5528333333,"ma250":14.90344,"ma42":12.2866666667,"max10":12.89,"min10":12.21,"name":"安妮股份","stat_date":"2017-06-30","mc":50.7907,"cmc":33.9218,"pe":116.4324,"pe_lyr":435.6156,"pb":2.0911,"ps":9.0526,"pcf":14.2189,"iop":94.9033}