{"code":"002220","atr10":0.169,"close":8.31,"close_count":60,"l_pvalue":0.0000003171,"l_slop":14.9436175359,"l_stderror":1.9506835729,"ma120":8.6886666667,"ma250":10.42592,"ma42":8.3678571429,"max10":8.62,"min10":8.23,"name":"天宝食品","stat_date":"2017-06-30","mc":45.4961,"cmc":32.3655,"pe":24.9133,"pe_lyr":25.062,"pb":1.6735,"ps":3.1285,"pcf":27.723,"iop":2.5168}