{"code":"002275","atr10":0.245,"close":17.0,"close_count":60,"l_pvalue":0.6277099989,"l_slop":-0.6448710197,"l_stderror":1.308238396,"ma120":17.5394166667,"ma250":18.03764,"ma42":17.4673809524,"max10":17.66,"min10":16.92,"name":"桂林三金","stat_date":"2017-06-30","mc":100.334,"cmc":90.6706,"pe":23.9927,"pe_lyr":25.4875,"pb":4.1087,"ps":6.3419,"pcf":103.7186,"iop":11.9961}