{"code":"002284","atr10":0.431,"close":12.07,"close_count":60,"l_pvalue":1.0898644e-20,"l_slop":45.4510186322,"l_stderror":1.01996371,"ma120":11.0374166667,"ma250":13.02792,"ma42":10.8702380952,"max10":12.07,"min10":11.38,"name":"亚太股份","stat_date":"2017-06-30","mc":89.023,"cmc":82.7968,"pe":80.9199,"pe_lyr":61.7386,"pb":3.3661,"ps":2.4151,"pcf":-70.6141,"iop":-49.7196}