{"code":"002204","atr10":0.044,"close":4.05,"close_count":60,"l_pvalue":0.0,"l_slop":-5.0442421353,"l_stderror":0.2849471938,"ma120":4.2550833333,"ma250":4.41932,"ma42":4.1404761905,"max10":4.14,"min10":4.04,"name":"大连重工","stat_date":"2017-06-30","mc":78.2205,"cmc":78.2205,"pe":33500.0508,"pe_lyr":286.7027,"pb":1.189,"ps":1.3962,"pcf":-64.0655,"iop":-32.2928}