{"code":"002222","atr10":0.722,"close":16.23,"close_count":60,"l_pvalue":0.0,"l_slop":35.1932822583,"l_stderror":2.5309565561,"ma120":15.1608333333,"ma250":14.97932,"ma42":16.1873809524,"max10":17.7,"min10":16.09,"name":"福晶科技","stat_date":"2017-06-30","mc":69.3833,"cmc":68.4001,"pe":67.1682,"pe_lyr":98.6539,"pb":9.9146,"ps":17.978,"pcf":571.831,"iop":88.9329}