{"code":"002290","atr10":0.722,"close":16.51,"close_count":60,"l_pvalue":0.0,"l_slop":36.4932994436,"l_stderror":2.187777874,"ma120":16.534,"ma250":20.29952,"ma42":15.2,"max10":17.44,"min10":15.43,"name":"禾盛新材","stat_date":"2017-06-30","mc":40.0718,"cmc":27.1111,"pe":104.0732,"pe_lyr":143.2866,"pb":3.2428,"ps":3.2682,"pcf":11.2084,"iop":58.0708}