{"code":"002262","atr10":0.275,"close":14.19,"close_count":60,"l_pvalue":0.0084102664,"l_slop":-4.8184170037,"l_stderror":1.639069671,"ma120":13.9250833333,"ma250":13.3542,"ma42":13.989047619,"max10":14.28,"min10":13.59,"name":"恩华药业","stat_date":"2017-06-30","mc":143.198,"cmc":122.3079,"pe":41.2697,"pe_lyr":46.2312,"pb":6.3169,"ps":4.5015,"pcf":217.9983,"iop":18.0419}