{"code":"002242","atr10":0.312,"close":19.22,"close_count":60,"l_pvalue":0.0123669024,"l_slop":6.1149126259,"l_stderror":2.2127275485,"ma120":18.8408333333,"ma250":18.92528,"ma42":19.0492857143,"max10":19.4,"min10":18.9,"name":"九阳股份","stat_date":"2017-06-30","mc":147.5179,"cmc":147.4157,"pe":21.219,"pe_lyr":21.1426,"pb":3.8758,"ps":2.0281,"pcf":66.8264,"iop":16.253}