{"code":"002217","atr10":0.432,"close":10.73,"close_count":60,"l_pvalue":0.0,"l_slop":50.3049226486,"l_stderror":3.5129293066,"ma120":9.6409166667,"ma250":9.1918,"ma42":10.3133333333,"max10":11.52,"min10":10.55,"name":"合力泰","stat_date":"2017-06-30","mc":335.6677,"cmc":188.646,"pe":31.2881,"pe_lyr":38.4149,"pb":3.581,"ps":2.5774,"pcf":22.7337,"iop":23.2732}