{"code":"002273","atr10":0.928,"close":25.48,"close_count":60,"l_pvalue":0.0000016222,"l_slop":40.0119974044,"l_stderror":5.860857729,"ma120":22.3539166667,"ma250":22.06204,"ma42":24.7988095238,"max10":26.69,"min10":24.33,"name":"水晶光电","stat_date":"2017-06-30","mc":168.9115,"cmc":155.8804,"pe":55.4896,"pe_lyr":66.5874,"pb":5.6412,"ps":8.6075,"pcf":54.9793,"iop":59.9}