{"code":"002280","atr10":0.235,"close":8.79,"close_count":60,"l_pvalue":0.0444706503,"l_slop":3.8040242943,"l_stderror":1.7677074353,"ma120":10.5985,"ma250":14.6138,"ma42":9.1419047619,"max10":9.54,"min10":8.76,"name":"联络互动","stat_date":"2017-06-30","mc":191.3715,"cmc":111.2369,"pe":100.0834,"pe_lyr":54.1162,"pb":3.1337,"ps":4.3677,"pcf":12.6091,"iop":-110.8126}