{"code":"002251","atr10":0.455,"close":13.61,"close_count":60,"l_pvalue":0.0,"l_slop":33.1724070893,"l_stderror":1.7070414911,"ma120":12.4690833333,"ma250":13.93732,"ma42":12.6076190476,"max10":13.63,"min10":13.15,"name":"步 步 高","stat_date":"2017-06-30","mc":117.5773,"cmc":94.1622,"pe":69.734,"pe_lyr":88.6007,"pb":1.8697,"ps":0.7214,"pcf":-71.3623,"iop":35.5498}