{"code":"002270","atr10":0.351,"close":11.23,"close_count":60,"l_pvalue":1.546006959e-16,"l_slop":24.7178612411,"l_stderror":0.9247593508,"ma120":10.9714166667,"ma250":13.348,"ma42":10.565952381,"max10":11.77,"min10":10.72,"name":"华明装备","stat_date":"2017-06-30","mc":56.8417,"cmc":23.2096,"pe":23.4288,"pe_lyr":23.9789,"pb":2.8853,"ps":4.2477,"pcf":-17.286,"iop":1.3475}