{"code":"002264","atr10":0.244,"close":8.92,"close_count":60,"l_pvalue":0.0,"l_slop":-14.253739056,"l_stderror":0.8912270243,"ma120":10.4053333333,"ma250":9.82616,"ma42":8.904047619,"max10":8.92,"min10":8.11,"name":"新 华 都","stat_date":"2017-06-30","mc":61.0631,"cmc":51.3555,"pe":128.5822,"pe_lyr":112.2821,"pb":3.5088,"ps":0.9071,"pcf":47.5281,"iop":359.8967}