{"code":"002208","atr10":0.583,"close":12.03,"close_count":60,"l_pvalue":0.0000000103,"l_slop":26.08356219,"l_stderror":2.7196464382,"ma120":12.4465,"ma250":14.77148,"ma42":11.800952381,"max10":13.12,"min10":11.76,"name":"合肥城建","stat_date":"2017-06-30","mc":38.508,"cmc":38.4085,"pe":55.4234,"pe_lyr":35.4066,"pb":2.3929,"ps":1.5042,"pcf":9.1143,"iop":-2067.9275}