{"code":"002298","atr10":0.259,"close":10.95,"close_count":60,"l_pvalue":0.0,"l_slop":22.0337017924,"l_stderror":1.2702283309,"ma120":10.93475,"ma250":12.53912,"ma42":10.8447619048,"max10":11.59,"min10":10.88,"name":"中电鑫龙","stat_date":"2017-06-30","mc":77.0837,"cmc":48.173,"pe":46.9169,"pe_lyr":49.4767,"pb":1.8304,"ps":4.3588,"pcf":11.5639,"iop":62.2696}