{"code":"002246","atr10":0.647,"close":16.09,"close_count":60,"l_pvalue":0.1921434236,"l_slop":-3.9169712648,"l_stderror":2.896433537,"ma120":16.414,"ma250":15.16076,"ma42":16.8326190476,"max10":18.19,"min10":15.88,"name":"北化股份","stat_date":"2017-06-30","mc":66.5622,"cmc":66.5622,"pe":93.7915,"pe_lyr":79.2667,"pb":5.3436,"ps":5.1449,"pcf":163.0513,"iop":-40.7724}