{"code":"002260","atr10":0.443,"close":23.1,"close_count":60,"l_pvalue":1.0,"l_slop":0.0,"l_stderror":0.0,"ma120":25.6759166667,"ma250":28.37008,"ma42":25.3230952381,"max10":23.1,"min10":23.1,"name":"德奥通航","stat_date":"2017-06-30","mc":61.2612,"cmc":61.2612,"pe":-251.6157,"pe_lyr":1191.3595,"pb":19.6714,"ps":7.9276,"pcf":-89.5427,"iop":-161.1634}