{"code":"002221","atr10":0.263,"close":11.23,"close_count":60,"l_pvalue":0.0000297797,"l_slop":11.0169708925,"l_stderror":2.0236857273,"ma120":11.4624166667,"ma250":12.4356,"ma42":11.7952380952,"max10":12.06,"min10":11.22,"name":"东华能源","stat_date":"2017-06-30","mc":185.2706,"cmc":143.1454,"pe":23.4507,"pe_lyr":39.4293,"pb":2.581,"ps":0.7322,"pcf":17.2267,"iop":182.6522}