{"code":"002207","atr10":0.222,"close":9.18,"close_count":60,"l_pvalue":0.5628649893,"l_slop":1.0035858857,"l_stderror":1.7041697612,"ma120":9.6869166667,"ma250":14.431,"ma42":9.3654761905,"max10":9.63,"min10":8.98,"name":"*ST准油","stat_date":"2017-06-30","mc":21.9565,"cmc":20.2257,"pe":-1106.833,"pe_lyr":-23.9373,"pb":5.6849,"ps":11.1038,"pcf":3866.9705,"iop":24.4849}