{"code":"002248","atr10":0.198,"close":6.78,"close_count":60,"l_pvalue":0.0,"l_slop":26.799776489,"l_stderror":1.9503832125,"ma120":9.4519166667,"ma250":11.15088,"ma42":6.6638095238,"max10":6.95,"min10":6.67,"name":"*ST东数","stat_date":"2017-06-30","mc":20.8482,"cmc":20.8482,"pe":-7.8258,"pe_lyr":-8.948,"pb":3.7573,"ps":13.7723,"pcf":-67.145,"iop":-89.7587}