{"code":"002227","atr10":0.743,"close":22.45,"close_count":60,"l_pvalue":0.0,"l_slop":55.027901246,"l_stderror":2.9316214806,"ma120":19.6064166667,"ma250":23.02132,"ma42":21.5452380952,"max10":23.88,"min10":22.25,"name":"奥 特 迅","stat_date":"2017-06-30","mc":49.5241,"cmc":49.2697,"pe":264.7885,"pe_lyr":543.2943,"pb":6.247,"ps":14.0353,"pcf":-2169.4861,"iop":375.6018}