{"code":"002294","atr10":0.519,"close":30.75,"close_count":60,"l_pvalue":1.560285069e-18,"l_slop":-19.337199033,"l_stderror":0.5652765736,"ma120":31.6729166667,"ma250":29.99852,"ma42":31.3895238095,"max10":31.07,"min10":30.3,"name":"信立泰","stat_date":"2017-06-30","mc":321.6499,"cmc":321.6499,"pe":22.454,"pe_lyr":23.034,"pb":6.0066,"ps":8.089,"pcf":-69.9652,"iop":2.7546}