{"code":"002295","atr10":0.383,"close":12.75,"close_count":60,"l_pvalue":0.8996735495,"l_slop":-0.271198107,"l_stderror":2.1225473629,"ma120":13.47125,"ma250":15.2356,"ma42":13.1747619048,"max10":13.48,"min10":12.6,"name":"精艺股份","stat_date":"2017-06-30","mc":32.0675,"cmc":22.3138,"pe":76.057,"pe_lyr":349.1566,"pb":2.888,"ps":0.6815,"pcf":23.1623,"iop":159.9167}