{"code":"002252","atr10":0.524,"close":20.58,"close_count":60,"l_pvalue":0.000211232,"l_slop":1.49786154,"l_stderror":0.3280655548,"ma120":21.1643333333,"ma250":21.2004,"ma42":20.0776190476,"max10":20.58,"min10":20.24,"name":"上海莱士","stat_date":"2017-06-30","mc":1022.8752,"cmc":905.6558,"pe":61.1238,"pe_lyr":63.4084,"pb":8.3074,"ps":47.4654,"pcf":-265.4823,"iop":37.5349}