{"code":"002236","atr10":0.792,"close":23.9,"close_count":60,"l_pvalue":0.3696509268,"l_slop":-3.2996832939,"l_stderror":3.5907832466,"ma120":21.8475833333,"ma250":18.02376,"ma42":24.6088095238,"max10":25.08,"min10":23.66,"name":"大华股份","stat_date":"2017-06-30","mc":692.8027,"cmc":406.752,"pe":33.0148,"pe_lyr":37.9576,"pb":7.6381,"ps":4.3726,"pcf":174.7329,"iop":106.8432}