{"code":"002267","atr10":0.087,"close":8.37,"close_count":60,"l_pvalue":0.0002182549,"l_slop":-4.7015242608,"l_stderror":1.0330059209,"ma120":8.6419166667,"ma250":9.173,"ma42":8.6383333333,"max10":8.61,"min10":8.36,"name":"陕天然气","stat_date":"2017-06-30","mc":93.0807,"cmc":93.0807,"pe":24.7443,"pe_lyr":18.3037,"pb":1.7621,"ps":1.2503,"pcf":-30.3956,"iop":-25.2369}