{"code":"002224","atr10":0.367,"close":11.8,"close_count":60,"l_pvalue":0.0,"l_slop":53.7016028203,"l_stderror":2.5419945318,"ma120":11.1659166667,"ma250":13.55136,"ma42":11.0438095238,"max10":12.6,"min10":11.6,"name":"三 力 士","stat_date":"2017-06-30","mc":77.6518,"cmc":55.468,"pe":36.5949,"pe_lyr":34.3852,"pb":4.8049,"ps":9.0741,"pcf":69.122,"iop":-30.5933}