{"code":"002276","atr10":0.469,"close":12.7,"close_count":60,"l_pvalue":0.0,"l_slop":65.2230246381,"l_stderror":3.0871383053,"ma120":11.2066666667,"ma250":13.48396,"ma42":11.8873809524,"max10":13.43,"min10":12.41,"name":"万马股份","stat_date":"2017-06-30","mc":131.5071,"cmc":119.0035,"pe":77.7758,"pe_lyr":61.1041,"pb":3.3853,"ps":1.9201,"pcf":15.907,"iop":43.4364}