{"code":"002243","atr10":0.184,"close":9.86,"close_count":60,"l_pvalue":0.0012575268,"l_slop":12.0464498963,"l_stderror":3.1843334461,"ma120":9.9844166667,"ma250":11.98068,"ma42":10.0980952381,"max10":10.38,"min10":9.83,"name":"通产丽星","stat_date":"2017-06-30","mc":35.984,"cmc":35.984,"pe":85.8614,"pe_lyr":136.9332,"pb":2.4317,"ps":3.2239,"pcf":-571.9176,"iop":191.5528}