{"code":"002255","atr10":0.129,"close":7.55,"close_count":60,"l_pvalue":0.0,"l_slop":-18.474279471,"l_stderror":0.7913556847,"ma120":8.5175,"ma250":8.13168,"ma42":8.0476190476,"max10":8.09,"min10":7.55,"name":"海陆重工","stat_date":"2017-06-30","mc":46.8579,"cmc":35.2291,"pe":50.3813,"pe_lyr":62.1849,"pb":1.986,"ps":4.2858,"pcf":1031.2179,"iop":46.024}