{"code":"002219","atr10":0.202,"close":11.72,"close_count":60,"l_pvalue":0.0,"l_slop":-17.3536863441,"l_stderror":1.0426712,"ma120":12.1225833333,"ma250":12.51828,"ma42":11.9802380952,"max10":11.85,"min10":11.37,"name":"恒康医疗","stat_date":"2017-06-30","mc":218.6057,"cmc":107.4218,"pe":51.4028,"pe_lyr":54.1597,"pb":5.1431,"ps":8.7074,"pcf":-24.2834,"iop":60.6705}