{"code":"002228","atr10":0.077,"close":4.64,"close_count":60,"l_pvalue":0.0000000002,"l_slop":15.5950963602,"l_stderror":1.2861767868,"ma120":4.658,"ma250":4.9974,"ma42":4.6573809524,"max10":4.85,"min10":4.61,"name":"合兴包装","stat_date":"2017-06-30","mc":48.3939,"cmc":48.2049,"pe":39.324,"pe_lyr":47.0134,"pb":2.9298,"ps":1.0814,"pcf":-73.6409,"iop":68.4731}