{"code":"002277","atr10":0.233,"close":6.89,"close_count":60,"l_pvalue":0.0000000002,"l_slop":21.1058823039,"l_stderror":1.7471446808,"ma120":6.4726666667,"ma250":6.85872,"ma42":6.4897619048,"max10":7.06,"min10":6.58,"name":"友阿股份","stat_date":"2017-06-30","mc":97.6041,"cmc":97.6041,"pe":27.1865,"pe_lyr":32.6248,"pb":1.9056,"ps":1.4292,"pcf":-42.7311,"iop":17.7728}