{"code":"002288","atr10":0.142,"close":6.86,"close_count":60,"l_pvalue":3.152310654e-18,"l_slop":-37.6802209759,"l_stderror":1.1437045042,"ma120":7.1786666667,"ma250":8.40972,"ma42":7.3366666667,"max10":7.04,"min10":6.78,"name":"超华科技","stat_date":"2017-06-30","mc":63.9108,"cmc":45.2537,"pe":-188.6052,"pe_lyr":-103.1912,"pb":3.7445,"ps":5.156,"pcf":4453.4678,"iop":321.4151}