{"code":"002281","atr10":1.56,"close":25.6,"close_count":60,"l_pvalue":5.301805195e-17,"l_slop":79.1609416168,"l_stderror":2.7956432433,"ma120":21.4701666667,"ma250":23.63028,"ma42":22.2535714286,"max10":26.69,"min10":23.9,"name":"光迅科技","stat_date":"2017-06-30","mc":161.0047,"cmc":157.8595,"pe":53.0228,"pe_lyr":56.4887,"pb":5.527,"ps":3.6042,"pcf":123.9775,"iop":10.5207}