{"code":"002210","atr10":0.38,"close":11.34,"close_count":60,"l_pvalue":0.0002197542,"l_slop":-7.373564005,"l_stderror":1.62117506,"ma120":10.8050833333,"ma250":10.83956,"ma42":11.2754761905,"max10":11.48,"min10":10.83,"name":"飞马国际","stat_date":"2017-06-30","mc":187.4366,"cmc":145.7604,"pe":12.194,"pe_lyr":12.2349,"pb":4.7108,"ps":0.2635,"pcf":12.8397,"iop":3.8706}