{"code":"002287","atr10":1.112,"close":40.0,"close_count":60,"l_pvalue":0.0,"l_slop":16.7011482966,"l_stderror":1.0899425215,"ma120":40.5569166667,"ma250":43.4452,"ma42":39.6614285714,"max10":41.65,"min10":40.0,"name":"奇正藏药","stat_date":"2017-06-30","mc":162.4,"cmc":162.4,"pe":54.4501,"pe_lyr":56.0267,"pb":10.2303,"ps":16.4577,"pcf":349.7115,"iop":3.7238}