{"code":"002215","atr10":0.142,"close":8.2,"close_count":60,"l_pvalue":8.831542834e-16,"l_slop":-7.3012853452,"l_stderror":0.3001641557,"ma120":8.4404166667,"ma250":9.67124,"ma42":8.39,"max10":8.44,"min10":8.16,"name":"诺 普 信","stat_date":"2017-06-30","mc":74.9543,"cmc":58.2308,"pe":-264.8388,"pe_lyr":-27.1331,"pb":4.0344,"ps":3.3858,"pcf":30.8757,"iop":203.3201}