{"code":"002258","atr10":0.207,"close":12.13,"close_count":60,"l_pvalue":8.772804461e-16,"l_slop":-14.4070934162,"l_stderror":0.5920776807,"ma120":12.6910833333,"ma250":12.4984,"ma42":12.6061904762,"max10":12.67,"min10":12.08,"name":"利尔化学","stat_date":"2017-06-30","mc":63.6064,"cmc":63.5223,"pe":24.4895,"pe_lyr":30.529,"pb":2.9838,"ps":2.7861,"pcf":60.6502,"iop":58.0598}