{"code":"002328","atr10":0.168,"close":8.17,"close_count":60,"l_pvalue":0.0,"l_slop":15.2726824868,"l_stderror":0.9095593268,"ma120":8.2313333333,"ma250":9.49912,"ma42":8.1195238095,"max10":8.46,"min10":8.1,"name":"新朋股份","stat_date":"2017-06-30","mc":36.6098,"cmc":26.5679,"pe":39.8849,"pe_lyr":38.372,"pb":1.5534,"ps":0.9692,"pcf":96.7237,"iop":12.5516}