{"code":"002382","atr10":0.375,"close":12.19,"close_count":60,"l_pvalue":0.0,"l_slop":-0.0522879624,"l_stderror":0.0029067169,"ma120":12.0853333333,"ma250":11.95028,"ma42":11.775,"max10":12.19,"min10":12.19,"name":"蓝帆医疗","stat_date":"2017-06-30","mc":60.2619,"cmc":59.0102,"pe":32.487,"pe_lyr":33.2811,"pb":4.544,"ps":4.2046,"pcf":74.9523,"iop":-8.3076}