{"code":"002329","atr10":0.197,"close":8.98,"close_count":60,"l_pvalue":0.0000000004,"l_slop":27.6074871762,"l_stderror":2.370640295,"ma120":9.7056666667,"ma250":12.22164,"ma42":8.9197619048,"max10":9.38,"min10":8.91,"name":"皇氏集团","stat_date":"2017-06-30","mc":75.2201,"cmc":46.9721,"pe":26.9771,"pe_lyr":25.8842,"pb":2.7543,"ps":3.2198,"pcf":32.1554,"iop":-32.5221}