{"code":"002353","atr10":0.32,"close":15.68,"close_count":60,"l_pvalue":0.0,"l_slop":8.4815691771,"l_stderror":0.5416536343,"ma120":16.0390833333,"ma250":18.25732,"ma42":15.1145238095,"max10":15.68,"min10":15.0,"name":"杰瑞股份","stat_date":"2017-06-30","mc":150.1915,"cmc":104.5782,"pe":342.7508,"pe_lyr":124.4604,"pb":1.9121,"ps":5.3688,"pcf":474.9618,"iop":-88.8108}