{"code":"002367","atr10":0.134,"close":10.71,"close_count":60,"l_pvalue":1.010032941e-19,"l_slop":-12.9892856974,"l_stderror":0.3281271515,"ma120":11.5204166667,"ma250":12.79228,"ma42":11.1154761905,"max10":10.94,"min10":10.67,"name":"康力电梯","stat_date":"2017-06-30","mc":85.4286,"cmc":55.6877,"pe":22.2279,"pe_lyr":20.145,"pb":2.3624,"ps":2.6305,"pcf":-2526.512,"iop":-44.8243}