{"code":"002304","atr10":3.257,"close":100.3,"close_count":60,"l_pvalue":0.0034091787,"l_slop":14.1892131637,"l_stderror":4.2430974983,"ma120":86.1325833333,"ma250":78.8274,"ma42":90.0533333333,"max10":100.43,"min10":87.87,"name":"洋河股份","stat_date":"2017-06-30","mc":1511.509,"cmc":1243.5355,"pe":23.948,"pe_lyr":25.939,"pb":5.6407,"ps":8.1615,"pcf":-255.6745,"iop":21.7019}