{"code":"002330","atr10":0.237,"close":8.78,"close_count":60,"l_pvalue":0.0000006994,"l_slop":-8.5291009848,"l_stderror":1.1763202766,"ma120":9.1471666667,"ma250":10.6918,"ma42":8.7292857143,"max10":8.92,"min10":8.52,"name":"得利斯","stat_date":"2017-06-30","mc":44.0756,"cmc":44.0707,"pe":-756.8311,"pe_lyr":488.0121,"pb":3.3412,"ps":3.0575,"pcf":105.4594,"iop":-1094.217}