{"code":"002364","atr10":0.531,"close":15.36,"close_count":60,"l_pvalue":0.0,"l_slop":42.5664087682,"l_stderror":2.530802082,"ma120":14.6956666667,"ma250":18.36108,"ma42":14.535952381,"max10":15.89,"min10":14.88,"name":"中恒电气","stat_date":"2017-06-30","mc":86.5636,"cmc":72.4151,"pe":72.0052,"pe_lyr":54.6895,"pb":3.7055,"ps":10.0503,"pcf":52.1452,"iop":-51.3816}