{"code":"002397","atr10":0.101,"close":6.79,"close_count":60,"l_pvalue":0.008996953,"l_slop":5.4740539607,"l_stderror":1.8817015173,"ma120":6.7948333333,"ma250":7.66652,"ma42":6.885952381,"max10":7.02,"min10":6.7,"name":"梦洁股份","stat_date":"2017-06-30","mc":46.6085,"cmc":28.8206,"pe":41.8143,"pe_lyr":47.8846,"pb":3.3726,"ps":2.7686,"pcf":63.8432,"iop":67.6119}