{"code":"002331","atr10":0.727,"close":14.13,"close_count":60,"l_pvalue":0.0002544917,"l_slop":3.7954856439,"l_stderror":0.846529282,"ma120":16.30575,"ma250":15.21656,"ma42":15.6033333333,"max10":15.04,"min10":14.1,"name":"皖通科技","stat_date":"2017-06-30","mc":49.5012,"cmc":41.261,"pe":61.7616,"pe_lyr":64.3938,"pb":3.7885,"ps":5.0089,"pcf":-47.4565,"iop":1.2783}