{"code":"002365","atr10":1.661,"close":39.09,"close_count":60,"l_pvalue":0.0000000001,"l_slop":31.26419618,"l_stderror":2.454865281,"ma120":31.052,"ma250":27.77916,"ma42":38.2769047619,"max10":42.11,"min10":38.22,"name":"永安药业","stat_date":"2017-06-30","mc":76.7943,"cmc":60.2793,"pe":77.4459,"pe_lyr":123.2711,"pb":6.2203,"ps":11.1956,"pcf":140.7433,"iop":107.7239}