{"code":"002327","atr10":0.159,"close":8.73,"close_count":60,"l_pvalue":0.0000000227,"l_slop":9.3392679496,"l_stderror":1.0239722325,"ma120":8.5659166667,"ma250":8.8062,"ma42":8.4257142857,"max10":8.81,"min10":8.39,"name":"富安娜","stat_date":"2017-06-30","mc":76.0475,"cmc":41.8186,"pe":17.7579,"pe_lyr":17.3221,"pb":2.6837,"ps":3.1796,"pcf":-43.6328,"iop":-6.1369}