{"code":"002313","atr10":0.923,"close":27.43,"close_count":60,"l_pvalue":3.550685088e-17,"l_slop":49.9824578393,"l_stderror":1.7275173761,"ma120":21.6670833333,"ma250":22.29004,"ma42":24.1138095238,"max10":27.43,"min10":25.1,"name":"日海通讯","stat_date":"2017-06-30","mc":85.5816,"cmc":85.5816,"pe":66.434,"pe_lyr":126.8518,"pb":4.489,"ps":3.2277,"pcf":91.578,"iop":184.0518}