{"code":"002368","atr10":0.71,"close":27.52,"close_count":60,"l_pvalue":0.0031491163,"l_slop":8.1963480573,"l_stderror":2.4255270863,"ma120":27.8160833333,"ma250":30.39952,"ma42":28.045952381,"max10":29.01,"min10":26.99,"name":"太极股份","stat_date":"2017-06-30","mc":114.3724,"cmc":107.8162,"pe":37.7215,"pe_lyr":37.9224,"pb":4.8866,"ps":2.1439,"pcf":80.7861,"iop":24.3647}