{"code":"002393","atr10":0.556,"close":35.88,"close_count":60,"l_pvalue":4.85485421e-19,"l_slop":13.8523965528,"l_stderror":0.3804687315,"ma120":35.0125,"ma250":38.42844,"ma42":34.9923809524,"max10":36.74,"min10":35.29,"name":"力生制药","stat_date":"2017-06-30","mc":65.4649,"cmc":65.2881,"pe":52.4944,"pe_lyr":56.6274,"pb":2.1534,"ps":7.1563,"pcf":246.1712,"iop":46.1552}