{"code":"002358","atr10":0.411,"close":15.77,"close_count":60,"l_pvalue":0.0000000133,"l_slop":15.8087014249,"l_stderror":1.6753162335,"ma120":17.6530833333,"ma250":18.23308,"ma42":15.5666666667,"max10":16.3,"min10":15.44,"name":"森源电气","stat_date":"2017-06-30","mc":146.6227,"cmc":143.5754,"pe":36.8766,"pe_lyr":44.3562,"pb":3.1586,"ps":4.8479,"pcf":18.5722,"iop":72.3159}