{"code":"002349","atr10":0.083,"close":8.95,"close_count":60,"l_pvalue":0.0127667019,"l_slop":1.6465380219,"l_stderror":0.5989911645,"ma120":9.4135,"ma250":10.34932,"ma42":9.1014285714,"max10":9.17,"min10":8.95,"name":"精华制药","stat_date":"2017-06-30","mc":75.2328,"cmc":53.3111,"pe":41.6757,"pe_lyr":45.5874,"pb":3.4181,"ps":7.2631,"pcf":-46.1956,"iop":59.7041}