{"code":"002303","atr10":0.218,"close":8.16,"close_count":60,"l_pvalue":1.049554724e-19,"l_slop":35.1099029961,"l_stderror":0.8887385524,"ma120":7.9491666667,"ma250":9.44604,"ma42":7.7314285714,"max10":8.42,"min10":7.89,"name":"美盈森","stat_date":"2017-06-30","mc":125.8536,"cmc":116.688,"pe":49.2401,"pe_lyr":56.3363,"pb":3.0852,"ps":5.2656,"pcf":9.8433,"iop":27.4113}