{"code":"002348","atr10":0.109,"close":6.67,"close_count":60,"l_pvalue":0.0000007242,"l_slop":-12.4497963016,"l_stderror":1.7212778872,"ma120":7.2868333333,"ma250":7.43136,"ma42":6.889047619,"max10":6.83,"min10":6.62,"name":"高乐股份","stat_date":"2017-06-30","mc":63.1782,"cmc":49.2656,"pe":126.0122,"pe_lyr":148.4915,"pb":5.0551,"ps":13.2454,"pcf":216.7374,"iop":-78.1818}