{"code":"002324","atr10":0.507,"close":27.6,"close_count":60,"l_pvalue":5.770780134e-16,"l_slop":29.580917049,"l_stderror":1.1883774588,"ma120":26.428,"ma250":28.29132,"ma42":26.0947619048,"max10":27.84,"min10":26.84,"name":"普利特","stat_date":"2017-06-30","mc":74.52,"cmc":44.025,"pe":31.4664,"pe_lyr":26.8113,"pb":3.374,"ps":2.2354,"pcf":-549.2337,"iop":-11.7326}