{"code":"002312","atr10":0.268,"close":6.94,"close_count":60,"l_pvalue":0.0,"l_slop":60.6916752397,"l_stderror":3.3090332504,"ma120":7.1983333333,"ma250":9.35428,"ma42":5.9076190476,"max10":7.04,"min10":6.37,"name":"*ST三泰","stat_date":"2017-06-30","mc":97.4994,"cmc":75.1421,"pe":-7.0595,"pe_lyr":-7.4779,"pb":3.2576,"ps":10.8434,"pcf":-19.6012,"iop":29.9682}