{"code":"002398","atr10":0.474,"close":13.97,"close_count":60,"l_pvalue":0.0,"l_slop":18.1745901863,"l_stderror":0.9792077303,"ma120":12.84875,"ma250":13.2394,"ma42":13.3342857143,"max10":14.02,"min10":13.76,"name":"建研集团","stat_date":"2017-06-30","mc":48.3528,"cmc":35.7669,"pe":30.4156,"pe_lyr":28.9048,"pb":2.1913,"ps":2.9393,"pcf":367.842,"iop":8.6085}