{"code":"002387","atr10":0.431,"close":17.38,"close_count":60,"l_pvalue":0.0,"l_slop":20.393009902,"l_stderror":1.2487276456,"ma120":16.7306666667,"ma250":17.55024,"ma42":17.180952381,"max10":17.9,"min10":17.08,"name":"黑牛食品","stat_date":"2017-06-30","mc":81.5921,"cmc":55.6191,"pe":-240.0775,"pe_lyr":311.5934,"pb":12.4462,"ps":138.7586,"pcf":7.3673,"iop":-212.2022}