{"code":"002357","atr10":0.189,"close":9.99,"close_count":60,"l_pvalue":0.0000000011,"l_slop":14.2874896093,"l_stderror":1.2949363757,"ma120":10.5321666667,"ma250":12.61724,"ma42":10.1419047619,"max10":10.58,"min10":9.99,"name":"富临运业","stat_date":"2017-06-30","mc":31.3176,"cmc":31.2919,"pe":32.5466,"pe_lyr":33.016,"pb":3.0165,"ps":2.7201,"pcf":64.0985,"iop":-30.9671}