{"code":"002325","atr10":0.1,"close":6.2,"close_count":60,"l_pvalue":0.0,"l_slop":-8.8020223403,"l_stderror":0.523720433,"ma120":6.62325,"ma250":7.50976,"ma42":6.4130952381,"max10":6.5,"min10":6.17,"name":"洪涛股份","stat_date":"2017-06-30","mc":77.2048,"cmc":56.619,"pe":70.6664,"pe_lyr":59.0224,"pb":2.2356,"ps":2.4612,"pcf":193.9031,"iop":35.0549}