{"code":"002370","atr10":0.547,"close":15.16,"close_count":60,"l_pvalue":0.0000010046,"l_slop":34.3707271927,"l_stderror":4.863676289,"ma120":14.7958333333,"ma250":15.14848,"ma42":15.2492857143,"max10":16.72,"min10":14.88,"name":"亚太药业","stat_date":"2017-06-30","mc":81.3326,"cmc":61.8528,"pe":49.9244,"pe_lyr":64.9152,"pb":3.5999,"ps":8.7419,"pcf":14.1484,"iop":36.4763}