{"code":"002360","atr10":0.182,"close":7.97,"close_count":60,"l_pvalue":0.0,"l_slop":17.3779150941,"l_stderror":1.0975070786,"ma120":8.3180833333,"ma250":10.24124,"ma42":7.999047619,"max10":8.35,"min10":7.95,"name":"同德化工","stat_date":"2017-06-30","mc":31.2036,"cmc":22.9074,"pe":36.3369,"pe_lyr":37.7132,"pb":3.2141,"ps":4.536,"pcf":-46.3669,"iop":-25.4033}