{"code":"002371","atr10":1.441,"close":28.94,"close_count":60,"l_pvalue":1.152725485e-22,"l_slop":86.0560220692,"l_stderror":1.5173633112,"ma120":24.8408333333,"ma250":27.8742,"ma42":25.5976190476,"max10":30.76,"min10":28.49,"name":"北方华创","stat_date":"2017-06-30","mc":132.5465,"cmc":101.3357,"pe":126.1835,"pe_lyr":142.6741,"pb":4.0978,"ps":6.7436,"pcf":30.4449,"iop":1003.9855}