{"code":"002305","atr10":0.315,"close":5.9,"close_count":60,"l_pvalue":0.0,"l_slop":37.5528841143,"l_stderror":1.7074177131,"ma120":5.27225,"ma250":5.27348,"ma42":5.5071428571,"max10":6.19,"min10":5.47,"name":"南国置业","stat_date":"2017-06-30","mc":102.3187,"cmc":87.8835,"pe":206.7082,"pe_lyr":236.4037,"pb":2.291,"ps":4.4798,"pcf":9.1451,"iop":-78.7991}