{"code":"002394","atr10":0.121,"close":13.76,"close_count":60,"l_pvalue":0.0,"l_slop":-7.2388030737,"l_stderror":0.3558031692,"ma120":14.4098333333,"ma250":15.81976,"ma42":14.0445238095,"max10":13.94,"min10":13.63,"name":"联发股份","stat_date":"2017-06-30","mc":44.5411,"cmc":44.5411,"pe":11.4968,"pe_lyr":11.3043,"pb":1.5372,"ps":1.1597,"pcf":25.8048,"iop":-4.6153}