{"code":"002366","atr10":0.898,"close":28.25,"close_count":60,"l_pvalue":0.0,"l_slop":49.4895732432,"l_stderror":2.9682510697,"ma120":24.4175,"ma250":25.20032,"ma42":26.9261904762,"max10":29.56,"min10":28.09,"name":"台海核电","stat_date":"2017-06-30","mc":244.9437,"cmc":138.1524,"pe":45.7817,"pe_lyr":62.4324,"pb":11.5039,"ps":14.4351,"pcf":-109.0036,"iop":61.1595}