{"code":"002372","atr10":0.328,"close":17.25,"close_count":60,"l_pvalue":0.0000000037,"l_slop":-9.9220311982,"l_stderror":0.970881619,"ma120":17.3586666667,"ma250":14.86012,"ma42":17.6621428571,"max10":17.97,"min10":17.15,"name":"伟星新材","stat_date":"2017-06-30","mc":173.95,"cmc":153.9655,"pe":23.6203,"pe_lyr":25.9355,"pb":6.4965,"ps":4.8423,"pcf":-132.8077,"iop":34.2065}