{"code":"002338","atr10":0.886,"close":19.4,"close_count":60,"l_pvalue":0.0,"l_slop":72.9006294811,"l_stderror":3.7689452902,"ma120":18.3411666667,"ma250":21.90876,"ma42":18.1371428571,"max10":20.68,"min10":19.27,"name":"奥普光电","stat_date":"2017-06-30","mc":46.56,"cmc":46.5541,"pe":87.9148,"pe_lyr":88.4829,"pb":6.2942,"ps":12.8939,"pcf":-132.6559,"iop":-71.2229}