{"code":"002350","atr10":0.428,"close":14.48,"close_count":60,"l_pvalue":0.0,"l_slop":-24.1978347848,"l_stderror":1.0559243723,"ma120":14.2885833333,"ma250":13.32336,"ma42":14.3061904762,"max10":14.48,"min10":13.52,"name":"北京科锐","stat_date":"2017-06-30","mc":56.0383,"cmc":53.5585,"pe":77.5423,"pe_lyr":73.289,"pb":4.8666,"ps":2.8941,"pcf":158.3403,"iop":47.1946}