{"code":"002379","atr10":0.199,"close":6.55,"close_count":60,"l_pvalue":0.0,"l_slop":-24.9771485058,"l_stderror":1.3358900983,"ma120":7.7314166667,"ma250":6.5254,"ma42":7.2257142857,"max10":7.13,"min10":6.48,"name":"宏创控股","stat_date":"2017-06-30","mc":60.6792,"cmc":39.0458,"pe":171.4778,"pe_lyr":428.8099,"pb":4.9086,"ps":4.8608,"pcf":16.9676,"iop":-53.8603}