{"code":"002343","atr10":1.043,"close":37.25,"close_count":60,"l_pvalue":0.9987334958,"l_slop":0.0028914255,"l_stderror":1.7977673208,"ma120":36.682,"ma250":39.35816,"ma42":36.214047619,"max10":37.85,"min10":35.38,"name":"慈文传媒","stat_date":"2017-06-30","mc":117.155,"cmc":87.3024,"pe":42.7729,"pe_lyr":40.3831,"pb":8.5948,"ps":6.7704,"pcf":4401.6626,"iop":-37.7248}