{"code":"002380","atr10":0.48,"close":19.96,"close_count":60,"l_pvalue":0.0054752356,"l_slop":8.9339178084,"l_stderror":2.8514470506,"ma120":19.69275,"ma250":24.4174,"ma42":20.6742857143,"max10":21.44,"min10":19.63,"name":"科远股份","stat_date":"2017-06-30","mc":47.9023,"cmc":28.3673,"pe":50.8923,"pe_lyr":58.0739,"pb":2.4039,"ps":8.592,"pcf":-12.2542,"iop":110.0229}