{"code":"002389","atr10":0.777,"close":25.13,"close_count":60,"l_pvalue":0.0725269706,"l_slop":5.6816444885,"l_stderror":2.9881594578,"ma120":22.4925833333,"ma250":21.3536,"ma42":23.6352380952,"max10":25.13,"min10":22.56,"name":"南洋科技","stat_date":"2017-06-30","mc":178.1332,"cmc":134.9497,"pe":161.0313,"pe_lyr":145.087,"pb":5.122,"ps":13.4642,"pcf":670.5908,"iop":-23.0289}