{"code":"002390","atr10":0.121,"close":8.45,"close_count":60,"l_pvalue":8.888015308e-19,"l_slop":9.1610750623,"l_stderror":0.2598710122,"ma120":8.85525,"ma250":9.43316,"ma42":8.3352380952,"max10":8.58,"min10":8.38,"name":"信邦制药","stat_date":"2017-06-30","mc":144.0637,"cmc":86.2351,"pe":54.8666,"pe_lyr":58.5594,"pb":2.2343,"ps":2.6495,"pcf":38.1662,"iop":60.7157}