{"code":"002320","atr10":0.688,"close":19.5,"close_count":60,"l_pvalue":2.300646581e-18,"l_slop":61.4371814668,"l_stderror":1.8336432656,"ma120":15.4908333333,"ma250":16.00748,"ma42":17.8171428571,"max10":20.13,"min10":19.12,"name":"海峡股份","stat_date":"2017-06-30","mc":99.0637,"cmc":40.375,"pe":43.3788,"pe_lyr":63.1505,"pb":2.8102,"ps":11.2517,"pcf":23.5951,"iop":84.6935}