{"code":"002307","atr10":0.479,"close":14.59,"close_count":60,"l_pvalue":0.0,"l_slop":-37.7691720122,"l_stderror":1.8248250893,"ma120":17.42875,"ma250":13.77296,"ma42":16.1304761905,"max10":15.84,"min10":14.22,"name":"北新路桥","stat_date":"2017-06-30","mc":81.314,"cmc":81.3129,"pe":184.3031,"pe_lyr":202.5143,"pb":4.4123,"ps":1.0903,"pcf":8.751,"iop":1439.1617}