{"code":"002341","atr10":0.718,"close":23.91,"close_count":60,"l_pvalue":0.0,"l_slop":39.8229214569,"l_stderror":2.0900225643,"ma120":18.9879166667,"ma250":19.21416,"ma42":21.0178571429,"max10":23.91,"min10":23.91,"name":"新纶科技","stat_date":"2017-06-30","mc":120.3191,"cmc":71.4786,"pe":146.2389,"pe_lyr":239.9332,"pb":3.7079,"ps":6.0528,"pcf":8.4365,"iop":170.1074}