{"code":"002373","atr10":0.597,"close":13.91,"close_count":60,"l_pvalue":0.0,"l_slop":13.8600668813,"l_stderror":0.7704888215,"ma120":13.7200833333,"ma250":14.46232,"ma42":12.854047619,"max10":13.91,"min10":13.91,"name":"千方科技","stat_date":"2017-06-30","mc":153.6188,"cmc":113.8909,"pe":42.4576,"pe_lyr":45.7371,"pb":4.6854,"ps":6.5328,"pcf":109.2615,"iop":33.7321}