{"code":"002311","atr10":0.392,"close":18.65,"close_count":60,"l_pvalue":0.0000000041,"l_slop":11.6362638479,"l_stderror":1.1461821169,"ma120":17.6099166667,"ma250":16.33572,"ma42":18.575952381,"max10":19.23,"min10":18.58,"name":"海大集团","stat_date":"2017-06-30","mc":293.9175,"cmc":285.076,"pe":29.6892,"pe_lyr":34.3438,"pb":5.1243,"ps":0.9766,"pcf":1388.1624,"iop":37.38}