{"code":"002340","atr10":0.431,"close":8.46,"close_count":60,"l_pvalue":5.448492961e-18,"l_slop":71.818405934,"l_stderror":2.2447009365,"ma120":6.38275,"ma250":5.95924,"ma42":7.4764285714,"max10":8.56,"min10":7.9,"name":"格林美","stat_date":"2017-06-30","mc":322.826,"cmc":263.4659,"pe":88.5753,"pe_lyr":122.4069,"pb":4.4724,"ps":3.6533,"pcf":-84.0812,"iop":111.6208}