{"code":"002334","atr10":0.339,"close":8.93,"close_count":60,"l_pvalue":1.652124569e-18,"l_slop":58.7935292882,"l_stderror":1.7239494265,"ma120":7.6676666667,"ma250":8.0032,"ma42":8.2966666667,"max10":9.41,"min10":8.78,"name":"英威腾","stat_date":"2017-06-30","mc":67.4945,"cmc":50.3641,"pe":51.4229,"pe_lyr":99.1533,"pb":4.0504,"ps":4.1081,"pcf":44.8923,"iop":387.3427}