{"code":"002347","atr10":0.142,"close":7.36,"close_count":60,"l_pvalue":0.0000000007,"l_slop":5.610028423,"l_stderror":0.4962514614,"ma120":7.2650833333,"ma250":9.10024,"ma42":7.0292857143,"max10":7.36,"min10":7.07,"name":"泰尔股份","stat_date":"2017-06-30","mc":33.0722,"cmc":24.1454,"pe":397.7693,"pe_lyr":329.4546,"pb":2.6881,"ps":8.9135,"pcf":157.5461,"iop":3.4123}