{"code":"002378","atr10":0.905,"close":13.38,"close_count":60,"l_pvalue":4.923873452e-18,"l_slop":99.0028974634,"l_stderror":3.0776256454,"ma120":10.1683333333,"ma250":10.23424,"ma42":11.8469047619,"max10":14.68,"min10":12.47,"name":"章源钨业","stat_date":"2017-06-30","mc":123.6536,"cmc":123.5298,"pe":167.4786,"pe_lyr":262.4189,"pb":6.4225,"ps":7.0901,"pcf":-133.5609,"iop":155.5428}