{"code":"002300","atr10":0.338,"close":10.57,"close_count":60,"l_pvalue":0.0063845561,"l_slop":6.1711135083,"l_stderror":2.0139548053,"ma120":11.3286666667,"ma250":11.52432,"ma42":10.7604761905,"max10":11.54,"min10":10.51,"name":"太阳电缆","stat_date":"2017-06-30","mc":57.3634,"cmc":57.284,"pe":46.6511,"pe_lyr":36.9298,"pb":4.5317,"ps":1.5956,"pcf":54.1736,"iop":-30.3888}