{"code":"002351","atr10":0.257,"close":11.05,"close_count":60,"l_pvalue":0.0000000008,"l_slop":7.5805695077,"l_stderror":0.677820647,"ma120":11.3265833333,"ma250":12.04712,"ma42":11.1311904762,"max10":11.63,"min10":11.0,"name":"漫步者","stat_date":"2017-06-30","mc":64.974,"cmc":29.6033,"pe":59.1261,"pe_lyr":74.7581,"pb":3.763,"ps":7.765,"pcf":-45.3995,"iop":75.1869}