{"code":"002369","atr10":0.294,"close":9.33,"close_count":60,"l_pvalue":1.92739945e-20,"l_slop":38.5456310736,"l_stderror":0.8916002256,"ma120":8.36675,"ma250":9.57,"ma42":8.4097619048,"max10":9.33,"min10":8.6,"name":"卓翼科技","stat_date":"2017-06-30","mc":53.8126,"cmc":39.1684,"pe":587.3885,"pe_lyr":319.9318,"pb":2.5659,"ps":2.0044,"pcf":9.6447,"iop":245.4788}