{"code":"002383","atr10":0.61,"close":15.64,"close_count":60,"l_pvalue":0.0000000059,"l_slop":15.9407898059,"l_stderror":1.6046965632,"ma120":14.7854166667,"ma250":14.51928,"ma42":15.4114285714,"max10":16.77,"min10":15.1,"name":"合众思壮","stat_date":"2017-06-30","mc":114.6644,"cmc":61.6621,"pe":80.0133,"pe_lyr":118.8851,"pb":3.2709,"ps":7.7828,"pcf":52.1168,"iop":108.1298}