{"code":"002315","atr10":1.053,"close":27.87,"close_count":60,"l_pvalue":0.0000000059,"l_slop":47.2402455504,"l_stderror":4.7582527518,"ma120":26.3185,"ma250":28.86828,"ma42":26.4678571429,"max10":28.54,"min10":26.63,"name":"焦点科技","stat_date":"2017-06-30","mc":65.4945,"cmc":35.1281,"pe":52.4043,"pe_lyr":58.9797,"pb":3.5623,"ps":6.3623,"pcf":-8.7935,"iop":-58.2151}