{"code":"002306","atr10":0.062,"close":3.78,"close_count":60,"l_pvalue":0.049266589,"l_slop":3.2630462195,"l_stderror":1.55346926,"ma120":4.0949166667,"ma250":5.87756,"ma42":3.9333333333,"max10":4.01,"min10":3.78,"name":"*ST云网","stat_date":"2017-06-30","mc":30.24,"cmc":30.2098,"pe":-62.8274,"pe_lyr":-55.9189,"pb":-285.876,"ps":30.9963,"pcf":-189.883,"iop":22.1998}