{"code":"002363","atr10":0.32,"close":9.68,"close_count":60,"l_pvalue":0.0,"l_slop":26.9795854313,"l_stderror":1.3439079403,"ma120":9.85475,"ma250":11.21532,"ma42":9.5976190476,"max10":10.29,"min10":9.6,"name":"隆基机械","stat_date":"2017-06-30","mc":37.3526,"cmc":37.3227,"pe":57.9988,"pe_lyr":62.0928,"pb":1.975,"ps":2.2937,"pcf":-117.6114,"iop":10.5108}