{"code":"002321","atr10":0.346,"close":12.98,"close_count":60,"l_pvalue":0.0,"l_slop":43.2531226396,"l_stderror":2.2189492508,"ma120":11.18875,"ma250":10.84772,"ma42":12.4966666667,"max10":13.32,"min10":12.9,"name":"华英农业","stat_date":"2017-06-30","mc":69.351,"cmc":54.9884,"pe":172.1427,"pe_lyr":75.8179,"pb":2.8584,"ps":2.2302,"pcf":-5.8717,"iop":-28.0029}