{"code":"002384","atr10":1.122,"close":28.5,"close_count":60,"l_pvalue":0.0107483772,"l_slop":11.387649717,"l_stderror":4.0268413702,"ma120":24.7871666667,"ma250":22.04464,"ma42":26.6035714286,"max10":28.5,"min10":26.0,"name":"东山精密","stat_date":"2017-06-30","mc":305.2488,"cmc":155.1554,"pe":271.7895,"pe_lyr":211.6686,"pb":4.137,"ps":2.5233,"pcf":17.0245,"iop":-49.1339}