{"code":"002355","atr10":0.775,"close":12.58,"close_count":60,"l_pvalue":0.0,"l_slop":91.5514559108,"l_stderror":6.3526232884,"ma120":10.6170833333,"ma250":12.99568,"ma42":11.0388095238,"max10":13.76,"min10":11.46,"name":"兴民智通","stat_date":"2017-06-30","mc":64.6235,"cmc":37.2566,"pe":102.9152,"pe_lyr":127.1707,"pb":3.1385,"ps":4.1869,"pcf":75.7076,"iop":72.2697}