{"code":"002318","atr10":0.155,"close":8.57,"close_count":60,"l_pvalue":0.0000000318,"l_slop":16.0980967083,"l_stderror":1.8036580652,"ma120":8.4194166667,"ma250":9.44776,"ma42":8.4673809524,"max10":8.67,"min10":8.41,"name":"久立特材","stat_date":"2017-06-30","mc":72.1171,"cmc":69.9345,"pe":41.9619,"pe_lyr":42.9865,"pb":2.7417,"ps":2.6163,"pcf":770.9863,"iop":6.9179}