{"code":"002396","atr10":0.626,"close":20.48,"close_count":60,"l_pvalue":0.0000000122,"l_slop":8.574471799,"l_stderror":0.9037274389,"ma120":18.7850833333,"ma250":19.04924,"ma42":19.3280952381,"max10":20.48,"min10":19.5,"name":"星网锐捷","stat_date":"2017-06-30","mc":119.4558,"cmc":109.3842,"pe":35.8992,"pe_lyr":37.3933,"pb":3.2699,"ps":1.9272,"pcf":-337.2743,"iop":107.4679}