{"code":"002309","atr10":0.355,"close":15.43,"close_count":60,"l_pvalue":7.017887994e-22,"l_slop":51.8569861656,"l_stderror":1.0061435385,"ma120":13.1876666667,"ma250":13.81992,"ma42":14.1073809524,"max10":15.45,"min10":14.95,"name":"中利集团","stat_date":"2017-06-30","mc":98.9509,"cmc":67.2897,"pe":60.5544,"pe_lyr":133.2644,"pb":1.744,"ps":0.6601,"pcf":-328.2445,"iop":356.8258}