{"code":"002345","atr10":0.246,"close":10.99,"close_count":60,"l_pvalue":0.0179752815,"l_slop":2.4056408828,"l_stderror":0.9289219675,"ma120":10.5429166667,"ma250":10.75908,"ma42":10.8297619048,"max10":10.99,"min10":10.68,"name":"潮宏基","stat_date":"2017-06-30","mc":99.5049,"cmc":91.2089,"pe":39.0374,"pe_lyr":42.5897,"pb":3.0046,"ps":3.4018,"pcf":2746.6204,"iop":10.6164}