{"code":"002388","atr10":0.228,"close":9.58,"close_count":60,"l_pvalue":0.0402338855,"l_slop":-2.6233340921,"l_stderror":1.1914436749,"ma120":10.1413333333,"ma250":11.23352,"ma42":9.7909523809,"max10":10.08,"min10":9.58,"name":"新亚制程","stat_date":"2017-06-30","mc":48.2608,"cmc":38.2817,"pe":79.6058,"pe_lyr":443.1481,"pb":3.9579,"ps":5.4931,"pcf":7.3351,"iop":796.4344}