{"code":"002302","atr10":0.843,"close":19.14,"close_count":60,"l_pvalue":0.0,"l_slop":-41.5621484727,"l_stderror":2.3956348958,"ma120":20.9639166667,"ma250":15.18804,"ma42":21.2683333333,"max10":20.8,"min10":18.13,"name":"西部建设","stat_date":"2017-06-30","mc":197.5696,"cmc":197.5696,"pe":89.4775,"pe_lyr":62.4608,"pb":4.703,"ps":1.5446,"pcf":52.2658,"iop":19.7234}