{"code":"002332","atr10":0.248,"close":8.59,"close_count":60,"l_pvalue":0.0000003835,"l_slop":18.5052696362,"l_stderror":2.4474302511,"ma120":8.1594166667,"ma250":8.45028,"ma42":8.234047619,"max10":8.59,"min10":8.25,"name":"仙琚制药","stat_date":"2017-06-30","mc":78.7026,"cmc":61.9421,"pe":46.7232,"pe_lyr":53.837,"pb":3.5046,"ps":3.0596,"pcf":18.5896,"iop":53.4397}