{"code":"002377","atr10":0.263,"close":9.63,"close_count":60,"l_pvalue":0.0000292288,"l_slop":-8.4507375899,"l_stderror":1.5498698195,"ma120":9.9095,"ma250":9.55916,"ma42":10.0773809524,"max10":10.24,"min10":9.53,"name":"国创高新","stat_date":"2017-06-30","mc":41.607,"cmc":41.5981,"pe":717.029,"pe_lyr":797.614,"pb":5.5244,"ps":6.1663,"pcf":-147.2248,"iop":2656.657}