{"code":"002322","atr10":0.548,"close":22.78,"close_count":60,"l_pvalue":0.1728219523,"l_slop":-4.2006084112,"l_stderror":2.9655248008,"ma120":23.14175,"ma250":21.93848,"ma42":23.1166666667,"max10":23.02,"min10":22.37,"name":"理工环科","stat_date":"2017-06-30","mc":91.4196,"cmc":62.7883,"pe":39.855,"pe_lyr":60.1731,"pb":3.0914,"ps":11.1854,"pcf":-51.3885,"iop":305.7873}