{"code":"002337","atr10":0.119,"close":6.04,"close_count":60,"l_pvalue":0.0000000001,"l_slop":14.908935128,"l_stderror":1.174713932,"ma120":6.0479166667,"ma250":6.9352,"ma42":5.9861904762,"max10":6.27,"min10":5.98,"name":"赛象科技","stat_date":"2017-06-30","mc":35.5524,"cmc":34.8347,"pe":42.6258,"pe_lyr":275.3758,"pb":2.9491,"ps":8.2496,"pcf":103.7231,"iop":96.9965}