{"code":"002374","atr10":0.224,"close":6.67,"close_count":60,"l_pvalue":0.0,"l_slop":60.4727764836,"l_stderror":2.7317178171,"ma120":6.1844166667,"ma250":7.12484,"ma42":6.2947619048,"max10":7.09,"min10":6.6,"name":"丽鹏股份","stat_date":"2017-06-30","mc":58.5244,"cmc":34.1542,"pe":36.3479,"pe_lyr":37.614,"pb":1.8542,"ps":3.2734,"pcf":27.1542,"iop":60.7455}