{"code":"002359","atr10":0.661,"close":23.33,"close_count":60,"l_pvalue":0.0000094145,"l_slop":10.8773803394,"l_stderror":1.8196556315,"ma120":22.1948333333,"ma250":19.1974,"ma42":22.7569047619,"max10":23.39,"min10":22.38,"name":"北讯集团","stat_date":"2017-06-30","mc":253.6418,"cmc":165.1539,"pe":-555.0734,"pe_lyr":-523.8904,"pb":4.3027,"ps":20.3501,"pcf":12.6103,"iop":389.7212}