{"code":"002342","atr10":0.232,"close":8.87,"close_count":60,"l_pvalue":0.0710571982,"l_slop":-6.0905877531,"l_stderror":3.185226525,"ma120":10.1090833333,"ma250":8.50704,"ma42":9.2278571429,"max10":9.17,"min10":8.65,"name":"巨力索具","stat_date":"2017-06-30","mc":85.152,"cmc":78.1567,"pe":384.0845,"pe_lyr":412.6864,"pb":3.4958,"ps":6.2279,"pcf":-48.8265,"iop":32.5573}