{"code":"002356","atr10":0.55,"close":25.41,"close_count":60,"l_pvalue":1.0,"l_slop":0.0,"l_stderror":0.0,"ma120":25.65625,"ma250":25.10196,"ma42":25.7523809524,"max10":25.41,"min10":25.41,"name":"赫美集团","stat_date":"2017-06-30","mc":78.5811,"cmc":71.7584,"pe":60.0671,"pe_lyr":56.4347,"pb":4.6252,"ps":3.1578,"pcf":226.8088,"iop":-1.9189}