{"code":"002375","atr10":0.264,"close":9.26,"close_count":60,"l_pvalue":3.450014054e-17,"l_slop":24.1713964289,"l_stderror":0.8341323133,"ma120":9.08525,"ma250":10.15204,"ma42":8.8419047619,"max10":9.44,"min10":8.98,"name":"亚厦股份","stat_date":"2017-06-30","mc":124.0837,"cmc":108.4417,"pe":36.733,"pe_lyr":38.8619,"pb":1.7118,"ps":1.3856,"pcf":-188.0055,"iop":89.4571}