{"code":"002352","atr10":2.231,"close":54.11,"close_count":60,"l_pvalue":0.0000002545,"l_slop":18.9969116178,"l_stderror":2.4427810826,"ma120":51.34275,"ma250":50.09964,"ma42":51.0752380952,"max10":56.41,"min10":51.32,"name":"顺丰控股","stat_date":"2017-06-30","mc":2386.8005,"cmc":77.0921,"pe":55.3599,"pe_lyr":57.0947,"pb":8.0388,"ps":3.7554,"pcf":30.4543,"iop":9.9011}