{"code":"002395","atr10":0.34,"close":14.81,"close_count":60,"l_pvalue":0.0373169474,"l_slop":3.7148000297,"l_stderror":1.6591242906,"ma120":16.399,"ma250":20.28532,"ma42":15.274047619,"max10":16.0,"min10":14.74,"name":"双象股份","stat_date":"2017-06-30","mc":26.4812,"cmc":26.4797,"pe":98.4854,"pe_lyr":74.488,"pb":3.1753,"ps":2.3135,"pcf":-27.1938,"iop":-34.9342}