{"code":"002333","atr10":0.445,"close":16.47,"close_count":60,"l_pvalue":0.0218489141,"l_slop":3.865824311,"l_stderror":1.547792062,"ma120":15.3941666667,"ma250":15.22968,"ma42":15.5871428571,"max10":16.47,"min10":15.17,"name":"罗普斯金","stat_date":"2017-06-30","mc":82.7788,"cmc":79.8745,"pe":-844.6409,"pe_lyr":58.7826,"pb":5.5007,"ps":8.4613,"pcf":-105.9183,"iop":-860.6834}