{"code":"002385","atr10":0.059,"close":6.16,"close_count":60,"l_pvalue":0.0494565009,"l_slop":1.4081097058,"l_stderror":0.670992716,"ma120":6.20325,"ma250":6.58664,"ma42":6.1969047619,"max10":6.29,"min10":6.14,"name":"大北农","stat_date":"2017-06-30","mc":252.6012,"cmc":142.1238,"pe":24.3044,"pe_lyr":28.6175,"pb":2.6934,"ps":1.4166,"pcf":24.986,"iop":41.3933}