{"code":"002391","atr10":0.291,"close":15.16,"close_count":60,"l_pvalue":0.0000185595,"l_slop":-15.3430708082,"l_stderror":2.710177036,"ma120":14.61325,"ma250":15.71688,"ma42":15.4730952381,"max10":15.16,"min10":14.51,"name":"长青股份","stat_date":"2017-06-30","mc":54.4981,"cmc":36.0375,"pe":30.9565,"pe_lyr":33.5072,"pb":1.8525,"ps":2.8259,"pcf":-632.8672,"iop":18.5242}