{"code":"002392","atr10":0.474,"close":7.23,"close_count":60,"l_pvalue":2.788982034e-19,"l_slop":56.8348126316,"l_stderror":1.5155512395,"ma120":6.1806666667,"ma250":5.91412,"ma42":6.6345238095,"max10":7.38,"min10":7.05,"name":"北京利尔","stat_date":"2017-06-30","mc":86.0725,"cmc":52.9756,"pe":57.6132,"pe_lyr":58.3515,"pb":2.8082,"ps":4.2767,"pcf":305.4373,"iop":-30.7894}