{"code":"002319","atr10":0.416,"close":16.42,"close_count":60,"l_pvalue":0.0,"l_slop":20.2819067134,"l_stderror":1.0955570979,"ma120":16.6354166667,"ma250":19.50156,"ma42":15.9264285714,"max10":17.03,"min10":16.0,"name":"乐通股份","stat_date":"2017-06-30","mc":32.84,"cmc":32.832,"pe":1284.8892,"pe_lyr":3724.5444,"pb":6.7131,"ps":6.5693,"pcf":-152.246,"iop":1269.0817}