{"code":"002354","atr10":0.402,"close":20.36,"close_count":60,"l_pvalue":0.9395438429,"l_slop":-0.1445538351,"l_stderror":1.8809081024,"ma120":21.53525,"ma250":23.55304,"ma42":20.9514285714,"max10":21.09,"min10":20.03,"name":"天神娱乐","stat_date":"2017-06-30","mc":182.5417,"cmc":98.3674,"pe":21.4764,"pe_lyr":33.3877,"pb":2.2657,"ps":7.5895,"pcf":20.5677,"iop":221.7626}