{"code":"002310","atr10":0.543,"close":20.2,"close_count":60,"l_pvalue":2.030072961e-18,"l_slop":47.125599221,"l_stderror":1.3971234546,"ma120":17.9256666667,"ma250":16.39712,"ma42":18.934047619,"max10":20.87,"min10":20.1,"name":"东方园林","stat_date":"2017-06-30","mc":541.5934,"cmc":307.0675,"pe":36.9396,"pe_lyr":41.8022,"pb":5.6982,"ps":5.095,"pcf":65.3651,"iop":52.5537}