{"code":"002314","atr10":0.139,"close":6.13,"close_count":60,"l_pvalue":0.0000000005,"l_slop":10.1200825371,"l_stderror":0.8765365946,"ma120":6.5264166667,"ma250":7.33576,"ma42":6.209047619,"max10":6.42,"min10":6.13,"name":"南山控股","stat_date":"2017-06-30","mc":115.0926,"cmc":45.2218,"pe":45.7742,"pe_lyr":21.8393,"pb":2.3034,"ps":3.0295,"pcf":9.9755,"iop":167.2729}