{"code":"002346","atr10":0.538,"close":26.67,"close_count":60,"l_pvalue":0.0000029739,"l_slop":-5.9340927057,"l_stderror":0.9088768266,"ma120":27.5408333333,"ma250":27.38648,"ma42":27.3123809524,"max10":28.0,"min10":26.4,"name":"柘中股份","stat_date":"2017-06-30","mc":117.7682,"cmc":21.2827,"pe":-624.958,"pe_lyr":584.1136,"pb":7.0475,"ps":30.1708,"pcf":155.9731,"iop":-60.8255}