{"code":"002362","atr10":1.66,"close":31.96,"close_count":60,"l_pvalue":0.0000000011,"l_slop":135.003763671,"l_stderror":12.2708282147,"ma120":23.16,"ma250":23.48684,"ma42":27.9176190476,"max10":34.18,"min10":31.05,"name":"汉王科技","stat_date":"2017-06-30","mc":69.3851,"cmc":55.9219,"pe":207.936,"pe_lyr":325.4585,"pb":8.359,"ps":14.0571,"pcf":105.2859,"iop":1440.2166}