{"code":"002335","atr10":0.936,"close":38.29,"close_count":60,"l_pvalue":0.0000000009,"l_slop":27.6359364245,"l_stderror":2.4749386397,"ma120":35.2738333333,"ma250":39.66584,"ma42":36.5423809524,"max10":38.76,"min10":36.92,"name":"科华恒盛","stat_date":"2017-06-30","mc":103.818,"cmc":88.1744,"pe":25.4457,"pe_lyr":60.511,"pb":3.1914,"ps":5.318,"pcf":-77.585,"iop":1352.2416}