{"code":"002361","atr10":0.093,"close":6.82,"close_count":60,"l_pvalue":2.079435231e-17,"l_slop":-13.0684563518,"l_stderror":0.4388767998,"ma120":7.3004166667,"ma250":7.48784,"ma42":7.0495238095,"max10":6.98,"min10":6.78,"name":"神剑股份","stat_date":"2017-06-30","mc":58.829,"cmc":40.9244,"pe":39.8702,"pe_lyr":34.8277,"pb":3.2357,"ps":3.6632,"pcf":-106.9372,"iop":-19.0742}