{"code":"002308","atr10":0.42,"close":14.94,"close_count":60,"l_pvalue":3.369640257e-19,"l_slop":31.3148034868,"l_stderror":0.843499989,"ma120":13.4230833333,"ma250":14.32468,"ma42":14.1785714286,"max10":15.08,"min10":14.49,"name":"威创股份","stat_date":"2017-06-30","mc":126.4065,"cmc":124.3446,"pe":58.8903,"pe_lyr":69.3651,"pb":5.1635,"ps":11.7864,"pcf":-125.6365,"iop":123.7597}