{"code":"002316","atr10":0.286,"close":13.18,"close_count":60,"l_pvalue":0.0222517497,"l_slop":-3.191642493,"l_stderror":1.2823176069,"ma120":13.3950833333,"ma250":14.61856,"ma42":13.389047619,"max10":13.47,"min10":12.91,"name":"键桥通讯","stat_date":"2017-06-30","mc":51.8132,"cmc":41.5081,"pe":-161.0929,"pe_lyr":2038.6971,"pb":6.3436,"ps":8.3245,"pcf":20.8848,"iop":-65.9203}