{"code":"002344","atr10":0.11,"close":8.25,"close_count":60,"l_pvalue":0.0,"l_slop":8.0396283909,"l_stderror":0.5281917092,"ma120":8.4968333333,"ma250":9.75116,"ma42":8.2452380952,"max10":8.45,"min10":8.21,"name":"海宁皮城","stat_date":"2017-06-30","mc":105.8265,"cmc":91.0555,"pe":28.2536,"pe_lyr":19.2416,"pb":1.4625,"ps":5.2322,"pcf":59.9665,"iop":-55.0333}