{"code":"002381","atr10":0.281,"close":10.17,"close_count":60,"l_pvalue":0.0,"l_slop":50.2849418819,"l_stderror":3.0001463257,"ma120":9.32025,"ma250":10.59704,"ma42":9.2383333333,"max10":10.4,"min10":9.53,"name":"双箭股份","stat_date":"2017-06-30","mc":43.5784,"cmc":21.2901,"pe":59.9782,"pe_lyr":80.8438,"pb":2.6554,"ps":3.9608,"pcf":303.026,"iop":101.056}