{"code":"002339","atr10":0.392,"close":12.53,"close_count":60,"l_pvalue":0.0000000019,"l_slop":16.0860769456,"l_stderror":1.5122816826,"ma120":15.0299166667,"ma250":16.75528,"ma42":12.075952381,"max10":12.76,"min10":11.81,"name":"积成电子","stat_date":"2017-06-30","mc":49.3301,"cmc":37.9667,"pe":96.4715,"pe_lyr":60.1076,"pb":2.963,"ps":3.6739,"pcf":645.5381,"iop":-6.4629}