{"code":"002336","atr10":0.457,"close":12.64,"close_count":60,"l_pvalue":0.2694175503,"l_slop":7.3572352149,"l_stderror":6.4671482326,"ma120":11.9565833333,"ma250":12.16452,"ma42":13.0945238095,"max10":13.18,"min10":12.59,"name":"人人乐","stat_date":"2017-06-30","mc":50.56,"cmc":42.8812,"pe":-55.8087,"pe_lyr":83.597,"pb":2.3278,"ps":0.5269,"pcf":-5.8071,"iop":-945.603}