{"code":"002376","atr10":0.232,"close":12.5,"close_count":60,"l_pvalue":0.1920679847,"l_slop":-2.3674233707,"l_stderror":1.7502979548,"ma120":12.9598333333,"ma250":13.01172,"ma42":12.8576190476,"max10":13.12,"min10":12.46,"name":"新北洋","stat_date":"2017-06-30","mc":78.9363,"cmc":71.729,"pe":28.4295,"pe_lyr":34.7543,"pb":3.2561,"ps":4.5132,"pcf":-32.9973,"iop":120.2069}