{"code":"002326","atr10":0.611,"close":15.2,"close_count":60,"l_pvalue":0.0,"l_slop":25.5177376036,"l_stderror":1.2370127852,"ma120":14.26175,"ma250":15.42928,"ma42":14.525952381,"max10":15.7,"min10":14.6,"name":"永太科技","stat_date":"2017-06-30","mc":125.0012,"cmc":78.5691,"pe":32.3071,"pe_lyr":45.1237,"pb":4.5258,"ps":6.0928,"pcf":35.8584,"iop":-22.3994}