{"code":"002317","atr10":0.152,"close":11.54,"close_count":60,"l_pvalue":0.0000912978,"l_slop":5.4297468667,"l_stderror":1.0995607274,"ma120":11.8768333333,"ma250":12.296,"ma42":11.7728571429,"max10":12.02,"min10":11.54,"name":"众生药业","stat_date":"2017-06-30","mc":93.9888,"cmc":74.9989,"pe":21.4126,"pe_lyr":22.6824,"pb":2.6591,"ps":5.1157,"pcf":66.572,"iop":11.9386}