{"code":"002301","atr10":0.391,"close":18.1,"close_count":60,"l_pvalue":0.0000000769,"l_slop":16.7395573724,"l_stderror":1.986655985,"ma120":20.3858333333,"ma250":21.30272,"ma42":18.5323809524,"max10":19.41,"min10":18.1,"name":"齐心集团","stat_date":"2017-06-30","mc":77.444,"cmc":67.4536,"pe":55.9109,"pe_lyr":73.8325,"pb":3.2558,"ps":2.4363,"pcf":21.3788,"iop":63.8655}