{"code":"002399","atr10":0.822,"close":17.95,"close_count":60,"l_pvalue":0.0257004791,"l_slop":-3.1996366082,"l_stderror":1.3220526423,"ma120":19.2325,"ma250":18.21952,"ma42":20.9907142857,"max10":20.23,"min10":17.95,"name":"海普瑞","stat_date":"2017-06-30","mc":223.8727,"cmc":223.8727,"pe":156.173,"pe_lyr":56.4065,"pb":2.9772,"ps":10.5545,"pcf":-297.8827,"iop":-77.8516}