{"code":"002323","atr10":0.151,"close":7.85,"close_count":60,"l_pvalue":4.638220941e-20,"l_slop":-51.4813349078,"l_stderror":1.2477311847,"ma120":9.9941666667,"ma250":12.72952,"ma42":8.4321428571,"max10":7.98,"min10":7.68,"name":"雅百特","stat_date":"2017-06-30","mc":58.5398,"cmc":25.2316,"pe":20.6585,"pe_lyr":24.3002,"pb":6.6434,"ps":4.0541,"pcf":-105.3266,"iop":54.4787}