{"code":"002386","atr10":0.646,"close":11.32,"close_count":60,"l_pvalue":0.0000071561,"l_slop":58.8829783738,"l_stderror":9.6414771252,"ma120":8.83575,"ma250":8.61972,"ma42":11.4645238095,"max10":12.66,"min10":10.8,"name":"天原集团","stat_date":"2017-06-30","mc":76.0342,"cmc":76.0254,"pe":51.9982,"pe_lyr":137.8973,"pb":1.8673,"ps":0.6008,"pcf":669.0009,"iop":-428.9691}