{"code":"002428","atr10":0.528,"close":12.14,"close_count":60,"l_pvalue":0.0000000001,"l_slop":28.5181863754,"l_stderror":2.2708357477,"ma120":11.496,"ma250":12.71652,"ma42":12.3669047619,"max10":13.32,"min10":11.92,"name":"云南锗业","stat_date":"2017-06-30","mc":79.2888,"cmc":78.1796,"pe":-123.6679,"pe_lyr":-76.8202,"pb":5.3669,"ps":31.7074,"pcf":-6393.5376,"iop":90.2352}