{"code":"002475","atr10":0.649,"close":20.23,"close_count":60,"l_pvalue":0.0189872545,"l_slop":-7.0635940949,"l_stderror":2.7549384183,"ma120":19.4138333333,"ma250":16.70732,"ma42":20.6778571429,"max10":20.94,"min10":19.19,"name":"立讯精密","stat_date":"2017-06-30","mc":641.8903,"cmc":568.6192,"pe":44.6539,"pe_lyr":55.5012,"pb":5.4485,"ps":3.711,"pcf":33.1332,"iop":90.6609}