{"code":"002419","atr10":0.414,"close":15.49,"close_count":60,"l_pvalue":0.0000000057,"l_slop":9.3170960099,"l_stderror":0.9364126095,"ma120":14.3908333333,"ma250":14.17688,"ma42":15.1188095238,"max10":15.74,"min10":15.0,"name":"天虹股份","stat_date":"2017-06-30","mc":123.951,"cmc":123.9093,"pe":20.2006,"pe_lyr":23.6498,"pb":2.1823,"ps":0.6998,"pcf":-146.8959,"iop":46.5126}