{"code":"002431","atr10":0.231,"close":10.1,"close_count":60,"l_pvalue":0.2659667582,"l_slop":-1.6520638527,"l_stderror":1.441412301,"ma120":11.0261666667,"ma250":10.40828,"ma42":10.330952381,"max10":10.6,"min10":9.98,"name":"棕榈股份","stat_date":"2017-06-30","mc":150.1855,"cmc":94.8992,"pe":98.3278,"pe_lyr":124.2989,"pb":2.8383,"ps":3.279,"pcf":20.6107,"iop":21.2979}