{"code":"002458","atr10":0.854,"close":24.88,"close_count":60,"l_pvalue":0.290840421,"l_slop":2.9591748128,"l_stderror":2.7235270188,"ma120":23.59375,"ma250":29.70684,"ma42":25.5271428571,"max10":26.3,"min10":24.88,"name":"益生股份","stat_date":"2017-06-30","mc":83.9398,"cmc":43.4867,"pe":48.7975,"pe_lyr":14.9317,"pb":6.0097,"ps":7.4557,"pcf":-102.2518,"iop":-166.2331}