{"code":"002478","atr10":0.115,"close":6.05,"close_count":60,"l_pvalue":0.1109861789,"l_slop":3.187982634,"l_stderror":1.9071107922,"ma120":6.1834166667,"ma250":6.04896,"ma42":6.2276190476,"max10":6.33,"min10":5.96,"name":"常宝股份","stat_date":"2017-06-30","mc":48.4121,"cmc":36.5408,"pe":41.9691,"pe_lyr":44.1329,"pb":1.8175,"ps":1.8213,"pcf":29.9056,"iop":13.0001}