{"code":"002416","atr10":0.26,"close":10.47,"close_count":60,"l_pvalue":0.8728947682,"l_slop":-0.3532662561,"l_stderror":2.1785528172,"ma120":10.658,"ma250":12.65456,"ma42":10.8285714286,"max10":10.91,"min10":10.41,"name":"爱施德","stat_date":"2017-06-30","mc":108.1273,"cmc":102.081,"pe":42.5153,"pe_lyr":57.5905,"pb":2.1209,"ps":0.2201,"pcf":5.411,"iop":76.2137}