{"code":"002423","atr10":0.613,"close":13.69,"close_count":60,"l_pvalue":0.0112569795,"l_slop":5.7382302405,"l_stderror":2.044442582,"ma120":12.2498333333,"ma250":12.3078,"ma42":13.1852380952,"max10":13.91,"min10":12.6,"name":"中原特钢","stat_date":"2017-06-30","mc":68.8589,"cmc":63.7283,"pe":-151.0339,"pe_lyr":1324.743,"pb":3.9796,"ps":7.5935,"pcf":-60.4385,"iop":-114.0439}