{"code":"002498","atr10":0.061,"close":3.76,"close_count":60,"l_pvalue":0.0,"l_slop":5.1247194508,"l_stderror":0.3690600297,"ma120":3.7138333333,"ma250":4.00728,"ma42":3.6833333333,"max10":3.78,"min10":3.68,"name":"汉缆股份","stat_date":"2017-06-30","mc":125.0875,"cmc":121.0993,"pe":32.5284,"pe_lyr":30.0133,"pb":2.7939,"ps":2.806,"pcf":-12.2117,"iop":-38.0552}