{"code":"002455","atr10":0.531,"close":12.88,"close_count":60,"l_pvalue":0.0,"l_slop":59.0483613882,"l_stderror":4.1411940613,"ma120":11.8083333333,"ma250":11.92628,"ma42":12.4064285714,"max10":14.08,"min10":12.75,"name":"百川股份","stat_date":"2017-06-30","mc":61.0667,"cmc":40.686,"pe":56.6534,"pe_lyr":76.53,"pb":7.0998,"ps":2.8078,"pcf":63.2771,"iop":-11.5383}