{"code":"002493","atr10":0.207,"close":10.01,"close_count":60,"l_pvalue":0.0000000014,"l_slop":-5.453294102,"l_stderror":0.5032062477,"ma120":9.83325,"ma250":9.89376,"ma42":10.1980952381,"max10":10.15,"min10":9.83,"name":"荣盛石化","stat_date":"2017-06-30","mc":381.9816,"cmc":342.0639,"pe":16.6325,"pe_lyr":19.8867,"pb":2.8428,"ps":0.6141,"pcf":-19.1957,"iop":-28.7646}