{"code":"002443","atr10":0.152,"close":9.15,"close_count":60,"l_pvalue":0.1511869443,"l_slop":3.8646091741,"l_stderror":2.5840089453,"ma120":9.4668333333,"ma250":11.26132,"ma42":9.1228571429,"max10":9.22,"min10":9.0,"name":"金洲管道","stat_date":"2017-06-30","mc":47.629,"cmc":46.0469,"pe":97.7531,"pe_lyr":75.8177,"pb":2.3763,"ps":1.5634,"pcf":149.0062,"iop":8.0202}