{"code":"002420","atr10":0.112,"close":6.83,"close_count":60,"l_pvalue":0.0000002984,"l_slop":9.9547997969,"l_stderror":1.2940588802,"ma120":7.5345833333,"ma250":8.71312,"ma42":6.9023809524,"max10":7.13,"min10":6.76,"name":"毅昌股份","stat_date":"2017-06-30","mc":27.3883,"cmc":26.7543,"pe":64.9421,"pe_lyr":142.609,"pb":1.703,"ps":0.442,"pcf":21.8395,"iop":53.9697}