{"code":"002412","atr10":0.231,"close":16.6,"close_count":60,"l_pvalue":0.0,"l_slop":8.3065870747,"l_stderror":0.5885859436,"ma120":15.8668333333,"ma250":16.93404,"ma42":16.2045238095,"max10":16.6,"min10":16.2,"name":"汉森制药","stat_date":"2017-06-30","mc":49.136,"cmc":47.6046,"pe":56.0878,"pe_lyr":57.8485,"pb":4.2223,"ps":5.9145,"pcf":-36.9062,"iop":10.8703}