{"code":"002447","atr10":0.35,"close":5.79,"close_count":60,"l_pvalue":0.0013624893,"l_slop":-3.7710630785,"l_stderror":1.0061802347,"ma120":6.3530833333,"ma250":6.02852,"ma42":6.2852380952,"max10":6.03,"min10":5.66,"name":"壹桥股份","stat_date":"2017-06-30","mc":82.7205,"cmc":55.8592,"pe":25.9056,"pe_lyr":27.9765,"pb":3.0902,"ps":9.7187,"pcf":124.7003,"iop":354.5459}