{"code":"002451","atr10":0.911,"close":27.89,"close_count":60,"l_pvalue":7.537127201e-25,"l_slop":73.7285968053,"l_stderror":0.9964787247,"ma120":21.5915,"ma250":18.4382,"ma42":24.7064285714,"max10":28.31,"min10":26.94,"name":"摩恩电气","stat_date":"2017-06-30","mc":122.4929,"cmc":115.4079,"pe":497.2648,"pe_lyr":1407.58,"pb":22.7774,"ps":26.791,"pcf":296.1543,"iop":2958.2788}