{"code":"002406","atr10":0.143,"close":8.15,"close_count":60,"l_pvalue":0.0000705997,"l_slop":6.7813667295,"l_stderror":1.3419867865,"ma120":8.1695833333,"ma250":8.63276,"ma42":8.3071428571,"max10":8.47,"min10":8.06,"name":"远东传动","stat_date":"2017-06-30","mc":45.7215,"cmc":31.8261,"pe":32.3725,"pe_lyr":39.0979,"pb":2.1141,"ps":3.6212,"pcf":20.164,"iop":82.7765}