{"code":"002414","atr10":0.615,"close":20.13,"close_count":60,"l_pvalue":0.0,"l_slop":42.737660859,"l_stderror":2.2422833805,"ma120":18.81325,"ma250":21.82612,"ma42":19.0730952381,"max10":20.87,"min10":19.84,"name":"高德红外","stat_date":"2017-06-30","mc":125.6627,"cmc":93.5797,"pe":159.5705,"pe_lyr":177.3458,"pb":3.9386,"ps":15.2557,"pcf":59.2767,"iop":-14.0438}