{"code":"002459","atr10":0.256,"close":13.23,"close_count":60,"l_pvalue":2.03478454e-18,"l_slop":-15.9876795511,"l_stderror":0.4740423733,"ma120":15.2541666667,"ma250":16.4304,"ma42":13.8930952381,"max10":13.87,"min10":13.22,"name":"天业通联","stat_date":"2017-06-30","mc":51.4236,"cmc":28.9879,"pe":258.5186,"pe_lyr":255.6845,"pb":4.1484,"ps":18.0737,"pcf":27.5805,"iop":-155.7327}