{"code":"002422","atr10":0.363,"close":18.3,"close_count":60,"l_pvalue":4.903535837e-18,"l_slop":18.6561744975,"l_stderror":0.5798213769,"ma120":16.4516666667,"ma250":16.53904,"ma42":17.3792857143,"max10":18.41,"min10":17.47,"name":"科伦药业","stat_date":"2017-06-30","mc":263.52,"cmc":188.2542,"pe":57.9518,"pe_lyr":45.074,"pb":2.2653,"ps":2.8,"pcf":-21.7077,"iop":-26.9215}