{"code":"002445","atr10":0.298,"close":14.65,"close_count":60,"l_pvalue":0.0000000074,"l_slop":23.2789520437,"l_stderror":2.3778993001,"ma120":13.5455,"ma250":15.36164,"ma42":14.4347619048,"max10":14.95,"min10":14.65,"name":"中南文化","stat_date":"2017-06-30","mc":121.5628,"cmc":101.184,"pe":38.5146,"pe_lyr":53.1727,"pb":2.923,"ps":7.7781,"pcf":-140.9294,"iop":162.6974}