{"code":"002424","atr10":0.208,"close":16.63,"close_count":60,"l_pvalue":0.0469020473,"l_slop":-1.0136814707,"l_stderror":0.4769670814,"ma120":17.08075,"ma250":18.46544,"ma42":16.8928571429,"max10":17.09,"min10":16.59,"name":"贵州百灵","stat_date":"2017-06-30","mc":234.6826,"cmc":121.1764,"pe":46.4572,"pe_lyr":48.6563,"pb":7.4538,"ps":9.6992,"pcf":-365.2674,"iop":8.0923}