{"code":"002444","atr10":0.346,"close":15.09,"close_count":60,"l_pvalue":0.0,"l_slop":16.2189050921,"l_stderror":1.0336995894,"ma120":15.2094166667,"ma250":15.94024,"ma42":15.154047619,"max10":15.87,"min10":15.06,"name":"巨星科技","stat_date":"2017-06-30","mc":162.2549,"cmc":152.689,"pe":25.6548,"pe_lyr":26.1012,"pb":2.8607,"ps":4.3935,"pcf":-24.2986,"iop":12.0849}