{"code":"002465","atr10":0.231,"close":11.55,"close_count":60,"l_pvalue":0.014980056,"l_slop":-3.4717446544,"l_stderror":1.2979323677,"ma120":11.1370833333,"ma250":11.52236,"ma42":11.3514285714,"max10":11.71,"min10":11.18,"name":"海格通信","stat_date":"2017-06-30","mc":266.5042,"cmc":214.1268,"pe":56.2694,"pe_lyr":50.2695,"pb":3.3431,"ps":6.3621,"pcf":31.0213,"iop":-2.2489}