{"code":"002454","atr10":0.524,"close":14.77,"close_count":60,"l_pvalue":0.0,"l_slop":61.1277354604,"l_stderror":3.0141289044,"ma120":12.8929166667,"ma250":13.59588,"ma42":13.5464285714,"max10":14.89,"min10":13.96,"name":"松芝股份","stat_date":"2017-06-30","mc":62.3286,"cmc":47.2143,"pe":26.445,"pe_lyr":26.6204,"pb":2.1761,"ps":1.7832,"pcf":-63.5588,"iop":-14.011}