{"code":"002452","atr10":0.112,"close":7.18,"close_count":60,"l_pvalue":0.0083569363,"l_slop":-3.6864217868,"l_stderror":1.2527717991,"ma120":7.15725,"ma250":8.21084,"ma42":7.4580952381,"max10":7.58,"min10":7.14,"name":"长高集团","stat_date":"2017-06-30","mc":37.7254,"cmc":24.9257,"pe":29.8752,"pe_lyr":31.2928,"pb":2.8123,"ps":2.5974,"pcf":24.0677,"iop":63.9803}