{"code":"002425","atr10":0.239,"close":9.52,"close_count":60,"l_pvalue":0.0,"l_slop":34.5509808389,"l_stderror":1.5626177524,"ma120":9.293,"ma250":11.55668,"ma42":9.3185714286,"max10":9.98,"min10":9.45,"name":"凯撒文化","stat_date":"2017-06-30","mc":77.4685,"cmc":71.5523,"pe":37.592,"pe_lyr":50.9474,"pb":2.2154,"ps":13.272,"pcf":-69.7369,"iop":59.4245}