{"code":"002471","atr10":0.196,"close":5.63,"close_count":60,"l_pvalue":4.097410627e-18,"l_slop":56.4436968235,"l_stderror":1.737443976,"ma120":5.0866666667,"ma250":5.72012,"ma42":5.0521428571,"max10":5.64,"min10":5.45,"name":"中超控股","stat_date":"2017-06-30","mc":71.3884,"cmc":70.8523,"pe":71.1573,"pe_lyr":63.77,"pb":3.8695,"ps":1.1242,"pcf":-34.8936,"iop":6.0859}