{"code":"002411","atr10":0.469,"close":26.79,"close_count":60,"l_pvalue":0.0000000036,"l_slop":-4.7315040108,"l_stderror":0.4618331586,"ma120":26.8505,"ma250":25.90464,"ma42":26.7835714286,"max10":27.08,"min10":26.46,"name":"必康股份","stat_date":"2017-06-30","mc":410.4989,"cmc":76.9204,"pe":44.3799,"pe_lyr":43.0453,"pb":4.8171,"ps":11.3497,"pcf":82.2162,"iop":11.1717}