{"code":"002404","atr10":0.152,"close":7.66,"close_count":60,"l_pvalue":0.0000000737,"l_slop":10.9586598562,"l_stderror":1.2969154324,"ma120":7.8040833333,"ma250":8.26936,"ma42":7.7845238095,"max10":8.05,"min10":7.65,"name":"嘉欣丝绸","stat_date":"2017-06-30","mc":39.8818,"cmc":30.6715,"pe":33.2702,"pe_lyr":40.0516,"pb":3.1242,"ps":1.6344,"pcf":4218.4746,"iop":37.9291}