{"code":"002483","atr10":0.116,"close":6.46,"close_count":60,"l_pvalue":0.0000000001,"l_slop":24.1423453931,"l_stderror":1.941283739,"ma120":6.6655833333,"ma250":7.4934,"ma42":6.3947619048,"max10":6.73,"min10":6.35,"name":"润邦股份","stat_date":"2017-06-30","mc":43.4401,"cmc":37.1309,"pe":62.2517,"pe_lyr":51.8156,"pb":1.7851,"ps":2.0592,"pcf":56.4428,"iop":-66.8086}