{"code":"002467","atr10":0.239,"close":8.12,"close_count":60,"l_pvalue":0.0000000001,"l_slop":13.5300000502,"l_stderror":1.0441335516,"ma120":8.1220833333,"ma250":9.7852,"ma42":8.0607142857,"max10":8.43,"min10":8.03,"name":"二六三","stat_date":"2017-06-30","mc":63.6267,"cmc":53.3591,"pe":-15.3594,"pe_lyr":-16.8206,"pb":3.4708,"ps":7.5953,"pcf":11.5188,"iop":65.3398}