{"code":"002448","atr10":0.295,"close":10.64,"close_count":60,"l_pvalue":0.0,"l_slop":30.0740377183,"l_stderror":1.8051167515,"ma120":10.2565833333,"ma250":10.89088,"ma42":10.3571428571,"max10":11.15,"min10":10.45,"name":"中原内配","stat_date":"2017-06-30","mc":62.5741,"cmc":49.2102,"pe":26.0152,"pe_lyr":29.1656,"pb":2.78,"ps":4.6493,"pcf":107.9847,"iop":68.8322}