{"code":"002474","atr10":0.333,"close":10.88,"close_count":60,"l_pvalue":0.0000000014,"l_slop":33.1029921651,"l_stderror":3.0501400405,"ma120":10.7269166667,"ma250":12.62588,"ma42":10.6226190476,"max10":11.39,"min10":10.67,"name":"榕基软件","stat_date":"2017-06-30","mc":67.6954,"cmc":50.6222,"pe":229.8698,"pe_lyr":272.4673,"pb":4.7826,"ps":9.2166,"pcf":-275.0162,"iop":87.7279}