{"code":"002449","atr10":0.673,"close":18.72,"close_count":60,"l_pvalue":0.0,"l_slop":25.2327264204,"l_stderror":1.6402721002,"ma120":16.5308333333,"ma250":15.2518,"ma42":18.4388095238,"max10":19.92,"min10":18.4,"name":"国星光电","stat_date":"2017-06-30","mc":89.0607,"cmc":64.9747,"pe":35.4257,"pe_lyr":46.3086,"pb":3.0159,"ps":3.0078,"pcf":-20.2543,"iop":191.5469}