{"code":"002464","atr10":0.962,"close":33.89,"close_count":60,"l_pvalue":0.3224767991,"l_slop":-1.4204269418,"l_stderror":1.3983053424,"ma120":40.1115833333,"ma250":39.27704,"ma42":33.8004761905,"max10":35.96,"min10":33.3,"name":"金利科技","stat_date":"2017-06-30","mc":78.9447,"cmc":78.9447,"pe":35.7947,"pe_lyr":42.771,"pb":6.2575,"ps":22.004,"pcf":-202.8483,"iop":-117.7759}