{"code":"002409","atr10":0.783,"close":21.15,"close_count":60,"l_pvalue":1.0,"l_slop":0.0,"l_stderror":0.0,"ma120":23.7055,"ma250":22.05976,"ma42":22.9414285714,"max10":21.15,"min10":21.15,"name":"雅克科技","stat_date":"2017-06-30","mc":72.6508,"cmc":38.2731,"pe":90.6009,"pe_lyr":107.0899,"pb":4.6541,"ps":7.1559,"pcf":19.518,"iop":21.0599}