{"code":"002499","atr10":0.374,"close":23.02,"close_count":60,"l_pvalue":1.169624291e-16,"l_slop":23.4738807771,"l_stderror":0.8651007646,"ma120":25.46775,"ma250":24.97344,"ma42":22.354047619,"max10":23.79,"min10":22.88,"name":"科林环保","stat_date":"2017-06-30","mc":43.5078,"cmc":37.579,"pe":93.5507,"pe_lyr":225.4612,"pb":5.8394,"ps":4.5886,"pcf":-69.3258,"iop":3288.0908}