{"code":"002494","atr10":0.3,"close":12.69,"close_count":60,"l_pvalue":0.0,"l_slop":-13.4665617645,"l_stderror":0.6103718752,"ma120":14.7023333333,"ma250":14.64036,"ma42":13.2828571429,"max10":13.29,"min10":12.63,"name":"华斯股份","stat_date":"2017-06-30","mc":48.9277,"cmc":32.891,"pe":280.1437,"pe_lyr":324.7733,"pb":2.4433,"ps":9.0415,"pcf":60.0941,"iop":18.9976}