{"code":"002487","atr10":0.147,"close":5.94,"close_count":60,"l_pvalue":0.0000000003,"l_slop":12.5176797085,"l_stderror":1.0591529261,"ma120":6.4280833333,"ma250":7.84888,"ma42":6.0195238095,"max10":6.31,"min10":5.9,"name":"大金重工","stat_date":"2017-06-30","mc":32.076,"cmc":32.076,"pe":99.8342,"pe_lyr":44.9341,"pb":1.878,"ps":3.4479,"pcf":795.7061,"iop":-93.1677}