{"code":"002463","atr10":0.124,"close":4.9,"close_count":60,"l_pvalue":7.497650634e-17,"l_slop":22.5640298158,"l_stderror":0.8118775764,"ma120":4.5580833333,"ma250":4.75436,"ma42":4.6178571429,"max10":4.9,"min10":4.63,"name":"沪电股份","stat_date":"2017-06-30","mc":82.0338,"cmc":82.0,"pe":40.3838,"pe_lyr":62.8587,"pb":2.42,"ps":2.0095,"pcf":74.9549,"iop":263.1489}