{"code":"002430","atr10":0.468,"close":11.39,"close_count":60,"l_pvalue":0.0000080805,"l_slop":-18.1938643416,"l_stderror":3.0073717859,"ma120":10.3080833333,"ma250":9.70836,"ma42":12.2323809524,"max10":12.18,"min10":10.92,"name":"杭氧股份","stat_date":"2017-06-30","mc":109.8684,"cmc":94.7393,"pe":-85.7248,"pe_lyr":-38.8751,"pb":2.4816,"ps":1.9413,"pcf":37.8511,"iop":434.8291}