{"code":"002473","atr10":1.177,"close":16.11,"close_count":60,"l_pvalue":1.0,"l_slop":0.0,"l_stderror":0.0,"ma120":25.7178333333,"ma250":25.35812,"ma42":22.7445238095,"max10":16.11,"min10":16.11,"name":"*ST圣莱","stat_date":"2017-06-30","mc":25.776,"cmc":25.776,"pe":-72.8236,"pe_lyr":-74.1998,"pb":7.4056,"ps":25.9477,"pcf":350.036,"iop":-21.1936}