{"code":"002480","atr10":0.298,"close":7.91,"close_count":60,"l_pvalue":0.0000113353,"l_slop":15.834442253,"l_stderror":2.6880936676,"ma120":8.1505833333,"ma250":9.77064,"ma42":7.8085714286,"max10":8.45,"min10":7.73,"name":"新筑股份","stat_date":"2017-06-30","mc":51.0486,"cmc":50.6948,"pe":-490.4336,"pe_lyr":272.9544,"pb":2.277,"ps":4.1299,"pcf":84.1241,"iop":-330.8684}