{"code":"002457","atr10":0.674,"close":15.67,"close_count":60,"l_pvalue":0.0563522361,"l_slop":8.9920015214,"l_stderror":4.4247500416,"ma120":17.2714166667,"ma250":14.2986,"ma42":16.1733333333,"max10":17.35,"min10":15.2,"name":"青龙管业","stat_date":"2017-06-30","mc":52.4932,"cmc":43.2642,"pe":-236.5355,"pe_lyr":247.5246,"pb":3.0063,"ps":5.8693,"pcf":42.568,"iop":-579.4253}