{"code":"002441","atr10":0.312,"close":12.13,"close_count":60,"l_pvalue":0.0000000012,"l_slop":28.7658966206,"l_stderror":2.6227012466,"ma120":11.6698333333,"ma250":12.57892,"ma42":12.1238095238,"max10":13.02,"min10":11.97,"name":"众业达","stat_date":"2017-06-30","mc":65.5687,"cmc":47.5052,"pe":34.9546,"pe_lyr":45.7296,"pb":1.8696,"ps":0.9025,"pcf":-19.9756,"iop":-18.9301}