{"code":"002434","atr10":0.466,"close":12.04,"close_count":60,"l_pvalue":0.0,"l_slop":-42.4925114531,"l_stderror":2.5709784545,"ma120":14.8443333333,"ma250":15.13168,"ma42":13.9904761905,"max10":13.82,"min10":11.91,"name":"万里扬","stat_date":"2017-06-30","mc":162.54,"cmc":122.6949,"pe":27.3088,"pe_lyr":52.0535,"pb":2.7687,"ps":3.3189,"pcf":220.6528,"iop":164.0987}