{"code":"002417","atr10":0.574,"close":14.18,"close_count":60,"l_pvalue":0.0,"l_slop":26.9685639497,"l_stderror":1.3830683889,"ma120":15.2270833333,"ma250":15.70408,"ma42":12.5564285714,"max10":14.21,"min10":12.85,"name":"三元达","stat_date":"2017-06-30","mc":38.286,"cmc":31.8348,"pe":-126.6797,"pe_lyr":-36.3121,"pb":10.3575,"ps":13.6082,"pcf":23.5478,"iop":58.5743}