{"code":"002450","atr10":0.371,"close":21.04,"close_count":60,"l_pvalue":0.0,"l_slop":38.8805531286,"l_stderror":2.2416202434,"ma120":20.236,"ma250":19.17088,"ma42":21.1676190476,"max10":21.8,"min10":21.04,"name":"康得新","stat_date":"2017-06-30","mc":744.1852,"cmc":607.7654,"pe":32.4904,"pe_lyr":37.9122,"pb":4.4604,"ps":6.9294,"pcf":11.4323,"iop":43.6491}