{"code":"002479","atr10":0.289,"close":11.51,"close_count":60,"l_pvalue":0.0011486199,"l_slop":7.0018149042,"l_stderror":1.8316297771,"ma120":11.97725,"ma250":12.73408,"ma42":11.8352380952,"max10":12.3,"min10":11.45,"name":"富春环保","stat_date":"2017-06-30","mc":91.6599,"cmc":83.9899,"pe":28.5989,"pe_lyr":37.4232,"pb":3.3359,"ps":2.9578,"pcf":-65.5441,"iop":38.184}