{"code":"002405","atr10":1.153,"close":25.59,"close_count":60,"l_pvalue":0.0000000736,"l_slop":54.3160089362,"l_stderror":6.4277952482,"ma120":20.4066666667,"ma250":20.29168,"ma42":24.1833333333,"max10":27.22,"min10":25.11,"name":"四维图新","stat_date":"2017-06-30","mc":328.2212,"cmc":262.6468,"pe":164.4816,"pe_lyr":209.6335,"pb":4.9986,"ps":19.2476,"pcf":20.3487,"iop":70.4264}