{"code":"002490","atr10":0.126,"close":5.02,"close_count":60,"l_pvalue":0.0001551908,"l_slop":6.5953943921,"l_stderror":1.4026536233,"ma120":4.9185,"ma250":7.58872,"ma42":5.0004761905,"max10":5.18,"min10":4.8,"name":"*ST墨龙","stat_date":"2017-06-30","mc":30.276,"cmc":15.6673,"pe":-8.7225,"pe_lyr":-6.5394,"pb":2.1925,"ps":2.0199,"pcf":78.4527,"iop":11.7007}