{"code":"002435","atr10":0.404,"close":18.0,"close_count":60,"l_pvalue":0.0000002573,"l_slop":24.2823093489,"l_stderror":3.1247677269,"ma120":16.9994166667,"ma250":18.97772,"ma42":17.8552380952,"max10":18.86,"min10":18.0,"name":"长江润发","stat_date":"2017-06-30","mc":88.3398,"cmc":33.0714,"pe":36.1478,"pe_lyr":55.1614,"pb":1.7261,"ps":3.756,"pcf":18.1709,"iop":-15.289}