{"code":"002415","atr10":0.729,"close":31.25,"close_count":60,"l_pvalue":0.000001737,"l_slop":20.4518046663,"l_stderror":3.0106903681,"ma120":28.97175,"ma250":22.82896,"ma42":31.460952381,"max10":32.95,"min10":31.25,"name":"海康威视","stat_date":"2017-06-30","mc":2884.0203,"cmc":2268.0159,"pe":35.5789,"pe_lyr":38.8564,"pb":11.9948,"ps":8.0519,"pcf":109.022,"iop":75.0789}