{"code":"002466","atr10":2.804,"close":73.5,"close_count":60,"l_pvalue":0.0000000111,"l_slop":52.139185369,"l_stderror":5.4643810428,"ma120":57.578,"ma250":46.96472,"ma42":69.210952381,"max10":73.99,"min10":69.19,"name":"天齐锂业","stat_date":"2017-06-30","mc":730.8521,"cmc":724.7718,"pe":43.2651,"pe_lyr":48.3352,"pb":13.2535,"ps":15.8415,"pcf":63.7221,"iop":28.5105}