{"code":"002470","atr10":0.149,"close":7.98,"close_count":60,"l_pvalue":0.0146283097,"l_slop":2.8747617318,"l_stderror":1.0703302302,"ma120":7.5433333333,"ma250":7.57016,"ma42":8.0595238095,"max10":8.21,"min10":7.8,"name":"金正大","stat_date":"2017-06-30","mc":251.8982,"cmc":206.2992,"pe":24.3848,"pe_lyr":24.7183,"pb":2.7423,"ps":1.2201,"pcf":8.165,"iop":20.0554}