{"code":"002440","atr10":0.658,"close":18.59,"close_count":60,"l_pvalue":0.3441086596,"l_slop":3.903134593,"l_stderror":4.0227831687,"ma120":16.7856666667,"ma250":16.28744,"ma42":19.4707142857,"max10":19.96,"min10":18.04,"name":"闰土股份","stat_date":"2017-06-30","mc":142.5853,"cmc":114.0385,"pe":17.8701,"pe_lyr":21.6004,"pb":2.2071,"ps":2.7477,"pcf":45.0616,"iop":11.7581}