{"code":"002462","atr10":0.744,"close":34.44,"close_count":60,"l_pvalue":0.0000000222,"l_slop":-15.5430539727,"l_stderror":1.7015813134,"ma120":37.9955833333,"ma250":37.98328,"ma42":36.4773809524,"max10":36.06,"min10":34.1,"name":"嘉事堂","stat_date":"2017-06-30","mc":86.2813,"cmc":85.8651,"pe":34.5229,"pe_lyr":38.6739,"pb":4.1355,"ps":0.6961,"pcf":-119.4895,"iop":16.2181}