{"code":"002403","atr10":0.157,"close":12.64,"close_count":60,"l_pvalue":0.0,"l_slop":-7.1210888008,"l_stderror":0.4118911354,"ma120":12.89175,"ma250":13.77804,"ma42":12.7978571429,"max10":12.8,"min10":12.47,"name":"爱仕达","stat_date":"2017-06-30","mc":44.2805,"cmc":36.5419,"pe":29.4525,"pe_lyr":32.2353,"pb":2.0868,"ps":1.588,"pcf":-87.4942,"iop":-8.9925}