{"code":"002484","atr10":0.349,"close":10.35,"close_count":60,"l_pvalue":0.0,"l_slop":44.1135606543,"l_stderror":2.0454343688,"ma120":9.72825,"ma250":10.66896,"ma42":9.8707142857,"max10":11.02,"min10":10.29,"name":"江海股份","stat_date":"2017-06-30","mc":84.3686,"cmc":78.7513,"pe":47.765,"pe_lyr":56.6055,"pb":2.8116,"ps":6.009,"pcf":171.007,"iop":62.029}