{"code":"002485","atr10":0.399,"close":24.95,"close_count":60,"l_pvalue":0.000000007,"l_slop":-9.4165753157,"l_stderror":0.9587625302,"ma120":23.6848333333,"ma250":21.54956,"ma42":25.0961904762,"max10":25.0,"min10":24.46,"name":"希努尔","stat_date":"2017-06-30","mc":79.84,"cmc":79.8382,"pe":-185.6394,"pe_lyr":1069.0038,"pb":4.0884,"ps":11.3711,"pcf":356.1208,"iop":76.8607}