{"code":"002496","atr10":0.101,"close":5.38,"close_count":60,"l_pvalue":0.9119360667,"l_slop":-0.2743291813,"l_stderror":2.4476321122,"ma120":5.112,"ma250":5.06108,"ma42":5.525,"max10":5.48,"min10":5.27,"name":"辉丰股份","stat_date":"2017-06-30","mc":81.1023,"cmc":55.0673,"pe":26.6773,"pe_lyr":46.5036,"pb":2.2491,"ps":0.8148,"pcf":-83.9114,"iop":127.9704}