{"code":"002476","atr10":0.152,"close":7.38,"close_count":60,"l_pvalue":0.0000103931,"l_slop":-8.7639692525,"l_stderror":1.4775910967,"ma120":7.5749166667,"ma250":8.9964,"ma42":7.6680952381,"max10":7.69,"min10":7.33,"name":"宝莫股份","stat_date":"2017-06-30","mc":45.1656,"cmc":42.6846,"pe":-94.6272,"pe_lyr":304.5624,"pb":4.8903,"ps":7.0673,"pcf":-44.8192,"iop":-22216.9648}