{"code":"002400","atr10":0.143,"close":7.05,"close_count":60,"l_pvalue":0.0000000019,"l_slop":22.4072957856,"l_stderror":2.1031934449,"ma120":8.1200833333,"ma250":9.58016,"ma42":6.9397619048,"max10":7.3,"min10":7.05,"name":"省广股份","stat_date":"2017-06-30","mc":122.9053,"cmc":116.2803,"pe":22.6594,"pe_lyr":20.1073,"pb":2.3004,"ps":1.1219,"pcf":202.3349,"iop":-38.8147}