{"code":"002429","atr10":0.102,"close":3.42,"close_count":60,"l_pvalue":0.0000000737,"l_slop":12.330959627,"l_stderror":1.4593850079,"ma120":3.3025,"ma250":3.71036,"ma42":3.2602380952,"max10":3.45,"min10":3.23,"name":"兆驰股份","stat_date":"2017-06-30","mc":154.8214,"cmc":135.8736,"pe":32.213,"pe_lyr":41.3529,"pb":1.938,"ps":1.9058,"pcf":10.8526,"iop":99.8183}