{"code":"002460","atr10":4.36,"close":92.6,"close_count":60,"l_pvalue":0.0,"l_slop":119.95849079,"l_stderror":8.1561331707,"ma120":56.5540833333,"ma250":42.8218,"ma42":77.6123809524,"max10":92.6,"min10":83.35,"name":"赣锋锂业","stat_date":"2017-06-30","mc":674.9659,"cmc":481.149,"pe":85.0523,"pe_lyr":145.3524,"pb":25.6508,"ps":21.5909,"pcf":3561.1121,"iop":132.0943}