{"code":"002438","atr10":0.118,"close":7.73,"close_count":60,"l_pvalue":0.0546102186,"l_slop":-2.9042886996,"l_stderror":1.4179415331,"ma120":8.5436666667,"ma250":9.59544,"ma42":8.0316666667,"max10":8.12,"min10":7.65,"name":"江苏神通","stat_date":"2017-06-30","mc":37.5584,"cmc":21.3715,"pe":70.7382,"pe_lyr":72.8032,"pb":2.2307,"ps":5.9663,"pcf":22.0083,"iop":9.9151}