{"code":"002437","atr10":0.083,"close":6.75,"close_count":60,"l_pvalue":0.0009138001,"l_slop":-5.0989229188,"l_stderror":1.2997929622,"ma120":7.0421666667,"ma250":7.76744,"ma42":7.0107142857,"max10":6.99,"min10":6.71,"name":"誉衡药业","stat_date":"2017-06-30","mc":148.3733,"cmc":144.8989,"pe":25.5019,"pe_lyr":20.7038,"pb":3.6472,"ps":5.1298,"pcf":36.0617,"iop":-49.5251}