{"code":"002469","atr10":0.182,"close":7.58,"close_count":60,"l_pvalue":0.019477561,"l_slop":3.9851853586,"l_stderror":1.561612662,"ma120":7.7415833333,"ma250":8.45768,"ma42":7.7330952381,"max10":8.0,"min10":7.5,"name":"三维工程","stat_date":"2017-06-30","mc":38.1473,"cmc":35.1275,"pe":237.4221,"pe_lyr":324.189,"pb":3.3013,"ps":6.7747,"pcf":17.0007,"iop":1164.7585}