{"code":"002491","atr10":0.43,"close":14.35,"close_count":60,"l_pvalue":1.632582631e-16,"l_slop":24.117717305,"l_stderror":0.9049635819,"ma120":13.1253333333,"ma250":14.65372,"ma42":12.9657142857,"max10":14.35,"min10":13.16,"name":"通鼎互联","stat_date":"2017-06-30","mc":181.0553,"cmc":166.0005,"pe":32.2946,"pe_lyr":33.5932,"pb":4.2655,"ps":4.4019,"pcf":126.007,"iop":13.1835}