{"code":"002421","atr10":0.302,"close":7.06,"close_count":60,"l_pvalue":3.217039455e-25,"l_slop":41.4077305644,"l_stderror":0.535046446,"ma120":6.2035833333,"ma250":6.52896,"ma42":6.4488095238,"max10":7.14,"min10":6.74,"name":"达实智能","stat_date":"2017-06-30","mc":135.806,"cmc":99.6985,"pe":45.3294,"pe_lyr":49.2952,"pb":4.7156,"ps":5.1844,"pcf":530.4453,"iop":22.294}