{"code":"002497","atr10":1.25,"close":19.65,"close_count":60,"l_pvalue":0.0,"l_slop":164.641811125,"l_stderror":7.2381543504,"ma120":12.2839166667,"ma250":9.57676,"ma42":16.2092857143,"max10":20.98,"min10":18.45,"name":"雅化集团","stat_date":"2017-06-30","mc":188.64,"cmc":160.1094,"pe":104.4253,"pe_lyr":140.9718,"pb":7.6736,"ps":9.9766,"pcf":163.1168,"iop":82.7177}