{"code":"002402","atr10":0.276,"close":10.06,"close_count":60,"l_pvalue":0.0000184616,"l_slop":16.0826946946,"l_stderror":2.8395976466,"ma120":9.6915,"ma250":10.18896,"ma42":10.1695238095,"max10":10.57,"min10":9.83,"name":"和而泰","stat_date":"2017-06-30","mc":83.5438,"cmc":64.2262,"pe":51.6511,"pe_lyr":69.8174,"pb":7.1465,"ps":5.054,"pcf":53.2369,"iop":88.3444}