{"code":"002482","atr10":0.247,"close":9.06,"close_count":60,"l_pvalue":0.0015600944,"l_slop":6.5805313029,"l_stderror":1.7840654197,"ma120":8.8204166667,"ma250":8.93844,"ma42":9.0523809524,"max10":9.33,"min10":8.78,"name":"广田集团","stat_date":"2017-06-30","mc":139.2775,"cmc":118.7023,"pe":30.623,"pe_lyr":34.584,"pb":2.2585,"ps":1.2238,"pcf":14.2651,"iop":49.5181}