{"code":"002489","atr10":0.106,"close":6.39,"close_count":60,"l_pvalue":0.000012132,"l_slop":8.9862604686,"l_stderror":1.5338012266,"ma120":6.47425,"ma250":6.89704,"ma42":6.3892857143,"max10":6.54,"min10":6.36,"name":"浙江永强","stat_date":"2017-06-30","mc":139.0296,"cmc":119.8372,"pe":165.328,"pe_lyr":228.1103,"pb":4.1149,"ps":3.2741,"pcf":14.9644,"iop":-62.4962}