{"code":"002481","atr10":0.188,"close":6.62,"close_count":60,"l_pvalue":0.0000000907,"l_slop":18.4518358981,"l_stderror":2.213823329,"ma120":6.73875,"ma250":7.60524,"ma42":6.4883333333,"max10":6.91,"min10":6.6,"name":"双塔食品","stat_date":"2017-06-30","mc":83.6364,"cmc":74.6159,"pe":241.3007,"pe_lyr":146.9228,"pb":3.21,"ps":4.6141,"pcf":-198.3299,"iop":-30.2199}