{"code":"002408","atr10":0.367,"close":12.24,"close_count":60,"l_pvalue":0.000000003,"l_slop":20.823840305,"l_stderror":2.0101118217,"ma120":10.9188333333,"ma250":10.02976,"ma42":12.2319047619,"max10":12.97,"min10":12.16,"name":"齐翔腾达","stat_date":"2017-06-30","mc":217.2856,"cmc":205.1517,"pe":31.3929,"pe_lyr":43.24,"pb":3.5502,"ps":2.5937,"pcf":95.9017,"iop":32.2647}