{"code":"002432","atr10":0.292,"close":10.71,"close_count":60,"l_pvalue":0.0000000095,"l_slop":21.7502009475,"l_stderror":2.2562828241,"ma120":11.4601666667,"ma250":13.96548,"ma42":10.6092857143,"max10":11.12,"min10":10.45,"name":"九安医疗","stat_date":"2017-06-30","mc":46.3535,"cmc":46.3535,"pe":450.6774,"pe_lyr":319.7253,"pb":3.1778,"ps":8.1896,"pcf":-153.5328,"iop":11.899}