{"code":"002495","atr10":0.083,"close":4.46,"close_count":60,"l_pvalue":0.0,"l_slop":18.0924429639,"l_stderror":1.0862315147,"ma120":4.57375,"ma250":5.5636,"ma42":4.4288095238,"max10":4.64,"min10":4.45,"name":"佳隆股份","stat_date":"2017-06-30","mc":41.7289,"cmc":28.9976,"pe":160.0718,"pe_lyr":129.2751,"pb":3.6855,"ps":14.4578,"pcf":-6170.8784,"iop":-1.1796}