{"code":"002407","atr10":0.941,"close":26.93,"close_count":60,"l_pvalue":0.0,"l_slop":57.1142762782,"l_stderror":3.7323962961,"ma120":24.1538333333,"ma250":27.29984,"ma42":25.354047619,"max10":28.16,"min10":25.64,"name":"多氟多","stat_date":"2017-06-30","mc":169.0397,"cmc":144.7156,"pe":44.6954,"pe_lyr":35.3814,"pb":6.2839,"ps":5.3956,"pcf":29.4229,"iop":-40.5406}