{"code":"002486","atr10":0.38,"close":8.54,"close_count":60,"l_pvalue":0.0994683573,"l_slop":-0.130712917,"l_stderror":0.0754671378,"ma120":8.5011666667,"ma250":6.7218,"ma42":8.9102380952,"max10":8.64,"min10":8.54,"name":"嘉麟杰","stat_date":"2017-06-30","mc":71.0528,"cmc":68.8879,"pe":345.1571,"pe_lyr":599.1782,"pb":7.8813,"ps":8.8128,"pcf":-116.6226,"iop":85.2496}