{"code":"002436","atr10":0.216,"close":6.35,"close_count":60,"l_pvalue":4.930624229e-17,"l_slop":22.5251142269,"l_stderror":0.7923945802,"ma120":6.291,"ma250":6.80352,"ma42":6.1371428571,"max10":6.64,"min10":6.19,"name":"兴森科技","stat_date":"2017-06-30","mc":94.4821,"cmc":62.7003,"pe":41.3768,"pe_lyr":49.0544,"pb":4.0304,"ps":2.9644,"pcf":83.6466,"iop":21.6445}