{"code":"002477","atr10":0.052,"close":4.39,"close_count":60,"l_pvalue":0.0002581946,"l_slop":-7.3885497548,"l_stderror":1.6502532904,"ma120":4.6355,"ma250":4.82624,"ma42":4.5611904762,"max10":4.57,"min10":4.37,"name":"雏鹰农牧","stat_date":"2017-06-30","mc":137.6335,"cmc":81.9218,"pe":15.7258,"pe_lyr":15.8362,"pb":2.5423,"ps":2.3796,"pcf":6.1434,"iop":41.9097}