{"code":"002453","atr10":0.288,"close":7.89,"close_count":60,"l_pvalue":0.0000000001,"l_slop":10.5466315285,"l_stderror":0.8395433113,"ma120":8.2490833333,"ma250":9.21172,"ma42":8.0645238095,"max10":8.57,"min10":7.89,"name":"天马精化","stat_date":"2017-06-30","mc":45.0756,"cmc":42.5649,"pe":-14.2208,"pe_lyr":-14.6804,"pb":5.0453,"ps":3.3899,"pcf":-40.5125,"iop":48.1692}