{"code":"002410","atr10":0.728,"close":19.81,"close_count":60,"l_pvalue":0.0,"l_slop":59.8944393358,"l_stderror":3.7211546174,"ma120":17.6189166667,"ma250":16.14484,"ma42":18.7816666667,"max10":21.12,"min10":19.07,"name":"广联达","stat_date":"2017-06-30","mc":221.7456,"cmc":171.6967,"pe":48.4086,"pe_lyr":52.4102,"pb":8.0199,"ps":10.2545,"pcf":-3495.1316,"iop":136.2129}