{"code":"002472","atr10":0.269,"close":10.75,"close_count":60,"l_pvalue":7.833969034e-18,"l_slop":20.9615027071,"l_stderror":0.6680283915,"ma120":10.3473333333,"ma250":11.08872,"ma42":10.4326190476,"max10":11.02,"min10":10.61,"name":"双环传动","stat_date":"2017-06-30","mc":72.75,"cmc":57.886,"pe":33.4428,"pe_lyr":39.1657,"pb":2.3974,"ps":3.4979,"pcf":39.6221,"iop":52.6456}