{"code":"002442","atr10":0.366,"close":12.73,"close_count":60,"l_pvalue":1.0,"l_slop":0.0,"l_stderror":0.0,"ma120":13.6634166667,"ma250":14.03316,"ma42":13.1995238095,"max10":12.73,"min10":12.73,"name":"龙星化工","stat_date":"2017-06-30","mc":61.104,"cmc":44.8438,"pe":75.4002,"pe_lyr":198.2693,"pb":5.4347,"ps":2.6806,"pcf":162.8264,"iop":85.4647}