{"code":"002427","atr10":0.678,"close":25.85,"close_count":60,"l_pvalue":0.0,"l_slop":8.67298126,"l_stderror":0.5616367049,"ma120":25.0354166667,"ma250":22.64856,"ma42":26.3097619048,"max10":26.92,"min10":25.78,"name":"尤夫股份","stat_date":"2017-06-30","mc":102.923,"cmc":102.9217,"pe":45.7983,"pe_lyr":61.0398,"pb":4.4374,"ps":3.0035,"pcf":7.7296,"iop":97.6219}