{"code":"002468","atr10":0.931,"close":25.68,"close_count":60,"l_pvalue":0.181294419,"l_slop":-1.671839926,"l_stderror":1.2047704974,"ma120":25.7758333333,"ma250":28.05968,"ma42":26.4257142857,"max10":27.77,"min10":25.17,"name":"艾迪西","stat_date":"2017-06-30","mc":393.11,"cmc":85.2001,"pe":28.0643,"pe_lyr":31.1584,"pb":6.5115,"ps":3.566,"pcf":11.3264,"iop":28.4974}