{"code":"002433","atr10":0.098,"close":9.29,"close_count":60,"l_pvalue":0.0000449207,"l_slop":6.2142202513,"l_stderror":1.1820764197,"ma120":9.397,"ma250":10.1022,"ma42":9.305952381,"max10":9.45,"min10":9.25,"name":"太安堂","stat_date":"2017-06-30","mc":71.4359,"cmc":64.2413,"pe":26.3753,"pe_lyr":29.3579,"pb":1.511,"ps":2.1852,"pcf":-42.4602,"iop":106.5427}