{"code":"002401","atr10":0.238,"close":13.03,"close_count":60,"l_pvalue":0.541995708,"l_slop":0.5932931693,"l_stderror":0.955424491,"ma120":13.5021666667,"ma250":15.22856,"ma42":13.4078571429,"max10":13.57,"min10":12.9,"name":"中远海科","stat_date":"2017-06-30","mc":39.5122,"cmc":39.2058,"pe":66.0781,"pe_lyr":66.7554,"pb":5.0595,"ps":6.0889,"pcf":41.6443,"iop":6.1469}