{"code":"002488","atr10":0.432,"close":12.25,"close_count":60,"l_pvalue":0.0,"l_slop":49.6787206808,"l_stderror":3.3620413,"ma120":11.9060833333,"ma250":14.14976,"ma42":11.5907142857,"max10":12.83,"min10":11.69,"name":"金固股份","stat_date":"2017-06-30","mc":82.2983,"cmc":47.1623,"pe":-52.09,"pe_lyr":-59.5655,"pb":2.0549,"ps":3.297,"pcf":3.5412,"iop":-47.7956}