{"code":"002456","atr10":0.703,"close":21.0,"close_count":60,"l_pvalue":0.000047362,"l_slop":19.1066083013,"l_stderror":3.6511161473,"ma120":17.7876666667,"ma250":15.98904,"ma42":20.2878571429,"max10":21.31,"min10":19.97,"name":"欧菲光","stat_date":"2017-06-30","mc":570.2899,"cmc":539.2996,"pe":58.7134,"pe_lyr":79.3363,"pb":6.6552,"ps":1.8484,"pcf":-216.1154,"iop":40.5534}