{"code":"002461","atr10":0.245,"close":11.74,"close_count":60,"l_pvalue":0.0000857111,"l_slop":-4.0531308346,"l_stderror":0.8161216838,"ma120":11.66525,"ma250":12.4312,"ma42":11.5435714286,"max10":11.74,"min10":11.25,"name":"珠江啤酒","stat_date":"2017-06-30","mc":129.9224,"cmc":79.8506,"pe":92.4456,"pe_lyr":114.0736,"pb":1.6561,"ps":3.4802,"pcf":147.9997,"iop":81.919}