{"code":"002413","atr10":0.331,"close":11.85,"close_count":60,"l_pvalue":0.0,"l_slop":36.6742364252,"l_stderror":2.2242910054,"ma120":11.0480833333,"ma250":11.83108,"ma42":11.3373809524,"max10":12.25,"min10":11.53,"name":"雷科防务","stat_date":"2017-06-30","mc":130.6632,"cmc":91.4717,"pe":116.4871,"pe_lyr":124.0715,"pb":3.6972,"ps":19.8722,"pcf":112.3636,"iop":3.0564}