{"code":"002492","atr10":0.311,"close":8.89,"close_count":60,"l_pvalue":0.0004133796,"l_slop":14.9326294043,"l_stderror":3.4968111711,"ma120":8.9164166667,"ma250":8.43776,"ma42":9.3261904762,"max10":9.8,"min10":8.84,"name":"恒基达鑫","stat_date":"2017-06-30","mc":36.0045,"cmc":31.3932,"pe":66.0644,"pe_lyr":81.1446,"pb":3.0572,"ps":16.8663,"pcf":-124.331,"iop":0.9414}