{"code":"002446","atr10":0.547,"close":12.62,"close_count":60,"l_pvalue":0.0000000062,"l_slop":-24.3997379134,"l_stderror":2.4655168814,"ma120":11.9326666667,"ma250":13.20348,"ma42":11.9392857143,"max10":12.62,"min10":11.2,"name":"盛路通信","stat_date":"2017-06-30","mc":96.1783,"cmc":51.4779,"pe":76.6809,"pe_lyr":59.5978,"pb":3.8283,"ps":8.7153,"pcf":25.9733,"iop":-52.6075}