{"code":"002418","atr10":0.192,"close":9.59,"close_count":60,"l_pvalue":9.587752993e-22,"l_slop":49.4971382732,"l_stderror":0.9763696406,"ma120":9.1884166667,"ma250":9.61076,"ma42":8.5973809524,"max10":9.62,"min10":9.04,"name":"康盛股份","stat_date":"2017-06-30","mc":108.9808,"cmc":53.091,"pe":72.9313,"pe_lyr":57.1134,"pb":5.1578,"ps":3.6088,"pcf":125.9671,"iop":-26.0327}