{"code":"002439","atr10":0.615,"close":21.5,"close_count":60,"l_pvalue":0.0000008898,"l_slop":23.044946445,"l_stderror":3.2329575575,"ma120":19.3720833333,"ma250":20.4538,"ma42":21.0828571429,"max10":22.03,"min10":20.94,"name":"启明星辰","stat_date":"2017-06-30","mc":192.7889,"cmc":123.709,"pe":74.3444,"pe_lyr":72.7034,"pb":7.1833,"ps":9.4272,"pcf":-2498.9446,"iop":146.4074}