{"code":"002546","atr10":0.117,"close":6.02,"close_count":60,"l_pvalue":0.0018869924,"l_slop":4.5228753563,"l_stderror":1.2546226128,"ma120":6.114,"ma250":7.55908,"ma42":6.2038095238,"max10":6.38,"min10":5.97,"name":"新联电子","stat_date":"2017-06-30","mc":50.2098,"cmc":47.0706,"pe":56.8441,"pe_lyr":55.6821,"pb":1.8091,"ps":9.677,"pcf":-15.8208,"iop":19.2718}