{"code":"002540","atr10":0.17,"close":7.33,"close_count":60,"l_pvalue":0.0,"l_slop":15.4718345372,"l_stderror":1.0115166955,"ma120":7.17675,"ma250":7.60032,"ma42":7.2871428571,"max10":7.62,"min10":7.24,"name":"亚太科技","stat_date":"2017-06-30","mc":76.232,"cmc":51.6629,"pe":25.2342,"pe_lyr":25.687,"pb":2.5098,"ps":2.451,"pcf":69.1498,"iop":-8.585}