{"code":"002568","atr10":0.42,"close":17.79,"close_count":60,"l_pvalue":0.0,"l_slop":27.1907234911,"l_stderror":1.3155147357,"ma120":17.56525,"ma250":19.59196,"ma42":17.0197619048,"max10":18.35,"min10":17.5,"name":"百润股份","stat_date":"2017-06-30","mc":124.5842,"cmc":68.3141,"pe":163.8935,"pe_lyr":-84.7385,"pb":7.4256,"ps":12.1526,"pcf":-31634.8789,"iop":140.3692}