{"code":"002521","atr10":0.16,"close":10.2,"close_count":60,"l_pvalue":0.0,"l_slop":15.3890396865,"l_stderror":0.6438708965,"ma120":10.1369166667,"ma250":10.36816,"ma42":10.0276190476,"max10":10.48,"min10":10.09,"name":"齐峰新材","stat_date":"2017-06-30","mc":50.458,"cmc":43.9376,"pe":31.7974,"pe_lyr":35.5506,"pb":1.5069,"ps":1.6107,"pcf":25.7315,"iop":9.5504}