{"code":"002511","atr10":0.357,"close":13.52,"close_count":60,"l_pvalue":0.8200955392,"l_slop":0.4463046833,"l_stderror":1.9354630171,"ma120":12.6346666667,"ma250":12.77816,"ma42":13.149047619,"max10":13.52,"min10":12.73,"name":"中顺洁柔","stat_date":"2017-06-30","mc":102.4663,"cmc":99.1037,"pe":32.9461,"pe_lyr":39.3471,"pb":3.6211,"ps":2.4625,"pcf":122.0365,"iop":31.6021}