{"code":"002547","atr10":0.205,"close":9.06,"close_count":60,"l_pvalue":0.0,"l_slop":-54.5797629706,"l_stderror":2.9504402463,"ma120":9.9265,"ma250":10.13132,"ma42":9.6161904762,"max10":9.06,"min10":8.76,"name":"春兴精工","stat_date":"2017-06-30","mc":102.202,"cmc":62.0098,"pe":85.6368,"pe_lyr":62.5268,"pb":3.3026,"ps":3.6474,"pcf":24.3743,"iop":-51.6102}