{"code":"002550","atr10":0.111,"close":6.1,"close_count":60,"l_pvalue":0.0,"l_slop":17.303320417,"l_stderror":1.0142939557,"ma120":6.0428333333,"ma250":6.76464,"ma42":6.0435714286,"max10":6.37,"min10":6.06,"name":"千红制药","stat_date":"2017-06-30","mc":78.08,"cmc":52.0625,"pe":34.6087,"pe_lyr":34.7855,"pb":3.2564,"ps":8.3865,"pcf":-79.4893,"iop":-0.2872}