{"code":"002520","atr10":0.248,"close":10.64,"close_count":60,"l_pvalue":0.0000059725,"l_slop":8.4515611576,"l_stderror":1.3646514873,"ma120":9.95625,"ma250":11.47656,"ma42":10.0466666667,"max10":10.64,"min10":9.88,"name":"日发精机","stat_date":"2017-06-30","mc":58.9551,"cmc":56.4104,"pe":110.3755,"pe_lyr":143.3568,"pb":3.4103,"ps":6.6745,"pcf":-835.6783,"iop":73.0953}