{"code":"002554","atr10":0.137,"close":5.64,"close_count":60,"l_pvalue":0.0004233475,"l_slop":3.0265810514,"l_stderror":0.7104811942,"ma120":6.0185,"ma250":6.92748,"ma42":5.7216666667,"max10":5.9,"min10":5.57,"name":"惠博普","stat_date":"2017-06-30","mc":60.3937,"cmc":36.9453,"pe":52.9658,"pe_lyr":46.0926,"pb":2.7387,"ps":4.3381,"pcf":53.3919,"iop":-90.5931}