{"code":"002594","atr10":3.706,"close":67.87,"close_count":60,"l_pvalue":0.0000000003,"l_slop":79.1686394003,"l_stderror":6.6556545645,"ma120":50.6090833333,"ma250":51.2044,"ma42":51.8292857143,"max10":67.87,"min10":53.4,"name":"比亚迪","stat_date":"2017-06-30","mc":1818.2211,"cmc":772.5866,"pe":41.0064,"pe_lyr":36.6495,"pb":3.8302,"ps":1.788,"pcf":59.1766,"iop":3.4141}