{"code":"002574","atr10":0.199,"close":9.03,"close_count":60,"l_pvalue":0.0,"l_slop":14.1950803635,"l_stderror":0.9934983784,"ma120":8.8984166667,"ma250":10.2488,"ma42":8.9761904762,"max10":9.44,"min10":8.94,"name":"明牌珠宝","stat_date":"2017-06-30","mc":47.6784,"cmc":47.6784,"pe":82.4628,"pe_lyr":109.0694,"pb":1.5372,"ps":1.4617,"pcf":43.2405,"iop":252.6756}