{"code":"002563","atr10":0.197,"close":8.75,"close_count":60,"l_pvalue":0.0,"l_slop":35.7747113509,"l_stderror":1.532306474,"ma120":8.4945,"ma250":9.17716,"ma42":8.3304761905,"max10":8.99,"min10":8.6,"name":"森马服饰","stat_date":"2017-06-30","mc":235.71,"cmc":160.8989,"pe":16.2801,"pe_lyr":16.5235,"pb":2.4748,"ps":2.1006,"pcf":59.5877,"iop":17.788}