{"code":"002593","atr10":0.131,"close":5.33,"close_count":60,"l_pvalue":0.0,"l_slop":16.9802804752,"l_stderror":0.8872994301,"ma120":5.3349166667,"ma250":6.3586,"ma42":5.325952381,"max10":5.58,"min10":5.31,"name":"日上集团","stat_date":"2017-06-30","mc":37.371,"cmc":24.8373,"pe":47.8021,"pe_lyr":54.2842,"pb":2.1174,"ps":2.2514,"pcf":79.6275,"iop":40.3077}