{"code":"002537","atr10":0.24,"close":11.17,"close_count":60,"l_pvalue":1.695636306e-16,"l_slop":-23.1340452179,"l_stderror":0.8698307486,"ma120":12.02925,"ma250":12.91372,"ma42":11.7361904762,"max10":11.45,"min10":11.11,"name":"海联金汇","stat_date":"2017-06-30","mc":139.7758,"cmc":112.614,"pe":39.4146,"pe_lyr":60.0096,"pb":2.0759,"ps":4.2251,"pcf":7.5825,"iop":82.4788}