{"code":"002524","atr10":0.13,"close":6.96,"close_count":60,"l_pvalue":0.0,"l_slop":-16.4140886719,"l_stderror":0.7463047251,"ma120":8.2535,"ma250":9.40596,"ma42":7.2264285714,"max10":7.22,"min10":6.96,"name":"光正集团","stat_date":"2017-06-30","mc":35.032,"cmc":34.8727,"pe":-1230.5339,"pe_lyr":723.519,"pb":4.8776,"ps":7.118,"pcf":30.6734,"iop":-45.9848}