{"code":"002539","atr10":0.142,"close":7.83,"close_count":60,"l_pvalue":0.0000039218,"l_slop":6.1449281757,"l_stderror":0.9609062771,"ma120":8.3440833333,"ma250":10.07884,"ma42":7.9102380952,"max10":8.18,"min10":7.78,"name":"云图控股","stat_date":"2017-06-30","mc":79.0908,"cmc":35.9637,"pe":74.5317,"pe_lyr":55.4162,"pb":2.6778,"ps":1.1952,"pcf":-87.7202,"iop":-101.9245}