{"code":"002532","atr10":0.121,"close":7.93,"close_count":60,"l_pvalue":0.0000398265,"l_slop":3.0157122884,"l_stderror":0.5677583349,"ma120":8.048,"ma250":8.6046,"ma42":8.0338095238,"max10":8.17,"min10":7.9,"name":"新界泵业","stat_date":"2017-06-30","mc":40.8989,"cmc":30.3969,"pe":28.1981,"pe_lyr":35.062,"pb":2.9456,"ps":2.8707,"pcf":1690.0673,"iop":61.1762}