{"code":"002579","atr10":0.256,"close":10.19,"close_count":60,"l_pvalue":0.0000004225,"l_slop":9.5981570032,"l_stderror":1.2779546347,"ma120":10.5014166667,"ma250":12.344,"ma42":10.0011904762,"max10":10.26,"min10":9.89,"name":"中京电子","stat_date":"2017-06-30","mc":38.4958,"cmc":35.0615,"pe":154.0755,"pe_lyr":34.6851,"pb":4.0565,"ps":4.01,"pcf":38.9278,"iop":697.4514}