{"code":"002502","atr10":0.187,"close":8.89,"close_count":60,"l_pvalue":0.0104871116,"l_slop":4.4636901157,"l_stderror":1.5721657045,"ma120":10.0066666667,"ma250":11.5812,"ma42":9.0533333333,"max10":9.34,"min10":8.75,"name":"骅威文化","stat_date":"2017-06-30","mc":76.4388,"cmc":45.8952,"pe":20.8404,"pe_lyr":25.2258,"pb":2.3377,"ps":9.0595,"pcf":166.3855,"iop":21.0007}