{"code":"002529","atr10":0.704,"close":19.28,"close_count":60,"l_pvalue":2.207394459e-16,"l_slop":45.4407608778,"l_stderror":1.7330609339,"ma120":17.145,"ma250":18.9316,"ma42":17.86,"max10":19.77,"min10":18.51,"name":"海源机械","stat_date":"2017-06-30","mc":50.128,"cmc":38.56,"pe":674.1138,"pe_lyr":-131.3036,"pb":3.1596,"ps":16.9186,"pcf":-15.5005,"iop":166.3634}