{"code":"002551","atr10":0.187,"close":9.78,"close_count":60,"l_pvalue":0.0000000119,"l_slop":17.7956999847,"l_stderror":1.8725119506,"ma120":10.288,"ma250":12.07,"ma42":9.8245238095,"max10":10.23,"min10":9.73,"name":"尚荣医疗","stat_date":"2017-06-30","mc":65.0478,"cmc":39.8623,"pe":51.5274,"pe_lyr":56.9828,"pb":3.6708,"ps":3.0806,"pcf":-1639.8177,"iop":21.9892}