{"code":"002586","atr10":0.341,"close":9.79,"close_count":60,"l_pvalue":0.0000065218,"l_slop":4.229802176,"l_stderror":0.6876252692,"ma120":9.7295,"ma250":9.77828,"ma42":9.6907142857,"max10":10.15,"min10":9.79,"name":"围海股份","stat_date":"2017-06-30","mc":102.0095,"cmc":67.9081,"pe":99.553,"pe_lyr":109.6145,"pb":2.5391,"ps":4.3982,"pcf":24.177,"iop":110.9088}