{"code":"002588","atr10":0.219,"close":7.89,"close_count":60,"l_pvalue":0.0000000013,"l_slop":19.3766230253,"l_stderror":1.7775919432,"ma120":7.8555,"ma250":9.58792,"ma42":7.7119047619,"max10":8.14,"min10":7.72,"name":"史丹利","stat_date":"2017-06-30","mc":91.3084,"cmc":55.7917,"pe":26.9139,"pe_lyr":17.8151,"pb":2.2277,"ps":1.516,"pcf":-186.6126,"iop":-53.7651}