{"code":"002549","atr10":0.251,"close":7.97,"close_count":60,"l_pvalue":0.0000059301,"l_slop":11.53840286,"l_stderror":1.8620547426,"ma120":7.8251666667,"ma250":8.7076,"ma42":8.2761904762,"max10":8.62,"min10":7.93,"name":"凯美特气","stat_date":"2017-06-30","mc":49.7089,"cmc":49.4327,"pe":171.8508,"pe_lyr":235.6818,"pb":5.9441,"ps":15.1267,"pcf":66.6697,"iop":593.2869}