{"code":"002530","atr10":0.91,"close":31.21,"close_count":60,"l_pvalue":0.0,"l_slop":54.2619944665,"l_stderror":2.2490405724,"ma120":30.8424166667,"ma250":32.72356,"ma42":30.1552380952,"max10":33.21,"min10":31.21,"name":"金财互联","stat_date":"2017-06-30","mc":153.1605,"cmc":53.3997,"pe":129.6659,"pe_lyr":328.9756,"pb":4.0515,"ps":23.3706,"pcf":17.4811,"iop":880.3791}