{"code":"002542","atr10":0.278,"close":10.32,"close_count":60,"l_pvalue":0.0000000004,"l_slop":-24.2472953258,"l_stderror":2.0721032035,"ma120":11.7720833333,"ma250":9.85304,"ma42":10.9226190476,"max10":10.75,"min10":10.23,"name":"中化岩土","stat_date":"2017-06-30","mc":185.76,"cmc":72.6993,"pe":72.2456,"pe_lyr":74.7381,"pb":5.6754,"ps":8.0265,"pcf":469.6404,"iop":8.4744}