{"code":"002545","atr10":0.837,"close":11.26,"close_count":60,"l_pvalue":0.0443453294,"l_slop":-17.9126356801,"l_stderror":8.3184396849,"ma120":12.517,"ma250":11.7706,"ma42":14.7783333333,"max10":15.48,"min10":11.26,"name":"东方铁塔","stat_date":"2017-06-30","mc":148.2264,"cmc":26.9818,"pe":97.3803,"pe_lyr":108.5947,"pb":2.1377,"ps":8.1874,"pcf":138.2855,"iop":73.6293}