{"code":"002562","atr10":0.64,"close":19.05,"close_count":60,"l_pvalue":4.268447982e-17,"l_slop":60.2558124865,"l_stderror":2.1033127373,"ma120":14.5141666667,"ma250":14.31388,"ma42":16.9926190476,"max10":19.05,"min10":17.65,"name":"兄弟科技","stat_date":"2017-06-30","mc":103.1363,"cmc":58.4182,"pe":40.476,"pe_lyr":61.5121,"pb":5.5205,"ps":8.532,"pcf":54.8838,"iop":113.4143}