{"code":"002534","atr10":0.328,"close":11.78,"close_count":60,"l_pvalue":0.000082441,"l_slop":20.9333974085,"l_stderror":4.2003429362,"ma120":10.425,"ma250":10.19424,"ma42":11.6469047619,"max10":12.45,"min10":11.53,"name":"杭锅股份","stat_date":"2017-06-30","mc":87.1052,"cmc":85.0459,"pe":27.0622,"pe_lyr":45.4786,"pb":3.1432,"ps":2.5432,"pcf":384.4626,"iop":6.4178}