{"code":"002561","atr10":0.359,"close":13.76,"close_count":60,"l_pvalue":0.0000000003,"l_slop":11.4602623644,"l_stderror":0.9720785466,"ma120":13.4161666667,"ma250":14.55156,"ma42":13.2176190476,"max10":14.14,"min10":13.22,"name":"徐家汇","stat_date":"2017-06-30","mc":57.209,"cmc":54.6633,"pe":24.3206,"pe_lyr":23.6921,"pb":2.824,"ps":2.7023,"pcf":-58.2871,"iop":-1.5912}