{"code":"002580","atr10":0.422,"close":8.99,"close_count":60,"l_pvalue":0.0,"l_slop":39.3767460076,"l_stderror":2.3773729325,"ma120":8.2468333333,"ma250":9.8266,"ma42":8.6795238095,"max10":9.54,"min10":8.54,"name":"圣阳股份","stat_date":"2017-06-30","mc":31.8607,"cmc":25.6058,"pe":73.3258,"pe_lyr":59.1513,"pb":2.6848,"ps":2.0322,"pcf":-1429.2069,"iop":-51.8872}