{"code":"002566","atr10":0.162,"close":10.27,"close_count":60,"l_pvalue":0.0,"l_slop":8.3389158857,"l_stderror":0.5570683781,"ma120":10.9388333333,"ma250":12.03836,"ma42":10.2795238095,"max10":10.59,"min10":10.25,"name":"益盛药业","stat_date":"2017-06-30","mc":33.9887,"cmc":21.7518,"pe":193.2122,"pe_lyr":257.5994,"pb":1.9195,"ps":3.4544,"pcf":-38.754,"iop":11732.5078}