{"code":"002570","atr10":0.12,"close":9.99,"close_count":60,"l_pvalue":2.096436412e-17,"l_slop":-81.7067239178,"l_stderror":2.7451497888,"ma120":12.94075,"ma250":12.62472,"ma42":12.1171428571,"max10":10.04,"min10":9.85,"name":"贝因美","stat_date":"2017-06-30","mc":102.1497,"cmc":102.1261,"pe":-10.9297,"pe_lyr":-13.085,"pb":4.0533,"ps":3.7988,"pcf":-41.6882,"iop":11.5874}