{"code":"002548","atr10":0.201,"close":11.23,"close_count":60,"l_pvalue":0.0000000951,"l_slop":18.4345134914,"l_stderror":2.2186903152,"ma120":11.8016666667,"ma250":13.3142,"ma42":11.2873809524,"max10":11.72,"min10":11.12,"name":"金新农","stat_date":"2017-06-30","mc":42.7344,"cmc":35.0115,"pe":30.6402,"pe_lyr":26.907,"pb":2.5792,"ps":1.387,"pcf":-208.4706,"iop":-22.8494}