{"code":"002515","atr10":0.215,"close":9.35,"close_count":60,"l_pvalue":0.0000008615,"l_slop":10.3741738273,"l_stderror":1.452036915,"ma120":9.3105833333,"ma250":10.1036,"ma42":9.5078571429,"max10":10.0,"min10":9.35,"name":"金字火腿","stat_date":"2017-06-30","mc":91.4723,"cmc":57.6347,"pe":443.2398,"pe_lyr":459.7446,"pb":6.5888,"ps":35.1436,"pcf":69.1793,"iop":-6.0316}