{"code":"002567","atr10":0.156,"close":7.95,"close_count":60,"l_pvalue":3.738272152e-18,"l_slop":-36.9093847151,"l_stderror":1.1305757107,"ma120":9.0421666667,"ma250":8.75472,"ma42":8.7952380952,"max10":8.46,"min10":7.95,"name":"唐人神","stat_date":"2017-06-30","mc":66.5074,"cmc":50.082,"pe":24.441,"pe_lyr":33.0849,"pb":2.0419,"ps":0.519,"pcf":101.4119,"iop":60.1432}