{"code":"002587","atr10":0.22,"close":8.22,"close_count":60,"l_pvalue":0.0,"l_slop":9.8798140028,"l_stderror":0.6666156473,"ma120":7.78775,"ma250":8.56428,"ma42":8.0014285714,"max10":8.32,"min10":7.87,"name":"奥拓电子","stat_date":"2017-06-30","mc":50.2559,"cmc":30.0487,"pe":41.8736,"pe_lyr":58.2459,"pb":4.7319,"ps":6.9506,"pcf":19.8308,"iop":25.1381}