{"code":"002510","atr10":0.554,"close":8.52,"close_count":60,"l_pvalue":6.660395038e-17,"l_slop":40.7711529573,"l_stderror":1.4576637288,"ma120":6.9205833333,"ma250":7.01168,"ma42":7.3192857143,"max10":8.52,"min10":7.54,"name":"天汽模","stat_date":"2017-06-30","mc":76.3597,"cmc":60.8559,"pe":53.0338,"pe_lyr":50.8926,"pb":3.5094,"ps":3.9571,"pcf":1835.5559,"iop":-19.6804}