{"code":"002523","atr10":0.171,"close":5.95,"close_count":60,"l_pvalue":0.0000000011,"l_slop":22.7054524918,"l_stderror":2.0583719083,"ma120":5.463,"ma250":5.6486,"ma42":5.4538095238,"max10":5.95,"min10":5.49,"name":"天桥起重","stat_date":"2017-06-30","mc":60.2072,"cmc":48.8228,"pe":53.4187,"pe_lyr":56.2756,"pb":3.2251,"ps":4.7147,"pcf":323.834,"iop":14.3483}