{"code":"002592","atr10":0.919,"close":26.89,"close_count":60,"l_pvalue":0.0004419862,"l_slop":6.1271934313,"l_stderror":1.4447503316,"ma120":27.7660833333,"ma250":29.48144,"ma42":26.6835714286,"max10":27.98,"min10":26.68,"name":"八菱科技","stat_date":"2017-06-30","mc":76.1877,"cmc":56.27,"pe":53.0669,"pe_lyr":59.33,"pb":3.7922,"ps":8.9336,"pcf":-13.7527,"iop":34.3587}