{"code":"002555","atr10":0.594,"close":21.74,"close_count":60,"l_pvalue":0.0001467065,"l_slop":-5.4317959935,"l_stderror":1.1490984924,"ma120":22.957,"ma250":20.7414,"ma42":22.8533333333,"max10":22.88,"min10":21.74,"name":"三七互娱","stat_date":"2017-06-30","mc":466.9993,"cmc":135.3717,"pe":32.55,"pe_lyr":43.6382,"pb":7.5115,"ps":7.917,"pcf":53.8978,"iop":62.908}