{"code":"002504","atr10":0.394,"close":8.1,"close_count":60,"l_pvalue":1.0,"l_slop":0.0,"l_stderror":0.0,"ma120":8.2109166667,"ma250":9.08136,"ma42":8.0602380952,"max10":8.1,"min10":8.1,"name":"*ST弘高","stat_date":"2017-06-30","mc":83.0898,"cmc":33.5783,"pe":41.3686,"pe_lyr":34.6549,"pb":7.1193,"ps":2.6714,"pcf":-403.4716,"iop":15.7432}