{"code":"002527","atr10":0.243,"close":11.11,"close_count":60,"l_pvalue":0.0000000005,"l_slop":20.5352025672,"l_stderror":1.7865916044,"ma120":10.9571666667,"ma250":12.45696,"ma42":11.0147619048,"max10":11.55,"min10":11.06,"name":"新时达","stat_date":"2017-06-30","mc":68.901,"cmc":42.9124,"pe":38.3107,"pe_lyr":40.2592,"pb":2.5006,"ps":2.0749,"pcf":59.773,"iop":59.1025}