{"code":"002564","atr10":0.237,"close":9.53,"close_count":60,"l_pvalue":0.0,"l_slop":10.3755390072,"l_stderror":0.7845222374,"ma120":9.7726666667,"ma250":9.85772,"ma42":9.5483333333,"max10":9.94,"min10":9.5,"name":"天沃科技","stat_date":"2017-06-30","mc":70.1181,"cmc":54.0904,"pe":-37.8344,"pe_lyr":-23.3953,"pb":2.7206,"ps":0.92,"pcf":-24.9183,"iop":500.5067}