{"code":"002583","atr10":0.43,"close":16.43,"close_count":60,"l_pvalue":0.0,"l_slop":17.305023721,"l_stderror":0.8708242675,"ma120":15.3315833333,"ma250":14.08508,"ma42":15.5754761905,"max10":16.43,"min10":15.64,"name":"海能达","stat_date":"2017-06-30","mc":287.0875,"cmc":172.1358,"pe":73.8281,"pe_lyr":71.4453,"pb":6.0771,"ps":7.1573,"pcf":174.9058,"iop":111.9911}