{"code":"002598","atr10":0.19,"close":11.6,"close_count":60,"l_pvalue":0.0294216154,"l_slop":3.463507754,"l_stderror":1.4706570876,"ma120":11.1480833333,"ma250":11.92708,"ma42":11.67,"max10":11.86,"min10":11.45,"name":"山东章鼓","stat_date":"2017-06-30","mc":36.192,"cmc":30.9804,"pe":58.5159,"pe_lyr":64.7883,"pb":5.0413,"ps":6.2289,"pcf":256.9736,"iop":26.1638}