{"code":"002518","atr10":0.614,"close":17.64,"close_count":60,"l_pvalue":0.0,"l_slop":54.6555630735,"l_stderror":2.7345413454,"ma120":15.2621666667,"ma250":15.55504,"ma42":16.5014285714,"max10":18.46,"min10":17.18,"name":"科士达","stat_date":"2017-06-30","mc":103.9135,"cmc":97.5101,"pe":31.4073,"pe_lyr":35.1227,"pb":4.9367,"ps":5.0027,"pcf":30.004,"iop":42.7603}