{"code":"002552","atr10":0.435,"close":11.33,"close_count":60,"l_pvalue":0.0000000024,"l_slop":13.1069884113,"l_stderror":1.2498898403,"ma120":12.2739166667,"ma250":14.67984,"ma42":11.6302380952,"max10":12.11,"min10":11.31,"name":"宝鼎科技","stat_date":"2017-06-30","mc":34.6961,"cmc":22.6769,"pe":-23.1523,"pe_lyr":-20.7956,"pb":4.4333,"ps":17.7306,"pcf":34.9299,"iop":99.5573}