{"code":"002517","atr10":0.44,"close":18.3,"close_count":60,"l_pvalue":0.0000000105,"l_slop":20.6134996361,"l_stderror":2.152126099,"ma120":16.9561666667,"ma250":17.16808,"ma42":17.9264285714,"max10":18.79,"min10":18.19,"name":"恺英网络","stat_date":"2017-06-30","mc":262.6072,"cmc":91.7867,"pe":30.8813,"pe_lyr":38.52,"pb":7.2147,"ps":9.6199,"pcf":83.214,"iop":62.9121}