{"code":"002553","atr10":0.278,"close":11.27,"close_count":60,"l_pvalue":1.186913073e-18,"l_slop":19.7042093626,"l_stderror":0.5676483522,"ma120":11.2915833333,"ma250":12.30932,"ma42":11.0130952381,"max10":11.76,"min10":11.17,"name":"南方轴承","stat_date":"2017-06-30","mc":39.2196,"cmc":24.8755,"pe":51.2969,"pe_lyr":54.2607,"pb":5.8764,"ps":10.9096,"pcf":-117.7174,"iop":-3.7367}