{"code":"002541","atr10":0.423,"close":17.13,"close_count":60,"l_pvalue":0.0001581747,"l_slop":11.5922978423,"l_stderror":2.4697857915,"ma120":17.3174166667,"ma250":18.6302,"ma42":17.5583333333,"max10":17.85,"min10":17.12,"name":"鸿路钢构","stat_date":"2017-06-30","mc":59.8087,"cmc":42.3955,"pe":36.3977,"pe_lyr":41.0318,"pb":1.5212,"ps":1.5301,"pcf":12.5785,"iop":-24.7007}