{"code":"002536","atr10":0.435,"close":15.47,"close_count":60,"l_pvalue":0.0000000189,"l_slop":27.7659382054,"l_stderror":3.0094848582,"ma120":13.9385,"ma250":14.024,"ma42":15.4042857143,"max10":16.52,"min10":15.22,"name":"西泵股份","stat_date":"2017-06-30","mc":51.6401,"cmc":47.8454,"pe":34.2754,"pe_lyr":47.8782,"pb":2.7155,"ps":2.1995,"pcf":-91.8592,"iop":131.0971}