{"code":"002535","atr10":0.116,"close":5.56,"close_count":60,"l_pvalue":0.0000000014,"l_slop":27.4102531715,"l_stderror":2.5283627885,"ma120":5.6063333333,"ma250":6.37052,"ma42":5.5697619048,"max10":5.88,"min10":5.52,"name":"林州重机","stat_date":"2017-06-30","mc":44.5736,"cmc":29.8002,"pe":170.7153,"pe_lyr":302.1772,"pb":1.4999,"ps":3.2881,"pcf":43.0961,"iop":79.5287}