{"code":"002582","atr10":0.184,"close":12.43,"close_count":60,"l_pvalue":3.580420995e-18,"l_slop":-23.2428206033,"l_stderror":0.710311483,"ma120":12.8166666667,"ma250":15.25148,"ma42":13.0192857143,"max10":12.74,"min10":12.34,"name":"好想你","stat_date":"2017-06-30","mc":64.0995,"cmc":25.4008,"pe":68.6153,"pe_lyr":163.2178,"pb":1.9823,"ps":1.7924,"pcf":10.4982,"iop":33.2783}