{"code":"002528","atr10":0.099,"close":6.04,"close_count":60,"l_pvalue":0.0012141029,"l_slop":6.9895211817,"l_stderror":1.8401057629,"ma120":5.9710833333,"ma250":6.78172,"ma42":6.0492857143,"max10":6.11,"min10":6.02,"name":"英飞拓","stat_date":"2017-06-30","mc":63.2004,"cmc":48.1048,"pe":-17.6699,"pe_lyr":-15.018,"pb":2.2368,"ps":2.6825,"pcf":73.035,"iop":-994.6246}