{"code":"002577","atr10":0.499,"close":21.4,"close_count":60,"l_pvalue":0.012071959,"l_slop":8.3743902319,"l_stderror":3.0181994633,"ma120":22.84375,"ma250":28.47848,"ma42":21.7338095238,"max10":22.26,"min10":21.01,"name":"雷柏科技","stat_date":"2017-06-30","mc":60.5786,"cmc":60.188,"pe":293.2898,"pe_lyr":337.7616,"pb":5.1175,"ps":9.9869,"pcf":-49.7393,"iop":506.6797}