{"code":"002576","atr10":1.612,"close":24.67,"close_count":60,"l_pvalue":1.0,"l_slop":0.0,"l_stderror":0.0,"ma120":20.7941666667,"ma250":22.5394,"ma42":22.6878571429,"max10":24.67,"min10":24.67,"name":"通达动力","stat_date":"2017-06-30","mc":40.7137,"cmc":29.3595,"pe":140.4031,"pe_lyr":840.3833,"pb":4.6949,"ps":4.1452,"pcf":41.074,"iop":140.167}