{"code":"002585","atr10":0.157,"close":7.87,"close_count":60,"l_pvalue":6.585907026e-16,"l_slop":27.3753688813,"l_stderror":1.1076728802,"ma120":7.7763333333,"ma250":8.1688,"ma42":7.755952381,"max10":8.19,"min10":7.87,"name":"双星新材","stat_date":"2017-06-30","mc":90.9991,"cmc":54.733,"pe":63.3785,"pe_lyr":68.4087,"pb":1.2314,"ps":3.3719,"pcf":14.981,"iop":48.4805}