{"code":"002597","atr10":0.384,"close":21.65,"close_count":60,"l_pvalue":0.0000609737,"l_slop":-4.3058136433,"l_stderror":0.8411258521,"ma120":20.5094166667,"ma250":18.30404,"ma42":21.0526190476,"max10":21.65,"min10":20.5,"name":"金禾实业","stat_date":"2017-06-30","mc":122.1753,"cmc":121.0153,"pe":15.2837,"pe_lyr":22.1547,"pb":4.4764,"ps":2.8117,"pcf":144.9716,"iop":194.0869}