{"code":"002596","atr10":0.502,"close":9.95,"close_count":60,"l_pvalue":0.0005279759,"l_slop":23.4601373639,"l_stderror":5.6352878366,"ma120":9.0874166667,"ma250":9.78164,"ma42":8.9804761905,"max10":10.35,"min10":8.29,"name":"海南瑞泽","stat_date":"2017-06-30","mc":97.0652,"cmc":64.2099,"pe":67.2718,"pe_lyr":138.2369,"pb":4.4325,"ps":4.0264,"pcf":676.0836,"iop":1455.5227}