{"code":"002506","atr10":0.087,"close":4.33,"close_count":60,"l_pvalue":0.0000000027,"l_slop":10.3688956953,"l_stderror":0.9945503667,"ma120":4.3336666667,"ma250":4.93676,"ma42":4.3476190476,"max10":4.53,"min10":4.33,"name":"协鑫集成","stat_date":"2017-06-30","mc":218.5091,"cmc":109.2684,"pe":-111.4831,"pe_lyr":-811.9506,"pb":5.2321,"ps":1.8673,"pcf":25.7302,"iop":23.9858}