{"code":"002519","atr10":0.249,"close":8.06,"close_count":60,"l_pvalue":0.0,"l_slop":37.7194319124,"l_stderror":1.5887970538,"ma120":8.2410833333,"ma250":10.75124,"ma42":7.7123809524,"max10":8.47,"min10":7.98,"name":"银河电子","stat_date":"2017-06-30","mc":92.0632,"cmc":67.1335,"pe":36.4556,"pe_lyr":29.6998,"pb":2.4887,"ps":5.3608,"pcf":115.3301,"iop":-54.2798}