{"code":"002573","atr10":0.724,"close":21.56,"close_count":60,"l_pvalue":6.493551166e-16,"l_slop":63.933598965,"l_stderror":2.5849273723,"ma120":19.56475,"ma250":19.0106,"ma42":19.774047619,"max10":22.45,"min10":20.89,"name":"清新环境","stat_date":"2017-06-30","mc":231.9279,"cmc":231.6379,"pe":29.3174,"pe_lyr":31.0912,"pb":6.1611,"ps":6.013,"pcf":-95.2954,"iop":14.9448}