{"code":"002595","atr10":0.205,"close":19.94,"close_count":60,"l_pvalue":0.3492632356,"l_slop":-0.8826268052,"l_stderror":0.91969515,"ma120":21.376,"ma250":21.67864,"ma42":20.1573809524,"max10":20.17,"min10":19.82,"name":"豪迈科技","stat_date":"2017-06-30","mc":159.52,"cmc":103.7271,"pe":22.0805,"pe_lyr":22.2276,"pb":4.4362,"ps":5.5946,"pcf":-123.9786,"iop":-2.0695}