{"code":"002590","atr10":0.64,"close":16.0,"close_count":60,"l_pvalue":2.720036658e-16,"l_slop":45.2108614016,"l_stderror":1.7438589131,"ma120":14.6460833333,"ma250":18.0498,"ma42":15.0811904762,"max10":16.77,"min10":15.45,"name":"万安科技","stat_date":"2017-06-30","mc":76.7435,"cmc":69.6421,"pe":54.8278,"pe_lyr":60.5407,"pb":4.3171,"ps":3.3303,"pcf":-21.2373,"iop":25.7522}