{"code":"002578","atr10":0.133,"close":5.02,"close_count":60,"l_pvalue":0.0031296692,"l_slop":6.5962292557,"l_stderror":1.9504255826,"ma120":4.77875,"ma250":4.79132,"ma42":5.15,"max10":5.25,"min10":5.0,"name":"闽发铝业","stat_date":"2017-06-30","mc":49.6023,"cmc":27.4372,"pe":208.885,"pe_lyr":280.673,"pb":3.3981,"ps":4.5227,"pcf":21.3455,"iop":485.5721}