{"code":"002508","atr10":1.242,"close":41.49,"close_count":60,"l_pvalue":0.0000042385,"l_slop":19.4810996534,"l_stderror":3.0642785604,"ma120":41.37325,"ma250":35.73232,"ma42":40.01,"max10":43.12,"min10":40.95,"name":"老板电器","stat_date":"2017-06-30","mc":393.7537,"cmc":386.0368,"pe":28.4967,"pe_lyr":32.627,"pb":8.9623,"ps":6.0883,"pcf":129.4574,"iop":35.4889}