{"code":"002516","atr10":0.127,"close":5.56,"close_count":60,"l_pvalue":0.0000000036,"l_slop":14.4375580762,"l_stderror":1.4097532725,"ma120":5.61775,"ma250":6.1646,"ma42":5.5271428571,"max10":5.76,"min10":5.56,"name":"旷达科技","stat_date":"2017-06-30","mc":83.5898,"cmc":43.1392,"pe":24.6658,"pe_lyr":27.7443,"pb":2.1793,"ps":3.5497,"pcf":45.1454,"iop":16.2974}