{"code":"002526","atr10":0.15,"close":7.77,"close_count":60,"l_pvalue":0.0000246583,"l_slop":13.3538678636,"l_stderror":2.4146163625,"ma120":8.2109166667,"ma250":8.45704,"ma42":7.8366666667,"max10":8.16,"min10":7.73,"name":"山东矿机","stat_date":"2017-06-30","mc":41.4918,"cmc":35.6662,"pe":89.8598,"pe_lyr":388.2305,"pb":2.4277,"ps":4.5452,"pcf":84.4315,"iop":187.7854}