{"code":"002531","atr10":0.164,"close":6.17,"close_count":60,"l_pvalue":0.000006182,"l_slop":-3.3764380995,"l_stderror":0.5466346747,"ma120":6.5733333333,"ma250":6.76296,"ma42":6.2683333333,"max10":6.39,"min10":6.02,"name":"天顺风能","stat_date":"2017-06-30","mc":109.7655,"cmc":90.8389,"pe":25.2806,"pe_lyr":27.0041,"pb":2.3744,"ps":4.2626,"pcf":-243.9084,"iop":19.796}