{"code":"002569","atr10":1.698,"close":52.88,"close_count":60,"l_pvalue":1.0,"l_slop":0.0,"l_stderror":0.0,"ma120":51.5065833333,"ma250":41.52764,"ma42":55.6461904762,"max10":52.88,"min10":52.88,"name":"步森股份","stat_date":"2017-06-30","mc":74.0373,"cmc":73.3162,"pe":4336.1929,"pe_lyr":1121.8516,"pb":14.8909,"ps":21.4679,"pcf":-435.9327,"iop":19.3673}