{"code":"002581","atr10":0.763,"close":22.48,"close_count":60,"l_pvalue":0.0000000001,"l_slop":37.3508907188,"l_stderror":2.8933317307,"ma120":21.91975,"ma250":23.29024,"ma42":21.0716666667,"max10":23.18,"min10":21.46,"name":"未名医药","stat_date":"2017-06-30","mc":148.3086,"cmc":90.0975,"pe":33.5886,"pe_lyr":35.5064,"pb":5.6044,"ps":11.9245,"pcf":-277.1364,"iop":36.8569}