{"code":"002538","atr10":0.101,"close":9.0,"close_count":60,"l_pvalue":1.092948595e-18,"l_slop":-10.2296814793,"l_stderror":0.293406068,"ma120":9.2138333333,"ma250":9.71728,"ma42":9.2716666667,"max10":9.16,"min10":9.0,"name":"司尔特","stat_date":"2017-06-30","mc":64.6308,"cmc":62.9697,"pe":30.8937,"pe_lyr":26.4927,"pb":2.0171,"ps":2.648,"pcf":-17.2885,"iop":-35.7298}