{"code":"002589","atr10":0.305,"close":14.29,"close_count":60,"l_pvalue":0.0,"l_slop":-13.3114856315,"l_stderror":0.9607488077,"ma120":15.54075,"ma250":15.255,"ma42":14.6473809524,"max10":14.83,"min10":14.17,"name":"瑞康医药","stat_date":"2017-06-30","mc":215.0231,"cmc":128.9777,"pe":24.2232,"pe_lyr":36.3978,"pb":2.9346,"ps":1.1261,"pcf":18.2737,"iop":102.3824}