{"code":"002558","atr10":0.541,"close":41.4,"close_count":60,"l_pvalue":0.0,"l_slop":-10.5518388571,"l_stderror":0.7963037643,"ma120":47.0105,"ma250":50.05676,"ma42":42.9395238095,"max10":42.88,"min10":41.27,"name":"巨人网络","stat_date":"2017-06-30","mc":838.0933,"cmc":144.0448,"pe":66.1701,"pe_lyr":78.4044,"pb":10.5811,"ps":31.3132,"pcf":52.377,"iop":48.208}