{"code":"002575","atr10":0.351,"close":9.1,"close_count":60,"l_pvalue":0.0,"l_slop":22.9345067381,"l_stderror":1.7153013169,"ma120":10.0881666667,"ma250":11.1578,"ma42":8.8378571429,"max10":9.44,"min10":9.1,"name":"群兴玩具","stat_date":"2017-06-30","mc":53.5735,"cmc":53.5735,"pe":-480.935,"pe_lyr":419.7144,"pb":5.9518,"ps":36.3096,"pcf":466.891,"iop":-104.0075}