{"code":"002500","atr10":0.237,"close":11.45,"close_count":60,"l_pvalue":0.068380169,"l_slop":3.9093594765,"l_stderror":2.0232333343,"ma120":10.6073333333,"ma250":11.54624,"ma42":11.7728571429,"max10":12.0,"min10":11.44,"name":"山西证券","stat_date":"2017-06-30","mc":323.889,"cmc":323.889,"pe":61.8444,"pe_lyr":69.2536,"pb":2.6402,"ps":9.2245,"pcf":-9.3281,"iop":-32.1838}