{"code":"002591","atr10":0.426,"close":12.87,"close_count":60,"l_pvalue":0.0000000061,"l_slop":9.9900318116,"l_stderror":1.0086661041,"ma120":13.4936666667,"ma250":14.75752,"ma42":12.7661904762,"max10":13.72,"min10":12.76,"name":"恒大高新","stat_date":"2017-06-30","mc":38.7483,"cmc":22.6372,"pe":1057.298,"pe_lyr":274.3912,"pb":3.1107,"ps":23.8326,"pcf":22.25,"iop":-0.6591}