{"code":"002533","atr10":0.228,"close":8.0,"close_count":60,"l_pvalue":0.0,"l_slop":37.2967090034,"l_stderror":2.1463383594,"ma120":7.80475,"ma250":9.13956,"ma42":7.7764285714,"max10":8.53,"min10":7.88,"name":"金杯电工","stat_date":"2017-06-30","mc":44.2497,"cmc":41.1842,"pe":27.2838,"pe_lyr":26.1878,"pb":2.0013,"ps":1.2998,"pcf":18.2929,"iop":-13.3741}