{"code":"002556","atr10":0.218,"close":8.04,"close_count":60,"l_pvalue":6.018274342e-17,"l_slop":35.9844806238,"l_stderror":1.2795258932,"ma120":7.5240833333,"ma250":8.64816,"ma42":7.7066666667,"max10":8.4,"min10":8.04,"name":"辉隆股份","stat_date":"2017-06-30","mc":57.695,"cmc":56.3211,"pe":53.8262,"pe_lyr":56.2318,"pb":2.5705,"ps":0.49,"pcf":432.4591,"iop":-6.5502}