{"code":"002503","atr10":0.084,"close":6.69,"close_count":60,"l_pvalue":0.0000000001,"l_slop":-10.6198710857,"l_stderror":0.8364033917,"ma120":6.9939166667,"ma250":6.94564,"ma42":6.8619047619,"max10":6.86,"min10":6.66,"name":"搜于特","stat_date":"2017-06-30","mc":209.0084,"cmc":108.8303,"pe":38.7844,"pe_lyr":57.7841,"pb":3.8396,"ps":1.9716,"pcf":65.8443,"iop":113.6071}