{"code":"002584","atr10":0.419,"close":15.48,"close_count":60,"l_pvalue":0.0,"l_slop":35.0319827511,"l_stderror":2.0760371066,"ma120":13.9758333333,"ma250":13.89968,"ma42":15.1976190476,"max10":16.54,"min10":15.41,"name":"西陇科学","stat_date":"2017-06-30","mc":90.5915,"cmc":44.6276,"pe":117.9588,"pe_lyr":93.5963,"pb":5.4108,"ps":2.6476,"pcf":-1689.5267,"iop":-33.5097}