{"code":"002560","atr10":0.172,"close":8.05,"close_count":60,"l_pvalue":0.0000291312,"l_slop":5.8430785438,"l_stderror":1.0713233484,"ma120":8.7438333333,"ma250":10.37424,"ma42":8.0861904762,"max10":8.31,"min10":7.88,"name":"通达股份","stat_date":"2017-06-30","mc":34.5459,"cmc":21.9631,"pe":69.959,"pe_lyr":41.2797,"pb":2.3066,"ps":2.0249,"pcf":-16.223,"iop":-75.5152}