{"code":"002557","atr10":0.272,"close":14.62,"close_count":60,"l_pvalue":0.0,"l_slop":11.7394504038,"l_stderror":0.7361907883,"ma120":14.1640833333,"ma250":15.27688,"ma42":14.2561904762,"max10":14.84,"min10":14.24,"name":"洽洽食品","stat_date":"2017-06-30","mc":74.1234,"cmc":74.1234,"pe":22.5153,"pe_lyr":20.956,"pb":2.561,"ps":2.144,"pcf":501.0415,"iop":11.832}