{"code":"002514","atr10":0.239,"close":9.12,"close_count":60,"l_pvalue":2.414577042e-20,"l_slop":20.9154182482,"l_stderror":0.489624376,"ma120":8.3495833333,"ma250":9.01332,"ma42":8.6292857143,"max10":9.17,"min10":8.68,"name":"宝馨科技","stat_date":"2017-06-30","mc":50.5279,"cmc":32.6919,"pe":-95.4296,"pe_lyr":-62.3274,"pb":5.2394,"ps":9.3251,"pcf":111.1221,"iop":421.254}