{"code":"002505","atr10":0.098,"close":3.11,"close_count":60,"l_pvalue":0.0000006426,"l_slop":-20.9091324976,"l_stderror":2.8666047878,"ma120":3.5175833333,"ma250":3.60104,"ma42":3.4528571429,"max10":3.46,"min10":3.09,"name":"大康农业","stat_date":"2017-06-30","mc":170.5951,"cmc":170.5775,"pe":217.7879,"pe_lyr":223.8097,"pb":3.0556,"ps":1.3537,"pcf":-8.8766,"iop":-6891.6499}