{"code":"002565","atr10":0.095,"close":6.66,"close_count":60,"l_pvalue":0.0031165796,"l_slop":6.7903082954,"l_stderror":2.0067122158,"ma120":7.4195,"ma250":7.70456,"ma42":6.775952381,"max10":6.92,"min10":6.66,"name":"顺灏股份","stat_date":"2017-06-30","mc":45.7854,"cmc":45.5986,"pe":64.6956,"pe_lyr":46.5262,"pb":2.1137,"ps":2.3239,"pcf":-282.9611,"iop":-11.7151}