{"code":"002544","atr10":0.882,"close":23.5,"close_count":60,"l_pvalue":0.0,"l_slop":54.4169411511,"l_stderror":2.7878640158,"ma120":22.267,"ma250":26.07144,"ma42":21.2035714286,"max10":23.82,"min10":22.46,"name":"杰赛科技","stat_date":"2017-06-30","mc":121.2036,"cmc":120.2119,"pe":109.4975,"pe_lyr":113.863,"pb":9.1296,"ps":4.1437,"pcf":99.0711,"iop":-50.3588}