{"code":"002559","atr10":0.154,"close":10.97,"close_count":60,"l_pvalue":0.0543608627,"l_slop":-3.9027985667,"l_stderror":1.9032693102,"ma120":11.3140833333,"ma250":12.66524,"ma42":11.3652380952,"max10":11.38,"min10":10.95,"name":"亚威股份","stat_date":"2017-06-30","mc":40.9185,"cmc":33.2325,"pe":34.1337,"pe_lyr":35.0361,"pb":2.635,"ps":3.2013,"pcf":76.4806,"iop":25.5432}