{"code":"002501","atr10":0.171,"close":10.84,"close_count":60,"l_pvalue":0.0000886033,"l_slop":6.9514301373,"l_stderror":1.4039059265,"ma120":11.2830833333,"ma250":11.68596,"ma42":11.0116666667,"max10":11.28,"min10":10.8,"name":"利源精制","stat_date":"2017-06-30","mc":131.6882,"cmc":73.1796,"pe":22.4063,"pe_lyr":23.9309,"pb":1.6926,"ps":4.5409,"pcf":41.7033,"iop":21.339}