{"code":"002507","atr10":0.425,"close":14.24,"close_count":60,"l_pvalue":0.0000000007,"l_slop":22.3864688619,"l_stderror":1.9835150174,"ma120":12.0008333333,"ma250":10.7262,"ma42":13.6414285714,"max10":14.57,"min10":13.2,"name":"涪陵榨菜","stat_date":"2017-06-30","mc":112.4045,"cmc":64.6385,"pe":35.8781,"pe_lyr":43.6982,"pb":6.6679,"ps":8.6029,"pcf":-85.2529,"iop":67.8033}