{"code":"002543","atr10":0.479,"close":18.79,"close_count":60,"l_pvalue":2.083461069e-20,"l_slop":-31.8618528205,"l_stderror":0.7400532954,"ma120":22.2885,"ma250":19.93148,"ma42":20.6357142857,"max10":19.9,"min10":18.49,"name":"万和电气","stat_date":"2017-06-30","mc":82.676,"cmc":70.1389,"pe":19.9417,"pe_lyr":19.1749,"pb":2.9359,"ps":1.4645,"pcf":-39.627,"iop":-26.7481}