{"code":"002571","atr10":0.397,"close":8.8,"close_count":60,"l_pvalue":6.440363772e-18,"l_slop":68.3514276035,"l_stderror":2.1555658207,"ma120":9.25925,"ma250":11.55072,"ma42":7.8264285714,"max10":9.1,"min10":8.5,"name":"*ST德力","stat_date":"2017-06-30","mc":34.4917,"cmc":22.2682,"pe":-870.4378,"pe_lyr":-56.2579,"pb":2.2979,"ps":4.0663,"pcf":-22.1875,"iop":103.7858}