{"code":"002522","atr10":0.304,"close":13.9,"close_count":60,"l_pvalue":0.1174584503,"l_slop":-2.3886621972,"l_stderror":1.456508301,"ma120":15.9431666667,"ma250":17.30696,"ma42":14.054047619,"max10":14.3,"min10":13.53,"name":"浙江众成","stat_date":"2017-06-30","mc":125.9033,"cmc":115.8547,"pe":130.7402,"pe_lyr":121.769,"pb":7.045,"ps":21.2215,"pcf":64.2337,"iop":-28.0678}