{"code":"002513","atr10":0.22,"close":11.88,"close_count":60,"l_pvalue":0.1178614869,"l_slop":1.7783973947,"l_stderror":1.085665331,"ma120":14.1129166667,"ma250":14.53756,"ma42":11.9933333333,"max10":12.35,"min10":11.8,"name":"蓝丰生化","stat_date":"2017-06-30","mc":40.4022,"cmc":28.9453,"pe":38.8937,"pe_lyr":37.6955,"pb":1.5804,"ps":2.4814,"pcf":31.1105,"iop":36.3765}