{"code":"002572","atr10":1.276,"close":36.89,"close_count":60,"l_pvalue":0.0006361048,"l_slop":-10.1174022118,"l_stderror":2.4788642966,"ma120":38.1543333333,"ma250":33.3582,"ma42":38.5235714286,"max10":39.4,"min10":36.89,"name":"索菲亚","stat_date":"2017-06-30","mc":340.652,"cmc":228.6307,"pe":44.9219,"pe_lyr":51.3017,"pb":8.8264,"ps":6.3697,"pcf":60.208,"iop":51.5616}