{"code":"002509","atr10":0.509,"close":9.99,"close_count":60,"l_pvalue":0.0001221208,"l_slop":11.5091076523,"l_stderror":2.393512884,"ma120":7.6536666667,"ma250":6.2084,"ma42":8.8947619048,"max10":9.99,"min10":9.2,"name":"天广中茂","stat_date":"2017-06-30","mc":249.0,"cmc":161.7006,"pe":49.2226,"pe_lyr":59.1349,"pb":5.316,"ps":8.4868,"pcf":122.1339,"iop":128.2769}