{"code":"002599","atr10":0.325,"close":14.13,"close_count":60,"l_pvalue":0.0000000034,"l_slop":10.3346043493,"l_stderror":1.0056452025,"ma120":14.9405,"ma250":17.00532,"ma42":14.2914285714,"max10":14.99,"min10":14.13,"name":"盛通股份","stat_date":"2017-06-30","mc":45.7821,"cmc":25.7546,"pe":87.1303,"pe_lyr":125.4339,"pb":3.1796,"ps":4.6174,"pcf":19.3789,"iop":160.3557}