{"code":"002512","atr10":0.343,"close":19.25,"close_count":60,"l_pvalue":1.480120293e-19,"l_slop":36.8463129801,"l_stderror":0.949923515,"ma120":16.1518333333,"ma250":16.57172,"ma42":17.470952381,"max10":19.25,"min10":18.0,"name":"达华智能","stat_date":"2017-06-30","mc":210.8618,"cmc":110.3189,"pe":134.54,"pe_lyr":132.5247,"pb":7.5548,"ps":6.2942,"pcf":-48.8007,"iop":30.2657}