{"code":"002687","atr10":0.167,"close":7.57,"close_count":60,"l_pvalue":0.0,"l_slop":23.2836977159,"l_stderror":1.0819752404,"ma120":7.67975,"ma250":9.82252,"ma42":7.3723809524,"max10":7.77,"min10":7.43,"name":"乔治白","stat_date":"2017-06-30","mc":26.8623,"cmc":24.1802,"pe":43.9153,"pe_lyr":42.681,"pb":2.7399,"ps":3.9104,"pcf":35.1698,"iop":-19.5815}