{"code":"002678","atr10":0.241,"close":11.95,"close_count":60,"l_pvalue":0.0000078967,"l_slop":-8.3623368319,"l_stderror":1.3797803857,"ma120":12.2798333333,"ma250":13.55108,"ma42":12.2614285714,"max10":12.35,"min10":11.71,"name":"珠江钢琴","stat_date":"2017-06-30","mc":124.861,"cmc":113.9583,"pe":77.922,"pe_lyr":82.4219,"pb":4.0267,"ps":7.4397,"pcf":912.4796,"iop":7.152}