{"code":"002666","atr10":0.086,"close":5.95,"close_count":60,"l_pvalue":0.0000087737,"l_slop":7.2225176923,"l_stderror":1.2015674797,"ma120":6.4381666667,"ma250":7.34972,"ma42":6.0521428571,"max10":6.17,"min10":5.94,"name":"德联集团","stat_date":"2017-06-30","mc":44.8826,"cmc":26.4068,"pe":34.7376,"pe_lyr":31.9329,"pb":1.6459,"ps":1.7279,"pcf":-99.9369,"iop":-17.9807}