{"code":"002670","atr10":0.886,"close":19.23,"close_count":60,"l_pvalue":0.0000000194,"l_slop":100.739602037,"l_stderror":10.936271648,"ma120":16.42925,"ma250":17.95172,"ma42":18.5121428571,"max10":21.48,"min10":18.89,"name":"国盛金控","stat_date":"2017-06-30","mc":288.0278,"cmc":94.6959,"pe":52.3281,"pe_lyr":57.82,"pb":2.4655,"ps":12.5802,"pcf":-9.0439,"iop":28.8334}