{"code":"002671","atr10":0.121,"close":8.62,"close_count":60,"l_pvalue":0.0,"l_slop":-14.512712303,"l_stderror":0.7663000492,"ma120":10.3650833333,"ma250":11.2996,"ma42":9.0347619048,"max10":8.99,"min10":8.58,"name":"龙泉股份","stat_date":"2017-06-30","mc":41.0814,"cmc":28.051,"pe":-108.2324,"pe_lyr":136.8307,"pb":2.0375,"ps":5.9062,"pcf":356.3714,"iop":-192.0862}