{"code":"002613","atr10":0.1,"close":4.65,"close_count":60,"l_pvalue":0.0000069513,"l_slop":-2.5508853443,"l_stderror":0.4167413093,"ma120":4.8400833333,"ma250":5.48592,"ma42":4.585,"max10":4.65,"min10":4.51,"name":"北玻股份","stat_date":"2017-06-30","mc":43.5784,"cmc":25.0159,"pe":-335.1359,"pe_lyr":180.8317,"pb":2.9518,"ps":4.8665,"pcf":135.6294,"iop":-2516.1455}