{"code":"002632","atr10":0.352,"close":10.21,"close_count":60,"l_pvalue":0.0,"l_slop":51.1296257256,"l_stderror":2.5411581649,"ma120":8.8543333333,"ma250":10.02668,"ma42":9.4971428571,"max10":10.4,"min10":9.8,"name":"道明光学","stat_date":"2017-06-30","mc":62.1861,"cmc":56.6042,"pe":73.6375,"pe_lyr":127.6649,"pb":3.7695,"ps":10.2856,"pcf":581.0447,"iop":154.8874}