{"code":"002623","atr10":0.931,"close":25.65,"close_count":60,"l_pvalue":0.0,"l_slop":20.0445704488,"l_stderror":1.5090664445,"ma120":26.65175,"ma250":34.35192,"ma42":24.77,"max10":27.0,"min10":24.87,"name":"亚玛顿","stat_date":"2017-06-30","mc":41.04,"cmc":40.9306,"pe":-766.9372,"pe_lyr":240.6469,"pb":1.8922,"ps":2.8375,"pcf":196.3247,"iop":-128.7617}