{"code":"002688","atr10":0.085,"close":7.73,"close_count":60,"l_pvalue":0.0000000387,"l_slop":-4.7984412816,"l_stderror":0.5445458906,"ma120":8.3724166667,"ma250":9.43468,"ma42":7.9107142857,"max10":7.95,"min10":7.71,"name":"金河生物","stat_date":"2017-06-30","mc":49.1079,"cmc":41.1691,"pe":33.4727,"pe_lyr":29.9203,"pb":3.3327,"ps":3.411,"pcf":-32.9999,"iop":-24.2275}