{"code":"002674","atr10":0.174,"close":12.09,"close_count":60,"l_pvalue":0.0,"l_slop":7.8713231488,"l_stderror":0.5585087309,"ma120":12.7593333333,"ma250":15.26196,"ma42":12.1138095238,"max10":12.34,"min10":12.09,"name":"兴业科技","stat_date":"2017-06-30","mc":36.5334,"cmc":29.0852,"pe":47.0291,"pe_lyr":57.88,"pb":1.5679,"ps":1.4892,"pcf":7.3658,"iop":126.235}