{"code":"002642","atr10":0.691,"close":18.8,"close_count":60,"l_pvalue":0.0000394935,"l_slop":11.852480776,"l_stderror":2.2298272824,"ma120":20.1184166667,"ma250":22.33188,"ma42":18.5204761905,"max10":19.18,"min10":18.01,"name":"荣之联","stat_date":"2017-06-30","mc":119.5247,"cmc":90.4334,"pe":62.5177,"pe_lyr":49.7803,"pb":3.1709,"ps":7.9523,"pcf":754.1519,"iop":-267.6129}