{"code":"002693","atr10":0.178,"close":7.14,"close_count":60,"l_pvalue":4.597471452e-19,"l_slop":31.6796054254,"l_stderror":0.8675844684,"ma120":8.4075,"ma250":9.83032,"ma42":6.9216666667,"max10":7.5,"min10":7.12,"name":"双成药业","stat_date":"2017-06-30","mc":28.917,"cmc":28.804,"pe":-7.4883,"pe_lyr":-7.445,"pb":5.1117,"ps":17.3527,"pcf":-80.6373,"iop":30.9791}