{"code":"002619","atr10":0.739,"close":11.47,"close_count":60,"l_pvalue":1.0,"l_slop":0.0,"l_stderror":0.0,"ma120":17.6575833333,"ma250":17.59328,"ma42":15.0714285714,"max10":11.47,"min10":11.47,"name":"艾格拉斯","stat_date":"2017-06-30","mc":104.6252,"cmc":38.7798,"pe":39.0583,"pe_lyr":48.8534,"pb":2.3058,"ps":15.937,"pcf":45.8459,"iop":62.7474}