{"code":"002622","atr10":0.578,"close":13.7,"close_count":60,"l_pvalue":0.0250656725,"l_slop":3.3286626476,"l_stderror":1.3685896338,"ma120":13.3685,"ma250":12.47436,"ma42":13.1707142857,"max10":13.7,"min10":12.3,"name":"融钰集团","stat_date":"2017-06-30","mc":115.08,"cmc":114.9942,"pe":338.292,"pe_lyr":734.3186,"pb":9.6365,"ps":76.9123,"pcf":57.9161,"iop":800.058}