{"code":"002652","atr10":0.256,"close":8.28,"close_count":60,"l_pvalue":0.0000003192,"l_slop":14.4848268951,"l_stderror":1.8916687938,"ma120":7.8605,"ma250":8.0458,"ma42":7.295,"max10":8.28,"min10":7.27,"name":"扬子新材","stat_date":"2017-06-30","mc":42.3989,"cmc":35.7749,"pe":42.2531,"pe_lyr":52.1673,"pb":5.9573,"ps":1.7833,"pcf":37.7883,"iop":-6.2331}