{"code":"002649","atr10":0.204,"close":10.51,"close_count":60,"l_pvalue":0.0000000159,"l_slop":16.4162379247,"l_stderror":1.7598486597,"ma120":11.0055,"ma250":12.27448,"ma42":10.3864285714,"max10":10.79,"min10":10.42,"name":"博彦科技","stat_date":"2017-06-30","mc":55.4207,"cmc":43.4685,"pe":49.3845,"pe_lyr":47.2954,"pb":2.9196,"ps":2.7005,"pcf":29.8357,"iop":-2.8172}