{"code":"002656","atr10":0.669,"close":19.94,"close_count":60,"l_pvalue":4.326359578e-19,"l_slop":47.166758172,"l_stderror":1.2875377307,"ma120":17.48725,"ma250":17.91056,"ma42":18.2495238095,"max10":20.04,"min10":18.6,"name":"摩登大道","stat_date":"2017-06-30","mc":88.7978,"cmc":48.4941,"pe":-57.5533,"pe_lyr":-30.9502,"pb":3.7894,"ps":10.5348,"pcf":28.2451,"iop":181.3103}