{"code":"002611","atr10":0.554,"close":14.73,"close_count":60,"l_pvalue":4.908463883e-19,"l_slop":42.9553708237,"l_stderror":1.1804999562,"ma120":14.0164166667,"ma250":15.20956,"ma42":13.6483333333,"max10":15.1,"min10":14.08,"name":"东方精工","stat_date":"2017-06-30","mc":170.5813,"cmc":51.98,"pe":92.0282,"pe_lyr":178.3243,"pb":2.3,"ps":8.6608,"pcf":211.9477,"iop":161.1061}