{"code":"002691","atr10":0.773,"close":28.12,"close_count":60,"l_pvalue":0.2447181857,"l_slop":1.8468449268,"l_stderror":1.5384601428,"ma120":25.4908333333,"ma250":26.66912,"ma42":27.2280952381,"max10":28.5,"min10":26.58,"name":"冀凯股份","stat_date":"2017-06-30","mc":56.24,"cmc":56.0523,"pe":823.4862,"pe_lyr":673.1117,"pb":6.5625,"ps":22.1658,"pcf":114.1576,"iop":71.313}