{"code":"002638","atr10":0.437,"close":8.14,"close_count":60,"l_pvalue":1.0,"l_slop":0.0,"l_stderror":0.0,"ma120":9.785,"ma250":8.53904,"ma42":10.0183333333,"max10":8.14,"min10":8.14,"name":"勤上股份","stat_date":"2017-06-30","mc":123.621,"cmc":76.2453,"pe":-32.3304,"pe_lyr":-28.9188,"pb":2.3951,"ps":9.7996,"pcf":13.1833,"iop":397.0974}