{"code":"002636","atr10":0.432,"close":16.68,"close_count":60,"l_pvalue":0.0000000001,"l_slop":-28.5553036903,"l_stderror":2.2890762234,"ma120":17.5079166667,"ma250":18.21844,"ma42":18.1323809524,"max10":17.52,"min10":16.42,"name":"金安国纪","stat_date":"2017-06-30","mc":121.4304,"cmc":41.1004,"pe":23.5075,"pe_lyr":35.6024,"pb":6.3961,"ps":3.5887,"pcf":104.1379,"iop":139.5906}