{"code":"002692","atr10":0.274,"close":10.37,"close_count":60,"l_pvalue":1.416249146e-16,"l_slop":38.0482709583,"l_stderror":1.4167673339,"ma120":9.4896666667,"ma250":10.78976,"ma42":9.7445238095,"max10":10.52,"min10":10.12,"name":"睿康股份","stat_date":"2017-06-30","mc":74.4717,"cmc":60.1117,"pe":124.5647,"pe_lyr":81.804,"pb":5.1123,"ps":3.1502,"pcf":-146.4977,"iop":-57.9733}