{"code":"002667","atr10":0.596,"close":18.15,"close_count":60,"l_pvalue":0.0,"l_slop":29.4311744482,"l_stderror":1.4468604779,"ma120":18.1735,"ma250":24.51248,"ma42":17.4507142857,"max10":18.65,"min10":18.15,"name":"鞍重股份","stat_date":"2017-06-30","mc":24.6767,"cmc":16.9909,"pe":-5027.1021,"pe_lyr":-106.2638,"pb":3.289,"ps":20.4334,"pcf":-16.5224,"iop":174.0588}