{"code":"002648","atr10":0.501,"close":16.14,"close_count":60,"l_pvalue":0.0014013883,"l_slop":13.6660960312,"l_stderror":3.6583808465,"ma120":15.1451666667,"ma250":13.4722,"ma42":16.7347619048,"max10":17.46,"min10":15.85,"name":"卫星石化","stat_date":"2017-06-30","mc":171.6829,"cmc":129.12,"pe":21.9959,"pe_lyr":55.1035,"pb":2.5479,"ps":2.3828,"pcf":40.1764,"iop":1519.2465}