{"code":"002643","atr10":0.301,"close":12.77,"close_count":60,"l_pvalue":0.4739407436,"l_slop":-3.3795620726,"l_stderror":4.6257739153,"ma120":14.0346666667,"ma250":14.52792,"ma42":13.444047619,"max10":13.47,"min10":12.6,"name":"万润股份","stat_date":"2017-06-30","mc":116.0963,"cmc":104.5824,"pe":33.4529,"pe_lyr":36.4335,"pb":2.9627,"ps":5.2265,"pcf":46.0827,"iop":23.1905}