{"code":"002662","atr10":0.254,"close":7.34,"close_count":60,"l_pvalue":0.0,"l_slop":52.2524981814,"l_stderror":3.0290255397,"ma120":7.2391666667,"ma250":7.71748,"ma42":6.8661904762,"max10":7.62,"min10":7.23,"name":"京威股份","stat_date":"2017-06-30","mc":110.1,"cmc":90.1235,"pe":18.1426,"pe_lyr":17.3263,"pb":2.3502,"ps":2.1085,"pcf":40.6691,"iop":-30.0992}