{"code":"002697","atr10":0.155,"close":6.06,"close_count":60,"l_pvalue":0.0000157466,"l_slop":7.1218471592,"l_stderror":1.2413043756,"ma120":6.0730833333,"ma250":6.72032,"ma42":5.9788095238,"max10":6.23,"min10":5.99,"name":"红旗连锁","stat_date":"2017-06-30","mc":82.416,"cmc":52.3586,"pe":58.5852,"pe_lyr":57.1077,"pb":3.6591,"ps":1.2331,"pcf":-83.2841,"iop":30.0674}