{"code":"002646","atr10":0.305,"close":17.8,"close_count":60,"l_pvalue":0.0464538131,"l_slop":1.8284780534,"l_stderror":0.8584045129,"ma120":17.7836666667,"ma250":18.70416,"ma42":18.1766666667,"max10":18.54,"min10":17.76,"name":"青青稞酒","stat_date":"2017-06-30","mc":80.1,"cmc":80.1,"pe":46.4353,"pe_lyr":37.0621,"pb":3.1957,"ps":5.7999,"pcf":167.6062,"iop":-31.9877}