{"code":"002645","atr10":0.522,"close":18.42,"close_count":60,"l_pvalue":0.1580950817,"l_slop":5.0646578069,"l_stderror":3.4468089116,"ma120":18.6495,"ma250":23.8002,"ma42":19.0071428571,"max10":19.39,"min10":18.12,"name":"华宏科技","stat_date":"2017-06-30","mc":38.5798,"cmc":27.3771,"pe":55.3244,"pe_lyr":61.2124,"pb":2.428,"ps":3.389,"pcf":45.3382,"iop":91.8899}