{"code":"002660","atr10":0.364,"close":10.39,"close_count":60,"l_pvalue":0.0,"l_slop":74.3984980334,"l_stderror":4.3767027938,"ma120":9.7375,"ma250":12.30592,"ma42":9.7354761905,"max10":11.05,"min10":10.18,"name":"茂硕电源","stat_date":"2017-06-30","mc":28.5497,"cmc":19.7958,"pe":-722.6691,"pe_lyr":-1596.6281,"pb":3.3687,"ps":1.8583,"pcf":-95.5891,"iop":18.7165}