{"code":"002624","atr10":0.924,"close":33.03,"close_count":60,"l_pvalue":0.0161586725,"l_slop":-4.1829098926,"l_stderror":1.584700152,"ma120":32.5365833333,"ma250":31.99556,"ma42":33.3352380952,"max10":34.0,"min10":32.69,"name":"完美世界","stat_date":"2017-06-30","mc":434.2416,"cmc":110.8734,"pe":29.8359,"pe_lyr":37.2319,"pb":5.5478,"ps":5.6896,"pcf":70.346,"iop":81.0549}