{"code":"002629","atr10":0.203,"close":7.9,"close_count":60,"l_pvalue":0.0000000001,"l_slop":45.4061358891,"l_stderror":3.5956080363,"ma120":7.7685,"ma250":9.74432,"ma42":7.5997619048,"max10":8.3,"min10":7.68,"name":"仁智股份","stat_date":"2017-06-30","mc":32.5439,"cmc":27.2132,"pe":73.2823,"pe_lyr":132.7052,"pb":4.9405,"ps":1.915,"pcf":-77.0038,"iop":133.0111}