{"code":"002630","atr10":0.148,"close":10.84,"close_count":60,"l_pvalue":0.0000000001,"l_slop":-6.0751532591,"l_stderror":0.459824004,"ma120":11.4896666667,"ma250":12.004,"ma42":10.9345238095,"max10":11.02,"min10":10.81,"name":"华西能源","stat_date":"2017-06-30","mc":79.9992,"cmc":65.3207,"pe":47.2802,"pe_lyr":39.0104,"pb":2.5413,"ps":2.1122,"pcf":28.054,"iop":0.1764}