{"code":"002661","atr10":0.236,"close":14.8,"close_count":60,"l_pvalue":0.2688121094,"l_slop":0.6129216764,"l_stderror":0.5380662544,"ma120":15.4565,"ma250":16.00992,"ma42":14.7630952381,"max10":15.09,"min10":14.76,"name":"克明面业","stat_date":"2017-06-30","mc":49.6075,"cmc":48.4374,"pe":34.7967,"pe_lyr":36.1932,"pb":2.3548,"ps":2.2199,"pcf":25.7958,"iop":-20.4824}