{"code":"002620","atr10":0.429,"close":13.68,"close_count":60,"l_pvalue":0.0000000002,"l_slop":42.5842506255,"l_stderror":3.4503150957,"ma120":14.6865,"ma250":17.96252,"ma42":13.3354761905,"max10":14.32,"min10":13.34,"name":"瑞和股份","stat_date":"2017-06-30","mc":49.59,"cmc":41.4677,"pe":44.2727,"pe_lyr":52.226,"pb":2.4858,"ps":1.8333,"pcf":-7.9115,"iop":36.9059}