{"code":"002672","atr10":0.311,"close":16.25,"close_count":60,"l_pvalue":0.2430281382,"l_slop":-1.1547121285,"l_stderror":0.9583306654,"ma120":16.70275,"ma250":17.57584,"ma42":15.7764285714,"max10":16.25,"min10":15.6,"name":"东江环保","stat_date":"2017-06-30","mc":131.4995,"cmc":88.0879,"pe":26.3036,"pe_lyr":26.9971,"pb":4.1665,"ps":5.0556,"pcf":61.7709,"iop":25.1907}