{"code":"002684","atr10":1.133,"close":31.88,"close_count":60,"l_pvalue":1.0,"l_slop":0.0,"l_stderror":0.0,"ma120":32.1943333333,"ma250":30.63548,"ma42":33.0302380952,"max10":31.88,"min10":31.88,"name":"猛狮科技","stat_date":"2017-06-30","mc":120.3968,"cmc":68.5013,"pe":93.8331,"pe_lyr":128.1132,"pb":4.1893,"ps":3.9846,"pcf":9.7025,"iop":33.6912}