{"code":"002682","atr10":0.441,"close":13.11,"close_count":60,"l_pvalue":0.0000000054,"l_slop":10.4783691204,"l_stderror":1.0493731064,"ma120":13.4493333333,"ma250":13.729,"ma42":13.0864285714,"max10":13.71,"min10":12.83,"name":"龙洲股份","stat_date":"2017-06-30","mc":49.151,"cmc":25.2432,"pe":59.3395,"pe_lyr":97.6915,"pb":1.8897,"ps":1.619,"pcf":23.7276,"iop":859.0899}