{"code":"002639","atr10":0.709,"close":10.7,"close_count":60,"l_pvalue":0.0,"l_slop":77.0286882321,"l_stderror":3.5365034955,"ma120":9.3810833333,"ma250":10.90356,"ma42":9.3361904762,"max10":11.67,"min10":10.18,"name":"雪人股份","stat_date":"2017-06-30","mc":72.1258,"cmc":46.9028,"pe":173.327,"pe_lyr":218.2057,"pb":3.1765,"ps":8.2499,"pcf":-21.0066,"iop":-110.8534}