{"code":"002603","atr10":0.136,"close":16.25,"close_count":60,"l_pvalue":0.0000000004,"l_slop":-8.711074357,"l_stderror":0.7422626012,"ma120":16.78775,"ma250":16.96044,"ma42":16.6216666667,"max10":16.5,"min10":16.25,"name":"以岭药业","stat_date":"2017-06-30","mc":195.7842,"cmc":148.1969,"pe":33.8246,"pe_lyr":36.115,"pb":2.8615,"ps":4.8865,"pcf":47.0181,"iop":1.1531}