{"code":"002600","atr10":0.309,"close":8.26,"close_count":60,"l_pvalue":0.0010266117,"l_slop":28.1045549219,"l_stderror":7.2585847653,"ma120":6.2373333333,"ma250":5.88316,"ma42":8.3354761905,"max10":8.91,"min10":7.96,"name":"江粉磁材","stat_date":"2017-06-30","mc":194.4754,"cmc":109.6963,"pe":61.484,"pe_lyr":83.0849,"pb":3.776,"ps":1.2655,"pcf":-231.1149,"iop":40.5995}