{"code":"002612","atr10":0.256,"close":13.33,"close_count":60,"l_pvalue":0.0000001872,"l_slop":13.903738553,"l_stderror":1.7509808536,"ma120":13.8816666667,"ma250":16.60108,"ma42":13.5907142857,"max10":14.25,"min10":13.3,"name":"朗姿股份","stat_date":"2017-06-30","mc":53.32,"cmc":28.1202,"pe":29.6395,"pe_lyr":32.5091,"pb":2.1086,"ps":2.7311,"pcf":25.2426,"iop":83.0055}