{"code":"002614","atr10":0.56,"close":17.61,"close_count":60,"l_pvalue":0.0967811742,"l_slop":4.2103070161,"l_stderror":2.4100089789,"ma120":16.6650833333,"ma250":15.68732,"ma42":16.595,"max10":17.61,"min10":16.48,"name":"奥佳华","stat_date":"2017-06-30","mc":98.747,"cmc":50.8827,"pe":33.7632,"pe_lyr":39.3367,"pb":3.7168,"ps":2.5562,"pcf":495.202,"iop":49.9905}