{"code":"002635","atr10":1.5,"close":39.45,"close_count":60,"l_pvalue":0.3747182718,"l_slop":4.3561835288,"l_stderror":4.7920898169,"ma120":35.2675833333,"ma250":29.36284,"ma42":39.3,"max10":40.26,"min10":36.75,"name":"安洁科技","stat_date":"2017-06-30","mc":296.7563,"cmc":125.7343,"pe":71.9409,"pe_lyr":76.6596,"pb":4.5467,"ps":15.7974,"pcf":105.6988,"iop":31.5611}