{"code":"002618","atr10":0.254,"close":10.67,"close_count":60,"l_pvalue":0.0000000302,"l_slop":-11.3177708357,"l_stderror":1.263748579,"ma120":11.9878333333,"ma250":15.19028,"ma42":10.9176190476,"max10":10.97,"min10":10.39,"name":"丹邦科技","stat_date":"2017-06-30","mc":58.4631,"cmc":58.4631,"pe":219.9781,"pe_lyr":237.7519,"pb":3.4826,"ps":18.6373,"pcf":-84.6999,"iop":-6.2212}