{"code":"002647","atr10":1.12,"close":36.19,"close_count":60,"l_pvalue":0.0,"l_slop":-4.2878406567,"l_stderror":0.2767408138,"ma120":35.99975,"ma250":34.30284,"ma42":36.4985714286,"max10":37.06,"min10":35.55,"name":"民盛金科","stat_date":"2017-06-30","mc":135.094,"cmc":135.094,"pe":88.8773,"pe_lyr":122.2982,"pb":13.6781,"ps":27.505,"pcf":-91.094,"iop":152.3008}