{"code":"002658","atr10":0.388,"close":14.99,"close_count":60,"l_pvalue":0.0000000002,"l_slop":25.253921653,"l_stderror":2.0632623588,"ma120":16.30325,"ma250":16.49864,"ma42":14.9645238095,"max10":16.05,"min10":14.85,"name":"雪迪龙","stat_date":"2017-06-30","mc":90.6716,"cmc":45.6429,"pe":45.2137,"pe_lyr":46.7611,"pb":5.2318,"ps":8.7153,"pcf":109.019,"iop":28.3902}