{"code":"002680","atr10":0.394,"close":14.95,"close_count":60,"l_pvalue":0.0,"l_slop":47.9913149529,"l_stderror":2.7125939934,"ma120":15.0250833333,"ma250":16.34756,"ma42":14.7147619048,"max10":16.09,"min10":14.95,"name":"长生生物","stat_date":"2017-06-30","mc":145.5667,"cmc":49.0427,"pe":25.9503,"pe_lyr":34.2617,"pb":4.1096,"ps":10.8462,"pcf":-7.6933,"iop":162.5191}