{"code":"002665","atr10":0.195,"close":8.37,"close_count":60,"l_pvalue":0.0000000001,"l_slop":25.3757648587,"l_stderror":1.9631853505,"ma120":7.7659166667,"ma250":8.37392,"ma42":7.9423809524,"max10":8.39,"min10":8.07,"name":"首航节能","stat_date":"2017-06-30","mc":164.9836,"cmc":128.9441,"pe":102.6374,"pe_lyr":106.4164,"pb":5.5781,"ps":12.696,"pcf":-58.0845,"iop":181.94}