{"code":"002605","atr10":0.28,"close":12.58,"close_count":60,"l_pvalue":0.0002280761,"l_slop":3.247321389,"l_stderror":0.7165494071,"ma120":13.6209166667,"ma250":15.72108,"ma42":12.994047619,"max10":13.37,"min10":12.57,"name":"姚记扑克","stat_date":"2017-06-30","mc":49.9639,"cmc":33.7946,"pe":58.9346,"pe_lyr":51.2639,"pb":3.2095,"ps":7.5405,"pcf":-50.2115,"iop":-66.5458}