{"code":"002634","atr10":0.206,"close":7.59,"close_count":60,"l_pvalue":0.0000000002,"l_slop":33.894319785,"l_stderror":2.7514220983,"ma120":8.1745833333,"ma250":9.54404,"ma42":7.4830952381,"max10":8.14,"min10":7.49,"name":"棒杰股份","stat_date":"2017-06-30","mc":34.9901,"cmc":20.5071,"pe":84.0956,"pe_lyr":86.6133,"pb":5.2599,"ps":8.4838,"pcf":-39.1431,"iop":90.1768}