{"code":"002676","atr10":0.925,"close":15.98,"close_count":60,"l_pvalue":1.0,"l_slop":0.0,"l_stderror":0.0,"ma120":15.4980833333,"ma250":14.931,"ma42":15.4785714286,"max10":15.98,"min10":15.98,"name":"顺威股份","stat_date":"2017-06-30","mc":115.056,"cmc":115.056,"pe":718.1538,"pe_lyr":373.599,"pb":10.5411,"ps":7.8727,"pcf":-97.7414,"iop":-65.4387}