{"code":"002625","atr10":1.158,"close":36.36,"close_count":60,"l_pvalue":1.0,"l_slop":0.0,"l_stderror":0.0,"ma120":38.9701666667,"ma250":41.70744,"ma42":35.9552380952,"max10":36.36,"min10":36.36,"name":"光启技术","stat_date":"2017-06-30","mc":460.8673,"cmc":72.8541,"pe":485.9861,"pe_lyr":698.8922,"pb":6.1515,"ps":112.0127,"pcf":6.8346,"iop":175.8195}