{"code":"002604","atr10":0.68,"close":11.0,"close_count":60,"l_pvalue":0.0000000338,"l_slop":71.0956217047,"l_stderror":7.9965323459,"ma120":9.4735833333,"ma250":10.5282,"ma42":9.9252380952,"max10":12.35,"min10":10.9,"name":"龙力生物","stat_date":"2017-06-30","mc":65.9518,"cmc":54.7714,"pe":49.3232,"pe_lyr":56.142,"pb":2.1197,"ps":5.7131,"pcf":15.2112,"iop":-12.672}