{"code":"002655","atr10":0.252,"close":9.23,"close_count":60,"l_pvalue":0.0004375058,"l_slop":14.7882336694,"l_stderror":3.4832941989,"ma120":9.61275,"ma250":12.32328,"ma42":9.3888095238,"max10":9.53,"min10":9.2,"name":"共达电声","stat_date":"2017-06-30","mc":33.228,"cmc":33.228,"pe":222.3524,"pe_lyr":184.5171,"pb":5.136,"ps":4.4308,"pcf":401.0352,"iop":-74.889}