{"code":"002607","atr10":0.181,"close":4.72,"close_count":60,"l_pvalue":0.0,"l_slop":42.3306384372,"l_stderror":2.3731712101,"ma120":4.5805,"ma250":5.37112,"ma42":4.4707142857,"max10":4.99,"min10":4.64,"name":"亚夏汽车","stat_date":"2017-06-30","mc":38.7199,"cmc":33.2892,"pe":51.1574,"pe_lyr":58.7786,"pb":2.0583,"ps":0.5815,"pcf":-15.9872,"iop":540.3948}