{"code":"002641","atr10":0.089,"close":5.4,"close_count":60,"l_pvalue":0.0001345597,"l_slop":5.8679026733,"l_stderror":1.2313665522,"ma120":5.3133333333,"ma250":5.86336,"ma42":5.2030952381,"max10":5.4,"min10":5.1,"name":"永高股份","stat_date":"2017-06-30","mc":60.6528,"cmc":48.3465,"pe":38.9066,"pe_lyr":28.2306,"pb":2.3685,"ps":1.4602,"pcf":269.3164,"iop":-49.8701}