{"code":"002694","atr10":1.08,"close":21.81,"close_count":60,"l_pvalue":1.0,"l_slop":0.0,"l_stderror":0.0,"ma120":23.52175,"ma250":18.61776,"ma42":22.4238095238,"max10":21.81,"min10":21.81,"name":"顾地科技","stat_date":"2017-06-30","mc":130.2486,"cmc":107.8828,"pe":344.1694,"pe_lyr":327.4077,"pb":13.2798,"ps":7.8552,"pcf":25.4203,"iop":21.8357}