{"code":"002698","atr10":0.228,"close":11.45,"close_count":60,"l_pvalue":0.0000000146,"l_slop":18.4917015791,"l_stderror":1.9709144331,"ma120":12.0430833333,"ma250":14.11908,"ma42":11.4873809524,"max10":11.95,"min10":11.45,"name":"博实股份","stat_date":"2017-06-30","mc":78.0546,"cmc":60.8391,"pe":63.8295,"pe_lyr":71.0737,"pb":4.2887,"ps":11.5782,"pcf":627.3022,"iop":110.737}