{"code":"002601","atr10":0.546,"close":18.24,"close_count":60,"l_pvalue":0.0000194569,"l_slop":12.5809131045,"l_stderror":2.2308682039,"ma120":17.0856666667,"ma250":15.4494,"ma42":18.2414285714,"max10":19.09,"min10":17.95,"name":"佰利联","stat_date":"2017-06-30","mc":370.6542,"cmc":122.5347,"pe":22.0506,"pe_lyr":83.8385,"pb":2.896,"ps":4.713,"pcf":44.4376,"iop":1213.6323}