{"code":"002621","atr10":1.02,"close":22.78,"close_count":60,"l_pvalue":1.0,"l_slop":0.0,"l_stderror":0.0,"ma120":26.65175,"ma250":22.77308,"ma42":24.6511904762,"max10":22.78,"min10":22.78,"name":"三垒股份","stat_date":"2017-06-30","mc":51.2662,"cmc":30.1026,"pe":900.0203,"pe_lyr":510.2392,"pb":4.5134,"ps":60.6853,"pcf":-33.8114,"iop":-44.1707}