{"code":"002677","atr10":0.355,"close":16.14,"close_count":60,"l_pvalue":3.339318632e-17,"l_slop":25.066324373,"l_stderror":0.8635001537,"ma120":14.7289166667,"ma250":13.45824,"ma42":15.2354761905,"max10":16.28,"min10":15.57,"name":"浙江美大","stat_date":"2017-06-30","mc":104.2438,"cmc":45.192,"pe":44.1402,"pe_lyr":51.4387,"pb":9.8054,"ps":13.0382,"pcf":-35.4252,"iop":59.7346}