{"code":"002631","atr10":0.557,"close":15.65,"close_count":60,"l_pvalue":0.0,"l_slop":40.1541969511,"l_stderror":3.002175495,"ma120":14.6255833333,"ma250":17.43156,"ma42":15.1592857143,"max10":16.72,"min10":15.12,"name":"德尔未来","stat_date":"2017-06-30","mc":101.8001,"cmc":45.204,"pe":50.4474,"pe_lyr":53.2864,"pb":6.5633,"ps":7.5877,"pcf":442.8278,"iop":31.9768}