{"code":"002602","atr10":0.541,"close":31.52,"close_count":60,"l_pvalue":1.392402601e-22,"l_slop":-29.4069692623,"l_stderror":0.5237221562,"ma120":34.0075,"ma250":32.62276,"ma42":33.3464285714,"max10":32.3,"min10":31.52,"name":"世纪华通","stat_date":"2017-06-30","mc":323.7394,"cmc":251.5716,"pe":38.2268,"pe_lyr":64.3035,"pb":6.4708,"ps":9.5492,"pcf":136.9739,"iop":233.2447}