{"code":"002633","atr10":0.283,"close":14.66,"close_count":60,"l_pvalue":0.0343327732,"l_slop":-6.5171235885,"l_stderror":2.8584546574,"ma120":16.5071666667,"ma250":20.79324,"ma42":14.9545238095,"max10":14.93,"min10":14.65,"name":"申科股份","stat_date":"2017-06-30","mc":21.99,"cmc":12.7789,"pe":-136.2211,"pe_lyr":-85.5449,"pb":4.2863,"ps":14.9782,"pcf":-270.6893,"iop":79.9196}