{"code":"002679","atr10":0.657,"close":22.06,"close_count":60,"l_pvalue":3.299095416e-18,"l_slop":24.6582994946,"l_stderror":0.7502762421,"ma120":22.4663333333,"ma250":30.6118,"ma42":21.4178571429,"max10":23.24,"min10":21.95,"name":"福建金森","stat_date":"2017-06-30","mc":30.5928,"cmc":30.5928,"pe":135.3422,"pe_lyr":119.6654,"pb":4.4272,"ps":25.9279,"pcf":-188.6266,"iop":-397.9353}