{"code":"002640","atr10":0.894,"close":21.1,"close_count":60,"l_pvalue":0.0001121336,"l_slop":17.0091755111,"l_stderror":3.5096348959,"ma120":18.9838333333,"ma250":18.12564,"ma42":19.6823809524,"max10":21.3,"min10":20.42,"name":"跨境通","stat_date":"2017-06-30","mc":302.8083,"cmc":187.7253,"pe":55.0238,"pe_lyr":76.9001,"pb":6.6983,"ps":2.838,"pcf":42.3175,"iop":91.9383}