{"code":"002696","atr10":0.689,"close":20.32,"close_count":60,"l_pvalue":0.0000000221,"l_slop":14.0191671612,"l_stderror":1.5342872703,"ma120":19.8663333333,"ma250":20.6796,"ma42":20.175,"max10":21.5,"min10":19.92,"name":"百洋股份","stat_date":"2017-06-30","mc":47.2513,"cmc":35.7632,"pe":78.7515,"pe_lyr":79.741,"pb":2.2459,"ps":2.2669,"pcf":-23.3619,"iop":20.5864}