{"code":"002628","atr10":0.276,"close":8.1,"close_count":60,"l_pvalue":0.0000029059,"l_slop":16.3993375714,"l_stderror":2.5074282597,"ma120":7.4030833333,"ma250":7.97496,"ma42":8.2988095238,"max10":8.84,"min10":8.02,"name":"成都路桥","stat_date":"2017-06-30","mc":59.7307,"cmc":58.728,"pe":135.1266,"pe_lyr":135.9972,"pb":2.2468,"ps":3.3882,"pcf":23.8252,"iop":129.1584}