{"code":"002690","atr10":0.315,"close":17.76,"close_count":60,"l_pvalue":0.0037142859,"l_slop":7.3316135889,"l_stderror":2.2176282575,"ma120":18.7234166667,"ma250":19.48436,"ma42":17.9507142857,"max10":18.3,"min10":17.71,"name":"美亚光电","stat_date":"2017-06-30","mc":120.0576,"cmc":58.0412,"pe":36.0505,"pe_lyr":38.8117,"pb":6.0858,"ps":12.2794,"pcf":55.3609,"iop":54.729}