{"code":"002663","atr10":0.11,"close":5.35,"close_count":60,"l_pvalue":0.0008650938,"l_slop":6.7628049063,"l_stderror":1.7134679045,"ma120":5.747,"ma250":6.00172,"ma42":5.5292857143,"max10":5.65,"min10":5.32,"name":"普邦股份","stat_date":"2017-06-30","mc":96.0801,"cmc":62.7989,"pe":76.8103,"pe_lyr":91.3491,"pb":2.0971,"ps":2.9943,"pcf":-320.2592,"iop":32.3485}