{"code":"002651","atr10":0.138,"close":9.11,"close_count":60,"l_pvalue":0.0388363751,"l_slop":-2.711284887,"l_stderror":1.2216767967,"ma120":9.9390833333,"ma250":11.43528,"ma42":9.2585714286,"max10":9.32,"min10":9.04,"name":"利君股份","stat_date":"2017-06-30","mc":91.3277,"cmc":34.4751,"pe":84.9814,"pe_lyr":95.2027,"pb":4.9103,"ps":17.759,"pcf":141.6129,"iop":11.9281}