{"code":"002685","atr10":0.408,"close":11.53,"close_count":60,"l_pvalue":0.0,"l_slop":38.1938846782,"l_stderror":1.927494582,"ma120":10.0866666667,"ma250":9.51328,"ma42":11.0488095238,"max10":12.28,"min10":11.37,"name":"华东重机","stat_date":"2017-06-30","mc":79.4928,"cmc":64.568,"pe":234.7494,"pe_lyr":267.4912,"pb":6.0679,"ps":2.5065,"pcf":926.5375,"iop":63.304}