{"code":"002699","atr10":0.696,"close":19.03,"close_count":60,"l_pvalue":1.59309205e-19,"l_slop":113.193920378,"l_stderror":2.929673668,"ma120":15.80125,"ma250":17.52152,"ma42":16.3785714286,"max10":19.72,"min10":18.56,"name":"美盛文化","stat_date":"2017-06-30","mc":173.0917,"cmc":131.5277,"pe":72.364,"pe_lyr":91.1208,"pb":5.0868,"ps":21.8488,"pcf":-357.2925,"iop":151.4316}