{"code":"002650","atr10":0.213,"close":5.88,"close_count":60,"l_pvalue":1.0,"l_slop":0.0,"l_stderror":0.0,"ma120":7.21925,"ma250":7.20052,"ma42":6.8995238095,"max10":5.88,"min10":5.88,"name":"加加食品","stat_date":"2017-06-30","mc":67.2768,"cmc":55.2115,"pe":44.4277,"pe_lyr":44.8218,"pb":3.3569,"ps":3.5392,"pcf":4304.2754,"iop":-9.3354}