{"code":"002664","atr10":0.819,"close":29.2,"close_count":60,"l_pvalue":0.0000000006,"l_slop":18.8387564325,"l_stderror":1.6493144621,"ma120":27.1966666667,"ma250":27.9406,"ma42":27.7107142857,"max10":29.29,"min10":27.59,"name":"信质电机","stat_date":"2017-06-30","mc":116.8058,"cmc":101.5116,"pe":48.0607,"pe_lyr":50.5745,"pb":6.4857,"ps":5.6593,"pcf":-154.2283,"iop":11.7997}