{"code":"002606","atr10":2.094,"close":41.84,"close_count":60,"l_pvalue":1.0,"l_slop":0.0,"l_stderror":0.0,"ma120":40.7245833333,"ma250":29.0836,"ma42":49.8297619048,"max10":41.84,"min10":41.84,"name":"大连电瓷","stat_date":"2017-06-30","mc":85.0444,"cmc":63.5458,"pe":95.4438,"pe_lyr":90.3118,"pb":9.8778,"ps":11.3363,"pcf":-1497.1514,"iop":-55.3958}