{"code":"002654","atr10":0.474,"close":9.14,"close_count":60,"l_pvalue":0.0000108516,"l_slop":13.8641641883,"l_stderror":2.3454815432,"ma120":11.30975,"ma250":12.7318,"ma42":10.4838095238,"max10":10.48,"min10":9.03,"name":"万润科技","stat_date":"2017-06-30","mc":75.6597,"cmc":46.0829,"pe":48.4821,"pe_lyr":52.7955,"pb":2.9782,"ps":3.3367,"pcf":-38.0399,"iop":-5.8053}