{"code":"002626","atr10":0.402,"close":14.92,"close_count":60,"l_pvalue":0.0,"l_slop":19.1760788402,"l_stderror":1.2928103313,"ma120":13.894,"ma250":14.29344,"ma42":15.1776190476,"max10":16.21,"min10":14.92,"name":"金达威","stat_date":"2017-06-30","mc":91.9791,"cmc":85.925,"pe":28.8045,"pe_lyr":30.6834,"pb":4.2251,"ps":5.2196,"pcf":136.3543,"iop":6.735}