{"code":"002644","atr10":0.148,"close":9.65,"close_count":60,"l_pvalue":0.0000001143,"l_slop":14.5972883124,"l_stderror":1.7785012659,"ma120":9.5340833333,"ma250":10.6264,"ma42":9.7057142857,"max10":9.95,"min10":9.64,"name":"佛慈制药","stat_date":"2017-06-30","mc":49.2784,"cmc":49.2784,"pe":75.6893,"pe_lyr":80.8821,"pb":3.718,"ps":12.1764,"pcf":-172.9685,"iop":7.915}