{"code":"002609","atr10":0.26,"close":15.67,"close_count":60,"l_pvalue":0.000000001,"l_slop":11.7049899819,"l_stderror":1.056173813,"ma120":15.2704166667,"ma250":16.08844,"ma42":15.2854761905,"max10":15.67,"min10":15.34,"name":"捷顺科技","stat_date":"2017-06-30","mc":104.5099,"cmc":48.1417,"pe":54.422,"pe_lyr":57.3843,"pb":5.0363,"ps":12.7707,"pcf":10.7138,"iop":34.7827}