{"code":"002668","atr10":0.718,"close":19.84,"close_count":60,"l_pvalue":0.0000000063,"l_slop":17.6038416063,"l_stderror":1.7803184968,"ma120":22.256,"ma250":23.44608,"ma42":20.0978571429,"max10":21.3,"min10":19.84,"name":"奥马电器","stat_date":"2017-06-30","mc":126.0773,"cmc":77.4561,"pe":39.1866,"pe_lyr":41.359,"pb":3.8836,"ps":2.158,"pcf":27.359,"iop":1.1721}