{"code":"002653","atr10":0.253,"close":12.64,"close_count":60,"l_pvalue":0.0,"l_slop":17.3714102699,"l_stderror":1.2760242842,"ma120":12.9948333333,"ma250":14.519,"ma42":12.4185714286,"max10":13.17,"min10":12.49,"name":"海思科","stat_date":"2017-06-30","mc":136.5461,"cmc":61.0749,"pe":38.6235,"pe_lyr":30.161,"pb":7.1584,"ps":8.5,"pcf":116.3239,"iop":-23.3359}