{"code":"002669","atr10":1.278,"close":29.35,"close_count":60,"l_pvalue":1.0,"l_slop":0.0,"l_stderror":0.0,"ma120":28.8514166667,"ma250":25.68,"ma42":29.0252380952,"max10":29.35,"min10":29.35,"name":"康达新材","stat_date":"2017-06-30","mc":67.5774,"cmc":53.9465,"pe":94.1834,"pe_lyr":81.788,"pb":4.1442,"ps":12.3624,"pcf":14.721,"iop":-33.5265}