{"code":"002673","atr10":0.327,"close":15.51,"close_count":60,"l_pvalue":0.0000021689,"l_slop":10.8670007076,"l_stderror":1.6259498095,"ma120":14.67825,"ma250":16.89808,"ma42":15.529047619,"max10":16.11,"min10":15.48,"name":"西部证券","stat_date":"2017-06-30","mc":543.1353,"cmc":543.1353,"pe":55.805,"pe_lyr":48.295,"pb":3.1465,"ps":17.337,"pcf":-33.4858,"iop":-12.0163}