{"code":"002657","atr10":0.756,"close":29.35,"close_count":60,"l_pvalue":0.0000039869,"l_slop":28.4283646087,"l_stderror":4.4509822084,"ma120":29.8469166667,"ma250":37.05336,"ma42":29.5580952381,"max10":31.17,"min10":28.9,"name":"中科金财","stat_date":"2017-06-30","mc":99.0788,"cmc":71.9499,"pe":55.1401,"pe_lyr":55.6829,"pb":3.501,"ps":7.7449,"pcf":-21.8748,"iop":-18.7524}