{"code":"002616","atr10":0.217,"close":10.17,"close_count":60,"l_pvalue":1.483330953e-17,"l_slop":-22.149046557,"l_stderror":0.730461473,"ma120":11.678,"ma250":11.13256,"ma42":10.8354761905,"max10":10.71,"min10":10.17,"name":"长青集团","stat_date":"2017-06-30","mc":75.5739,"cmc":46.7217,"pe":50.5693,"pe_lyr":46.3277,"pb":3.7027,"ps":3.9675,"pcf":118.355,"iop":47.9293}