{"code":"002610","atr10":0.041,"close":2.55,"close_count":60,"l_pvalue":0.0000000006,"l_slop":15.3312881396,"l_stderror":1.3362975564,"ma120":2.81,"ma250":3.37548,"ma42":2.570952381,"max10":2.65,"min10":2.54,"name":"爱康科技","stat_date":"2017-06-30","mc":114.517,"cmc":109.1043,"pe":77.042,"pe_lyr":77.6734,"pb":2.0241,"ps":2.9387,"pcf":-10.1303,"iop":-20.5126}