{"code":"002686","atr10":0.456,"close":12.9,"close_count":60,"l_pvalue":0.0000000001,"l_slop":26.1452031768,"l_stderror":2.0469071397,"ma120":13.3503333333,"ma250":14.52188,"ma42":12.8871428571,"max10":13.77,"min10":12.86,"name":"亿利达","stat_date":"2017-06-30","mc":57.1576,"cmc":36.6924,"pe":46.1979,"pe_lyr":47.6909,"pb":4.0205,"ps":4.9165,"pcf":-125.4378,"iop":26.9894}