{"code":"002659","atr10":0.319,"close":14.61,"close_count":60,"l_pvalue":0.0000000002,"l_slop":-14.4969811818,"l_stderror":1.1743424305,"ma120":15.3783333333,"ma250":16.86568,"ma42":15.6004761905,"max10":15.54,"min10":14.6,"name":"中泰桥梁","stat_date":"2017-06-30","mc":72.8406,"cmc":43.9077,"pe":-63.0653,"pe_lyr":-75.8398,"pb":3.2954,"ps":19.6684,"pcf":97.0988,"iop":-566.0354}