{"code":"002615","atr10":0.231,"close":9.96,"close_count":60,"l_pvalue":0.0000000001,"l_slop":11.372091516,"l_stderror":0.9092057913,"ma120":10.3251666667,"ma250":11.05452,"ma42":9.9461904762,"max10":10.44,"min10":9.96,"name":"哈尔斯","stat_date":"2017-06-30","mc":40.8758,"cmc":23.4145,"pe":25.0856,"pe_lyr":34.3076,"pb":5.2902,"ps":2.6593,"pcf":-39.4717,"iop":89.3052}