{"code":"002617","atr10":0.368,"close":15.29,"close_count":60,"l_pvalue":3.431593958e-16,"l_slop":27.5076458642,"l_stderror":1.0744303237,"ma120":14.562,"ma250":14.85188,"ma42":14.4566666667,"max10":15.37,"min10":14.74,"name":"露笑科技","stat_date":"2017-06-30","mc":112.3547,"cmc":106.6849,"pe":60.211,"pe_lyr":173.4846,"pb":4.6654,"ps":4.8983,"pcf":-29.1696,"iop":368.4918}