{"code":"002683","atr10":0.233,"close":9.14,"close_count":60,"l_pvalue":0.0002037588,"l_slop":5.3971942978,"l_stderror":1.1780045281,"ma120":9.3034166667,"ma250":9.5804,"ma42":9.1766666667,"max10":9.65,"min10":9.11,"name":"宏大爆破","stat_date":"2017-06-30","mc":64.116,"cmc":52.4313,"pe":46.1162,"pe_lyr":102.3682,"pb":2.1976,"ps":1.7219,"pcf":29.7937,"iop":90.6141}