{"code":"002637","atr10":0.393,"close":12.64,"close_count":60,"l_pvalue":6.139846281e-16,"l_slop":45.3585341035,"l_stderror":1.8283538373,"ma120":11.1980833333,"ma250":12.64152,"ma42":11.4157142857,"max10":12.64,"min10":11.8,"name":"赞宇科技","stat_date":"2017-06-30","mc":53.3661,"cmc":30.2884,"pe":33.6697,"pe_lyr":35.1572,"pb":2.5613,"ps":0.8914,"pcf":85.3579,"iop":-163.9326}