{"code":"002681","atr10":0.288,"close":13.11,"close_count":60,"l_pvalue":0.0817619988,"l_slop":-4.9136295766,"l_stderror":2.6734634646,"ma120":12.90925,"ma250":14.04712,"ma42":13.374047619,"max10":13.45,"min10":13.08,"name":"奋达科技","stat_date":"2017-06-30","mc":185.2507,"cmc":80.3895,"pe":47.241,"pe_lyr":48.0851,"pb":3.7415,"ps":8.185,"pcf":111.906,"iop":25.5266}