{"code":"002627","atr10":0.328,"close":19.04,"close_count":60,"l_pvalue":0.0000000042,"l_slop":31.8034375667,"l_stderror":3.135905126,"ma120":18.7503333333,"ma250":21.44376,"ma42":18.8676190476,"max10":19.93,"min10":19.02,"name":"宜昌交运","stat_date":"2017-06-30","mc":25.4184,"cmc":25.1092,"pe":43.8234,"pe_lyr":49.9515,"pb":2.7034,"ps":1.2736,"pcf":167.4673,"iop":73.5405}