{"code":"002675","atr10":0.409,"close":12.75,"close_count":60,"l_pvalue":0.0000000001,"l_slop":27.1761813656,"l_stderror":2.1793392084,"ma120":14.341,"ma250":15.09944,"ma42":12.4088095238,"max10":13.62,"min10":12.57,"name":"东诚药业","stat_date":"2017-06-30","mc":89.7094,"cmc":68.5705,"pe":60.3839,"pe_lyr":68.5052,"pb":3.1888,"ps":6.5142,"pcf":54.6145,"iop":22.9894}