{"code":"002689","atr10":0.131,"close":6.58,"close_count":60,"l_pvalue":0.0049317227,"l_slop":5.173588932,"l_stderror":1.6269834878,"ma120":6.658,"ma250":7.1092,"ma42":6.5726190476,"max10":6.66,"min10":6.53,"name":"远大智能","stat_date":"2017-06-30","mc":62.9251,"cmc":61.989,"pe":88.8729,"pe_lyr":89.7291,"pb":4.2761,"ps":5.19,"pcf":-186.441,"iop":1.7512}