{"code":"002695","atr10":0.488,"close":20.18,"close_count":60,"l_pvalue":0.000000069,"l_slop":-18.898093557,"l_stderror":2.2268691973,"ma120":20.4951666667,"ma250":23.09104,"ma42":21.8433333333,"max10":21.47,"min10":20.04,"name":"煌上煌","stat_date":"2017-06-30","mc":100.8913,"cmc":91.5004,"pe":83.6614,"pe_lyr":114.3892,"pb":6.0715,"ps":7.6857,"pcf":88.9001,"iop":82.5466}