{"code":"002608","atr10":0.28,"close":11.99,"close_count":60,"l_pvalue":0.0,"l_slop":-16.973495137,"l_stderror":0.7758419736,"ma120":12.4341666667,"ma250":12.13372,"ma42":12.4314285714,"max10":12.37,"min10":11.84,"name":"江苏国信","stat_date":"2017-06-30","mc":390.0521,"cmc":63.0343,"pe":26.088,"pe_lyr":36.1976,"pb":2.3895,"ps":2.2049,"pcf":29.0667,"iop":-28.59}