{"code":"002725","atr10":0.484,"close":18.15,"close_count":60,"l_pvalue":0.000012758,"l_slop":3.632570732,"l_stderror":0.6225135154,"ma120":17.9245,"ma250":20.12832,"ma42":17.5826190476,"max10":18.15,"min10":17.51,"name":"跃岭股份","stat_date":"2017-06-30","mc":29.04,"cmc":12.4148,"pe":82.9516,"pe_lyr":64.0971,"pb":3.1864,"ps":4.0678,"pcf":-26.4971,"iop":-26.5577}