{"code":"002717","atr10":1.237,"close":29.42,"close_count":60,"l_pvalue":0.0,"l_slop":35.0672379843,"l_stderror":1.7406352961,"ma120":26.4278333333,"ma250":27.47716,"ma42":27.495952381,"max10":30.81,"min10":28.46,"name":"岭南园林","stat_date":"2017-06-30","mc":122.4037,"cmc":61.4017,"pe":34.1948,"pe_lyr":46.933,"pb":4.307,"ps":3.8483,"pcf":-125.434,"iop":115.6408}