{"code":"002705","atr10":0.342,"close":13.56,"close_count":60,"l_pvalue":0.0,"l_slop":-30.0642390731,"l_stderror":1.8634313849,"ma120":14.3653333333,"ma250":13.74108,"ma42":14.3980952381,"max10":14.3,"min10":13.56,"name":"新宝股份","stat_date":"2017-06-30","mc":110.3022,"cmc":28.8599,"pe":22.8798,"pe_lyr":25.5927,"pb":3.1352,"ps":1.4204,"pcf":7.1552,"iop":33.406}