{"code":"002726","atr10":0.235,"close":11.15,"close_count":60,"l_pvalue":0.0000000014,"l_slop":-7.5392898198,"l_stderror":0.6940463029,"ma120":11.52625,"ma250":10.9254,"ma42":11.3773809524,"max10":11.41,"min10":10.97,"name":"龙大肉食","stat_date":"2017-06-30","mc":84.3043,"cmc":83.2751,"pe":36.1673,"pe_lyr":36.2203,"pb":4.7298,"ps":1.4512,"pcf":17.1612,"iop":-28.6548}