{"code":"002771","atr10":0.817,"close":25.94,"close_count":60,"l_pvalue":0.0002245669,"l_slop":14.7379971825,"l_stderror":3.2471657284,"ma120":26.5693333333,"ma250":32.1894,"ma42":26.3369047619,"max10":27.34,"min10":25.64,"name":"真视通","stat_date":"2017-06-30","mc":41.9191,"cmc":18.4968,"pe":63.0479,"pe_lyr":60.7208,"pb":6.9494,"ps":5.0913,"pcf":-100.1979,"iop":-22.9156}