{"code":"002765","atr10":0.402,"close":11.76,"close_count":60,"l_pvalue":0.0000000019,"l_slop":21.5382515332,"l_stderror":2.0200873137,"ma120":11.4708333333,"ma250":12.9552,"ma42":10.015952381,"max10":11.76,"min10":9.95,"name":"蓝黛传动","stat_date":"2017-06-30","mc":50.4382,"cmc":18.6091,"pe":37.7269,"pe_lyr":39.211,"pb":4.4761,"ps":4.1251,"pcf":19.1898,"iop":21.4427}