{"code":"002751","atr10":0.847,"close":40.06,"close_count":60,"l_pvalue":0.000002827,"l_slop":5.8266786706,"l_stderror":0.8890645798,"ma120":37.72175,"ma250":43.583,"ma42":39.8014285714,"max10":40.5,"min10":39.4,"name":"易尚展示","stat_date":"2017-06-30","mc":57.2237,"cmc":30.6779,"pe":328.1673,"pe_lyr":378.5514,"pb":11.6493,"ps":8.6677,"pcf":-195.6314,"iop":406.2733}