{"code":"002778","atr10":0.665,"close":26.96,"close_count":60,"l_pvalue":0.0000000101,"l_slop":7.7134318411,"l_stderror":0.8033368115,"ma120":28.5909166667,"ma250":38.45572,"ma42":26.7095238095,"max10":27.45,"min10":26.79,"name":"高科石化","stat_date":"2017-06-30","mc":24.0239,"cmc":11.0086,"pe":73.357,"pe_lyr":70.6126,"pb":3.9795,"ps":4.1676,"pcf":253.0446,"iop":22.0029}