{"code":"002796","atr10":1.259,"close":36.26,"close_count":60,"l_pvalue":0.0000000067,"l_slop":37.791025643,"l_stderror":3.8379011008,"ma120":46.6595,"ma250":60.03384,"ma42":37.6521428571,"max10":39.45,"min10":35.82,"name":"世嘉科技","stat_date":"2017-06-30","mc":29.008,"cmc":10.8309,"pe":70.4653,"pe_lyr":59.6648,"pb":6.0827,"ps":5.4099,"pcf":29.4934,"iop":-36.4502}