{"code":"002701","atr10":0.189,"close":6.48,"close_count":60,"l_pvalue":0.0000000003,"l_slop":39.4413241125,"l_stderror":3.3452079476,"ma120":7.5685,"ma250":8.5086,"ma42":6.6188095238,"max10":7.09,"min10":6.48,"name":"奥瑞金","stat_date":"2017-06-30","mc":152.6186,"cmc":116.5224,"pe":15.9729,"pe_lyr":13.23,"pb":2.7676,"ps":2.0381,"pcf":11.181,"iop":6.7144}