{"code":"002767","atr10":0.445,"close":24.66,"close_count":60,"l_pvalue":0.1427502772,"l_slop":7.414914343,"l_stderror":4.8496160144,"ma120":26.7263333333,"ma250":33.18268,"ma42":25.284047619,"max10":25.79,"min10":24.28,"name":"先锋电子","stat_date":"2017-06-30","mc":36.99,"cmc":9.2475,"pe":87.0661,"pe_lyr":81.6299,"pb":5.6173,"ps":12.7913,"pcf":-158.7296,"iop":2.7339}