{"code":"002722","atr10":2.162,"close":34.9,"close_count":60,"l_pvalue":0.0,"l_slop":46.2803422253,"l_stderror":2.5808432643,"ma120":31.2400833333,"ma250":42.52596,"ma42":29.3521428571,"max10":34.9,"min10":30.21,"name":"金轮股份","stat_date":"2017-06-30","mc":61.2378,"cmc":30.2879,"pe":49.4552,"pe_lyr":49.0622,"pb":3.5973,"ps":3.2139,"pcf":488.0152,"iop":-4.8098}