{"code":"002795","atr10":0.663,"close":22.28,"close_count":60,"l_pvalue":0.0,"l_slop":39.0715895754,"l_stderror":2.650590064,"ma120":24.1114166667,"ma250":28.853,"ma42":21.8571428571,"max10":23.62,"min10":22.25,"name":"永和智控","stat_date":"2017-06-30","mc":44.56,"cmc":14.2035,"pe":71.2927,"pe_lyr":66.1345,"pb":7.5671,"ps":9.1951,"pcf":-24.3715,"iop":-13.7216}