{"code":"002745","atr10":2.982,"close":45.75,"close_count":60,"l_pvalue":0.0000000001,"l_slop":73.2532043482,"l_stderror":5.8625627455,"ma120":36.2685,"ma250":33.82884,"ma42":38.2152380952,"max10":46.9,"min10":40.11,"name":"木林森","stat_date":"2017-06-30","mc":241.71,"cmc":74.2649,"pe":38.5523,"pe_lyr":51.0519,"pb":4.494,"ps":3.4246,"pcf":-9.6595,"iop":58.4625}