{"code":"002706","atr10":0.284,"close":12.26,"close_count":60,"l_pvalue":0.0000056905,"l_slop":5.8894873588,"l_stderror":0.9474320451,"ma120":12.0836666667,"ma250":12.73692,"ma42":12.309047619,"max10":12.58,"min10":12.07,"name":"良信电器","stat_date":"2017-06-30","mc":64.2765,"cmc":44.54,"pe":32.4271,"pe_lyr":39.6288,"pb":4.0125,"ps":4.6796,"pcf":-53.5471,"iop":55.7569}