{"code":"002719","atr10":0.733,"close":32.07,"close_count":60,"l_pvalue":0.7870647442,"l_slop":-0.170075002,"l_stderror":0.6207818537,"ma120":32.6503333333,"ma250":43.01004,"ma42":31.8566666667,"max10":32.07,"min10":31.1,"name":"麦趣尔","stat_date":"2017-06-30","mc":34.9041,"cmc":26.3113,"pe":194.4388,"pe_lyr":124.159,"pb":3.0393,"ps":5.9794,"pcf":-9.2669,"iop":-49.7792}