{"code":"002729","atr10":0.752,"close":62.51,"close_count":60,"l_pvalue":2.937072666e-16,"l_slop":-23.6235214948,"l_stderror":0.9149878198,"ma120":77.9955,"ma250":82.014,"ma42":68.3164285714,"max10":63.23,"min10":62.2,"name":"好利来","stat_date":"2017-06-30","mc":41.6817,"cmc":14.1148,"pe":142.1344,"pe_lyr":194.7296,"pb":10.2992,"ps":25.2243,"pcf":-157.5909,"iop":109.2905}