{"code":"002724","atr10":0.192,"close":12.77,"close_count":60,"l_pvalue":0.0,"l_slop":-20.3951212273,"l_stderror":1.0509791128,"ma120":13.8193333333,"ma250":14.79912,"ma42":13.1202380952,"max10":13.03,"min10":12.65,"name":"海洋王","stat_date":"2017-06-30","mc":76.62,"cmc":12.8378,"pe":60.7489,"pe_lyr":68.8787,"pb":4.7131,"ps":7.6138,"pcf":95.4402,"iop":135.345}