{"code":"002746","atr10":0.738,"close":29.5,"close_count":60,"l_pvalue":1.526118995e-20,"l_slop":-36.483091808,"l_stderror":0.8334886242,"ma120":32.1873333333,"ma250":41.1674,"ma42":32.4469047619,"max10":31.25,"min10":29.5,"name":"仙坛股份","stat_date":"2017-06-30","mc":53.6429,"cmc":24.1429,"pe":26.0168,"pe_lyr":21.849,"pb":2.6113,"ps":2.4497,"pcf":12.9962,"iop":-67.8856}