{"code":"002761","atr10":1.044,"close":35.97,"close_count":60,"l_pvalue":0.000000002,"l_slop":21.8617169823,"l_stderror":2.0597557186,"ma120":42.0070833333,"ma250":42.28972,"ma42":35.1602380952,"max10":37.18,"min10":35.2,"name":"多喜爱","stat_date":"2017-06-30","mc":43.164,"cmc":20.2009,"pe":234.0414,"pe_lyr":200.9226,"pb":6.6094,"ps":6.3754,"pcf":119.1418,"iop":11.3075}