{"code":"002776","atr10":0.729,"close":25.3,"close_count":60,"l_pvalue":0.0,"l_slop":30.1048023776,"l_stderror":1.7175502875,"ma120":24.04975,"ma250":27.43732,"ma42":24.2521428571,"max10":26.25,"min10":25.24,"name":"柏堡龙","stat_date":"2017-06-30","mc":60.8359,"cmc":18.889,"pe":45.9888,"pe_lyr":51.3938,"pb":2.8815,"ps":8.1353,"pcf":26.6106,"iop":30.7763}