{"code":"002798","atr10":0.938,"close":42.1,"close_count":60,"l_pvalue":0.0,"l_slop":13.4632765957,"l_stderror":0.7013039615,"ma120":43.11825,"ma250":55.15944,"ma42":41.6504761905,"max10":43.36,"min10":42.0,"name":"帝王洁具","stat_date":"2017-06-30","mc":36.3649,"cmc":13.5914,"pe":63.4233,"pe_lyr":71.8232,"pb":6.2267,"ps":7.9091,"pcf":-34.3405,"iop":164.2087}