{"code":"002716","atr10":0.469,"close":19.23,"close_count":60,"l_pvalue":0.0000000157,"l_slop":-16.2168386699,"l_stderror":1.7371383329,"ma120":18.3971666667,"ma250":20.83644,"ma42":19.5826190476,"max10":19.23,"min10":18.22,"name":"金贵银业","stat_date":"2017-06-30","mc":108.647,"cmc":59.8877,"pe":59.6306,"pe_lyr":75.1824,"pb":3.2049,"ps":1.2489,"pcf":23.3835,"iop":57.1159}