{"code":"002743","atr10":0.622,"close":13.59,"close_count":60,"l_pvalue":0.2798972571,"l_slop":7.7580484386,"l_stderror":6.9749586984,"ma120":13.3966666667,"ma250":14.60524,"ma42":14.695952381,"max10":15.57,"min10":13.19,"name":"富煌钢构","stat_date":"2017-06-30","mc":45.827,"cmc":27.7183,"pe":91.8423,"pe_lyr":90.9642,"pb":2.3122,"ps":1.6831,"pcf":12.3015,"iop":4.3399}