{"code":"002755","atr10":0.945,"close":30.57,"close_count":60,"l_pvalue":0.0000174757,"l_slop":11.516268143,"l_stderror":2.0242665465,"ma120":32.6333333333,"ma250":39.49136,"ma42":30.0152380952,"max10":32.64,"min10":29.48,"name":"东方新星","stat_date":"2017-06-30","mc":30.9796,"cmc":10.7423,"pe":279.1664,"pe_lyr":672.7908,"pb":6.068,"ps":11.5503,"pcf":-27.8232,"iop":227.2487}