{"code":"002739","atr10":1.891,"close":52.04,"close_count":60,"l_pvalue":1.0,"l_slop":0.0,"l_stderror":0.0,"ma120":55.1901666667,"ma250":62.1146,"ma42":55.020952381,"max10":52.04,"min10":52.04,"name":"万达电影","stat_date":"2017-06-30","mc":611.1031,"cmc":220.0497,"pe":42.1743,"pe_lyr":44.7221,"pb":5.4853,"ps":5.0496,"pcf":-200.655,"iop":7.5968}