{"code":"002777","atr10":1.695,"close":37.68,"close_count":60,"l_pvalue":0.0000000014,"l_slop":60.0693282816,"l_stderror":5.5360562973,"ma120":35.3948333333,"ma250":40.7716,"ma42":36.3597619048,"max10":41.24,"min10":37.01,"name":"久远银海","stat_date":"2017-06-30","mc":60.288,"cmc":22.6222,"pe":71.0729,"pe_lyr":78.0262,"pb":13.3327,"ps":10.6191,"pcf":94.2914,"iop":35.3292}