{"code":"002734","atr10":0.369,"close":27.32,"close_count":60,"l_pvalue":1.474943919e-22,"l_slop":-19.0825188795,"l_stderror":0.340886897,"ma120":28.2666666667,"ma250":30.88004,"ma42":28.104047619,"max10":27.32,"min10":26.97,"name":"利民股份","stat_date":"2017-06-30","mc":44.9985,"cmc":22.9489,"pe":33.8282,"pe_lyr":39.8244,"pb":2.7875,"ps":3.506,"pcf":34.9326,"iop":20.2435}