{"code":"002785","atr10":0.393,"close":18.05,"close_count":60,"l_pvalue":0.0237257224,"l_slop":-3.6748814476,"l_stderror":1.494805574,"ma120":19.6596666667,"ma250":25.01332,"ma42":18.6116666667,"max10":18.98,"min10":18.01,"name":"万里石","stat_date":"2017-06-30","mc":36.1,"cmc":17.4879,"pe":146.5681,"pe_lyr":156.3763,"pb":5.4959,"ps":3.8875,"pcf":497.5043,"iop":18.7657}