{"code":"002762","atr10":0.515,"close":21.67,"close_count":60,"l_pvalue":0.0000006442,"l_slop":14.8456905812,"l_stderror":2.0356826101,"ma120":24.975,"ma250":34.3332,"ma42":21.8228571429,"max10":22.89,"min10":21.67,"name":"金发拉比","stat_date":"2017-06-30","mc":43.8384,"cmc":15.0721,"pe":58.9913,"pe_lyr":60.2543,"pb":4.8862,"ps":11.0287,"pcf":-16.5946,"iop":-5.7919}