{"code":"002711","atr10":0.31,"close":12.29,"close_count":60,"l_pvalue":0.0,"l_slop":23.3757419236,"l_stderror":1.564049463,"ma120":11.7459166667,"ma250":10.50292,"ma42":12.1388095238,"max10":12.78,"min10":12.19,"name":"欧浦智网","stat_date":"2017-06-30","mc":129.7911,"cmc":128.4893,"pe":37.1752,"pe_lyr":58.4194,"pb":8.2236,"ps":2.8719,"pcf":-226.4655,"iop":162.8072}