{"code":"002791","atr10":0.849,"close":23.05,"close_count":60,"l_pvalue":0.0,"l_slop":46.1261779056,"l_stderror":2.9901065228,"ma120":23.06575,"ma250":29.3528,"ma42":21.4019047619,"max10":24.64,"min10":22.47,"name":"坚朗五金","stat_date":"2017-06-30","mc":74.115,"cmc":15.3375,"pe":28.6205,"pe_lyr":29.2737,"pb":2.9334,"ps":2.5595,"pcf":-29.7033,"iop":9.8099}