{"code":"002727","atr10":0.393,"close":19.86,"close_count":60,"l_pvalue":1.68552991e-16,"l_slop":23.7157792226,"l_stderror":0.8914160304,"ma120":18.5983333333,"ma250":19.95016,"ma42":19.2669047619,"max10":20.28,"min10":19.66,"name":"一心堂","stat_date":"2017-06-30","mc":103.3912,"cmc":56.347,"pe":27.6971,"pe_lyr":29.258,"pb":3.964,"ps":1.4878,"pcf":-48.2623,"iop":24.5589}