{"code":"002732","atr10":0.982,"close":31.14,"close_count":60,"l_pvalue":0.0,"l_slop":36.7034121631,"l_stderror":1.6225134444,"ma120":28.2128333333,"ma250":32.80248,"ma42":28.67,"max10":31.23,"min10":29.87,"name":"燕塘乳业","stat_date":"2017-06-30","mc":48.9988,"cmc":18.9573,"pe":41.6428,"pe_lyr":46.1872,"pb":5.5128,"ps":4.1622,"pcf":-59.8922,"iop":-9.2326}