{"code":"002753","atr10":0.807,"close":23.1,"close_count":60,"l_pvalue":0.0116667713,"l_slop":15.8545739668,"l_stderror":5.6819726467,"ma120":20.0278333333,"ma250":20.4906,"ma42":23.9378571429,"max10":25.11,"min10":22.31,"name":"永东股份","stat_date":"2017-06-30","mc":51.2993,"cmc":19.5946,"pe":33.6631,"pe_lyr":64.7645,"pb":5.1236,"ps":3.4445,"pcf":39.2228,"iop":302.6332}