{"code":"002708","atr10":0.193,"close":8.79,"close_count":60,"l_pvalue":0.1708056526,"l_slop":-1.9644926451,"l_stderror":1.3800429258,"ma120":9.6281666667,"ma250":11.60972,"ma42":9.0678571429,"max10":9.18,"min10":8.58,"name":"光洋股份","stat_date":"2017-06-30","mc":41.2664,"cmc":20.1218,"pe":91.5755,"pe_lyr":63.9696,"pb":2.7252,"ps":2.9873,"pcf":-362.884,"iop":-96.0392}