{"code":"002714","atr10":1.265,"close":36.97,"close_count":60,"l_pvalue":0.0000004201,"l_slop":51.5808590374,"l_stderror":6.8650611648,"ma120":29.4433333333,"ma250":26.8522,"ma42":35.7123809524,"max10":39.45,"min10":36.79,"name":"牧原股份","stat_date":"2017-06-30","mc":428.2839,"cmc":222.5925,"pe":17.4828,"pe_lyr":18.4454,"pb":5.1532,"ps":5.6709,"pcf":45.6309,"iop":-22.3891}