{"code":"002775","atr10":0.557,"close":21.11,"close_count":60,"l_pvalue":0.0,"l_slop":36.1653785069,"l_stderror":1.9464167064,"ma120":20.7015,"ma250":22.19992,"ma42":20.3171428571,"max10":22.1,"min10":20.93,"name":"文科园林","stat_date":"2017-06-30","mc":52.3486,"cmc":24.6571,"pe":28.8275,"pe_lyr":37.5069,"pb":3.9728,"ps":2.4999,"pcf":48.135,"iop":73.3206}