{"code":"002768","atr10":0.527,"close":25.95,"close_count":60,"l_pvalue":9.630193926e-24,"l_slop":33.5277674325,"l_stderror":0.5184306298,"ma120":22.6385833333,"ma250":24.16796,"ma42":23.8938095238,"max10":25.95,"min10":24.8,"name":"国恩股份","stat_date":"2017-06-30","mc":62.28,"cmc":22.5765,"pe":39.5352,"pe_lyr":47.5731,"pb":7.0538,"ps":3.9732,"pcf":-154.7904,"iop":61.4542}