{"code":"002723","atr10":0.608,"close":21.61,"close_count":60,"l_pvalue":0.0,"l_slop":31.4222217621,"l_stderror":1.3789327065,"ma120":20.1764166667,"ma250":23.26776,"ma42":20.1926190476,"max10":21.64,"min10":20.7,"name":"金莱特","stat_date":"2017-06-30","mc":40.3459,"cmc":27.2243,"pe":412.9183,"pe_lyr":612.6572,"pb":6.1752,"ps":4.3858,"pcf":140.1964,"iop":655.8766}