{"code":"002786","atr10":0.448,"close":13.28,"close_count":60,"l_pvalue":0.0,"l_slop":13.7296923691,"l_stderror":0.9880338558,"ma120":14.2855833333,"ma250":18.8894,"ma42":13.3554761905,"max10":14.33,"min10":13.28,"name":"银宝山新","stat_date":"2017-06-30","mc":50.6287,"cmc":18.3583,"pe":60.1011,"pe_lyr":51.1177,"pb":4.7298,"ps":1.7885,"pcf":-140.5136,"iop":-15.7436}