{"code":"002715","atr10":0.816,"close":32.9,"close_count":60,"l_pvalue":0.0,"l_slop":26.2443104992,"l_stderror":1.6910729131,"ma120":30.115,"ma250":32.39232,"ma42":32.0566666667,"max10":34.13,"min10":32.43,"name":"登云股份","stat_date":"2017-06-30","mc":30.268,"cmc":17.8485,"pe":184.1976,"pe_lyr":365.637,"pb":6.4716,"ps":9.5847,"pcf":127.1939,"iop":703.2412}