{"code":"002718","atr10":1.005,"close":55.91,"close_count":60,"l_pvalue":0.0000000001,"l_slop":6.2485773156,"l_stderror":0.4889019369,"ma120":57.03825,"ma250":65.47764,"ma42":53.7345238095,"max10":55.91,"min10":54.19,"name":"友邦吊顶","stat_date":"2017-06-30","mc":48.995,"cmc":14.5544,"pe":36.8065,"pe_lyr":38.7369,"pb":4.6411,"ps":8.4524,"pcf":-21.605,"iop":3.5544}