{"code":"002788","atr10":0.6,"close":33.11,"close_count":60,"l_pvalue":0.0000006716,"l_slop":9.6469922404,"l_stderror":1.3267076717,"ma120":35.14675,"ma250":46.78276,"ma42":33.6238095238,"max10":34.59,"min10":32.96,"name":"鹭燕医药","stat_date":"2017-06-30","mc":42.4367,"cmc":22.9928,"pe":34.0788,"pe_lyr":36.7344,"pb":3.0153,"ps":0.5872,"pcf":-171.4256,"iop":25.6577}