{"code":"002747","atr10":0.652,"close":14.28,"close_count":60,"l_pvalue":7.711360455e-16,"l_slop":80.6221565023,"l_stderror":3.2901798019,"ma120":11.93175,"ma250":11.56452,"ma42":13.1726190476,"max10":14.97,"min10":13.99,"name":"埃斯顿","stat_date":"2017-06-30","mc":119.5203,"cmc":39.6384,"pe":138.3899,"pe_lyr":174.2542,"pb":8.3145,"ps":14.0094,"pcf":127.4164,"iop":199.7719}