{"code":"002757","atr10":1.065,"close":37.49,"close_count":60,"l_pvalue":1.0,"l_slop":0.0,"l_stderror":0.0,"ma120":37.8023333333,"ma250":40.35252,"ma42":34.7578571429,"max10":37.49,"min10":37.49,"name":"南兴装备","stat_date":"2017-06-30","mc":40.9916,"cmc":14.3799,"pe":45.6761,"pe_lyr":61.7307,"pb":5.0206,"ps":6.6226,"pcf":56.7487,"iop":82.0262}