{"code":"002721","atr10":0.241,"close":14.61,"close_count":60,"l_pvalue":0.000000249,"l_slop":-6.1623105909,"l_stderror":0.7912246901,"ma120":15.1635833333,"ma250":16.983,"ma42":14.489047619,"max10":14.72,"min10":14.29,"name":"金一文化","stat_date":"2017-06-30","mc":94.6781,"cmc":59.0471,"pe":60.5939,"pe_lyr":54.3924,"pb":4.2741,"ps":0.8829,"pcf":-20.4043,"iop":-3.1658}