{"code":"002766","atr10":0.973,"close":19.25,"close_count":60,"l_pvalue":0.0,"l_slop":66.9705139989,"l_stderror":2.7780063948,"ma120":17.5349166667,"ma250":18.19996,"ma42":17.7302380952,"max10":20.33,"min10":18.7,"name":"索菱股份","stat_date":"2017-06-30","mc":81.1876,"cmc":33.3803,"pe":81.8138,"pe_lyr":106.0696,"pb":4.5889,"ps":7.2667,"pcf":85.0816,"iop":72.0918}