{"code":"002760","atr10":1.131,"close":33.67,"close_count":60,"l_pvalue":0.0117673498,"l_slop":10.2158830587,"l_stderror":3.6663581563,"ma120":31.8081666667,"ma250":37.41864,"ma42":31.1057142857,"max10":33.9,"min10":30.55,"name":"凤形股份","stat_date":"2017-06-30","mc":29.6296,"cmc":15.3959,"pe":-283.663,"pe_lyr":289.6406,"pb":5.3119,"ps":8.1758,"pcf":-44.2659,"iop":94.529}