{"code":"002787","atr10":0.811,"close":15.9,"close_count":60,"l_pvalue":0.0080992516,"l_slop":-8.2442997352,"l_stderror":2.7882408113,"ma120":21.8383333333,"ma250":21.9628,"ma42":17.8752380952,"max10":18.91,"min10":15.54,"name":"华源包装","stat_date":"2017-06-30","mc":45.8111,"cmc":16.2745,"pe":50.0736,"pe_lyr":42.6067,"pb":4.9148,"ps":4.1546,"pcf":-58.0212,"iop":-25.5898}