{"code":"002770","atr10":0.14,"close":5.47,"close_count":60,"l_pvalue":0.0000000001,"l_slop":26.650076034,"l_stderror":2.0396483313,"ma120":5.33225,"ma250":5.72404,"ma42":5.414047619,"max10":5.69,"min10":5.43,"name":"科迪乳业","stat_date":"2017-06-30","mc":59.8893,"cmc":27.6708,"pe":56.208,"pe_lyr":66.9189,"pb":3.7546,"ps":6.0951,"pcf":22.8275,"iop":45.3135}