{"code":"002741","atr10":0.373,"close":17.3,"close_count":60,"l_pvalue":0.0000000002,"l_slop":26.5237457987,"l_stderror":2.1524716191,"ma120":16.1963333333,"ma250":18.1338,"ma42":17.4307142857,"max10":18.38,"min10":17.3,"name":"光华科技","stat_date":"2017-06-30","mc":64.7416,"cmc":26.6065,"pe":82.6164,"pe_lyr":102.4648,"pb":6.0838,"ps":5.7487,"pcf":26.1329,"iop":45.6226}