{"code":"002773","atr10":1.135,"close":51.0,"close_count":60,"l_pvalue":0.0000000242,"l_slop":-10.5688277496,"l_stderror":1.1635412951,"ma120":48.2051666667,"ma250":50.22644,"ma42":51.175952381,"max10":51.25,"min10":49.29,"name":"康弘药业","stat_date":"2017-06-30","mc":344.2266,"cmc":35.9401,"pe":62.3957,"pe_lyr":69.2955,"pb":11.2138,"ps":12.5408,"pcf":42.0625,"iop":-0.3507}