{"code":"002713","atr10":0.744,"close":21.4,"close_count":60,"l_pvalue":0.0000000002,"l_slop":49.2362285536,"l_stderror":4.0651104845,"ma120":21.3714166667,"ma250":23.55356,"ma42":20.7980952381,"max10":22.23,"min10":21.32,"name":"东易日盛","stat_date":"2017-06-30","mc":54.3031,"cmc":16.0863,"pe":30.3992,"pe_lyr":31.4125,"pb":6.3851,"ps":1.6164,"pcf":20.1876,"iop":45.2944}