{"code":"002731","atr10":0.432,"close":22.39,"close_count":60,"l_pvalue":0.0300024071,"l_slop":6.5970553811,"l_stderror":2.812513235,"ma120":22.686,"ma250":26.18992,"ma42":22.694047619,"max10":23.48,"min10":22.35,"name":"萃华珠宝","stat_date":"2017-06-30","mc":33.7373,"cmc":11.9607,"pe":37.0721,"pe_lyr":57.9448,"pb":2.9108,"ps":1.6492,"pcf":33.6144,"iop":308.6424}