{"code":"002707","atr10":0.397,"close":13.31,"close_count":60,"l_pvalue":0.0,"l_slop":62.2675082494,"l_stderror":3.8901270353,"ma120":12.7450833333,"ma250":14.68092,"ma42":12.7569047619,"max10":14.63,"min10":13.18,"name":"众信旅游","stat_date":"2017-06-30","mc":112.242,"cmc":60.4643,"pe":47.7898,"pe_lyr":52.2384,"pb":5.9055,"ps":1.0489,"pcf":58.7937,"iop":34.4744}