{"code":"002779","atr10":1.055,"close":23.07,"close_count":60,"l_pvalue":0.0000000006,"l_slop":20.2926956115,"l_stderror":1.768715227,"ma120":25.0659166667,"ma250":31.20216,"ma42":22.6228571429,"max10":24.3,"min10":22.19,"name":"中坚科技","stat_date":"2017-06-30","mc":30.4524,"cmc":9.326,"pe":96.7573,"pe_lyr":85.8906,"pb":4.9307,"ps":7.1474,"pcf":-163.979,"iop":-29.8488}