{"code":"002780","atr10":1.18,"close":30.65,"close_count":60,"l_pvalue":2.292527011e-17,"l_slop":44.1416567849,"l_stderror":1.4901933382,"ma120":28.0286666667,"ma250":39.82084,"ma42":26.9816666667,"max10":31.08,"min10":27.95,"name":"三夫户外","stat_date":"2017-06-30","mc":31.0204,"cmc":15.7783,"pe":106.552,"pe_lyr":87.6986,"pb":7.882,"ps":8.2476,"pcf":79.5208,"iop":-53.2631}