{"code":"002782","atr10":0.564,"close":18.81,"close_count":60,"l_pvalue":0.0000000032,"l_slop":29.5712893234,"l_stderror":2.8670477561,"ma120":19.4141666667,"ma250":23.66896,"ma42":18.8830952381,"max10":20.23,"min10":18.7,"name":"可立克","stat_date":"2017-06-30","mc":80.1306,"cmc":20.0327,"pe":158.3149,"pe_lyr":136.0551,"pb":9.9646,"ps":9.7457,"pcf":-73.5712,"iop":-53.9254}