{"code":"002792","atr10":1.981,"close":41.74,"close_count":60,"l_pvalue":0.0,"l_slop":47.238961228,"l_stderror":1.9611395176,"ma120":33.7075833333,"ma250":42.28416,"ma42":35.3107142857,"max10":41.74,"min10":36.23,"name":"通宇通讯","stat_date":"2017-06-30","mc":94.2447,"cmc":29.4501,"pe":50.7177,"pe_lyr":45.0801,"pb":4.9653,"ps":7.2884,"pcf":214.5735,"iop":-13.9139}