{"code":"002797","atr10":0.759,"close":12.08,"close_count":60,"l_pvalue":0.0000000006,"l_slop":44.2325878793,"l_stderror":3.8876248837,"ma120":12.3205833333,"ma250":17.2152,"ma42":10.6595238095,"max10":12.96,"min10":11.28,"name":"第一创业","stat_date":"2017-06-30","mc":423.0899,"cmc":231.7486,"pe":81.3125,"pe_lyr":75.3122,"pb":4.8647,"ps":20.4384,"pcf":-54.8367,"iop":-11.7135}