{"code":"002740","atr10":0.168,"close":9.84,"close_count":60,"l_pvalue":0.0,"l_slop":3.2421180432,"l_stderror":0.1714383225,"ma120":11.7069166667,"ma250":13.87856,"ma42":9.7102380952,"max10":9.84,"min10":9.84,"name":"爱迪尔","stat_date":"2017-06-30","mc":32.5298,"cmc":16.3439,"pe":45.8907,"pe_lyr":56.284,"pb":2.2968,"ps":1.9983,"pcf":9.2838,"iop":-166.8329}