{"code":"002738","atr10":1.115,"close":28.11,"close_count":60,"l_pvalue":8.320016412e-26,"l_slop":70.1430570916,"l_stderror":0.8439087741,"ma120":22.6909166667,"ma250":24.99768,"ma42":24.2169047619,"max10":28.11,"min10":25.6,"name":"中矿资源","stat_date":"2017-06-30","mc":54.0921,"cmc":29.4551,"pe":97.2943,"pe_lyr":101.2833,"pb":8.7628,"ps":11.9657,"pcf":506.3118,"iop":8.0681}