{"code":"002735","atr10":0.786,"close":38.26,"close_count":60,"l_pvalue":0.0000000312,"l_slop":13.7280258119,"l_stderror":1.5361652926,"ma120":38.2744166667,"ma250":42.88416,"ma42":37.9745238095,"max10":39.06,"min10":38.0,"name":"王子新材","stat_date":"2017-06-30","mc":32.2241,"cmc":8.9748,"pe":72.8643,"pe_lyr":86.8304,"pb":5.5918,"ps":6.0644,"pcf":-1154.5168,"iop":49.1558}