{"code":"002758","atr10":0.23,"close":13.09,"close_count":60,"l_pvalue":0.0658822026,"l_slop":2.9297582762,"l_stderror":1.5011878951,"ma120":14.3819166667,"ma250":17.37668,"ma42":13.375,"max10":13.6,"min10":12.99,"name":"华通医药","stat_date":"2017-06-30","mc":27.489,"cmc":16.2464,"pe":62.9837,"pe_lyr":68.4569,"pb":4.8902,"ps":2.0803,"pcf":-55.0826,"iop":38.3351}