{"code":"002712","atr10":0.481,"close":21.29,"close_count":60,"l_pvalue":0.0000241686,"l_slop":-13.669756155,"l_stderror":2.4676259356,"ma120":23.70075,"ma250":27.04076,"ma42":21.4428571429,"max10":21.29,"min10":20.24,"name":"思美传媒","stat_date":"2017-06-30","mc":67.3964,"cmc":34.7244,"pe":30.9532,"pe_lyr":47.6118,"pb":2.7966,"ps":1.7754,"pcf":69.9892,"iop":107.3618}