{"code":"002789","atr10":1.112,"close":45.28,"close_count":60,"l_pvalue":0.0000000003,"l_slop":15.0663564038,"l_stderror":1.258160206,"ma120":48.1750833333,"ma250":63.1924,"ma42":46.0771428571,"max10":48.44,"min10":44.91,"name":"建艺集团","stat_date":"2017-06-30","mc":36.7674,"cmc":16.801,"pe":42.3857,"pe_lyr":44.7007,"pb":3.292,"ps":1.4422,"pcf":31.6176,"iop":-6.8166}