{"code":"002752","atr10":0.21,"close":10.86,"close_count":60,"l_pvalue":0.0000161232,"l_slop":9.8006513764,"l_stderror":1.7114776562,"ma120":11.9246666667,"ma250":13.4366,"ma42":10.9323809524,"max10":11.42,"min10":10.77,"name":"昇兴股份","stat_date":"2017-06-30","mc":90.4834,"cmc":17.3633,"pe":55.8154,"pe_lyr":49.5275,"pb":5.1106,"ps":4.2254,"pcf":-545.959,"iop":12.8785}