{"code":"002774","atr10":0.612,"close":13.07,"close_count":60,"l_pvalue":0.0,"l_slop":55.5711512647,"l_stderror":2.7105656127,"ma120":14.8440833333,"ma250":null,"ma42":13.1838095238,"max10":14.9,"min10":12.93,"name":"快意电梯","stat_date":"2017-06-30","mc":43.7584,"cmc":10.9396,"pe":51.1079,"pe_lyr":44.5246,"pb":4.5691,"ps":5.5682,"pcf":-1481.4979,"iop":-54.5019}