{"code":"002793","atr10":0.435,"close":19.84,"close_count":60,"l_pvalue":0.0000156106,"l_slop":15.2713641745,"l_stderror":2.659860476,"ma120":22.74025,"ma250":28.26892,"ma42":20.5002380952,"max10":21.35,"min10":19.66,"name":"东音股份","stat_date":"2017-06-30","mc":39.68,"cmc":12.9126,"pe":35.1882,"pe_lyr":39.5366,"pb":5.642,"ps":5.4203,"pcf":222.0128,"iop":19.6697}