{"code":"002730","atr10":0.321,"close":14.62,"close_count":60,"l_pvalue":0.0000001237,"l_slop":-3.9505475031,"l_stderror":0.4838708848,"ma120":15.80575,"ma250":18.49152,"ma42":14.62,"max10":14.94,"min10":14.51,"name":"电光科技","stat_date":"2017-06-30","mc":47.1749,"cmc":15.0109,"pe":111.4003,"pe_lyr":122.4172,"pb":5.4622,"ps":6.9053,"pcf":85.4285,"iop":2.0806}