{"code":"002748","atr10":0.531,"close":19.05,"close_count":60,"l_pvalue":0.0001345337,"l_slop":19.138403098,"l_stderror":4.0160797797,"ma120":19.7476666667,"ma250":20.62744,"ma42":20.0328571429,"max10":20.97,"min10":19.05,"name":"世龙实业","stat_date":"2017-06-30","mc":45.72,"cmc":15.5467,"pe":24.4371,"pe_lyr":43.6767,"pb":4.0452,"ps":3.8636,"pcf":262.6752,"iop":174.7101}