{"code":"002733","atr10":1.548,"close":20.23,"close_count":60,"l_pvalue":0.0,"l_slop":86.8154487066,"l_stderror":4.3684252509,"ma120":17.1161666667,"ma250":19.6424,"ma42":17.494047619,"max10":20.48,"min10":19.3,"name":"雄韬股份","stat_date":"2017-06-30","mc":70.8279,"cmc":32.5089,"pe":58.4411,"pe_lyr":58.9988,"pb":3.2034,"ps":2.6694,"pcf":9.7464,"iop":3.1966}