{"code":"002763","atr10":0.429,"close":17.5,"close_count":60,"l_pvalue":0.0000000984,"l_slop":35.3108962776,"l_stderror":4.2595835008,"ma120":16.6114166667,"ma250":17.56004,"ma42":17.609047619,"max10":18.74,"min10":17.3,"name":"汇洁股份","stat_date":"2017-06-30","mc":68.04,"cmc":20.3805,"pe":28.2553,"pe_lyr":37.1152,"pb":3.9685,"ps":3.2654,"pcf":22.0214,"iop":68.6649}