{"code":"002737","atr10":0.719,"close":34.19,"close_count":60,"l_pvalue":0.0,"l_slop":45.1157443528,"l_stderror":2.5187144191,"ma120":31.0203333333,"ma250":33.06624,"ma42":31.6402380952,"max10":34.35,"min10":33.35,"name":"葵花药业","stat_date":"2017-06-30","mc":99.8348,"cmc":41.4937,"pe":30.3976,"pe_lyr":32.9471,"pb":3.6703,"ps":2.6376,"pcf":24.3687,"iop":147.4332}