{"code":"002700","atr10":0.162,"close":10.71,"close_count":60,"l_pvalue":0.00111886,"l_slop":4.0407475235,"l_stderror":1.0538636649,"ma120":11.1184166667,"ma250":12.46876,"ma42":10.850952381,"max10":11.01,"min10":10.67,"name":"新疆浩源","stat_date":"2017-06-30","mc":45.2419,"cmc":33.5323,"pe":58.6612,"pe_lyr":56.5133,"pb":4.9022,"ps":13.4029,"pcf":25.2145,"iop":-1.4638}