{"code":"002799","atr10":1.161,"close":22.6,"close_count":60,"l_pvalue":1.224064932e-16,"l_slop":71.8613153083,"l_stderror":2.6548650714,"ma120":20.5746666667,"ma250":27.77532,"ma42":20.055952381,"max10":23.6,"min10":20.99,"name":"环球印务","stat_date":"2017-06-30","mc":33.9,"cmc":17.3738,"pe":143.1471,"pe_lyr":126.5115,"pb":6.6594,"ps":8.1183,"pcf":-21.1499,"iop":-27.4567}