{"code":"002759","atr10":0.784,"close":27.66,"close_count":60,"l_pvalue":0.0000002207,"l_slop":19.0570558505,"l_stderror":2.4268794877,"ma120":26.5525833333,"ma250":26.83884,"ma42":27.525,"max10":29.2,"min10":27.19,"name":"天际股份","stat_date":"2017-06-30","mc":125.073,"cmc":26.5536,"pe":67.6286,"pe_lyr":162.4135,"pb":3.6285,"ps":16.6529,"pcf":176.5607,"iop":509.7654}