{"code":"002703","atr10":0.456,"close":11.86,"close_count":60,"l_pvalue":0.0000000004,"l_slop":28.4083673958,"l_stderror":2.4135836059,"ma120":10.82425,"ma250":13.06852,"ma42":11.8757142857,"max10":12.48,"min10":11.69,"name":"浙江世宝","stat_date":"2017-06-30","mc":73.4147,"cmc":41.075,"pe":145.5686,"pe_lyr":147.5122,"pb":6.4585,"ps":8.1362,"pcf":-429.7134,"iop":11.0338}