{"code":"002749","atr10":1.148,"close":67.4,"close_count":60,"l_pvalue":0.0,"l_slop":18.4403973923,"l_stderror":1.2912388481,"ma120":67.0084166667,"ma250":75.94228,"ma42":65.0626190476,"max10":67.55,"min10":66.18,"name":"国光股份","stat_date":"2017-06-30","mc":50.55,"cmc":12.6375,"pe":31.4631,"pe_lyr":36.3025,"pb":6.3508,"ps":7.6375,"pcf":-3204.0037,"iop":20.918}