{"code":"002781","atr10":0.946,"close":29.44,"close_count":60,"l_pvalue":1.0,"l_slop":0.0,"l_stderror":0.0,"ma120":32.60375,"ma250":37.459,"ma42":30.1880952381,"max10":29.44,"min10":29.44,"name":"奇信股份","stat_date":"2017-06-30","mc":66.1275,"cmc":27.169,"pe":56.0033,"pe_lyr":60.8055,"pb":3.9168,"ps":1.9594,"pcf":-116.9253,"iop":15.1065}