{"code":"002702","atr10":0.257,"close":6.97,"close_count":60,"l_pvalue":0.000013487,"l_slop":13.0668244503,"l_stderror":2.2492492027,"ma120":7.9348333333,"ma250":9.37308,"ma42":6.9538095238,"max10":7.33,"min10":6.94,"name":"海欣食品","stat_date":"2017-06-30","mc":35.3171,"cmc":22.3709,"pe":-257.2216,"pe_lyr":270.1822,"pb":4.5589,"ps":3.9051,"pcf":-86.1182,"iop":-529.1647}