{"code":"002772","atr10":0.194,"close":12.81,"close_count":60,"l_pvalue":0.0000026486,"l_slop":10.5180048669,"l_stderror":1.5971358132,"ma120":13.3221666667,"ma250":17.03752,"ma42":12.9276190476,"max10":13.3,"min10":12.72,"name":"众兴菌业","stat_date":"2017-06-30","mc":47.8237,"cmc":27.6001,"pe":32.4857,"pe_lyr":30.1707,"pb":2.0415,"ps":7.4783,"pcf":78.3091,"iop":184.9429}