{"code":"002790","atr10":0.54,"close":31.2,"close_count":60,"l_pvalue":0.0003888536,"l_slop":9.7403614903,"l_stderror":2.2666781657,"ma120":32.562,"ma250":39.496,"ma42":31.6592857143,"max10":32.69,"min10":31.11,"name":"瑞尔特","stat_date":"2017-06-30","mc":49.92,"cmc":12.48,"pe":27.7718,"pe_lyr":28.3383,"pb":3.6285,"ps":5.8198,"pcf":37.311,"iop":-2.261}