{"code":"002736","atr10":0.215,"close":13.59,"close_count":60,"l_pvalue":0.7535734465,"l_slop":0.4290020609,"l_stderror":1.3469068979,"ma120":13.6355,"ma250":14.78168,"ma42":14.0104761905,"max10":14.22,"min10":13.59,"name":"国信证券","stat_date":"2017-06-30","mc":1114.38,"cmc":298.3086,"pe":25.4832,"pe_lyr":24.4588,"pb":2.5275,"ps":9.2606,"pcf":-4.537,"iop":-17.2943}