{"code":"002742","atr10":1.42,"close":17.3,"close_count":60,"l_pvalue":0.0,"l_slop":104.554598475,"l_stderror":6.1012128086,"ma120":14.0589166667,"ma250":12.7946,"ma42":15.9861904762,"max10":19.6,"min10":16.76,"name":"三圣股份","stat_date":"2017-06-30","mc":74.736,"cmc":24.6533,"pe":40.679,"pe_lyr":63.3814,"pb":5.3458,"ps":4.7618,"pcf":126.0848,"iop":163.0869}