{"code":"002750","atr10":0.362,"close":11.76,"close_count":60,"l_pvalue":7.230308567e-16,"l_slop":19.834527287,"l_stderror":0.8066229884,"ma120":11.8635,"ma250":14.04804,"ma42":11.0445238095,"max10":11.9,"min10":11.27,"name":"龙津药业","stat_date":"2017-06-30","mc":47.0988,"cmc":26.46,"pe":58.4148,"pe_lyr":51.7374,"pb":7.4314,"ps":17.9676,"pcf":-51.8198,"iop":-49.1599}