{"code":"002709","atr10":2.716,"close":53.44,"close_count":60,"l_pvalue":0.0,"l_slop":82.1971219268,"l_stderror":3.7355617225,"ma120":43.7870833333,"ma250":46.7248,"ma42":47.4295238095,"max10":54.97,"min10":50.36,"name":"天赐材料","stat_date":"2017-06-30","mc":181.6757,"cmc":100.0184,"pe":47.746,"pe_lyr":45.8397,"pb":7.7545,"ps":9.2153,"pcf":2482.1438,"iop":-10.8246}