{"code":"002728","atr10":0.206,"close":19.99,"close_count":60,"l_pvalue":0.02189355,"l_slop":-3.4519408236,"l_stderror":1.3826182236,"ma120":21.4578333333,"ma250":24.55488,"ma42":20.3538095238,"max10":20.32,"min10":19.95,"name":"台城制药","stat_date":"2017-06-30","mc":39.98,"cmc":23.7236,"pe":37.9751,"pe_lyr":42.1832,"pb":4.3878,"ps":5.8775,"pcf":401.3917,"iop":44.6964}