{"code":"002756","atr10":0.661,"close":28.2,"close_count":60,"l_pvalue":1.0,"l_slop":0.0,"l_stderror":0.0,"ma120":28.5185833333,"ma250":26.86548,"ma42":27.6004761905,"max10":28.2,"min10":28.2,"name":"永兴特钢","stat_date":"2017-06-30","mc":101.52,"cmc":39.4604,"pe":35.2739,"pe_lyr":40.0308,"pb":3.1864,"ps":2.8006,"pcf":110.9344,"iop":28.4299}