{"code":"002783","atr10":0.768,"close":23.61,"close_count":60,"l_pvalue":0.0000000095,"l_slop":16.8505906766,"l_stderror":1.7478369607,"ma120":24.4355,"ma250":29.87284,"ma42":23.3102380952,"max10":24.33,"min10":22.48,"name":"凯龙股份","stat_date":"2017-06-30","mc":49.2682,"cmc":25.2639,"pe":39.6946,"pe_lyr":45.2917,"pb":3.6474,"ps":4.2777,"pcf":10.6328,"iop":40.0062}