{"code":"002769","atr10":0.586,"close":18.29,"close_count":60,"l_pvalue":0.0,"l_slop":33.3464319554,"l_stderror":1.5272183256,"ma120":16.8108333333,"ma250":19.85804,"ma42":17.9480952381,"max10":19.25,"min10":18.08,"name":"普路通","stat_date":"2017-06-30","mc":68.8643,"cmc":34.8291,"pe":40.222,"pe_lyr":36.0719,"pb":5.4042,"ps":1.6036,"pcf":28.6613,"iop":9.6282}