{"code":"002859","atr10":3.109,"close":38.65,"close_count":60,"l_pvalue":0.0000000033,"l_slop":89.172856663,"l_stderror":8.671606264,"ma120":31.8255833333,"ma250":null,"ma42":37.919047619,"max10":44.88,"min10":37.73,"name":"洁美科技","stat_date":"2017-06-30","mc":98.8281,"cmc":22.4943,"pe":59.8929,"pe_lyr":71.554,"pb":8.0327,"ps":11.4723,"pcf":66.5824,"iop":62.1679}