{"code":"002826","atr10":1.082,"close":21.25,"close_count":60,"l_pvalue":0.0,"l_slop":43.4087531975,"l_stderror":2.4926178431,"ma120":21.3618333333,"ma250":null,"ma42":20.0571428571,"max10":23.2,"min10":20.96,"name":"易明医药","stat_date":"2017-06-30","mc":40.3155,"cmc":10.0789,"pe":77.3625,"pe_lyr":72.8263,"pb":7.1306,"ps":9.1334,"pcf":39.7997,"iop":-11.8882}