{"code":"002852","atr10":1.715,"close":73.99,"close_count":60,"l_pvalue":0.0000000032,"l_slop":43.3355078227,"l_stderror":4.2021926743,"ma120":78.9054166667,"ma250":null,"ma42":72.7816666667,"max10":77.82,"min10":73.99,"name":"道道全","stat_date":"2017-06-30","mc":73.99,"cmc":18.4975,"pe":43.2266,"pe_lyr":35.964,"pb":4.0003,"ps":2.5547,"pcf":-164.1254,"iop":-49.324}