{"code":"002817","atr10":1.656,"close":37.09,"close_count":60,"l_pvalue":0.0,"l_slop":45.6132011751,"l_stderror":2.3542796513,"ma120":37.9895,"ma250":null,"ma42":35.2338095238,"max10":41.68,"min10":35.29,"name":"黄山胶囊","stat_date":"2017-06-30","mc":32.1459,"cmc":8.0374,"pe":68.1892,"pe_lyr":61.4823,"pb":4.9678,"ps":11.0705,"pcf":28.283,"iop":-18.8505}