{"code":"002886","atr10":1.841,"close":38.6,"close_count":60,"l_pvalue":0.0000000012,"l_slop":35.8145164835,"l_stderror":3.2649922497,"ma120":null,"ma250":null,"ma42":33.8911904762,"max10":38.6,"min10":35.4,"name":"沃特股份","stat_date":"2017-06-30","mc":30.2746,"cmc":7.5687,"pe":53.0788,"pe_lyr":54.8867,"pb":5.0143,"ps":4.6154,"pcf":13.7773,"iop":null}