{"code":"002884","atr10":1.415,"close":56.14,"close_count":57,"l_pvalue":0.0000004491,"l_slop":10.7922269183,"l_stderror":1.4430389562,"ma120":null,"ma250":null,"ma42":54.3004761905,"max10":56.14,"min10":53.85,"name":"凌霄泵业","stat_date":"2017-06-30","mc":43.4917,"cmc":10.8743,"pe":28.4916,"pe_lyr":28.9767,"pb":3.9806,"ps":4.9605,"pcf":-562.867,"iop":null}