{"code":"002809","atr10":1.233,"close":36.19,"close_count":60,"l_pvalue":0.0,"l_slop":-22.4299525238,"l_stderror":1.5554700552,"ma120":41.4458333333,"ma250":null,"ma42":40.4154761905,"max10":40.7,"min10":36.0,"name":"红墙股份","stat_date":"2017-06-30","mc":43.428,"cmc":21.7707,"pe":60.4245,"pe_lyr":65.6646,"pb":4.8157,"ps":8.2838,"pcf":40.4719,"iop":12.2744}