{"code":"002821","atr10":1.106,"close":61.16,"close_count":60,"l_pvalue":0.0000838767,"l_slop":3.5793444807,"l_stderror":0.7193202818,"ma120":65.7379166667,"ma250":null,"ma42":60.6947619048,"max10":61.5,"min10":59.83,"name":"凯莱英","stat_date":"2017-06-30","mc":140.7357,"cmc":27.9666,"pe":48.779,"pe_lyr":55.685,"pb":7.6705,"ps":11.8845,"pcf":18.8419,"iop":24.2757}