{"code":"002878","atr10":1.826,"close":41.29,"close_count":60,"l_pvalue":0.0000000048,"l_slop":58.3861714355,"l_stderror":5.8021248837,"ma120":null,"ma250":null,"ma42":38.3921428571,"max10":43.39,"min10":40.63,"name":"元隆雅图","stat_date":"2017-06-30","mc":31.1161,"cmc":7.779,"pe":55.1907,"pe_lyr":61.9218,"pb":6.4397,"ps":4.2883,"pcf":13.6979,"iop":null}