{"code":"002875","atr10":0.79,"close":32.15,"close_count":60,"l_pvalue":0.0000015759,"l_slop":-5.5524693088,"l_stderror":0.8116036077,"ma120":null,"ma250":null,"ma42":32.854047619,"max10":33.01,"min10":31.7,"name":"安奈儿","stat_date":"2017-06-30","mc":32.15,"cmc":8.0375,"pe":38.5695,"pe_lyr":40.6358,"pb":4.1857,"ps":3.3115,"pcf":8.7169,"iop":null}