{"code":"002816","atr10":1.1,"close":31.1,"close_count":60,"l_pvalue":0.0000209683,"l_slop":-9.9114870087,"l_stderror":1.7683388936,"ma120":37.9453333333,"ma250":null,"ma42":32.844047619,"max10":32.86,"min10":31.1,"name":"和科达","stat_date":"2017-06-30","mc":31.1,"cmc":7.775,"pe":117.9335,"pe_lyr":102.9117,"pb":6.0886,"ps":8.646,"pcf":27.6499,"iop":-35.2587}