{"code":"002808","atr10":0.755,"close":17.15,"close_count":60,"l_pvalue":0.0000362008,"l_slop":-12.8854436203,"l_stderror":2.40624893,"ma120":18.3869166667,"ma250":23.37136,"ma42":16.6573809524,"max10":17.74,"min10":15.68,"name":"苏州恒久","stat_date":"2017-06-30","mc":32.928,"cmc":15.0655,"pe":80.0723,"pe_lyr":80.2199,"pb":6.2494,"ps":11.0018,"pcf":59.7991,"iop":-7.2717}