{"code":"002841","atr10":1.519,"close":71.66,"close_count":60,"l_pvalue":0.0000000004,"l_slop":18.0117449171,"l_stderror":1.5405713101,"ma120":71.9294166667,"ma250":null,"ma42":70.3526190476,"max10":74.1,"min10":71.26,"name":"视源股份","stat_date":"2017-06-30","mc":291.1635,"cmc":29.0223,"pe":40.0091,"pe_lyr":39.2427,"pb":13.0225,"ps":3.3946,"pcf":47.6907,"iop":-8.5651}