{"code":"002883","atr10":2.456,"close":50.38,"close_count":60,"l_pvalue":0.0,"l_slop":47.6607091981,"l_stderror":2.3554695857,"ma120":null,"ma250":null,"ma42":48.1828571429,"max10":54.68,"min10":49.8,"name":"中设股份","stat_date":"2017-06-30","mc":26.8694,"cmc":6.7174,"pe":55.7152,"pe_lyr":66.3215,"pb":7.6326,"ps":12.3654,"pcf":14.3398,"iop":null}