{"code":"002803","atr10":0.962,"close":35.72,"close_count":60,"l_pvalue":2.484138519e-16,"l_slop":18.4268211889,"l_stderror":0.7072775472,"ma120":37.1519166667,"ma250":null,"ma42":34.0871428571,"max10":36.0,"min10":35.0,"name":"吉宏股份","stat_date":"2017-06-30","mc":41.4352,"cmc":16.4312,"pe":92.9592,"pe_lyr":96.3696,"pb":9.3634,"ps":6.0412,"pcf":397.1306,"iop":-3.6611}