{"code":"002865","atr10":0.978,"close":23.0,"close_count":60,"l_pvalue":0.0,"l_slop":24.4798192903,"l_stderror":1.1823288432,"ma120":null,"ma250":null,"ma42":22.8495238095,"max10":25.07,"min10":22.86,"name":"钧达股份","stat_date":"2017-06-30","mc":27.6,"cmc":6.9,"pe":48.8327,"pe_lyr":49.5035,"pb":3.4808,"ps":2.7516,"pcf":106.3567,"iop":27.1379}