{"code":"002882","atr10":0.924,"close":15.69,"close_count":53,"l_pvalue":0.0000001492,"l_slop":33.0386839879,"l_stderror":4.0977518025,"ma120":null,"ma250":null,"ma42":15.8028571429,"max10":17.96,"min10":15.63,"name":"金龙羽","stat_date":"2017-06-30","mc":66.6825,"cmc":12.552,"pe":46.9958,"pe_lyr":56.5169,"pb":5.2574,"ps":3.3591,"pcf":14.8966,"iop":100.3331}