{"code":"002818","atr10":0.691,"close":37.02,"close_count":60,"l_pvalue":0.0000009522,"l_slop":8.2650127808,"l_stderror":1.1650918951,"ma120":38.6853333333,"ma250":null,"ma42":37.1133333333,"max10":38.58,"min10":36.8,"name":"富森美","stat_date":"2017-06-30","mc":162.888,"cmc":16.2888,"pe":26.9553,"pe_lyr":29.2979,"pb":4.1464,"ps":13.2207,"pcf":27.9518,"iop":24.6747}