{"code":"002858","atr10":1.492,"close":48.58,"close_count":60,"l_pvalue":0.0,"l_slop":30.2487436171,"l_stderror":1.866335268,"ma120":47.0931666667,"ma250":null,"ma42":43.4466666667,"max10":48.58,"min10":44.49,"name":"力盛赛车","stat_date":"2017-06-30","mc":30.6831,"cmc":7.6756,"pe":91.3879,"pe_lyr":93.9071,"pb":8.6114,"ps":12.2485,"pcf":19.421,"iop":-58.104}