{"code":"002838","atr10":1.174,"close":39.13,"close_count":60,"l_pvalue":1.03199019e-16,"l_slop":30.9837564582,"l_stderror":1.1341864914,"ma120":38.5195,"ma250":null,"ma42":37.6916666667,"max10":40.16,"min10":38.31,"name":"道恩股份","stat_date":"2017-06-30","mc":49.3038,"cmc":12.326,"pe":58.7222,"pe_lyr":62.1573,"pb":6.2491,"ps":5.5208,"pcf":149.8177,"iop":17.8862}