{"code":"002857","atr10":1.131,"close":31.6,"close_count":60,"l_pvalue":0.0015221094,"l_slop":10.6326336675,"l_stderror":2.8742147691,"ma120":null,"ma250":null,"ma42":30.9261904762,"max10":32.14,"min10":30.6,"name":"三晖电气","stat_date":"2017-06-30","mc":25.28,"cmc":6.32,"pe":61.5215,"pe_lyr":63.0769,"pb":6.4371,"ps":11.4705,"pcf":24.3225,"iop":84.5017}