{"code":"002823","atr10":0.634,"close":17.16,"close_count":60,"l_pvalue":0.000002276,"l_slop":10.3269990957,"l_stderror":1.5506479746,"ma120":21.2325833333,"ma250":null,"ma42":17.5283333333,"max10":18.24,"min10":17.15,"name":"凯中精密","stat_date":"2017-06-30","mc":49.8206,"cmc":12.2568,"pe":33.0471,"pe_lyr":38.7099,"pb":4.5418,"ps":3.8827,"pcf":25.2458,"iop":35.6708}