{"code":"002836","atr10":0.785,"close":29.2,"close_count":60,"l_pvalue":0.0,"l_slop":-19.0668660078,"l_stderror":0.893653654,"ma120":34.0155,"ma250":null,"ma42":31.3119047619,"max10":30.8,"min10":29.1,"name":"新宏泽","stat_date":"2017-06-30","mc":46.72,"cmc":11.68,"pe":89.0907,"pe_lyr":92.863,"pb":11.7464,"ps":17.8178,"pcf":104.7117,"iop":66.5143}