{"code":"002879","atr10":1.237,"close":37.0,"close_count":59,"l_pvalue":4.09128097e-16,"l_slop":43.134669495,"l_stderror":1.7009138158,"ma120":null,"ma250":null,"ma42":32.6692857143,"max10":37.3,"min10":34.17,"name":"长缆科技","stat_date":"2017-06-30","mc":51.0356,"cmc":12.95,"pe":42.736,"pe_lyr":44.2959,"pb":3.7995,"ps":8.7619,"pcf":7.1187,"iop":23.5379}