{"code":"002807","atr10":0.203,"close":9.97,"close_count":60,"l_pvalue":4.989932429e-21,"l_slop":-52.8896055009,"l_stderror":1.1386719094,"ma120":13.6165,"ma250":13.56092,"ma42":11.4226190476,"max10":10.73,"min10":9.87,"name":"江阴银行","stat_date":"2017-06-30","mc":176.2052,"cmc":71.456,"pe":22.925,"pe_lyr":22.6506,"pb":2.0297,"ps":7.1658,"pcf":2.1762,"iop":-30.6432}