{"code":"002889","atr10":1.306,"close":33.1,"close_count":43,"l_pvalue":0.0000000604,"l_slop":44.9037912354,"l_stderror":5.2452167714,"ma120":null,"ma250":null,"ma42":32.5657142857,"max10":35.3,"min10":32.7,"name":"东方嘉盛","stat_date":"2017-06-30","mc":45.7116,"cmc":11.4294,"pe":40.7539,"pe_lyr":50.4715,"pb":3.6612,"ps":0.5481,"pcf":37.6052,"iop":null}