{"code":"002813","atr10":2.946,"close":43.61,"close_count":60,"l_pvalue":1.593085844e-21,"l_slop":102.988392945,"l_stderror":2.0869537731,"ma120":34.7124166667,"ma250":null,"ma42":36.7885714286,"max10":45.87,"min10":39.54,"name":"路畅科技","stat_date":"2017-06-30","mc":52.332,"cmc":13.083,"pe":167.6228,"pe_lyr":128.2876,"pb":8.0421,"ps":6.9353,"pcf":-78.15,"iop":-39.281}