{"code":"002802","atr10":1.287,"close":36.3,"close_count":60,"l_pvalue":0.000104087,"l_slop":13.6107902492,"l_stderror":2.7893256746,"ma120":42.7835,"ma250":51.70556,"ma42":38.5095238095,"max10":40.04,"min10":36.3,"name":"洪汇新材","stat_date":"2017-06-30","mc":39.204,"cmc":13.4563,"pe":59.6135,"pe_lyr":74.5039,"pb":7.0843,"ps":11.4048,"pcf":-14.8623,"iop":47.9314}