{"code":"002866","atr10":1.084,"close":31.04,"close_count":60,"l_pvalue":0.0000002372,"l_slop":16.4314217791,"l_stderror":2.1028000883,"ma120":null,"ma250":null,"ma42":28.8680952381,"max10":31.04,"min10":28.75,"name":"传艺科技","stat_date":"2017-06-30","mc":44.5817,"cmc":11.1454,"pe":46.3543,"pe_lyr":49.5302,"pb":5.2207,"ps":7.2259,"pcf":9.9537,"iop":-37.3856}