{"code":"002825","atr10":1.043,"close":33.14,"close_count":60,"l_pvalue":0.0,"l_slop":48.7337785312,"l_stderror":3.358950697,"ma120":34.1619166667,"ma250":null,"ma42":31.5595238095,"max10":34.08,"min10":32.68,"name":"纳尔股份","stat_date":"2017-06-30","mc":33.2427,"cmc":8.285,"pe":63.3176,"pe_lyr":51.2077,"pb":5.9137,"ps":5.6918,"pcf":21.1614,"iop":-54.2528}