{"code":"002856","atr10":1.958,"close":30.9,"close_count":60,"l_pvalue":0.0002821105,"l_slop":7.5547214218,"l_stderror":1.7021956414,"ma120":null,"ma250":null,"ma42":33.2016666667,"max10":34.95,"min10":30.55,"name":"美芝股份","stat_date":"2017-06-30","mc":31.3141,"cmc":7.8301,"pe":63.4028,"pe_lyr":60.0832,"pb":4.9434,"ps":3.7203,"pcf":21.0974,"iop":-21.3237}