{"code":"002820","atr10":0.711,"close":30.83,"close_count":60,"l_pvalue":0.0000030446,"l_slop":12.6754139188,"l_stderror":1.9447962515,"ma120":34.6266666667,"ma250":null,"ma42":31.494047619,"max10":33.26,"min10":30.32,"name":"桂发祥","stat_date":"2017-06-30","mc":39.4624,"cmc":9.8656,"pe":42.853,"pe_lyr":43.0029,"pb":3.9609,"ps":8.4051,"pcf":-31.9611,"iop":-0.7795}