{"code":"002881","atr10":2.543,"close":37.35,"close_count":60,"l_pvalue":0.0,"l_slop":85.6394062658,"l_stderror":5.2102357739,"ma120":null,"ma250":null,"ma42":28.6695238095,"max10":39.2,"min10":30.46,"name":"美格智能","stat_date":"2017-06-30","mc":39.8412,"cmc":9.9612,"pe":80.7381,"pe_lyr":85.2887,"pb":8.7817,"ps":7.7089,"pcf":17.339,"iop":-20.3672}