{"code":"002867","atr10":0.354,"close":28.35,"close_count":60,"l_pvalue":0.0046921557,"l_slop":3.7110682081,"l_stderror":1.1589519846,"ma120":null,"ma250":null,"ma42":28.5280952381,"max10":29.16,"min10":28.28,"name":"周大生","stat_date":"2017-06-30","mc":135.4705,"cmc":21.787,"pe":28.4169,"pe_lyr":31.7506,"pb":4.897,"ps":4.1977,"pcf":10.0696,"iop":47.6366}