{"code":"002861","atr10":1.762,"close":37.13,"close_count":60,"l_pvalue":0.0000069193,"l_slop":24.8593172509,"l_stderror":4.0598455456,"ma120":null,"ma250":null,"ma42":33.2738095238,"max10":37.13,"min10":33.65,"name":"瀛通通讯","stat_date":"2017-06-30","mc":45.5579,"cmc":11.3915,"pe":38.1304,"pe_lyr":43.7407,"pb":4.5544,"ps":6.1654,"pcf":22.4464,"iop":43.8646}