{"code":"002843","atr10":0.928,"close":22.96,"close_count":60,"l_pvalue":0.0000001096,"l_slop":35.2214011521,"l_stderror":4.2792879027,"ma120":32.8430833333,"ma250":null,"ma42":23.805952381,"max10":26.06,"min10":22.76,"name":"泰嘉股份","stat_date":"2017-06-30","mc":32.144,"cmc":8.036,"pe":73.0623,"pe_lyr":78.1097,"pb":5.5429,"ps":11.6258,"pcf":184.2011,"iop":46.6686}