{"code":"002815","atr10":0.809,"close":31.69,"close_count":60,"l_pvalue":0.0,"l_slop":19.0778533981,"l_stderror":0.93492791,"ma120":32.4508333333,"ma250":null,"ma42":31.095952381,"max10":33.37,"min10":31.15,"name":"崇达技术","stat_date":"2017-06-30","mc":129.929,"cmc":15.845,"pe":32.87,"pe_lyr":34.5783,"pb":6.1125,"ps":4.8307,"pcf":79.9544,"iop":8.1471}