{"code":"002833","atr10":2.034,"close":63.0,"close_count":60,"l_pvalue":0.0,"l_slop":24.5490059516,"l_stderror":1.7807877835,"ma120":55.1393333333,"ma250":null,"ma42":55.9169047619,"max10":63.0,"min10":56.7,"name":"弘亚数控","stat_date":"2017-06-30","mc":85.1917,"cmc":21.0168,"pe":39.8058,"pe_lyr":54.9172,"pb":9.9094,"ps":12.1333,"pcf":-319.9155,"iop":74.4285}