{"code":"002805","atr10":2.557,"close":39.08,"close_count":60,"l_pvalue":1.022899383e-17,"l_slop":93.8514735577,"l_stderror":3.0340631101,"ma120":35.2341666667,"ma250":43.63692,"ma42":35.8023809524,"max10":41.5,"min10":36.69,"name":"丰元股份","stat_date":"2017-06-30","mc":37.8739,"cmc":20.9681,"pe":169.8589,"pe_lyr":166.7201,"pb":6.9994,"ps":14.002,"pcf":141.9774,"iop":4.9535}