{"code":"002800","atr10":1.139,"close":36.98,"close_count":60,"l_pvalue":0.0000000008,"l_slop":21.4581087839,"l_stderror":1.9077845715,"ma120":39.7190833333,"ma250":54.25308,"ma42":36.1754761905,"max10":39.13,"min10":36.36,"name":"天顺股份","stat_date":"2017-06-30","mc":27.6167,"cmc":12.8838,"pe":67.6078,"pe_lyr":77.9367,"pb":6.6226,"ps":3.2513,"pcf":-129.9828,"iop":93.4561}