{"code":"002871","atr10":1.04,"close":40.15,"close_count":60,"l_pvalue":0.0000000001,"l_slop":19.4576417201,"l_stderror":1.519377945,"ma120":null,"ma250":null,"ma42":39.4914285714,"max10":41.7,"min10":39.88,"name":"伟隆股份","stat_date":"2017-06-30","mc":27.302,"cmc":6.8255,"pe":45.3848,"pe_lyr":52.0628,"pb":5.2505,"ps":9.7551,"pcf":91.1526,"iop":51.1059}