{"code":"002868","atr10":0.6,"close":26.75,"close_count":60,"l_pvalue":0.000003196,"l_slop":12.2421840708,"l_stderror":1.8851504783,"ma120":null,"ma250":null,"ma42":26.6952380952,"max10":27.8,"min10":26.44,"name":"绿康生化","stat_date":"2017-06-30","mc":32.1,"cmc":8.025,"pe":40.7639,"pe_lyr":34.755,"pb":4.8895,"ps":8.8151,"pcf":67.0763,"iop":-32.7842}