{"code":"002869","atr10":1.864,"close":42.19,"close_count":60,"l_pvalue":0.0000000073,"l_slop":11.7120728061,"l_stderror":1.1948038314,"ma120":null,"ma250":null,"ma42":38.5538095238,"max10":42.3,"min10":38.32,"name":"金溢科技","stat_date":"2017-06-30","mc":49.6998,"cmc":12.4545,"pe":40.2081,"pe_lyr":40.8572,"pb":4.9159,"ps":7.442,"pcf":8.2826,"iop":1860.6411}