{"code":"002876","atr10":4.082,"close":74.0,"close_count":60,"l_pvalue":1.249960731e-16,"l_slop":93.2570966267,"l_stderror":3.4492090937,"ma120":null,"ma250":null,"ma42":64.3371428571,"max10":77.33,"min10":73.35,"name":"三利谱","stat_date":"2017-06-30","mc":59.2,"cmc":14.7808,"pe":72.0794,"pe_lyr":81.2983,"pb":7.1647,"ps":7.2241,"pcf":13.5514,"iop":null}