{"code":"002839","atr10":0.394,"close":13.41,"close_count":60,"l_pvalue":0.0052083487,"l_slop":-6.2586728558,"l_stderror":1.9834309879,"ma120":16.0255833333,"ma250":null,"ma42":14.560952381,"max10":14.84,"min10":13.36,"name":"张家港行","stat_date":"2017-06-30","mc":242.3893,"cmc":24.2399,"pe":34.2363,"pe_lyr":35.1559,"pb":3.0397,"ps":9.9161,"pcf":-2.8531,"iop":-0.5997}