{"code":"002847","atr10":2.544,"close":44.4,"close_count":60,"l_pvalue":5.55007228e-17,"l_slop":138.661398169,"l_stderror":4.9090342344,"ma120":38.7075833333,"ma250":null,"ma42":33.6864285714,"max10":44.4,"min10":41.29,"name":"盐津铺子","stat_date":"2017-06-30","mc":55.056,"cmc":13.764,"pe":68.4533,"pe_lyr":64.2754,"pb":9.642,"ps":7.6323,"pcf":22.1713,"iop":-31.869}