{"code":"002832","atr10":1.249,"close":51.5,"close_count":60,"l_pvalue":0.0,"l_slop":12.9973120386,"l_stderror":0.7460429258,"ma120":54.4205,"ma250":null,"ma42":51.3333333333,"max10":53.31,"min10":50.97,"name":"比音勒芬","stat_date":"2017-06-30","mc":54.935,"cmc":13.735,"pe":37.2711,"pe_lyr":41.4303,"pb":4.1459,"ps":5.9196,"pcf":9.2015,"iop":23.0075}