{"code":"002811","atr10":1.376,"close":30.0,"close_count":60,"l_pvalue":0.0000000001,"l_slop":34.129368099,"l_stderror":2.7496093119,"ma120":28.4409166667,"ma250":33.89396,"ma42":26.6314285714,"max10":30.0,"min10":26.65,"name":"亚泰国际","stat_date":"2017-06-30","mc":54.0,"cmc":13.5,"pe":71.4916,"pe_lyr":66.7275,"pb":4.499,"ps":3.3863,"pcf":18.7753,"iop":-5.8672}