{"code":"002860","atr10":1.505,"close":43.86,"close_count":60,"l_pvalue":0.0,"l_slop":26.651730667,"l_stderror":1.1411090762,"ma120":null,"ma250":null,"ma42":43.1423809524,"max10":46.4,"min10":43.35,"name":"星帅尔","stat_date":"2017-06-30","mc":33.3242,"cmc":6.6667,"pe":42.8759,"pe_lyr":45.1933,"pb":5.651,"ps":10.9901,"pcf":12.8347,"iop":3.6851}