{"code":"002827","atr10":0.919,"close":25.88,"close_count":60,"l_pvalue":0.0000000308,"l_slop":19.3309482077,"l_stderror":2.1615424808,"ma120":26.544,"ma250":null,"ma42":26.5161904762,"max10":28.48,"min10":25.47,"name":"高争民爆","stat_date":"2017-06-30","mc":47.6192,"cmc":11.9048,"pe":38.1481,"pe_lyr":43.1581,"pb":6.3052,"ps":9.7069,"pcf":17.069,"iop":29.5363}