{"code":"002845","atr10":4.646,"close":80.42,"close_count":60,"l_pvalue":0.0,"l_slop":122.813166207,"l_stderror":7.2464904789,"ma120":69.15775,"ma250":null,"ma42":72.4742857143,"max10":87.12,"min10":77.59,"name":"同兴达","stat_date":"2017-06-30","mc":80.962,"cmc":19.3008,"pe":54.8462,"pe_lyr":82.9123,"pb":7.809,"ps":2.346,"pcf":54.3313,"iop":420.7916}