{"code":"002801","atr10":0.924,"close":38.58,"close_count":60,"l_pvalue":0.0000000001,"l_slop":22.9897447432,"l_stderror":1.8456173261,"ma120":41.2575,"ma250":56.31628,"ma42":38.1885714286,"max10":40.59,"min10":38.33,"name":"微光股份","stat_date":"2017-06-30","mc":45.6575,"cmc":11.358,"pe":42.1075,"pe_lyr":45.6858,"pb":5.8158,"ps":8.9374,"pcf":-24.648,"iop":22.0973}