{"code":"002840","atr10":0.918,"close":28.28,"close_count":60,"l_pvalue":2.507535826e-19,"l_slop":36.4242660889,"l_stderror":0.9657937854,"ma120":26.0005833333,"ma250":null,"ma42":26.5638095238,"max10":28.47,"min10":27.63,"name":"华统股份","stat_date":"2017-06-30","mc":50.5269,"cmc":12.6317,"pe":44.2205,"pe_lyr":54.8101,"pb":4.6205,"ps":1.1115,"pcf":937.9241,"iop":62.4685}