{"code":"002831","atr10":1.317,"close":64.08,"close_count":60,"l_pvalue":0.0000006465,"l_slop":-18.6195560906,"l_stderror":2.5538039016,"ma120":69.23575,"ma250":null,"ma42":67.4385714286,"max10":65.99,"min10":63.07,"name":"裕同科技","stat_date":"2017-06-30","mc":256.3264,"cmc":25.6384,"pe":27.4889,"pe_lyr":29.3006,"pb":6.1068,"ps":4.1458,"pcf":22.9119,"iop":4.9782}