{"code":"002880","atr10":2.092,"close":64.32,"close_count":60,"l_pvalue":0.0,"l_slop":20.2609572207,"l_stderror":1.0422900048,"ma120":null,"ma250":null,"ma42":61.5421428571,"max10":64.32,"min10":64.32,"name":"卫光生物","stat_date":"2017-06-30","mc":69.4656,"cmc":17.3664,"pe":45.1019,"pe_lyr":45.3351,"pb":6.1792,"ps":11.7412,"pcf":11.9327,"iop":null}