{"code":"002885","atr10":2.224,"close":40.9,"close_count":60,"l_pvalue":0.0000000026,"l_slop":42.6045285122,"l_stderror":4.0773215704,"ma120":null,"ma250":null,"ma42":38.5128571429,"max10":44.0,"min10":39.62,"name":"京泉华","stat_date":"2017-06-30","mc":32.72,"cmc":8.18,"pe":46.4896,"pe_lyr":54.5126,"pb":5.1169,"ps":3.3383,"pcf":11.5794,"iop":19.3975}