{"code":"002877","atr10":1.262,"close":26.34,"close_count":60,"l_pvalue":0.0000000674,"l_slop":34.6135374374,"l_stderror":4.0725004565,"ma120":null,"ma250":null,"ma42":25.2945238095,"max10":27.84,"min10":25.96,"name":"智能自控","stat_date":"2017-06-30","mc":32.198,"cmc":8.0495,"pe":69.3011,"pe_lyr":70.3902,"pb":5.7563,"ps":11.5602,"pcf":14.2252,"iop":null}