{"code":"002849","atr10":1.156,"close":40.53,"close_count":60,"l_pvalue":0.0251849228,"l_slop":-2.9202052383,"l_stderror":1.2017738296,"ma120":40.2116666667,"ma250":null,"ma42":38.1054761905,"max10":40.7,"min10":37.02,"name":"威星智能","stat_date":"2017-06-30","mc":35.126,"cmc":8.7815,"pe":66.5054,"pe_lyr":67.2544,"pb":6.7996,"ps":8.5217,"pcf":20.0849,"iop":14.6369}