{"code":"002828","atr10":0.9,"close":27.2,"close_count":60,"l_pvalue":3.903077831e-17,"l_slop":26.878442139,"l_stderror":0.9337244961,"ma120":27.4930833333,"ma250":null,"ma42":25.7921428571,"max10":27.73,"min10":26.4,"name":"贝肯能源","stat_date":"2017-06-30","mc":32.5774,"cmc":7.9696,"pe":48.2222,"pe_lyr":52.0333,"pb":3.689,"ps":6.8687,"pcf":14.4292,"iop":35.8015}