{"code":"002835","atr10":0.458,"close":15.38,"close_count":60,"l_pvalue":0.0000040868,"l_slop":25.10082225,"l_stderror":3.9373582615,"ma120":17.0086666667,"ma250":null,"ma42":15.520952381,"max10":16.47,"min10":15.22,"name":"同为股份","stat_date":"2017-06-30","mc":33.2208,"cmc":8.3052,"pe":56.4058,"pe_lyr":51.7103,"pb":5.1105,"ps":6.3357,"pcf":19.9,"iop":-43.0435}