{"code":"002812","atr10":5.951,"close":123.4,"close_count":60,"l_pvalue":0.0,"l_slop":90.2056158859,"l_stderror":4.9993263549,"ma120":81.9826666667,"ma250":null,"ma42":102.963333333,"max10":123.4,"min10":113.5,"name":"创新股份","stat_date":"2017-06-30","mc":168.3793,"cmc":77.5861,"pe":108.3894,"pe_lyr":101.8062,"pb":10.9375,"ps":14.2426,"pcf":50.6624,"iop":-7.3072}