{"code":"002870","atr10":0.717,"close":30.95,"close_count":60,"l_pvalue":0.0000588691,"l_slop":7.8517451405,"l_stderror":1.5290874953,"ma120":null,"ma250":null,"ma42":30.7061904762,"max10":31.58,"min10":30.76,"name":"香山股份","stat_date":"2017-06-30","mc":34.2524,"cmc":8.5639,"pe":30.8218,"pe_lyr":32.8952,"pb":4.4178,"ps":3.8375,"pcf":53.2282,"iop":-14.2618}