{"code":"002888","atr10":1.398,"close":30.22,"close_count":49,"l_pvalue":0.000000024,"l_slop":51.0818599631,"l_stderror":5.6213262128,"ma120":null,"ma250":null,"ma42":30.8078571429,"max10":34.75,"min10":30.08,"name":"惠威科技","stat_date":"2017-06-30","mc":25.1181,"cmc":6.2797,"pe":63.409,"pe_lyr":67.8051,"pb":6.0401,"ps":9.8743,"pcf":864.6549,"iop":7.0989}