{"code":"002819","atr10":1.472,"close":30.79,"close_count":60,"l_pvalue":0.0000000671,"l_slop":39.4512369083,"l_stderror":4.6403736382,"ma120":32.6490833333,"ma250":null,"ma42":29.755952381,"max10":33.18,"min10":30.56,"name":"东方中科","stat_date":"2017-06-30","mc":34.8974,"cmc":8.7259,"pe":138.5101,"pe_lyr":113.4553,"pb":8.3341,"ps":5.019,"pcf":142.4917,"iop":-16.9157}