{"code":"002872","atr10":0.587,"close":34.05,"close_count":60,"l_pvalue":0.0000050309,"l_slop":8.4664884885,"l_stderror":1.3492043853,"ma120":null,"ma250":null,"ma42":34.234047619,"max10":35.22,"min10":33.69,"name":"天圣制药","stat_date":"2017-06-30","mc":72.186,"cmc":18.0465,"pe":30.6205,"pe_lyr":32.1546,"pb":2.4173,"ps":3.2926,"pcf":8.6163,"iop":null}