{"code":"002822","atr10":0.285,"close":11.14,"close_count":60,"l_pvalue":0.000464093,"l_slop":13.6273014271,"l_stderror":3.2295219397,"ma120":11.8335833333,"ma250":null,"ma42":11.355952381,"max10":11.87,"min10":10.98,"name":"中装建设","stat_date":"2017-06-30","mc":66.84,"cmc":16.71,"pe":41.9177,"pe_lyr":42.7959,"pb":3.4434,"ps":2.3237,"pcf":9.8392,"iop":7.5411}