{"code":"002837","atr10":1.603,"close":23.29,"close_count":60,"l_pvalue":0.0,"l_slop":-2.1400954079,"l_stderror":0.1189690932,"ma120":24.0069166667,"ma250":null,"ma42":26.6561904762,"max10":23.29,"min10":23.29,"name":"英维克","stat_date":"2017-06-30","mc":47.0672,"cmc":11.4669,"pe":63.5307,"pe_lyr":65.5481,"pb":7.6425,"ps":8.0683,"pcf":33.167,"iop":8.5212}