{"code":"002824","atr10":1.036,"close":23.68,"close_count":60,"l_pvalue":0.000000018,"l_slop":31.0387348192,"l_stderror":3.3537749941,"ma120":23.101,"ma250":null,"ma42":23.6916666667,"max10":26.05,"min10":23.48,"name":"和胜股份","stat_date":"2017-06-30","mc":42.624,"cmc":10.656,"pe":58.3558,"pe_lyr":56.8203,"pb":6.0188,"ps":5.385,"pcf":117.9954,"iop":-31.5943}