{"code":"002848","atr10":1.034,"close":23.72,"close_count":60,"l_pvalue":0.0000001571,"l_slop":-45.1556392883,"l_stderror":5.6198998737,"ma120":25.69875,"ma250":null,"ma42":26.3054761905,"max10":25.9,"min10":22.68,"name":"高斯贝尔","stat_date":"2017-06-30","mc":39.648,"cmc":9.915,"pe":115.9139,"pe_lyr":65.9364,"pb":4.8127,"ps":4.7291,"pcf":33.4974,"iop":-47.4275}