{"code":"002830","atr10":1.035,"close":26.31,"close_count":60,"l_pvalue":0.0,"l_slop":105.82028773,"l_stderror":5.7678026113,"ma120":26.12975,"ma250":null,"ma42":23.4392857143,"max10":27.4,"min10":26.08,"name":"名雕股份","stat_date":"2017-06-30","mc":35.0818,"cmc":8.7718,"pe":67.1894,"pe_lyr":69.3604,"pb":6.2292,"ps":4.9349,"pcf":14.3018,"iop":3.2675}