{"code":"002863","atr10":0.365,"close":14.74,"close_count":60,"l_pvalue":0.0000000081,"l_slop":18.8397551499,"l_stderror":1.9345710913,"ma120":null,"ma250":null,"ma42":14.7714285714,"max10":15.35,"min10":14.55,"name":"今飞凯达","stat_date":"2017-06-30","mc":32.6491,"cmc":8.1807,"pe":42.8218,"pe_lyr":44.656,"pb":3.7054,"ps":1.3728,"pcf":42.3822,"iop":27.0322}