{"code":"002873","atr10":1.248,"close":43.45,"close_count":60,"l_pvalue":0.0,"l_slop":23.440960873,"l_stderror":1.1973264222,"ma120":null,"ma250":null,"ma42":39.9671428571,"max10":43.45,"min10":40.73,"name":"新天药业","stat_date":"2017-06-30","mc":29.9284,"cmc":7.4821,"pe":48.37,"pe_lyr":52.442,"pb":5.1014,"ps":4.4977,"pcf":10.2634,"iop":-19.3988}