{"code":"002850","atr10":3.257,"close":86.8,"close_count":60,"l_pvalue":0.0,"l_slop":40.515076272,"l_stderror":1.6948446472,"ma120":87.0420833333,"ma250":null,"ma42":82.630952381,"max10":90.33,"min10":84.54,"name":"科达利","stat_date":"2017-06-30","mc":121.52,"cmc":30.38,"pe":52.1588,"pe_lyr":52.229,"pb":5.5798,"ps":7.7913,"pcf":25.2,"iop":-6.2784}