{"code":"002862","atr10":1.106,"close":32.19,"close_count":60,"l_pvalue":0.0000000001,"l_slop":35.8180694393,"l_stderror":2.7197427425,"ma120":null,"ma250":null,"ma42":30.1438095238,"max10":32.95,"min10":31.26,"name":"实丰文化","stat_date":"2017-06-30","mc":25.752,"cmc":6.438,"pe":56.5914,"pe_lyr":64.2569,"pb":4.9932,"ps":5.935,"pcf":46.982,"iop":4.5801}