{"code":"002853","atr10":2.827,"close":45.36,"close_count":60,"l_pvalue":0.0000000029,"l_slop":124.779379213,"l_stderror":12.023446381,"ma120":33.82225,"ma250":null,"ma42":41.3983333333,"max10":51.0,"min10":44.64,"name":"皮阿诺","stat_date":"2017-06-30","mc":70.4629,"cmc":17.6904,"pe":66.0845,"pe_lyr":80.4923,"pb":8.3628,"ps":9.6041,"pcf":40.2871,"iop":38.3689}