{"code":"002855","atr10":0.495,"close":15.66,"close_count":60,"l_pvalue":0.0000000064,"l_slop":15.7112744908,"l_stderror":1.5903326414,"ma120":17.55475,"ma250":null,"ma42":15.8185714286,"max10":16.98,"min10":15.57,"name":"捷荣技术","stat_date":"2017-06-30","mc":37.584,"cmc":9.396,"pe":56.4651,"pe_lyr":52.0656,"pb":3.2073,"ps":2.3902,"pcf":39.0732,"iop":-33.5517}