{"code":"002851","atr10":1.65,"close":40.37,"close_count":60,"l_pvalue":0.0,"l_slop":58.0284417336,"l_stderror":3.0504942471,"ma120":42.5286666667,"ma250":null,"ma42":38.159047619,"max10":42.3,"min10":39.26,"name":"麦格米特","stat_date":"2017-06-30","mc":72.9349,"cmc":17.9646,"pe":64.5899,"pe_lyr":66.4998,"pb":5.655,"ps":5.7194,"pcf":67.1936,"iop":27.8092}