{"code":"002829","atr10":1.852,"close":40.2,"close_count":60,"l_pvalue":4.557423875e-16,"l_slop":59.6118994106,"l_stderror":2.3644211061,"ma120":34.1361666667,"ma250":null,"ma42":33.5130952381,"max10":41.03,"min10":34.7,"name":"星网宇达","stat_date":"2017-06-30","mc":64.3924,"cmc":15.276,"pe":86.1958,"pe_lyr":87.8164,"pb":8.9635,"ps":22.1476,"pcf":54.6127,"iop":63.0785}