{"code":"002842","atr10":3.48,"close":56.31,"close_count":60,"l_pvalue":0.0,"l_slop":96.1815839194,"l_stderror":4.7504484763,"ma120":44.5241666667,"ma250":null,"ma42":49.8980952381,"max10":60.59,"min10":51.81,"name":"翔鹭钨业","stat_date":"2017-06-30","mc":56.31,"cmc":14.0775,"pe":94.8452,"pe_lyr":98.5959,"pb":7.6008,"ps":7.2009,"pcf":74.1619,"iop":2.3293}