{"code":"002810","atr10":0.796,"close":28.45,"close_count":60,"l_pvalue":0.0000177997,"l_slop":10.2234729441,"l_stderror":1.7997149914,"ma120":31.7588333333,"ma250":41.62912,"ma42":29.2735714286,"max10":30.2,"min10":28.3,"name":"山东赫达","stat_date":"2017-06-30","mc":27.1868,"cmc":14.5551,"pe":52.2649,"pe_lyr":56.4225,"pb":4.1835,"ps":4.4849,"pcf":18.6144,"iop":-2.0039}