{"code":"002887","atr10":2.55,"close":82.18,"close_count":42,"l_pvalue":0.0,"l_slop":61.3679980797,"l_stderror":3.6256404964,"ma120":null,"ma250":null,"ma42":78.7423809524,"max10":86.48,"min10":81.65,"name":"绿茵生态","stat_date":"2017-06-30","mc":65.744,"cmc":16.436,"pe":37.095,"pe_lyr":38.244,"pb":4.2565,"ps":8.7526,"pcf":1531.4323,"iop":16.8846}