{"code":"002846","atr10":1.591,"close":32.3,"close_count":60,"l_pvalue":0.0,"l_slop":74.2678216251,"l_stderror":4.2932721187,"ma120":38.3821666667,"ma250":null,"ma42":30.5766666667,"max10":34.95,"min10":31.95,"name":"英联股份","stat_date":"2017-06-30","mc":38.76,"cmc":9.69,"pe":69.8628,"pe_lyr":69.9387,"pb":7.3319,"ps":10.0603,"pcf":89.1695,"iop":-2.7649}