{"code":"300046","atr10":0.862,"close":19.85,"close_count":60,"l_pvalue":0.0,"l_slop":29.5822419312,"l_stderror":1.9446126346,"ma120":18.80975,"ma250":21.48536,"ma42":18.7947619048,"max10":20.66,"min10":18.57,"name":"台基股份","stat_date":"2017-06-30","mc":28.2029,"cmc":28.2029,"pe":51.0163,"pe_lyr":73.1716,"pb":3.4734,"ps":9.4638,"pcf":-311.3156,"iop":191.5328}