{"code":"300082","atr10":0.187,"close":7.63,"close_count":60,"l_pvalue":0.0025335355,"l_slop":10.0172237962,"l_stderror":2.8824260703,"ma120":7.5423333333,"ma250":8.04036,"ma42":7.985,"max10":8.22,"min10":7.53,"name":"奥克股份","stat_date":"2017-06-30","mc":51.9351,"cmc":51.4201,"pe":41.6132,"pe_lyr":68.0351,"pb":1.8963,"ps":1.0502,"pcf":-436.6442,"iop":41.4385}