{"code":"300024","atr10":0.415,"close":21.51,"close_count":60,"l_pvalue":0.0641399664,"l_slop":5.309789123,"l_stderror":2.7014353978,"ma120":20.2014166667,"ma250":21.34576,"ma42":21.4514285714,"max10":21.73,"min10":21.17,"name":"机器人","stat_date":"2017-06-30","mc":335.6075,"cmc":325.5678,"pe":79.5615,"pe_lyr":81.7013,"pb":5.8886,"ps":15.4587,"pcf":-71.0622,"iop":40.4674}