{"code":"300035","atr10":0.692,"close":10.18,"close_count":60,"l_pvalue":1.048303759e-18,"l_slop":90.9036835731,"l_stderror":2.6014831545,"ma120":7.9783333333,"ma250":7.8158,"ma42":9.2626190476,"max10":11.49,"min10":9.85,"name":"中科电气","stat_date":"2017-06-30","mc":52.733,"cmc":37.8016,"pe":147.5685,"pe_lyr":232.1287,"pb":4.7676,"ps":21.4051,"pcf":-259.2705,"iop":104.9397}