{"code":"300006","atr10":0.222,"close":7.08,"close_count":60,"l_pvalue":8.027468106e-21,"l_slop":57.069505605,"l_stderror":1.2600663578,"ma120":6.5073333333,"ma250":7.58568,"ma42":6.5411904762,"max10":7.33,"min10":6.94,"name":"莱美药业","stat_date":"2017-06-30","mc":57.5067,"cmc":41.3384,"pe":317.7762,"pe_lyr":823.7427,"pb":3.4982,"ps":5.3542,"pcf":-187.3391,"iop":50.4461}