{"code":"300015","atr10":0.74,"close":24.8,"close_count":60,"l_pvalue":1.984916361e-19,"l_slop":28.1435251162,"l_stderror":0.736991771,"ma120":22.5055833333,"ma250":21.84796,"ma42":23.4285714286,"max10":25.28,"min10":23.56,"name":"爱尔眼科","stat_date":"2017-06-30","mc":377.2739,"cmc":296.6436,"pe":58.334,"pe_lyr":67.6208,"pb":12.2073,"ps":8.0773,"pcf":-181.3439,"iop":50.5623}