{"code":"300053","atr10":0.826,"close":15.9,"close_count":60,"l_pvalue":0.0,"l_slop":103.926143146,"l_stderror":5.9503950293,"ma120":13.6574166667,"ma250":13.94824,"ma42":14.4604761905,"max10":17.07,"min10":15.83,"name":"欧比特","stat_date":"2017-06-30","mc":99.0856,"cmc":73.557,"pe":83.0296,"pe_lyr":117.1371,"pb":4.9457,"ps":13.6297,"pcf":425.158,"iop":248.7146}