{"code":"300037","atr10":1.09,"close":27.45,"close_count":60,"l_pvalue":0.0,"l_slop":57.6934422758,"l_stderror":3.6413801413,"ma120":23.82125,"ma250":25.34148,"ma42":25.7071428571,"max10":28.46,"min10":26.41,"name":"新宙邦","stat_date":"2017-06-30","mc":103.8805,"cmc":61.9384,"pe":40.207,"pe_lyr":40.5911,"pb":4.6743,"ps":6.1335,"pcf":75.1879,"iop":-19.2928}