{"code":"300072","atr10":0.534,"close":30.91,"close_count":60,"l_pvalue":0.0000063221,"l_slop":-9.6926770913,"l_stderror":1.5719272799,"ma120":34.9433333333,"ma250":33.63136,"ma42":31.9019047619,"max10":32.06,"min10":30.82,"name":"三聚环保","stat_date":"2017-06-30","mc":558.8416,"cmc":425.2109,"pe":27.586,"pe_lyr":34.5593,"pb":7.4806,"ps":2.3471,"pcf":-248.5249,"iop":31.51}