{"code":"300087","atr10":0.502,"close":11.42,"close_count":60,"l_pvalue":0.0,"l_slop":47.0859704381,"l_stderror":2.5955046672,"ma120":10.1673333333,"ma250":9.76984,"ma42":10.6676190476,"max10":11.86,"min10":11.34,"name":"荃银高科","stat_date":"2017-06-30","mc":48.2359,"cmc":39.4649,"pe":169.1686,"pe_lyr":157.2373,"pb":7.2868,"ps":6.1898,"pcf":-266.7498,"iop":-11.5518}