{"code":"300064","atr10":0.445,"close":13.62,"close_count":60,"l_pvalue":5.365897565e-16,"l_slop":48.9112032282,"l_stderror":1.9572219111,"ma120":11.0565833333,"ma250":11.00912,"ma42":12.9373809524,"max10":14.31,"min10":13.58,"name":"豫金刚石","stat_date":"2017-06-30","mc":164.1859,"cmc":82.5032,"pe":106.5073,"pe_lyr":119.3536,"pb":2.4533,"ps":16.6249,"pcf":33.9542,"iop":-32.3022}