{"code":"300078","atr10":0.489,"close":14.62,"close_count":60,"l_pvalue":0.0042241647,"l_slop":16.7543532063,"l_stderror":5.1569335679,"ma120":12.6278333333,"ma250":13.528,"ma42":14.7823809524,"max10":15.64,"min10":14.23,"name":"思创医惠","stat_date":"2017-06-30","mc":118.1128,"cmc":72.2164,"pe":59.9199,"pe_lyr":62.833,"pb":5.9113,"ps":10.3905,"pcf":186.4453,"iop":49.3076}