{"code":"300093","atr10":0.438,"close":14.92,"close_count":60,"l_pvalue":0.332040412,"l_slop":-2.531981661,"l_stderror":2.5436276175,"ma120":16.54175,"ma250":19.76472,"ma42":16.1535714286,"max10":16.2,"min10":14.78,"name":"金刚玻璃","stat_date":"2017-06-30","mc":32.2272,"cmc":32.113,"pe":241.2463,"pe_lyr":688.0619,"pb":3.6507,"ps":8.0415,"pcf":-10.5523,"iop":844.6729}