{"code":"300076","atr10":0.449,"close":8.54,"close_count":60,"l_pvalue":1.254414021e-18,"l_slop":54.3143526509,"l_stderror":1.569344614,"ma120":8.081,"ma250":10.77484,"ma42":7.8721428571,"max10":9.33,"min10":8.13,"name":"GQY视讯","stat_date":"2017-06-30","mc":36.2096,"cmc":31.4472,"pe":-87.4303,"pe_lyr":-166.9018,"pb":3.3635,"ps":28.4652,"pcf":171.0995,"iop":-275.7447}