{"code":"300070","atr10":0.319,"close":17.9,"close_count":60,"l_pvalue":0.0004797504,"l_slop":-6.5839424085,"l_stderror":1.5657203032,"ma120":19.0020833333,"ma250":18.122,"ma42":18.6245238095,"max10":18.83,"min10":17.84,"name":"碧水源","stat_date":"2017-06-30","mc":560.9299,"cmc":343.8616,"pe":26.5892,"pe_lyr":30.3902,"pb":3.4951,"ps":5.9419,"pcf":171.7572,"iop":18.5106}