{"code":"300038","atr10":1.383,"close":43.0,"close_count":60,"l_pvalue":0.0000004027,"l_slop":34.7900528712,"l_stderror":4.6167873051,"ma120":40.4824166667,"ma250":42.37564,"ma42":40.5880952381,"max10":43.58,"min10":41.65,"name":"梅泰诺","stat_date":"2017-06-30","mc":179.9592,"cmc":62.6496,"pe":73.769,"pe_lyr":166.4673,"pb":1.8847,"ps":11.2733,"pcf":22.36,"iop":417.7275}