{"code":"300089","atr10":0.637,"close":14.95,"close_count":60,"l_pvalue":1.0,"l_slop":0.0,"l_stderror":0.0,"ma120":16.7886666667,"ma250":14.86204,"ma42":16.1973809524,"max10":14.95,"min10":14.95,"name":"文化长城","stat_date":"2017-06-30","mc":64.9157,"cmc":39.9493,"pe":45.1315,"pe_lyr":47.4539,"pb":3.6766,"ps":13.6058,"pcf":19.1634,"iop":96.1573}