{"code":"300081","atr10":0.355,"close":12.25,"close_count":60,"l_pvalue":0.005912059,"l_slop":-3.5918689869,"l_stderror":1.1591487519,"ma120":12.9591666667,"ma250":14.67688,"ma42":12.5285714286,"max10":12.71,"min10":12.05,"name":"恒信东方","stat_date":"2017-06-30","mc":63.0395,"cmc":29.52,"pe":94.3915,"pe_lyr":398.3999,"pb":2.9025,"ps":15.5131,"pcf":7.2999,"iop":708.0153}