{"code":"300099","atr10":0.167,"close":8.13,"close_count":60,"l_pvalue":0.000000065,"l_slop":-14.1964096965,"l_stderror":1.6662770548,"ma120":9.1390833333,"ma250":9.6748,"ma42":8.4547619048,"max10":8.32,"min10":8.01,"name":"精准信息","stat_date":"2017-06-30","mc":53.6905,"cmc":28.9279,"pe":159.067,"pe_lyr":179.4953,"pb":3.3645,"ps":20.0804,"pcf":44.0495,"iop":-57.33}