{"code":"300051","atr10":0.334,"close":11.29,"close_count":60,"l_pvalue":0.0000000041,"l_slop":31.0293397971,"l_stderror":3.056488504,"ma120":12.4098333333,"ma250":15.21408,"ma42":11.3016666667,"max10":12.25,"min10":11.21,"name":"三五互联","stat_date":"2017-06-30","mc":41.5313,"cmc":27.699,"pe":92.1141,"pe_lyr":73.0049,"pb":4.384,"ps":12.8815,"pcf":-93.4723,"iop":-49.2268}