{"code":"300088","atr10":0.319,"close":8.86,"close_count":60,"l_pvalue":0.0498122271,"l_slop":-7.7321392071,"l_stderror":3.6908889856,"ma120":7.78125,"ma250":6.54236,"ma42":9.0361904762,"max10":9.2,"min10":8.65,"name":"长信科技","stat_date":"2017-06-30","mc":203.7957,"cmc":194.9162,"pe":39.9484,"pe_lyr":58.7142,"pb":4.9721,"ps":1.6675,"pcf":-54.0891,"iop":124.2345}