{"code":"300028","atr10":0.24,"close":7.42,"close_count":60,"l_pvalue":0.0000000286,"l_slop":12.4157229526,"l_stderror":1.3815991303,"ma120":7.9404166667,"ma250":11.10208,"ma42":7.4307142857,"max10":7.76,"min10":7.39,"name":"金亚科技","stat_date":"2017-06-30","mc":25.5233,"cmc":25.5229,"pe":-51.0544,"pe_lyr":-120.9733,"pb":7.7945,"ps":43.6677,"pcf":-52.6909,"iop":-505.5016}