{"code":"300047","atr10":0.47,"close":13.89,"close_count":60,"l_pvalue":0.0000000026,"l_slop":15.4353207679,"l_stderror":1.4787244246,"ma120":13.0639166667,"ma250":15.284,"ma42":13.12,"max10":14.03,"min10":12.98,"name":"天源迪科","stat_date":"2017-06-30","mc":49.6892,"cmc":37.8466,"pe":40.2882,"pe_lyr":43.2442,"pb":2.5152,"ps":1.9138,"pcf":-101.5074,"iop":81.7533}