{"code":"300008","atr10":0.311,"close":9.14,"close_count":60,"l_pvalue":0.0000000106,"l_slop":11.0418128126,"l_stderror":1.153754219,"ma120":8.7743333333,"ma250":9.34908,"ma42":8.8678571429,"max10":9.28,"min10":8.77,"name":"天海防务","stat_date":"2017-06-30","mc":87.7455,"cmc":53.0016,"pe":63.7732,"pe_lyr":60.7874,"pb":2.9645,"ps":6.1335,"pcf":126.7284,"iop":-40.6074}