{"code":"300098","atr10":0.592,"close":13.83,"close_count":60,"l_pvalue":0.0,"l_slop":56.5318600125,"l_stderror":4.0075677853,"ma120":12.4503333333,"ma250":13.35576,"ma42":13.1916666667,"max10":14.87,"min10":13.83,"name":"高新兴","stat_date":"2017-06-30","mc":152.9763,"cmc":77.6934,"pe":40.7941,"pe_lyr":48.4167,"pb":3.8713,"ps":10.0242,"pcf":34.9808,"iop":99.2414}