{"code":"300074","atr10":0.175,"close":7.74,"close_count":60,"l_pvalue":0.0,"l_slop":40.9514524195,"l_stderror":2.6133557852,"ma120":7.1660833333,"ma250":8.37124,"ma42":7.4280952381,"max10":7.95,"min10":7.62,"name":"华平股份","stat_date":"2017-06-30","mc":42.0447,"cmc":30.6268,"pe":58.7311,"pe_lyr":59.451,"pb":3.701,"ps":9.6179,"pcf":177.9635,"iop":-28.4878}