{"code":"300042","atr10":0.94,"close":37.55,"close_count":60,"l_pvalue":0.0000000421,"l_slop":31.0138233918,"l_stderror":3.5383706628,"ma120":36.2653333333,"ma250":34.85368,"ma42":36.9135714286,"max10":38.81,"min10":36.96,"name":"朗科科技","stat_date":"2017-06-30","mc":50.1668,"cmc":42.0073,"pe":105.6253,"pe_lyr":112.8897,"pb":5.7214,"ps":5.8484,"pcf":3354.8479,"iop":15.4707}