{"code":"300091","atr10":0.396,"close":17.09,"close_count":60,"l_pvalue":1.580893162e-16,"l_slop":45.1527764595,"l_stderror":1.6913180272,"ma120":14.5410833333,"ma250":14.42908,"ma42":15.750952381,"max10":17.28,"min10":17.02,"name":"金通灵","stat_date":"2017-06-30","mc":94.9519,"cmc":61.56,"pe":116.358,"pe_lyr":204.6136,"pb":6.896,"ps":8.645,"pcf":339.9126,"iop":358.1624}