{"code":"300020","atr10":0.257,"close":12.53,"close_count":60,"l_pvalue":0.000120703,"l_slop":10.2544608026,"l_stderror":2.1302871701,"ma120":13.745,"ma250":15.31816,"ma42":12.6833333333,"max10":13.15,"min10":12.4,"name":"银江股份","stat_date":"2017-06-30","mc":82.1704,"cmc":77.4667,"pe":230.7843,"pe_lyr":53.574,"pb":2.6722,"ps":4.7053,"pcf":375.8242,"iop":-67.5255}