{"code":"300056","atr10":0.195,"close":8.88,"close_count":60,"l_pvalue":4.442227518e-19,"l_slop":-73.9750295766,"l_stderror":2.0221871753,"ma120":12.31025,"ma250":15.30904,"ma42":10.0476190476,"max10":9.31,"min10":8.88,"name":"三维丝","stat_date":"2017-06-30","mc":34.2316,"cmc":24.0132,"pe":-24.0004,"pe_lyr":15.5164,"pb":2.2818,"ps":4.2605,"pcf":20.6804,"iop":-205.74}