{"code":"300079","atr10":0.099,"close":5.41,"close_count":60,"l_pvalue":0.0152529919,"l_slop":4.1608784949,"l_stderror":1.5604671644,"ma120":5.7918333333,"ma250":6.67492,"ma42":5.5545238095,"max10":5.67,"min10":5.37,"name":"数码科技","stat_date":"2017-06-30","mc":74.5386,"cmc":65.3694,"pe":39.38,"pe_lyr":32.4793,"pb":2.1236,"ps":5.0351,"pcf":58.8283,"iop":-92.7514}