{"code":"300032","atr10":0.287,"close":14.28,"close_count":60,"l_pvalue":0.0000000008,"l_slop":-16.8151440813,"l_stderror":1.4975879203,"ma120":14.5185,"ma250":15.28688,"ma42":15.4802380952,"max10":15.24,"min10":14.01,"name":"金龙机电","stat_date":"2017-06-30","mc":114.6926,"cmc":106.76,"pe":47.2505,"pe_lyr":84.1189,"pb":2.4451,"ps":3.5109,"pcf":7.4748,"iop":637.6455}