{"code":"300010","atr10":0.318,"close":12.33,"close_count":60,"l_pvalue":0.0000036088,"l_slop":15.0998751932,"l_stderror":2.3464766309,"ma120":13.0853333333,"ma250":15.42288,"ma42":12.5283333333,"max10":13.07,"min10":12.3,"name":"立思辰","stat_date":"2017-06-30","mc":107.5929,"cmc":72.0453,"pe":37.7471,"pe_lyr":38.3833,"pb":2.0307,"ps":5.2159,"pcf":-13.078,"iop":1.0672}