{"code":"300022","atr10":0.221,"close":6.72,"close_count":60,"l_pvalue":1.0,"l_slop":0.0,"l_stderror":0.0,"ma120":8.8125,"ma250":8.45304,"ma42":7.6583333333,"max10":6.72,"min10":6.72,"name":"吉峰农机","stat_date":"2017-06-30","mc":25.5522,"cmc":21.5801,"pe":-87.5824,"pe_lyr":217.2729,"pb":10.9138,"ps":0.7284,"pcf":-155.5341,"iop":-111.0323}