{"code":"300023","atr10":0.338,"close":12.49,"close_count":60,"l_pvalue":0.0000000011,"l_slop":14.2064995765,"l_stderror":1.2906197017,"ma120":13.2849166667,"ma250":16.4108,"ma42":12.5830952381,"max10":13.18,"min10":12.43,"name":"宝德股份","stat_date":"2017-06-30","mc":39.4817,"cmc":16.3817,"pe":56.101,"pe_lyr":62.8188,"pb":3.6336,"ps":5.3375,"pcf":8.0408,"iop":19.5536}