{"code":"300065","atr10":0.593,"close":21.95,"close_count":60,"l_pvalue":0.0008868783,"l_slop":4.774117778,"l_stderror":1.2129472511,"ma120":22.904,"ma250":22.60104,"ma42":20.6357142857,"max10":22.05,"min10":20.27,"name":"海兰信","stat_date":"2017-06-30","mc":79.5338,"cmc":60.153,"pe":79.3999,"pe_lyr":97.012,"pb":5.8488,"ps":10.3412,"pcf":19.9998,"iop":79.3635}