{"code":"300068","atr10":0.683,"close":18.39,"close_count":60,"l_pvalue":0.0,"l_slop":37.3158801756,"l_stderror":1.6319109138,"ma120":17.9126666667,"ma250":19.72068,"ma42":18.0726190476,"max10":19.85,"min10":18.36,"name":"南都电源","stat_date":"2017-06-30","mc":160.5079,"cmc":108.8785,"pe":48.4302,"pe_lyr":48.6662,"pb":2.174,"ps":2.0279,"pcf":-7.6902,"iop":-77.1605}