{"code":"300017","atr10":0.416,"close":12.05,"close_count":60,"l_pvalue":0.0000000011,"l_slop":46.2805726478,"l_stderror":4.1964941127,"ma120":11.6965,"ma250":15.53128,"ma42":11.4007142857,"max10":12.6,"min10":11.67,"name":"网宿科技","stat_date":"2017-06-30","mc":290.3685,"cmc":191.5664,"pe":26.8726,"pe_lyr":23.2221,"pb":3.8445,"ps":6.0086,"pcf":81.1793,"iop":-56.1488}