{"code":"300050","atr10":0.39,"close":11.15,"close_count":60,"l_pvalue":0.0000000051,"l_slop":13.7796394208,"l_stderror":1.3753263088,"ma120":10.537,"ma250":11.88036,"ma42":10.4507142857,"max10":11.29,"min10":10.41,"name":"世纪鼎利","stat_date":"2017-06-30","mc":62.5361,"cmc":37.1077,"pe":44.9404,"pe_lyr":52.1403,"pb":2.2039,"ps":8.5083,"pcf":-20.0754,"iop":37.5568}