{"code":"300001","atr10":0.569,"close":17.0,"close_count":60,"l_pvalue":0.0,"l_slop":37.9590045038,"l_stderror":2.259884102,"ma120":16.433,"ma250":17.44956,"ma42":16.3402380952,"max10":17.9,"min10":16.81,"name":"特锐德","stat_date":"2017-06-30","mc":169.5869,"cmc":147.8926,"pe":65.5391,"pe_lyr":67.4228,"pb":6.0689,"ps":2.6506,"pcf":65.62,"iop":-8.8877}