{"code":"300004","atr10":0.198,"close":11.36,"close_count":60,"l_pvalue":0.0000081807,"l_slop":10.9861584786,"l_stderror":1.8177175992,"ma120":11.9479166667,"ma250":13.83352,"ma42":11.4135714286,"max10":11.71,"min10":11.36,"name":"南风股份","stat_date":"2017-06-30","mc":57.8473,"cmc":47.6329,"pe":34.7551,"pe_lyr":62.3965,"pb":1.8167,"ps":7.0396,"pcf":-48.5851,"iop":-355.0223}