{"code":"300073","atr10":1.252,"close":32.89,"close_count":60,"l_pvalue":0.0,"l_slop":115.03276328,"l_stderror":6.4118605337,"ma120":24.6764166667,"ma250":25.30156,"ma42":28.740952381,"max10":33.96,"min10":31.02,"name":"当升科技","stat_date":"2017-06-30","mc":120.3998,"cmc":109.6581,"pe":57.9724,"pe_lyr":121.2635,"pb":8.0827,"ps":7.4484,"pcf":68.8117,"iop":606.7374}