{"code":"300007","atr10":0.651,"close":17.98,"close_count":60,"l_pvalue":0.0,"l_slop":42.2710618854,"l_stderror":2.378188701,"ma120":17.6856666667,"ma250":19.268,"ma42":16.9933333333,"max10":18.64,"min10":17.48,"name":"汉威科技","stat_date":"2017-06-30","mc":52.6855,"cmc":40.2662,"pe":51.2628,"pe_lyr":58.1329,"pb":3.9742,"ps":4.1632,"pcf":24.3544,"iop":178.2798}