{"code":"300084","atr10":0.434,"close":10.16,"close_count":60,"l_pvalue":0.0000000023,"l_slop":27.6293778763,"l_stderror":2.6239541057,"ma120":9.3670833333,"ma250":10.7714,"ma42":8.945,"max10":10.16,"min10":9.03,"name":"海默科技","stat_date":"2017-06-30","mc":39.0922,"cmc":31.1835,"pe":634.6575,"pe_lyr":552.4759,"pb":2.1603,"ps":13.3103,"pcf":41.9955,"iop":-61.8998}