{"code":"300083","atr10":0.287,"close":9.08,"close_count":60,"l_pvalue":0.0,"l_slop":-16.218648495,"l_stderror":0.9090605594,"ma120":9.0195833333,"ma250":8.29068,"ma42":9.3957142857,"max10":9.44,"min10":9.0,"name":"劲胜智能","stat_date":"2017-06-30","mc":130.0134,"cmc":101.979,"pe":33.879,"pe_lyr":98.9136,"pb":2.4203,"ps":2.203,"pcf":-154.9929,"iop":350.8732}