{"code":"300059","atr10":0.491,"close":13.73,"close_count":60,"l_pvalue":0.000013901,"l_slop":24.7276364769,"l_stderror":4.2668161433,"ma120":12.4098333333,"ma250":13.65876,"ma42":13.9214285714,"max10":15.06,"min10":13.34,"name":"东方财富","stat_date":"2017-06-30","mc":588.8495,"cmc":437.7393,"pe":92.4308,"pe_lyr":82.4986,"pb":4.5169,"ps":25.8277,"pcf":-56.2691,"iop":-10.9596}