{"code":"300021","atr10":0.137,"close":7.17,"close_count":60,"l_pvalue":0.0,"l_slop":-23.9750762595,"l_stderror":1.6155059941,"ma120":8.0669166667,"ma250":7.79236,"ma42":7.8266666667,"max10":7.71,"min10":7.1,"name":"大禹节水","stat_date":"2017-06-30","mc":57.1708,"cmc":46.8562,"pe":81.1322,"pe_lyr":94.5172,"pb":4.2965,"ps":5.5309,"pcf":-11.7216,"iop":193.931}