{"code":"300049","atr10":0.302,"close":15.75,"close_count":60,"l_pvalue":0.0,"l_slop":26.3843349628,"l_stderror":1.5667222017,"ma120":16.41975,"ma250":19.10072,"ma42":15.3128571429,"max10":16.13,"min10":15.63,"name":"福瑞股份","stat_date":"2017-06-30","mc":41.4309,"cmc":35.8877,"pe":35.383,"pe_lyr":34.2268,"pb":2.7148,"ps":4.6763,"pcf":-39.7412,"iop":6.9196}