{"code":"300080","atr10":0.223,"close":8.38,"close_count":60,"l_pvalue":0.0,"l_slop":24.626314465,"l_stderror":1.1721387917,"ma120":7.9865,"ma250":8.42708,"ma42":8.439047619,"max10":8.9,"min10":8.37,"name":"易成新能","stat_date":"2017-06-30","mc":42.135,"cmc":42.0691,"pe":-20.9652,"pe_lyr":204.9644,"pb":1.4007,"ps":2.3373,"pcf":-13.0677,"iop":-61553.1289}