{"code":"300094","atr10":0.112,"close":6.73,"close_count":60,"l_pvalue":0.0,"l_slop":-18.992666087,"l_stderror":0.8803018056,"ma120":7.3719166667,"ma250":7.94932,"ma42":7.08,"max10":6.96,"min10":6.68,"name":"国联水产","stat_date":"2017-06-30","mc":52.7528,"cmc":50.1837,"pe":33.8148,"pe_lyr":56.1531,"pb":2.8282,"ps":1.5483,"pcf":6209.4019,"iop":833.0228}