{"code":"300095","atr10":0.21,"close":10.08,"close_count":60,"l_pvalue":0.0000000012,"l_slop":-14.3279278208,"l_stderror":1.3101410922,"ma120":11.4485,"ma250":12.45652,"ma42":10.4147619048,"max10":10.27,"min10":9.97,"name":"华伍股份","stat_date":"2017-06-30","mc":38.1741,"cmc":22.9845,"pe":80.9404,"pe_lyr":82.2225,"pb":3.0289,"ps":6.6058,"pcf":-22.3556,"iop":68.1639}