{"code":"300011","atr10":0.334,"close":13.15,"close_count":60,"l_pvalue":0.0002115531,"l_slop":4.6362766207,"l_stderror":1.0155985832,"ma120":15.55625,"ma250":18.01356,"ma42":13.565,"max10":13.94,"min10":13.15,"name":"鼎汉技术","stat_date":"2017-06-30","mc":73.4625,"cmc":58.8398,"pe":65.7876,"pe_lyr":66.049,"pb":2.8613,"ps":6.9085,"pcf":216.9049,"iop":160.8539}