{"code":"300090","atr10":0.352,"close":11.35,"close_count":60,"l_pvalue":2.312044593e-20,"l_slop":69.8445212236,"l_stderror":1.6312749941,"ma120":9.566,"ma250":10.38992,"ma42":9.8916666667,"max10":11.41,"min10":10.77,"name":"盛运环保","stat_date":"2017-06-30","mc":149.8147,"cmc":99.5589,"pe":160.9539,"pe_lyr":125.8085,"pb":2.8607,"ps":8.7028,"pcf":241.5817,"iop":-39.443}