{"code":"300086","atr10":0.315,"close":12.34,"close_count":60,"l_pvalue":0.0,"l_slop":38.5503752438,"l_stderror":1.7423114511,"ma120":11.2760833333,"ma250":12.17912,"ma42":12.0030952381,"max10":12.95,"min10":12.34,"name":"康芝药业","stat_date":"2017-06-30","mc":55.53,"cmc":53.9517,"pe":102.9204,"pe_lyr":120.3078,"pb":3.0304,"ps":11.9901,"pcf":-67.4687,"iop":177.6316}