{"code":"300066","atr10":0.218,"close":5.88,"close_count":60,"l_pvalue":0.0000000005,"l_slop":15.5915147233,"l_stderror":1.3518813993,"ma120":5.5953333333,"ma250":6.25796,"ma42":5.5242857143,"max10":5.88,"min10":5.55,"name":"三川智慧","stat_date":"2017-06-30","mc":61.154,"cmc":55.8035,"pe":58.6842,"pe_lyr":45.782,"pb":4.1161,"ps":9.5437,"pcf":-14.8147,"iop":-58.8846}