{"code":"300054","atr10":0.306,"close":9.75,"close_count":60,"l_pvalue":0.0000053678,"l_slop":4.9756201046,"l_stderror":0.7968439191,"ma120":10.3636666667,"ma250":11.54316,"ma42":10.1742857143,"max10":10.5,"min10":9.75,"name":"鼎龙股份","stat_date":"2017-06-30","mc":93.7096,"cmc":63.8802,"pe":31.697,"pe_lyr":39.0291,"pb":2.7622,"ps":5.7718,"pcf":22.07,"iop":35.9586}