{"code":"300036","atr10":0.485,"close":17.39,"close_count":60,"l_pvalue":0.0000373847,"l_slop":14.9607402725,"l_stderror":2.8014497472,"ma120":16.98775,"ma250":17.4582,"ma42":17.4538095238,"max10":18.02,"min10":17.06,"name":"超图软件","stat_date":"2017-06-30","mc":78.1818,"cmc":57.204,"pe":54.753,"pe_lyr":61.343,"pb":4.8335,"ps":7.8292,"pcf":-27.8401,"iop":314.175}