{"code":"300097","atr10":1.302,"close":29.24,"close_count":60,"l_pvalue":0.0000000002,"l_slop":56.0039479156,"l_stderror":4.5368869267,"ma120":28.7374166667,"ma250":29.39416,"ma42":27.615,"max10":30.89,"min10":29.18,"name":"智云股份","stat_date":"2017-06-30","mc":84.3719,"cmc":45.1607,"pe":85.9248,"pe_lyr":90.7002,"pb":4.5199,"ps":11.1721,"pcf":-253.0534,"iop":38.7139}