{"code":"300027","atr10":0.233,"close":8.9,"close_count":60,"l_pvalue":0.000000026,"l_slop":10.432807854,"l_stderror":1.1539361879,"ma120":8.6891666667,"ma250":10.13268,"ma42":9.2173809524,"max10":9.57,"min10":8.9,"name":"华谊兄弟","stat_date":"2017-06-30","mc":246.931,"cmc":170.8731,"pe":26.3908,"pe_lyr":30.5557,"pb":2.6133,"ps":7.0528,"pcf":210.0497,"iop":1471.9208}