{"code":"300052","atr10":0.412,"close":15.7,"close_count":60,"l_pvalue":0.477896893,"l_slop":-2.4807199334,"l_stderror":3.4264919782,"ma120":17.3435833333,"ma250":20.73988,"ma42":17.0330952381,"max10":17.03,"min10":15.54,"name":"中青宝","stat_date":"2017-06-30","mc":40.9831,"cmc":40.8521,"pe":-90.0617,"pe_lyr":-82.4123,"pb":6.3256,"ps":11.7524,"pcf":-25.1151,"iop":341.404}