{"code":"300062","atr10":0.303,"close":10.27,"close_count":60,"l_pvalue":0.0000075091,"l_slop":16.7491073942,"l_stderror":2.7527758075,"ma120":11.049,"ma250":13.78084,"ma42":10.6007142857,"max10":11.08,"min10":10.16,"name":"中能电气","stat_date":"2017-06-30","mc":31.6316,"cmc":19.4456,"pe":54.0304,"pe_lyr":40.328,"pb":3.6507,"ps":4.0809,"pcf":7.919,"iop":-69.75}