{"code":"300025","atr10":0.391,"close":8.59,"close_count":60,"l_pvalue":0.0000000135,"l_slop":20.7846911962,"l_stderror":2.2048746634,"ma120":8.608,"ma250":10.6078,"ma42":7.6116666667,"max10":8.59,"min10":7.55,"name":"华星创业","stat_date":"2017-06-30","mc":36.8108,"cmc":29.1505,"pe":50.4601,"pe_lyr":49.0921,"pb":4.1388,"ps":2.6034,"pcf":28.8094,"iop":20.2634}