{"code":"300039","atr10":0.078,"close":7.19,"close_count":60,"l_pvalue":0.846651521,"l_slop":-0.2292823904,"l_stderror":1.169501113,"ma120":7.2963333333,"ma250":7.68832,"ma42":7.3502380952,"max10":7.39,"min10":7.16,"name":"上海凯宝","stat_date":"2017-06-30","mc":77.0404,"cmc":57.6255,"pe":26.9694,"pe_lyr":27.2606,"pb":3.3676,"ps":4.9842,"pcf":-91.5651,"iop":-2.235}