{"code":"300033","atr10":1.929,"close":62.13,"close_count":60,"l_pvalue":0.0000000079,"l_slop":39.1512119257,"l_stderror":4.0139788503,"ma120":58.8740833333,"ma250":63.82428,"ma42":58.3516666667,"max10":62.92,"min10":60.03,"name":"同花顺","stat_date":"2017-06-30","mc":334.0109,"cmc":163.7872,"pe":29.4532,"pe_lyr":27.5683,"pb":12.1576,"ps":19.6419,"pcf":77.2165,"iop":-22.7152}