{"code":"300077","atr10":0.725,"close":15.36,"close_count":60,"l_pvalue":1.140798516e-18,"l_slop":40.6070587282,"l_stderror":1.1673539285,"ma120":13.6226666667,"ma250":15.36524,"ma42":13.9788095238,"max10":15.68,"min10":14.06,"name":"国民技术","stat_date":"2017-06-30","mc":86.5372,"cmc":83.2355,"pe":86.5566,"pe_lyr":85.5048,"pb":2.8371,"ps":11.2373,"pcf":-66.4152,"iop":92.3697}