{"code":"300061","atr10":0.817,"close":17.09,"close_count":60,"l_pvalue":0.0220145688,"l_slop":4.3556074037,"l_stderror":1.7463972272,"ma120":18.1949166667,"ma250":21.47984,"ma42":17.81,"max10":19.32,"min10":16.81,"name":"康旗股份","stat_date":"2017-06-30","mc":89.9126,"cmc":24.911,"pe":47.2281,"pe_lyr":82.8464,"pb":2.7264,"ps":6.0749,"pcf":24.2363,"iop":260.5256}