{"code":"300048","atr10":0.164,"close":5.28,"close_count":60,"l_pvalue":0.0,"l_slop":36.6140089081,"l_stderror":2.0367125422,"ma120":5.2285833333,"ma250":5.73108,"ma42":5.0330952381,"max10":5.51,"min10":5.15,"name":"合康新能","stat_date":"2017-06-30","mc":58.1962,"cmc":51.3332,"pe":47.9779,"pe_lyr":32.5208,"pb":2.3679,"ps":4.172,"pcf":-64.9383,"iop":-31.0019}