{"code":"300041","atr10":0.282,"close":12.44,"close_count":60,"l_pvalue":0.0175885186,"l_slop":-6.5413380849,"l_stderror":2.5159841931,"ma120":12.5306666667,"ma250":12.20816,"ma42":13.0347619048,"max10":13.02,"min10":12.24,"name":"回天新材","stat_date":"2017-06-30","mc":52.9586,"cmc":31.9471,"pe":49.6873,"pe_lyr":54.5745,"pb":2.8842,"ps":4.0725,"pcf":18.0429,"iop":-9.7174}