{"code":"300009","atr10":0.435,"close":17.43,"close_count":60,"l_pvalue":0.0000006468,"l_slop":34.0868456111,"l_stderror":4.6753933281,"ma120":16.1431666667,"ma250":16.6686,"ma42":17.2754761905,"max10":18.34,"min10":17.38,"name":"安科生物","stat_date":"2017-06-30","mc":124.1927,"cmc":80.3558,"pe":54.4872,"pe_lyr":62.9452,"pb":8.8017,"ps":13.1935,"pcf":-166.9454,"iop":48.4824}