{"code":"300031","atr10":0.839,"close":19.45,"close_count":60,"l_pvalue":0.0000000014,"l_slop":49.2563670913,"l_stderror":4.5413322829,"ma120":18.5535833333,"ma250":20.65004,"ma42":18.135,"max10":20.49,"min10":19.45,"name":"宝通科技","stat_date":"2017-06-30","mc":77.1714,"cmc":49.9287,"pe":45.2302,"pe_lyr":54.8382,"pb":3.5295,"ps":5.0987,"pcf":-26.2417,"iop":-2.0328}