{"code":"300030","atr10":0.221,"close":11.24,"close_count":60,"l_pvalue":0.6361074944,"l_slop":-0.4001157203,"l_stderror":0.8320854931,"ma120":12.5665833333,"ma250":14.14128,"ma42":11.4911904762,"max10":11.65,"min10":11.08,"name":"阳普医疗","stat_date":"2017-06-30","mc":34.7086,"cmc":28.3564,"pe":119.1946,"pe_lyr":113.8831,"pb":3.6253,"ps":6.5732,"pcf":13.0527,"iop":-9.5907}