{"code":"300002","atr10":0.144,"close":7.6,"close_count":60,"l_pvalue":0.0000004415,"l_slop":25.0334125955,"l_stderror":3.3432665211,"ma120":7.9648333333,"ma250":8.99888,"ma42":7.5333333333,"max10":7.93,"min10":7.56,"name":"神州泰岳","stat_date":"2017-06-30","mc":149.043,"cmc":105.137,"pe":53.6047,"pe_lyr":29.3778,"pb":2.9704,"ps":5.4909,"pcf":135.6951,"iop":-110.4246}