{"code":"300019","atr10":0.595,"close":11.17,"close_count":60,"l_pvalue":0.0000000003,"l_slop":34.9602401705,"l_stderror":2.9295798438,"ma120":9.8864166667,"ma250":11.92956,"ma42":9.5373809524,"max10":11.17,"min10":9.57,"name":"硅宝科技","stat_date":"2017-06-30","mc":36.9617,"cmc":22.903,"pe":51.3252,"pe_lyr":40.7767,"pb":5.1776,"ps":5.2213,"pcf":145.7542,"iop":-22.0076}