{"code":"300063","atr10":0.225,"close":7.23,"close_count":60,"l_pvalue":0.0,"l_slop":47.4025885355,"l_stderror":2.2169334394,"ma120":8.37125,"ma250":10.13976,"ma42":6.8121428571,"max10":7.52,"min10":7.16,"name":"天龙集团","stat_date":"2017-06-30","mc":52.5207,"cmc":29.6573,"pe":35.1553,"pe_lyr":36.8968,"pb":2.311,"ps":0.8918,"pcf":41.3112,"iop":9.9749}