{"code":"300092","atr10":0.413,"close":12.7,"close_count":60,"l_pvalue":1.0,"l_slop":0.0,"l_stderror":0.0,"ma120":13.7035833333,"ma250":13.6446,"ma42":13.124047619,"max10":12.7,"min10":12.7,"name":"科新机电","stat_date":"2017-06-30","mc":30.2003,"cmc":20.7831,"pe":115.3574,"pe_lyr":94.7023,"pb":5.7568,"ps":7.7454,"pcf":-39.4431,"iop":-39.087}