{"code":"300029","atr10":0.281,"close":8.94,"close_count":60,"l_pvalue":0.000121095,"l_slop":10.3512413393,"l_stderror":2.1510370227,"ma120":9.56825,"ma250":11.84772,"ma42":9.2428571429,"max10":9.46,"min10":8.94,"name":"天龙光电","stat_date":"2017-06-30","mc":17.88,"cmc":17.295,"pe":-23.077,"pe_lyr":-31.3628,"pb":10.7845,"ps":14.5918,"pcf":150.2633,"iop":-496.5594}