{"code":"300014","atr10":0.881,"close":26.17,"close_count":60,"l_pvalue":0.0,"l_slop":64.2733868636,"l_stderror":4.3930943407,"ma120":19.9773333333,"ma250":18.06312,"ma42":24.3252380952,"max10":26.31,"min10":24.7,"name":"亿纬锂能","stat_date":"2017-06-30","mc":224.0114,"cmc":214.4159,"pe":56.6575,"pe_lyr":88.9587,"pb":10.419,"ps":7.8259,"pcf":-2540.0063,"iop":242.3674}