{"code":"300085","atr10":0.654,"close":16.73,"close_count":60,"l_pvalue":0.0000000001,"l_slop":15.1680974107,"l_stderror":1.1789914921,"ma120":17.5520833333,"ma250":20.40516,"ma42":16.0130952381,"max10":16.73,"min10":16.73,"name":"银之杰","stat_date":"2017-06-30","mc":118.221,"cmc":58.7969,"pe":156.3096,"pe_lyr":146.3189,"pb":8.9938,"ps":11.3345,"pcf":124.1766,"iop":-41.2137}