{"code":"300016","atr10":0.238,"close":14.49,"close_count":60,"l_pvalue":0.0000000026,"l_slop":18.7343282395,"l_stderror":1.793529695,"ma120":14.7050833333,"ma250":16.88472,"ma42":14.3704761905,"max10":15.21,"min10":14.39,"name":"北陆药业","stat_date":"2017-06-30","mc":47.2364,"cmc":36.8077,"pe":149.2713,"pe_lyr":288.3877,"pb":4.9261,"ps":9.2665,"pcf":-75.6399,"iop":34.152}