{"code":"300044","atr10":0.661,"close":20.66,"close_count":60,"l_pvalue":0.0005363236,"l_slop":17.5808892153,"l_stderror":4.2300356799,"ma120":20.5475833333,"ma250":18.74072,"ma42":20.300952381,"max10":21.2,"min10":20.09,"name":"赛为智能","stat_date":"2017-06-30","mc":82.7221,"cmc":50.5174,"pe":65.9533,"pe_lyr":82.0496,"pb":5.0386,"ps":6.2334,"pcf":69.8156,"iop":741.0263}