{"code":"300005","atr10":0.156,"close":7.54,"close_count":60,"l_pvalue":0.0,"l_slop":10.5274552815,"l_stderror":0.6203425232,"ma120":7.6854166667,"ma250":9.05644,"ma42":7.4576190476,"max10":7.86,"min10":7.43,"name":"探路者","stat_date":"2017-06-30","mc":67.2036,"cmc":48.528,"pe":44.7368,"pe_lyr":40.5806,"pb":2.4642,"ps":2.1905,"pcf":-10.9926,"iop":-9.4454}