{"code":"300040","atr10":0.343,"close":11.54,"close_count":60,"l_pvalue":9.081693679e-17,"l_slop":39.7967578433,"l_stderror":1.4467926868,"ma120":10.66975,"ma250":11.43052,"ma42":11.1704761905,"max10":12.04,"min10":11.45,"name":"九洲电气","stat_date":"2017-06-30","mc":39.95,"cmc":26.4467,"pe":21.7536,"pe_lyr":30.6096,"pb":2.2114,"ps":2.3357,"pcf":111.3591,"iop":275.8289}