{"code":"300045","atr10":0.532,"close":12.09,"close_count":60,"l_pvalue":0.0,"l_slop":39.259978135,"l_stderror":1.9107245578,"ma120":11.0180833333,"ma250":13.00992,"ma42":11.1957142857,"max10":12.93,"min10":11.28,"name":"华力创通","stat_date":"2017-06-30","mc":69.6615,"cmc":43.5074,"pe":122.4976,"pe_lyr":136.5207,"pb":5.364,"ps":15.3758,"pcf":611.6365,"iop":790.7649}