{"code":"300018","atr10":0.22,"close":7.92,"close_count":60,"l_pvalue":0.0000000013,"l_slop":12.5076088559,"l_stderror":1.1489686094,"ma120":8.577,"ma250":10.32032,"ma42":7.9304761905,"max10":8.34,"min10":7.89,"name":"中元股份","stat_date":"2017-06-30","mc":38.5796,"cmc":25.9304,"pe":38.3842,"pe_lyr":36.1299,"pb":2.7076,"ps":10.7402,"pcf":49.7013,"iop":2.4779}