{"code":"300096","atr10":0.578,"close":15.32,"close_count":60,"l_pvalue":5.596457458e-17,"l_slop":51.2464690648,"l_stderror":1.8150934339,"ma120":14.15525,"ma250":16.25556,"ma42":14.3092857143,"max10":15.82,"min10":14.92,"name":"易联众","stat_date":"2017-06-30","mc":65.876,"cmc":59.0957,"pe":-207.6309,"pe_lyr":621.5788,"pb":9.854,"ps":12.5552,"pcf":-2858.5896,"iop":-804.3327}