{"code":"300071","atr10":0.215,"close":8.15,"close_count":60,"l_pvalue":0.0000012922,"l_slop":11.8165093062,"l_stderror":1.7025887751,"ma120":7.7715833333,"ma250":9.02568,"ma42":8.1964285714,"max10":8.54,"min10":8.0,"name":"华谊嘉信","stat_date":"2017-06-30","mc":55.2971,"cmc":36.0149,"pe":53.5087,"pe_lyr":42.1355,"pb":4.6153,"ps":1.6171,"pcf":-210.2227,"iop":-83.9945}