{"code":"300043","atr10":0.17,"close":7.68,"close_count":60,"l_pvalue":0.0000350346,"l_slop":-4.2336482351,"l_stderror":0.7884045375,"ma120":8.0564166667,"ma250":9.41696,"ma42":7.860952381,"max10":8.0,"min10":7.45,"name":"星辉娱乐","stat_date":"2017-06-30","mc":95.5544,"cmc":63.2732,"pe":27.0286,"pe_lyr":20.8622,"pb":3.8843,"ps":3.4184,"pcf":661.3229,"iop":14.9864}