{"code":"300057","atr10":0.241,"close":12.31,"close_count":60,"l_pvalue":2.737911619e-22,"l_slop":41.0021495209,"l_stderror":0.7568411598,"ma120":12.6124166667,"ma250":13.87852,"ma42":11.1988095238,"max10":12.31,"min10":11.61,"name":"万顺股份","stat_date":"2017-06-30","mc":54.1227,"cmc":36.2047,"pe":61.4748,"pe_lyr":71.5026,"pb":2.3,"ps":2.1122,"pcf":-25.1634,"iop":326.8934}