{"code":"300034","atr10":0.606,"close":16.05,"close_count":60,"l_pvalue":0.0,"l_slop":2.2244651131,"l_stderror":0.123659252,"ma120":17.8483333333,"ma250":19.3078,"ma42":15.7919047619,"max10":16.05,"min10":16.05,"name":"钢研高纳","stat_date":"2017-06-30","mc":67.7164,"cmc":67.5539,"pe":76.9637,"pe_lyr":70.5411,"pb":5.0956,"ps":9.7768,"pcf":-78.7364,"iop":-30.9075}