{"code":"300069","atr10":1.118,"close":39.14,"close_count":60,"l_pvalue":7.697080738e-20,"l_slop":37.5725952439,"l_stderror":0.9355056421,"ma120":34.3236666667,"ma250":38.5654,"ma42":36.5942857143,"max10":39.48,"min10":38.25,"name":"金利华电","stat_date":"2017-06-30","mc":45.7938,"cmc":35.8911,"pe":306.635,"pe_lyr":191.7187,"pb":8.8424,"ps":14.2154,"pcf":-6731.481,"iop":-48.6724}