{"code":"300003","atr10":0.543,"close":20.99,"close_count":60,"l_pvalue":0.0875323291,"l_slop":-6.3193859654,"l_stderror":3.50804192,"ma120":20.6113333333,"ma250":19.17304,"ma42":21.7707142857,"max10":21.78,"min10":20.99,"name":"乐普医疗","stat_date":"2017-06-30","mc":373.9689,"cmc":296.3083,"pe":46.9142,"pe_lyr":55.0557,"pb":6.3997,"ps":9.4094,"pcf":107.7535,"iop":36.2233}