{"code":"300055","atr10":0.557,"close":19.33,"close_count":60,"l_pvalue":0.000000001,"l_slop":12.1806795285,"l_stderror":1.1002126103,"ma120":18.1136666667,"ma250":17.58112,"ma42":18.1261904762,"max10":19.33,"min10":18.19,"name":"万邦达","stat_date":"2017-06-30","mc":167.2402,"cmc":167.2402,"pe":51.1888,"pe_lyr":63.7717,"pb":2.9425,"ps":8.4246,"pcf":-20.109,"iop":54.8067}