{"code":"300058","atr10":0.133,"close":7.47,"close_count":60,"l_pvalue":0.0000256682,"l_slop":15.3638842898,"l_stderror":2.7873439142,"ma120":7.65575,"ma250":8.83496,"ma42":7.5845238095,"max10":7.83,"min10":7.44,"name":"蓝色光标","stat_date":"2017-06-30","mc":165.3125,"cmc":117.2612,"pe":28.0475,"pe_lyr":25.8432,"pb":2.1698,"ps":1.1983,"pcf":24.9709,"iop":-13.0388}