{"code":"300075","atr10":0.586,"close":19.95,"close_count":60,"l_pvalue":0.0000234707,"l_slop":25.0974072552,"l_stderror":4.5195335265,"ma120":21.3274166667,"ma250":20.55156,"ma42":20.515,"max10":21.68,"min10":19.95,"name":"数字政通","stat_date":"2017-06-30","mc":84.7028,"cmc":54.2959,"pe":57.1669,"pe_lyr":64.4776,"pb":4.2894,"ps":8.1149,"pcf":-195.6792,"iop":54.8374}