{"code":"300012","atr10":0.1,"close":4.5,"close_count":60,"l_pvalue":0.1181958589,"l_slop":4.0159939256,"l_stderror":2.454040692,"ma120":4.6869166667,"ma250":5.2342,"ma42":4.6597619048,"max10":4.81,"min10":4.47,"name":"华测检测","stat_date":"2017-06-30","mc":74.6953,"cmc":62.502,"pe":59.557,"pe_lyr":73.564,"pb":3.1219,"ps":4.0035,"pcf":20.1674,"iop":20.0861}