{"code":"300013","atr10":0.699,"close":17.59,"close_count":60,"l_pvalue":0.9512947006,"l_slop":0.1415354041,"l_stderror":2.2867852797,"ma120":14.98,"ma250":14.624,"ma42":15.8566666667,"max10":17.59,"min10":15.16,"name":"新宁物流","stat_date":"2017-06-30","mc":52.3815,"cmc":41.2769,"pe":57.4973,"pe_lyr":85.8944,"pb":3.8685,"ps":6.3868,"pcf":125.2331,"iop":264.461}