{"code":"300067","atr10":0.236,"close":7.17,"close_count":60,"l_pvalue":0.0000000635,"l_slop":51.7972687711,"l_stderror":6.0703880544,"ma120":6.5979166667,"ma250":6.92212,"ma42":7.1411904762,"max10":7.65,"min10":7.07,"name":"安诺其","stat_date":"2017-06-30","mc":46.9816,"cmc":30.9548,"pe":53.5683,"pe_lyr":57.3523,"pb":4.3077,"ps":3.7236,"pcf":-67.1143,"iop":35.1344}