{"code":"300026","atr10":0.037,"close":4.38,"close_count":60,"l_pvalue":0.0,"l_slop":-6.6732569957,"l_stderror":0.4993905951,"ma120":4.61575,"ma250":5.19644,"ma42":4.4964285714,"max10":4.49,"min10":4.37,"name":"红日药业","stat_date":"2017-06-30","mc":131.8842,"cmc":97.8703,"pe":20.9501,"pe_lyr":20.027,"pb":2.1337,"ps":3.7008,"pcf":-613.3598,"iop":-1.3818}