{"code":"300116","atr10":0.53,"close":11.44,"close_count":60,"l_pvalue":0.0,"l_slop":45.5861705239,"l_stderror":2.8788379017,"ma120":10.61525,"ma250":10.19784,"ma42":10.9380952381,"max10":12.22,"min10":11.1,"name":"坚瑞沃能","stat_date":"2017-06-30","mc":278.2808,"cmc":141.6508,"pe":28.2469,"pe_lyr":65.4075,"pb":3.3179,"ps":2.8801,"pcf":56.4659,"iop":14598.0752}