{"code":"300180","atr10":0.629,"close":24.08,"close_count":60,"l_pvalue":0.4795813222,"l_slop":-0.6579980147,"l_stderror":0.912394307,"ma120":25.4109166667,"ma250":23.60436,"ma42":24.844047619,"max10":25.58,"min10":24.08,"name":"华峰超纤","stat_date":"2017-06-30","mc":151.9496,"cmc":91.49,"pe":106.3719,"pe_lyr":151.1212,"pb":3.2315,"ps":8.3811,"pcf":56.6702,"iop":57.0318}