{"code":"300141","atr10":1.208,"close":16.58,"close_count":60,"l_pvalue":0.0,"l_slop":144.332997722,"l_stderror":7.4798605139,"ma120":12.9410833333,"ma250":14.62008,"ma42":13.935,"max10":18.8,"min10":15.86,"name":"和顺电气","stat_date":"2017-06-30","mc":41.5245,"cmc":26.9574,"pe":136.9641,"pe_lyr":139.6766,"pb":6.0311,"ps":8.4854,"pcf":-931.0489,"iop":-163.5502}