{"code":"300110","atr10":0.25,"close":11.24,"close_count":60,"l_pvalue":0.0000000463,"l_slop":7.5545718528,"l_stderror":0.8673258549,"ma120":9.46675,"ma250":9.99572,"ma42":10.8730952381,"max10":11.24,"min10":10.75,"name":"华仁药业","stat_date":"2017-06-30","mc":110.8382,"cmc":110.5661,"pe":377.6311,"pe_lyr":462.8626,"pb":7.5747,"ps":8.8452,"pcf":234.1776,"iop":1473.1716}