{"code":"300191","atr10":1.013,"close":27.27,"close_count":60,"l_pvalue":0.0000599305,"l_slop":10.8785874977,"l_stderror":2.121874593,"ma120":25.2343333333,"ma250":30.30084,"ma42":24.1533333333,"max10":27.6,"min10":23.82,"name":"潜能恒信","stat_date":"2017-06-30","mc":87.264,"cmc":56.4544,"pe":-815.9201,"pe_lyr":767.9346,"pb":7.5448,"ps":148.9292,"pcf":-1062.6382,"iop":-2095.2588}