{"code":"300167","atr10":0.377,"close":14.65,"close_count":60,"l_pvalue":7.700975358e-26,"l_slop":78.6403931505,"l_stderror":0.9422900206,"ma120":12.4150833333,"ma250":13.60024,"ma42":12.9476190476,"max10":14.91,"min10":13.81,"name":"迪威视讯","stat_date":"2017-06-30","mc":43.9852,"cmc":43.9778,"pe":99.0225,"pe_lyr":149.6823,"pb":6.5864,"ps":8.0008,"pcf":-54.9111,"iop":769.4339}