{"code":"300133","atr10":0.293,"close":10.89,"close_count":60,"l_pvalue":0.0007200461,"l_slop":-10.7395775774,"l_stderror":2.6667640162,"ma120":11.15975,"ma250":11.67324,"ma42":12.0614285714,"max10":12.07,"min10":10.89,"name":"华策影视","stat_date":"2017-06-30","mc":192.7208,"cmc":129.3392,"pe":40.0049,"pe_lyr":40.2785,"pb":2.8923,"ps":4.1464,"pcf":-39.1696,"iop":-15.4723}