{"code":"300117","atr10":0.251,"close":7.68,"close_count":60,"l_pvalue":0.0000286518,"l_slop":26.9957592658,"l_stderror":4.9427733134,"ma120":8.2935,"ma250":7.4024,"ma42":7.859047619,"max10":8.44,"min10":7.5,"name":"嘉寓股份","stat_date":"2017-06-30","mc":55.0472,"cmc":54.8571,"pe":81.5655,"pe_lyr":72.1724,"pb":3.8729,"ps":2.1962,"pcf":35.0676,"iop":133.4557}