{"code":"300183","atr10":0.777,"close":21.07,"close_count":60,"l_pvalue":0.0011471225,"l_slop":6.0060170978,"l_stderror":1.5709006485,"ma120":21.3134166667,"ma250":22.87328,"ma42":21.7804761905,"max10":22.73,"min10":20.91,"name":"东软载波","stat_date":"2017-06-30","mc":95.5029,"cmc":55.5213,"pe":27.1944,"pe_lyr":26.7911,"pb":3.7523,"ps":9.6866,"pcf":-569.096,"iop":18.2682}