{"code":"300118","atr10":0.321,"close":13.9,"close_count":60,"l_pvalue":0.0,"l_slop":37.0333580988,"l_stderror":1.9942297453,"ma120":13.4385833333,"ma250":14.75884,"ma42":12.9319047619,"max10":14.01,"min10":13.53,"name":"东方日升","stat_date":"2017-06-30","mc":125.7418,"cmc":68.3617,"pe":26.0717,"pe_lyr":18.254,"pb":1.813,"ps":1.3098,"pcf":4.772,"iop":71.4125}