{"code":"300137","atr10":0.899,"close":25.27,"close_count":60,"l_pvalue":0.0000000462,"l_slop":42.0821244647,"l_stderror":4.830508663,"ma120":26.1605,"ma250":20.58544,"ma42":25.4630952381,"max10":27.92,"min10":25.21,"name":"先河环保","stat_date":"2017-06-30","mc":87.0287,"cmc":74.8535,"pe":77.305,"pe_lyr":82.6389,"pb":6.0861,"ps":10.4884,"pcf":-67.8593,"iop":11.3755}