{"code":"300124","atr10":0.825,"close":28.15,"close_count":60,"l_pvalue":0.0,"l_slop":40.1820198393,"l_stderror":2.048929515,"ma120":24.7166666667,"ma250":22.51124,"ma42":26.6283333333,"max10":28.48,"min10":27.47,"name":"汇川技术","stat_date":"2017-06-30","mc":468.729,"cmc":359.2836,"pe":48.227,"pe_lyr":50.3016,"pb":9.8487,"ps":11.3431,"pcf":4071.6646,"iop":57.7305}