{"code":"300162","atr10":0.275,"close":9.9,"close_count":60,"l_pvalue":0.001968056,"l_slop":7.4916753468,"l_stderror":2.088865967,"ma120":10.55025,"ma250":13.01372,"ma42":10.155952381,"max10":10.62,"min10":9.86,"name":"雷曼股份","stat_date":"2017-06-30","mc":34.6015,"cmc":21.681,"pe":134.6535,"pe_lyr":112.488,"pb":3.1406,"ps":5.5554,"pcf":-35.3034,"iop":-16.7036}