{"code":"300173","atr10":0.269,"close":11.16,"close_count":60,"l_pvalue":0.0000000003,"l_slop":17.1760865724,"l_stderror":1.4344244569,"ma120":11.808,"ma250":14.54204,"ma42":11.0721428571,"max10":11.62,"min10":11.13,"name":"智慧松德","stat_date":"2017-06-30","mc":65.4177,"cmc":36.4888,"pe":83.7037,"pe_lyr":87.9272,"pb":3.9171,"ps":8.6991,"pcf":18.1214,"iop":69.2809}