{"code":"300156","atr10":1.519,"close":24.16,"close_count":60,"l_pvalue":0.0,"l_slop":-4.3603630172,"l_stderror":0.2423950037,"ma120":30.7715833333,"ma250":27.72004,"ma42":31.2695238095,"max10":24.16,"min10":24.16,"name":"神雾环保","stat_date":"2017-06-30","mc":244.0219,"cmc":174.3869,"pe":28.5062,"pe_lyr":34.5759,"pb":8.6422,"ps":6.005,"pcf":28.8405,"iop":111.3299}