{"code":"300151","atr10":0.207,"close":9.9,"close_count":60,"l_pvalue":1.129976905e-16,"l_slop":-19.7356508141,"l_stderror":0.7259817198,"ma120":11.2463333333,"ma250":12.23272,"ma42":10.865952381,"max10":10.44,"min10":9.88,"name":"昌红科技","stat_date":"2017-06-30","mc":49.7475,"cmc":28.416,"pe":200.0576,"pe_lyr":157.9184,"pb":6.1276,"ps":8.4428,"pcf":62.6326,"iop":-15.4042}