{"code":"300164","atr10":0.202,"close":6.06,"close_count":60,"l_pvalue":0.0,"l_slop":-3.59047683,"l_stderror":0.1995966026,"ma120":8.2894166667,"ma250":8.60696,"ma42":6.9028571429,"max10":6.06,"min10":6.06,"name":"通源石油","stat_date":"2017-06-30","mc":27.2253,"cmc":18.9175,"pe":72.1297,"pe_lyr":123.8957,"pb":1.7438,"ps":4.6479,"pcf":-31.9308,"iop":383.6051}