{"code":"300168","atr10":0.447,"close":13.88,"close_count":60,"l_pvalue":0.1818278989,"l_slop":-4.4359885593,"l_stderror":3.2007847865,"ma120":16.1760833333,"ma250":19.46304,"ma42":15.0938095238,"max10":15.18,"min10":13.8,"name":"万达信息","stat_date":"2017-06-30","mc":143.1143,"cmc":139.9913,"pe":58.5276,"pe_lyr":60.0631,"pb":6.333,"ps":6.4346,"pcf":-94.5499,"iop":-12.5892}