{"code":"300144","atr10":0.305,"close":18.59,"close_count":60,"l_pvalue":0.0046132073,"l_slop":-3.678329841,"l_stderror":1.1460196596,"ma120":19.98575,"ma250":20.99892,"ma42":19.1483333333,"max10":19.31,"min10":18.55,"name":"宋城演艺","stat_date":"2017-06-30","mc":270.0398,"cmc":214.2413,"pe":27.1732,"pe_lyr":29.9278,"pb":3.9707,"ps":9.4726,"pcf":-127.6757,"iop":14.5131}