{"code":"300132","atr10":0.164,"close":8.53,"close_count":60,"l_pvalue":0.0000000209,"l_slop":21.1576131853,"l_stderror":2.307498938,"ma120":8.3688333333,"ma250":9.547,"ma42":8.5483333333,"max10":8.86,"min10":8.49,"name":"青松股份","stat_date":"2017-06-30","mc":32.919,"cmc":24.7231,"pe":54.5012,"pe_lyr":100.5632,"pb":4.8738,"ps":5.0541,"pcf":-104.8568,"iop":270.3897}