{"code":"300107","atr10":0.141,"close":6.8,"close_count":60,"l_pvalue":0.0,"l_slop":-19.7947290159,"l_stderror":1.4449512379,"ma120":7.7870833333,"ma250":7.5272,"ma42":7.2971428571,"max10":7.23,"min10":6.7,"name":"建新股份","stat_date":"2017-06-30","mc":37.1143,"cmc":22.2615,"pe":124.584,"pe_lyr":163.1197,"pb":4.0398,"ps":9.9677,"pcf":-49.7641,"iop":113.2346}