{"code":"300100","atr10":0.743,"close":25.98,"close_count":60,"l_pvalue":1.0,"l_slop":0.0,"l_stderror":0.0,"ma120":32.95275,"ma250":34.36516,"ma42":27.595952381,"max10":25.98,"min10":25.98,"name":"双林股份","stat_date":"2017-06-30","mc":103.3081,"cmc":70.3103,"pe":30.8176,"pe_lyr":31.6166,"pb":3.8324,"ps":2.6861,"pcf":-33518.8359,"iop":13.9495}