{"code":"300149","atr10":1.126,"close":13.66,"close_count":60,"l_pvalue":0.0033131476,"l_slop":-17.5110911297,"l_stderror":5.2167170631,"ma120":17.7158333333,"ma250":17.4296,"ma42":17.6169047619,"max10":19.37,"min10":13.66,"name":"量子高科","stat_date":"2017-06-30","mc":57.6589,"cmc":55.3429,"pe":87.6073,"pe_lyr":88.7318,"pb":7.3637,"ps":21.94,"pcf":15.6304,"iop":15.7536}