{"code":"300102","atr10":0.293,"close":9.1,"close_count":60,"l_pvalue":0.0,"l_slop":17.6470963157,"l_stderror":0.737581011,"ma120":8.4479166667,"ma250":8.40896,"ma42":9.0278571429,"max10":9.45,"min10":9.07,"name":"乾照光电","stat_date":"2017-06-30","mc":64.1144,"cmc":54.684,"pe":41.006,"pe_lyr":132.5158,"pb":2.4706,"ps":5.0659,"pcf":-76.4017,"iop":507.1102}