{"code":"300165","atr10":0.19,"close":8.11,"close_count":60,"l_pvalue":0.000000041,"l_slop":10.8537814647,"l_stderror":1.2362854244,"ma120":8.2985,"ma250":9.52064,"ma42":7.9023809524,"max10":8.11,"min10":7.8,"name":"天瑞仪器","stat_date":"2017-06-30","mc":37.4487,"cmc":24.7145,"pe":60.8991,"pe_lyr":67.1799,"pb":2.406,"ps":7.2262,"pcf":-20.5639,"iop":45.9001}