{"code":"300104","atr10":1.122,"close":30.68,"close_count":60,"l_pvalue":1.0,"l_slop":0.0,"l_stderror":0.0,"ma120":38.5000833333,"ma250":42.58424,"ma42":33.2292857143,"max10":30.68,"min10":30.68,"name":"乐视网","stat_date":"2017-06-30","mc":611.5812,"cmc":389.3316,"pe":-166.9207,"pe_lyr":110.2426,"pb":4.5274,"ps":3.4943,"pcf":-24.2166,"iop":-1311.5435}