{"code":"300178","atr10":0.469,"close":15.37,"close_count":60,"l_pvalue":1.219704815e-19,"l_slop":33.471381083,"l_stderror":0.8540677666,"ma120":14.1614166667,"ma250":15.87364,"ma42":15.045952381,"max10":16.14,"min10":15.34,"name":"腾邦国际","stat_date":"2017-06-30","mc":95.031,"cmc":81.1694,"pe":36.1691,"pe_lyr":53.3017,"pb":3.7537,"ps":4.4047,"pcf":19.0982,"iop":169.7154}