{"code":"300147","atr10":0.14,"close":9.94,"close_count":60,"l_pvalue":0.0000002221,"l_slop":9.6737250131,"l_stderror":1.2324677639,"ma120":10.1368333333,"ma250":11.68712,"ma42":9.9683333333,"max10":10.18,"min10":9.85,"name":"香雪制药","stat_date":"2017-06-30","mc":65.7507,"cmc":65.6437,"pe":107.09,"pe_lyr":99.5859,"pb":1.9092,"ps":3.0367,"pcf":-250.5797,"iop":36.8743}