{"code":"300166","atr10":0.413,"close":14.73,"close_count":60,"l_pvalue":0.0010895627,"l_slop":9.3947434611,"l_stderror":2.4428303731,"ma120":13.2865833333,"ma250":13.47912,"ma42":14.625,"max10":14.94,"min10":14.4,"name":"东方国信","stat_date":"2017-06-30","mc":154.6605,"cmc":118.7903,"pe":42.6919,"pe_lyr":47.1668,"pb":3.8406,"ps":11.2406,"pcf":-11.78,"iop":99.6188}