{"code":"300128","atr10":0.468,"close":10.14,"close_count":60,"l_pvalue":0.0,"l_slop":52.2085087661,"l_stderror":3.6144238273,"ma120":9.0225,"ma250":9.27392,"ma42":9.724047619,"max10":10.78,"min10":9.85,"name":"锦富技术","stat_date":"2017-06-30","mc":85.341,"cmc":54.1413,"pe":96.9636,"pe_lyr":223.399,"pb":4.3088,"ps":2.6559,"pcf":98.9013,"iop":96.7058}