{"code":"300109","atr10":1.745,"close":46.56,"close_count":60,"l_pvalue":1.0,"l_slop":0.0,"l_stderror":0.0,"ma120":49.2779166667,"ma250":52.11028,"ma42":43.5538095238,"max10":46.56,"min10":46.56,"name":"新开源","stat_date":"2017-06-30","mc":79.2061,"cmc":38.0548,"pe":89.3434,"pe_lyr":98.9584,"pb":6.2848,"ps":18.4568,"pcf":-74.6753,"iop":17.7217}