{"code":"300135","atr10":0.07,"close":4.5,"close_count":60,"l_pvalue":0.0000364902,"l_slop":-5.4854326234,"l_stderror":1.0250521849,"ma120":5.1238333333,"ma250":5.34248,"ma42":4.6673809524,"max10":4.66,"min10":4.47,"name":"宝利国际","stat_date":"2017-06-30","mc":41.472,"cmc":41.472,"pe":145.3342,"pe_lyr":152.2407,"pb":3.5657,"ps":2.7326,"pcf":19.1341,"iop":-94.4016}