{"code":"300134","atr10":0.866,"close":18.05,"close_count":60,"l_pvalue":6.089166966e-16,"l_slop":-106.781045697,"l_stderror":4.3022970513,"ma120":26.2199166667,"ma250":25.37848,"ma42":21.4421428571,"max10":18.79,"min10":17.43,"name":"大富科技","stat_date":"2017-06-30","mc":138.5334,"cmc":128.5909,"pe":-1154.6128,"pe_lyr":111.1228,"pb":2.4105,"ps":6.492,"pcf":12.4096,"iop":-439.2969}