{"code":"300176","atr10":3.906,"close":84.48,"close_count":60,"l_pvalue":0.0000000003,"l_slop":43.1182835992,"l_stderror":3.6028125316,"ma120":68.3101666667,"ma250":51.76416,"ma42":80.5719047619,"max10":88.08,"min10":82.0,"name":"鸿特精密","stat_date":"2017-06-30","mc":90.6301,"cmc":90.3756,"pe":128.7471,"pe_lyr":180.8569,"pb":13.6868,"ps":5.582,"pcf":58.1668,"iop":198.1575}