{"code":"300160","atr10":0.121,"close":8.51,"close_count":60,"l_pvalue":0.0000083447,"l_slop":-8.0153451112,"l_stderror":1.3282395694,"ma120":9.1026666667,"ma250":10.72084,"ma42":8.8957142857,"max10":8.9,"min10":8.45,"name":"秀强股份","stat_date":"2017-06-30","mc":50.8694,"cmc":50.4116,"pe":31.5968,"pe_lyr":42.5518,"pb":3.8617,"ps":4.03,"pcf":55.0428,"iop":54.3438}