{"code":"300106","atr10":0.203,"close":9.85,"close_count":60,"l_pvalue":0.0,"l_slop":15.6927302285,"l_stderror":1.1080649161,"ma120":10.65475,"ma250":13.678,"ma42":9.8790476191,"max10":10.32,"min10":9.74,"name":"西部牧业","stat_date":"2017-06-30","mc":20.8162,"cmc":20.7144,"pe":-28.9314,"pe_lyr":-39.8666,"pb":2.2211,"ps":3.1154,"pcf":56.3893,"iop":-132.7555}