{"code":"300175","atr10":0.248,"close":8.36,"close_count":60,"l_pvalue":0.0000001616,"l_slop":-12.9853089993,"l_stderror":1.6192105688,"ma120":8.7905833333,"ma250":11.42164,"ma42":9.2278571429,"max10":9.19,"min10":8.27,"name":"朗源股份","stat_date":"2017-06-30","mc":39.3589,"cmc":38.5906,"pe":66.5007,"pe_lyr":138.9607,"pb":4.8987,"ps":8.8428,"pcf":-88.7907,"iop":-175.2214}