{"code":"300153","atr10":0.787,"close":15.97,"close_count":60,"l_pvalue":0.0,"l_slop":78.5565970171,"l_stderror":5.1933853674,"ma120":14.2565833333,"ma250":16.59828,"ma42":14.905,"max10":17.95,"min10":15.42,"name":"科泰电源","stat_date":"2017-06-30","mc":51.104,"cmc":51.0341,"pe":101.5781,"pe_lyr":105.4646,"pb":5.3411,"ps":5.4765,"pcf":-53.2599,"iop":328.1723}