{"code":"300188","atr10":0.526,"close":17.65,"close_count":60,"l_pvalue":0.5535074811,"l_slop":1.3625476229,"l_stderror":2.2588578221,"ma120":17.5315833333,"ma250":19.688,"ma42":17.9502380952,"max10":18.28,"min10":17.56,"name":"美亚柏科","stat_date":"2017-06-30","mc":87.6041,"cmc":52.1546,"pe":45.6886,"pe_lyr":47.9696,"pb":4.6258,"ps":7.8975,"pcf":303.6777,"iop":144.7923}