{"code":"300123","atr10":0.629,"close":14.85,"close_count":60,"l_pvalue":0.0006457781,"l_slop":-8.2492911186,"l_stderror":2.0244365698,"ma120":13.7975833333,"ma250":14.61176,"ma42":13.9576190476,"max10":15.05,"min10":13.15,"name":"太阳鸟","stat_date":"2017-06-30","mc":44.8062,"cmc":41.0722,"pe":204.6908,"pe_lyr":245.2442,"pb":3.8596,"ps":7.3546,"pcf":166.835,"iop":8.1977}