{"code":"300174","atr10":0.745,"close":29.17,"close_count":60,"l_pvalue":6.679899141e-16,"l_slop":-24.152452203,"l_stderror":0.9780167114,"ma120":29.8088333333,"ma250":30.54356,"ma42":29.8714285714,"max10":29.36,"min10":28.26,"name":"元力股份","stat_date":"2017-06-30","mc":71.4082,"cmc":64.2202,"pe":137.3491,"pe_lyr":167.8304,"pb":12.8786,"ps":9.7287,"pcf":355.3854,"iop":174.7621}