{"code":"300142","atr10":0.674,"close":16.79,"close_count":60,"l_pvalue":4.890050946e-19,"l_slop":115.349186313,"l_stderror":3.169392011,"ma120":12.6006666667,"ma250":11.88064,"ma42":13.8821428571,"max10":16.96,"min10":15.38,"name":"沃森生物","stat_date":"2017-06-30","mc":258.1357,"cmc":196.8432,"pe":136.3314,"pe_lyr":366.3645,"pb":8.178,"ps":46.5354,"pcf":-31.5487,"iop":91.103}