{"code":"300146","atr10":0.277,"close":13.38,"close_count":60,"l_pvalue":0.0000000011,"l_slop":-17.6156641339,"l_stderror":1.599821026,"ma120":12.6456666667,"ma250":12.21048,"ma42":14.0969047619,"max10":14.08,"min10":13.2,"name":"汤臣倍健","stat_date":"2017-06-30","mc":196.7023,"cmc":116.693,"pe":25.9262,"pe_lyr":36.7522,"pb":4.0276,"ps":7.6767,"pcf":19.1047,"iop":114.198}