{"code":"300159","atr10":0.262,"close":12.04,"close_count":60,"l_pvalue":0.0000000011,"l_slop":-5.3809870484,"l_stderror":0.487762503,"ma120":13.5204166667,"ma250":14.35512,"ma42":12.3145238095,"max10":12.41,"min10":12.0,"name":"新研股份","stat_date":"2017-06-30","mc":179.4394,"cmc":114.3427,"pe":55.3543,"pe_lyr":71.5076,"pb":3.0505,"ps":8.8935,"pcf":-68.4256,"iop":740.5481}