{"code":"300121","atr10":0.5,"close":15.35,"close_count":60,"l_pvalue":0.0014901417,"l_slop":17.6275872428,"l_stderror":4.7531280735,"ma120":14.3485,"ma250":16.0744,"ma42":15.760952381,"max10":16.51,"min10":14.99,"name":"阳谷华泰","stat_date":"2017-06-30","mc":44.3953,"cmc":41.86,"pe":24.9851,"pe_lyr":28.3172,"pb":6.0901,"ps":3.0744,"pcf":-35.6422,"iop":8.4678}