{"code":"300103","atr10":0.482,"close":20.05,"close_count":60,"l_pvalue":3.028497793e-18,"l_slop":32.7308349744,"l_stderror":0.9913485343,"ma120":19.6255,"ma250":20.69204,"ma42":18.6642857143,"max10":20.32,"min10":19.1,"name":"达刚路机","stat_date":"2017-06-30","mc":42.4527,"cmc":33.5932,"pe":141.1515,"pe_lyr":179.5521,"pb":4.9081,"ps":15.0825,"pcf":-22.7048,"iop":58.6979}