{"code":"300181","atr10":0.154,"close":7.32,"close_count":60,"l_pvalue":0.0000000023,"l_slop":40.780723001,"l_stderror":3.8794910863,"ma120":7.0630833333,"ma250":8.31892,"ma42":6.960952381,"max10":7.49,"min10":7.13,"name":"佐力药业","stat_date":"2017-06-30","mc":44.5513,"cmc":25.9003,"pe":70.9691,"pe_lyr":61.8593,"pb":3.2813,"ps":5.4738,"pcf":-24.8765,"iop":-29.4554}