{"code":"300138","atr10":0.326,"close":13.0,"close_count":60,"l_pvalue":7.026645106e-17,"l_slop":29.8791968908,"l_stderror":1.0713347897,"ma120":12.68675,"ma250":12.90212,"ma42":12.1635714286,"max10":13.19,"min10":12.5,"name":"晨光生物","stat_date":"2017-06-30","mc":47.7041,"cmc":34.5201,"pe":39.7663,"pe_lyr":51.5865,"pb":3.0473,"ps":2.0006,"pcf":-70.1754,"iop":21.7769}