{"code":"300158","atr10":0.38,"close":16.45,"close_count":60,"l_pvalue":0.0013520923,"l_slop":5.9196279241,"l_stderror":1.5780379866,"ma120":16.93675,"ma250":18.6608,"ma42":16.854047619,"max10":17.37,"min10":16.13,"name":"振东制药","stat_date":"2017-06-30","mc":85.4626,"cmc":67.2554,"pe":25.9147,"pe_lyr":42.0865,"pb":1.5919,"ps":2.2629,"pcf":30.6479,"iop":738.6496}