{"code":"300185","atr10":0.033,"close":2.64,"close_count":60,"l_pvalue":0.0871050681,"l_slop":-1.2341862668,"l_stderror":0.6841269028,"ma120":2.7110833333,"ma250":2.9272,"ma42":2.6978571429,"max10":2.73,"min10":2.62,"name":"通裕重工","stat_date":"2017-06-30","mc":86.2684,"cmc":72.3737,"pe":47.3664,"pe_lyr":51.9019,"pb":1.7858,"ps":3.2487,"pcf":-5.2047,"iop":5.4476}