{"code":"300145","atr10":0.414,"close":16.92,"close_count":60,"l_pvalue":1.0,"l_slop":0.0,"l_stderror":0.0,"ma120":15.2844166667,"ma250":14.72004,"ma42":16.3638095238,"max10":16.92,"min10":16.92,"name":"中金环境","stat_date":"2017-06-30","mc":203.4036,"cmc":125.1737,"pe":33.5523,"pe_lyr":39.8841,"pb":4.7607,"ps":6.112,"pcf":-1601.7598,"iop":32.0075}