{"code":"300189","atr10":0.14,"close":4.2,"close_count":60,"l_pvalue":0.0,"l_slop":70.200752225,"l_stderror":2.9469797529,"ma120":3.7603333333,"ma250":4.57772,"ma42":3.9064285714,"max10":4.48,"min10":4.1,"name":"神农基因","stat_date":"2017-06-30","mc":43.008,"cmc":37.0309,"pe":230.7015,"pe_lyr":252.4397,"pb":2.993,"ps":3.1616,"pcf":-68.6548,"iop":-40.3366}