{"code":"300115","atr10":0.806,"close":33.85,"close_count":60,"l_pvalue":0.0001785866,"l_slop":17.3742039715,"l_stderror":3.744506619,"ma120":31.12175,"ma250":28.8674,"ma42":34.0526190476,"max10":35.42,"min10":33.65,"name":"长盈精密","stat_date":"2017-06-30","mc":307.6246,"cmc":305.3995,"pe":43.4881,"pe_lyr":44.7124,"pb":7.2932,"ps":4.3222,"pcf":945.8688,"iop":-9.5447}