{"code":"300171","atr10":0.238,"close":11.11,"close_count":60,"l_pvalue":0.0000000068,"l_slop":9.513801328,"l_stderror":0.9663262699,"ma120":11.5295833333,"ma250":13.45436,"ma42":11.1885714286,"max10":11.46,"min10":11.08,"name":"东富龙","stat_date":"2017-06-30","mc":69.8082,"cmc":37.0841,"pe":40.1386,"pe_lyr":29.7675,"pb":2.4219,"ps":5.0318,"pcf":56.7649,"iop":-51.2432}