{"code":"300126","atr10":0.206,"close":7.94,"close_count":60,"l_pvalue":0.0000001686,"l_slop":15.9881411345,"l_stderror":1.999310877,"ma120":8.4673333333,"ma250":9.86076,"ma42":8.1254761905,"max10":8.44,"min10":7.87,"name":"锐奇股份","stat_date":"2017-06-30","mc":24.2495,"cmc":16.7038,"pe":-2655.1511,"pe_lyr":388.122,"pb":2.3396,"ps":4.9542,"pcf":69.9959,"iop":-169.2187}