{"code":"300143","atr10":0.876,"close":30.02,"close_count":60,"l_pvalue":0.0,"l_slop":39.219463587,"l_stderror":2.8004964055,"ma120":27.4409166667,"ma250":27.10828,"ma42":29.5438095238,"max10":32.41,"min10":30.02,"name":"星普医科","stat_date":"2017-06-30","mc":86.5738,"cmc":43.9713,"pe":70.7563,"pe_lyr":157.177,"pb":3.8035,"ps":22.3236,"pcf":41.7144,"iop":2437.0786}