{"code":"300172","atr10":0.199,"close":9.45,"close_count":60,"l_pvalue":0.9255129434,"l_slop":0.1523538786,"l_stderror":1.6081169768,"ma120":10.26525,"ma250":10.31728,"ma42":9.839047619,"max10":10.1,"min10":9.45,"name":"中电环保","stat_date":"2017-06-30","mc":47.9115,"cmc":32.4487,"pe":40.2217,"pe_lyr":43.9382,"pb":4.1999,"ps":7.0969,"pcf":-36.0748,"iop":-1.7215}