{"code":"300129","atr10":0.202,"close":7.75,"close_count":60,"l_pvalue":0.0,"l_slop":36.2070201748,"l_stderror":1.7969376608,"ma120":7.4240833333,"ma250":7.95344,"ma42":7.5230952381,"max10":8.05,"min10":7.75,"name":"泰胜风能","stat_date":"2017-06-30","mc":56.3493,"cmc":38.0341,"pe":25.5502,"pe_lyr":25.7178,"pb":2.5476,"ps":3.3456,"pcf":43.8619,"iop":-29.0915}