{"code":"300184","atr10":0.372,"close":13.69,"close_count":60,"l_pvalue":0.0000000809,"l_slop":13.4387020638,"l_stderror":1.6001853078,"ma120":13.1595,"ma250":14.44152,"ma42":13.9380952381,"max10":14.2,"min10":13.55,"name":"力源信息","stat_date":"2017-06-30","mc":90.1072,"cmc":41.0491,"pe":50.3544,"pe_lyr":190.3042,"pb":2.2215,"ps":1.991,"pcf":85.5534,"iop":791.9599}