{"code":"300196","atr10":0.458,"close":13.38,"close_count":60,"l_pvalue":0.0000038191,"l_slop":19.0414303751,"l_stderror":2.9716331947,"ma120":15.561,"ma250":17.18512,"ma42":14.1873809524,"max10":14.82,"min10":13.38,"name":"长海股份","stat_date":"2017-06-30","mc":56.7976,"cmc":34.1176,"pe":23.9578,"pe_lyr":22.0464,"pb":2.4576,"ps":3.0927,"pcf":76.0563,"iop":-38.6362}