{"code":"300114","atr10":0.265,"close":12.14,"close_count":60,"l_pvalue":0.0556549437,"l_slop":-5.2160333589,"l_stderror":2.5586718181,"ma120":13.34525,"ma250":15.10576,"ma42":12.7435714286,"max10":13.03,"min10":12.06,"name":"中航电测","stat_date":"2017-06-30","mc":71.7183,"cmc":55.3937,"pe":63.6705,"pe_lyr":69.6058,"pb":5.1576,"ps":6.1488,"pcf":88.9079,"iop":7.6014}