{"code":"300177","atr10":0.221,"close":11.64,"close_count":60,"l_pvalue":0.0,"l_slop":-0.1125514722,"l_stderror":0.0062567989,"ma120":12.69075,"ma250":13.93236,"ma42":11.4692857143,"max10":11.64,"min10":11.64,"name":"中海达","stat_date":"2017-06-30","mc":52.0033,"cmc":36.4863,"pe":199.9699,"pe_lyr":275.3985,"pb":3.2235,"ps":6.141,"pcf":127.6967,"iop":58.9587}