{"code":"300122","atr10":0.999,"close":26.71,"close_count":60,"l_pvalue":2.147778192e-20,"l_slop":50.2392162596,"l_stderror":1.1687902148,"ma120":21.0414166667,"ma250":19.22196,"ma42":23.9880952381,"max10":27.45,"min10":24.35,"name":"智飞生物","stat_date":"2017-06-30","mc":427.36,"cmc":232.155,"pe":222.269,"pe_lyr":1314.1324,"pb":15.9639,"ps":60.4328,"pcf":-792.4544,"iop":321.5184}