{"code":"300131","atr10":0.163,"close":8.13,"close_count":60,"l_pvalue":0.0000001508,"l_slop":19.7234121924,"l_stderror":2.4480055045,"ma120":8.1875833333,"ma250":8.85856,"ma42":8.0826190476,"max10":8.44,"min10":8.08,"name":"英唐智控","stat_date":"2017-06-30","mc":86.9525,"cmc":51.0413,"pe":49.1523,"pe_lyr":43.1676,"pb":4.778,"ps":1.4332,"pcf":107.9615,"iop":52.4453}