{"code":"300101","atr10":0.803,"close":15.16,"close_count":60,"l_pvalue":1.56144931e-17,"l_slop":66.8830643819,"l_stderror":2.2118451673,"ma120":13.9926666667,"ma250":17.29764,"ma42":13.8371428571,"max10":16.25,"min10":14.57,"name":"振芯科技","stat_date":"2017-06-30","mc":84.2896,"cmc":83.2983,"pe":423.4117,"pe_lyr":210.6842,"pb":9.8096,"ps":21.6453,"pcf":-117.143,"iop":-39.0036}