{"code":"300111","atr10":0.096,"close":4.12,"close_count":60,"l_pvalue":6.237162295e-17,"l_slop":31.650806059,"l_stderror":1.1275969593,"ma120":3.9764166667,"ma250":4.6356,"ma42":3.9857142857,"max10":4.27,"min10":4.07,"name":"向日葵","stat_date":"2017-06-30","mc":46.1358,"cmc":46.0121,"pe":-334.255,"pe_lyr":150.555,"pb":3.5385,"ps":3.0404,"pcf":38.6868,"iop":-20.734}