{"code":"300161","atr10":0.619,"close":18.95,"close_count":60,"l_pvalue":3.296228308e-16,"l_slop":42.8895900365,"l_stderror":1.6715966474,"ma120":18.9864166667,"ma250":22.58276,"ma42":18.165952381,"max10":20.14,"min10":18.69,"name":"华中数控","stat_date":"2017-06-30","mc":32.7439,"cmc":30.6199,"pe":62.4845,"pe_lyr":245.8558,"pb":2.9349,"ps":3.5016,"pcf":15.9614,"iop":67.4694}