{"code":"300187","atr10":0.173,"close":11.15,"close_count":60,"l_pvalue":0.0116544092,"l_slop":6.5227309275,"l_stderror":2.337212603,"ma120":11.3513333333,"ma250":12.32788,"ma42":11.1085714286,"max10":11.31,"min10":11.03,"name":"永清环保","stat_date":"2017-06-30","mc":72.3111,"cmc":66.3199,"pe":50.8594,"pe_lyr":51.0952,"pb":4.7482,"ps":4.6839,"pcf":-244.7402,"iop":-25.6818}