{"code":"300108","atr10":0.172,"close":9.24,"close_count":60,"l_pvalue":8.401583332e-16,"l_slop":42.7809078509,"l_stderror":1.7540175904,"ma120":8.67575,"ma250":8.89536,"ma42":8.6614285714,"max10":9.24,"min10":9.05,"name":"吉药控股","stat_date":"2017-06-30","mc":58.7678,"cmc":40.7476,"pe":29.4434,"pe_lyr":31.5343,"pb":3.2237,"ps":7.6633,"pcf":-229401.5938,"iop":12.5809}