{"code":"300150","atr10":0.118,"close":7.09,"close_count":60,"l_pvalue":0.3478715924,"l_slop":1.3497613925,"l_stderror":1.4022970837,"ma120":7.8773333333,"ma250":9.09004,"ma42":7.2233333333,"max10":7.33,"min10":7.04,"name":"世纪瑞尔","stat_date":"2017-06-30","mc":38.286,"cmc":31.4061,"pe":54.0384,"pe_lyr":42.1726,"pb":2.5593,"ps":7.895,"pcf":-11.8075,"iop":-57.2935}