{"code":"300194","atr10":0.082,"close":6.79,"close_count":60,"l_pvalue":0.0,"l_slop":-11.5520270747,"l_stderror":0.6731184814,"ma120":7.2779166667,"ma250":7.91048,"ma42":7.1316666667,"max10":7.04,"min10":6.78,"name":"福安药业","stat_date":"2017-06-30","mc":80.7815,"cmc":39.7525,"pe":25.2725,"pe_lyr":36.3949,"pb":1.9939,"ps":4.6375,"pcf":-124.8361,"iop":94.2295}