{"code":"300125","atr10":0.739,"close":27.8,"close_count":60,"l_pvalue":9.103067741e-21,"l_slop":15.5203497337,"l_stderror":0.3449772784,"ma120":26.31375,"ma250":27.75096,"ma42":26.4661904762,"max10":27.8,"min10":26.76,"name":"易世达","stat_date":"2017-06-30","mc":32.804,"cmc":25.1027,"pe":-61.7422,"pe_lyr":-52.6901,"pb":3.218,"ps":20.7311,"pcf":113.9226,"iop":91.3101}