{"code":"300140","atr10":0.736,"close":17.31,"close_count":60,"l_pvalue":0.0,"l_slop":0.3704488026,"l_stderror":0.0205934548,"ma120":16.8100833333,"ma250":17.886,"ma42":18.5923809524,"max10":17.31,"min10":17.31,"name":"中环装备","stat_date":"2017-06-30","mc":59.7463,"cmc":41.7871,"pe":57.8819,"pe_lyr":66.2575,"pb":4.7025,"ps":3.7266,"pcf":-170.4047,"iop":376.7254}