{"code":"300199","atr10":0.313,"close":16.75,"close_count":60,"l_pvalue":0.0000000002,"l_slop":21.7743459655,"l_stderror":1.7714628061,"ma120":15.5935,"ma250":17.17468,"ma42":16.0783333333,"max10":16.87,"min10":16.25,"name":"翰宇药业","stat_date":"2017-06-30","mc":156.561,"cmc":94.2483,"pe":45.8415,"pe_lyr":53.6306,"pb":4.2501,"ps":15.8064,"pcf":31.8297,"iop":53.1897}