{"code":"300155","atr10":0.201,"close":7.47,"close_count":60,"l_pvalue":0.0,"l_slop":12.6082524413,"l_stderror":0.8896804841,"ma120":8.2251666667,"ma250":10.39916,"ma42":7.4304761905,"max10":7.74,"min10":7.43,"name":"安居宝","stat_date":"2017-06-30","mc":40.5898,"cmc":20.7517,"pe":655.2115,"pe_lyr":230.6201,"pb":3.6111,"ps":5.1406,"pcf":-36.17,"iop":9.5832}