{"code":"300163","atr10":0.26,"close":7.65,"close_count":60,"l_pvalue":1.0,"l_slop":0.0,"l_stderror":0.0,"ma120":10.8914166667,"ma250":11.18404,"ma42":9.1997619048,"max10":7.65,"min10":7.65,"name":"先锋新材","stat_date":"2017-06-30","mc":36.024,"cmc":25.0757,"pe":94.7976,"pe_lyr":53.0364,"pb":5.0014,"ps":4.8582,"pcf":-210.4833,"iop":-94.7462}