{"code":"300130","atr10":0.649,"close":20.8,"close_count":60,"l_pvalue":9.590285716e-22,"l_slop":45.7852429741,"l_stderror":0.9031622555,"ma120":19.3530833333,"ma250":22.70216,"ma42":19.3219047619,"max10":21.52,"min10":20.45,"name":"新国都","stat_date":"2017-06-30","mc":49.9488,"cmc":32.7043,"pe":36.7874,"pe_lyr":35.889,"pb":3.2838,"ps":4.5586,"pcf":-154.2837,"iop":92.226}