{"code":"300154","atr10":0.162,"close":8.38,"close_count":60,"l_pvalue":0.0000001338,"l_slop":9.0273966204,"l_stderror":1.1115166817,"ma120":8.4634166667,"ma250":9.29,"ma42":8.5069047619,"max10":8.8,"min10":8.33,"name":"瑞凌股份","stat_date":"2017-06-30","mc":37.4586,"cmc":26.2985,"pe":46.3231,"pe_lyr":51.136,"pb":2.546,"ps":6.0273,"pcf":26.5056,"iop":-2.0209}