{"code":"300170","atr10":0.32,"close":11.68,"close_count":60,"l_pvalue":0.0000000001,"l_slop":40.0020652053,"l_stderror":3.1493724779,"ma120":10.75875,"ma250":11.5264,"ma42":11.4319047619,"max10":12.16,"min10":11.64,"name":"汉得信息","stat_date":"2017-06-30","mc":100.2013,"cmc":76.7229,"pe":37.757,"pe_lyr":41.5115,"pb":4.6122,"ps":5.157,"pcf":-205.3664,"iop":39.8208}