{"code":"300113","atr10":0.432,"close":19.23,"close_count":60,"l_pvalue":0.0000000087,"l_slop":-31.7587998092,"l_stderror":3.2772854252,"ma120":23.5688333333,"ma250":26.75324,"ma42":20.3569047619,"max10":19.69,"min10":18.97,"name":"顺网科技","stat_date":"2017-06-30","mc":133.4184,"cmc":88.9464,"pe":26.8798,"pe_lyr":25.5917,"pb":4.7969,"ps":7.8387,"pcf":111.8947,"iop":-36.0704}