{"code":"300198","atr10":0.416,"close":7.57,"close_count":60,"l_pvalue":0.0,"l_slop":165.38114212,"l_stderror":11.4345570553,"ma120":7.0411666667,"ma250":7.01052,"ma42":7.6619047619,"max10":9.08,"min10":7.48,"name":"纳川股份","stat_date":"2017-06-30","mc":78.0882,"cmc":59.1699,"pe":113.7163,"pe_lyr":122.2648,"pb":4.8691,"ps":6.6792,"pcf":-107.2825,"iop":1289.4587}