{"code":"300148","atr10":0.279,"close":11.82,"close_count":60,"l_pvalue":4.800790548e-20,"l_slop":-41.5305897196,"l_stderror":1.0084053647,"ma120":14.5933333333,"ma250":13.47344,"ma42":12.7133333333,"max10":12.31,"min10":11.82,"name":"天舟文化","stat_date":"2017-06-30","mc":99.8713,"cmc":90.0931,"pe":35.4858,"pe_lyr":41.0033,"pb":2.2571,"ps":11.0523,"pcf":10.537,"iop":-33.1518}