{"code":"300152","atr10":0.186,"close":6.73,"close_count":60,"l_pvalue":0.0,"l_slop":-27.6256790562,"l_stderror":1.7471612375,"ma120":8.183,"ma250":8.33032,"ma42":7.2142857143,"max10":6.92,"min10":6.73,"name":"科融环境","stat_date":"2017-06-30","mc":47.9714,"cmc":47.9714,"pe":-40.4142,"pe_lyr":-36.3859,"pb":3.4711,"ps":7.3972,"pcf":-15.7494,"iop":-115.2305}