{"code":"300136","atr10":1.457,"close":41.0,"close_count":60,"l_pvalue":0.0000027572,"l_slop":22.3694958861,"l_stderror":3.4069136633,"ma120":37.7744166667,"ma250":32.4918,"ma42":39.6980952381,"max10":41.3,"min10":39.53,"name":"信维通信","stat_date":"2017-06-30","mc":402.9622,"cmc":305.4211,"pe":52.2781,"pe_lyr":75.8062,"pb":17.8442,"ps":13.1119,"pcf":79.8968,"iop":99.4174}