{"code":"300192","atr10":0.651,"close":14.12,"close_count":60,"l_pvalue":0.022122166,"l_slop":-2.6711136987,"l_stderror":1.0719881324,"ma120":14.1714166667,"ma250":13.49136,"ma42":14.4992857143,"max10":15.26,"min10":13.9,"name":"科斯伍德","stat_date":"2017-06-30","mc":34.2481,"cmc":24.6281,"pe":125.5451,"pe_lyr":95.1336,"pb":4.811,"ps":7.0955,"pcf":80.1965,"iop":-82.2598}