{"code":"300112","atr10":0.268,"close":10.94,"close_count":60,"l_pvalue":0.0000000297,"l_slop":15.3577093178,"l_stderror":1.7133473375,"ma120":11.2735,"ma250":12.872,"ma42":10.9728571429,"max10":11.39,"min10":10.8,"name":"万讯自控","stat_date":"2017-06-30","mc":28.7099,"cmc":17.5031,"pe":102.2835,"pe_lyr":107.5067,"pb":4.012,"ps":6.1763,"pcf":56.4263,"iop":52.2202}