{"code":"300127","atr10":0.844,"close":21.2,"close_count":60,"l_pvalue":0.0,"l_slop":62.1040354519,"l_stderror":4.3134519633,"ma120":18.2300833333,"ma250":18.72812,"ma42":20.5095238095,"max10":22.48,"min10":20.78,"name":"银河磁体","stat_date":"2017-06-30","mc":68.507,"cmc":48.1484,"pe":38.8906,"pe_lyr":57.914,"pb":6.0567,"ps":14.688,"pcf":98.997,"iop":-8.3159}