{"code":"300120","atr10":0.409,"close":13.33,"close_count":60,"l_pvalue":0.0000000003,"l_slop":28.2402407942,"l_stderror":2.3767524857,"ma120":13.3495833333,"ma250":14.01572,"ma42":13.3495238095,"max10":14.47,"min10":13.13,"name":"经纬电材","stat_date":"2017-06-30","mc":27.266,"cmc":21.9237,"pe":114.4499,"pe_lyr":173.8991,"pb":4.4222,"ps":4.4673,"pcf":-78.4063,"iop":105.9372}