{"code":"300139","atr10":0.397,"close":10.19,"close_count":60,"l_pvalue":2.058367992e-21,"l_slop":39.2882965619,"l_stderror":0.80702854,"ma120":10.2055,"ma250":12.10288,"ma42":9.5088095238,"max10":10.5,"min10":9.85,"name":"晓程科技","stat_date":"2017-06-30","mc":27.9206,"cmc":21.6073,"pe":129.9437,"pe_lyr":99.7695,"pb":2.1316,"ps":10.5525,"pcf":15.2379,"iop":152.7623}