{"code":"300157","atr10":0.453,"close":12.22,"close_count":60,"l_pvalue":8.042760931e-21,"l_slop":60.2500107401,"l_stderror":1.3304247711,"ma120":10.6326666667,"ma250":9.90952,"ma42":10.9873809524,"max10":12.52,"min10":11.85,"name":"恒泰艾普","stat_date":"2017-06-30","mc":87.1007,"cmc":74.9767,"pe":61.4201,"pe_lyr":102.5272,"pb":2.2787,"ps":3.7146,"pcf":-26.651,"iop":194.0038}