{"code":"300190","atr10":0.186,"close":13.93,"close_count":60,"l_pvalue":0.6149779033,"l_slop":-0.7064274659,"l_stderror":1.3814188375,"ma120":14.566,"ma250":15.66096,"ma42":14.050952381,"max10":14.14,"min10":13.79,"name":"维尔利","stat_date":"2017-06-30","mc":63.0033,"cmc":54.4559,"pe":54.0786,"pe_lyr":67.9256,"pb":1.7817,"ps":6.4965,"pcf":-48.656,"iop":43.5236}