{"code":"300169","atr10":0.136,"close":7.55,"close_count":60,"l_pvalue":0.0000000472,"l_slop":10.9968904916,"l_stderror":1.2639966343,"ma120":7.8189166667,"ma250":9.75064,"ma42":7.5088095238,"max10":7.74,"min10":7.4,"name":"天晟新材","stat_date":"2017-06-30","mc":24.6118,"cmc":19.4433,"pe":146.0833,"pe_lyr":135.2904,"pb":1.9616,"ps":2.8788,"pcf":77.0765,"iop":-6.0715}