{"code":"300179","atr10":0.161,"close":7.2,"close_count":60,"l_pvalue":0.0000000029,"l_slop":12.0883553061,"l_stderror":1.1648819456,"ma120":6.8769166667,"ma250":7.12176,"ma42":7.3219047619,"max10":7.56,"min10":7.16,"name":"四方达","stat_date":"2017-06-30","mc":34.3733,"cmc":23.3747,"pe":55.718,"pe_lyr":116.4596,"pb":4.3885,"ps":13.6364,"pcf":-20.8232,"iop":1887.1335}