{"code":"300195","atr10":0.266,"close":14.63,"close_count":60,"l_pvalue":0.0000925226,"l_slop":6.194405038,"l_stderror":1.2559232301,"ma120":14.5505,"ma250":15.85788,"ma42":14.7411904762,"max10":15.07,"min10":14.56,"name":"长荣股份","stat_date":"2017-06-30","mc":63.4187,"cmc":30.3827,"pe":45.7282,"pe_lyr":46.7523,"pb":1.6117,"ps":5.5337,"pcf":5.7917,"iop":68.8364}