{"code":"300193","atr10":0.161,"close":8.81,"close_count":60,"l_pvalue":0.0089499183,"l_slop":4.3764814053,"l_stderror":1.5031802889,"ma120":8.63,"ma250":9.43348,"ma42":8.7821428571,"max10":9.06,"min10":8.62,"name":"佳士科技","stat_date":"2017-06-30","mc":44.6938,"cmc":32.2169,"pe":37.2155,"pe_lyr":44.2474,"pb":2.0268,"ps":5.7074,"pcf":11.3404,"iop":51.6279}