{"code":"300105","atr10":0.225,"close":7.13,"close_count":60,"l_pvalue":0.0002163254,"l_slop":13.3726901162,"l_stderror":2.9356830171,"ma120":7.0214166667,"ma250":8.04884,"ma42":7.2635714286,"max10":7.64,"min10":7.09,"name":"龙源技术","stat_date":"2017-06-30","mc":36.5923,"cmc":36.5923,"pe":-30.6983,"pe_lyr":-22.2466,"pb":1.9071,"ps":7.3603,"pcf":-5.8833,"iop":140.4566}