{"code":"300197","atr10":0.449,"close":12.32,"close_count":60,"l_pvalue":0.0,"l_slop":-4.4152679536,"l_stderror":0.2454471996,"ma120":13.1351666667,"ma250":12.45488,"ma42":13.0980952381,"max10":12.32,"min10":12.32,"name":"铁汉生态","stat_date":"2017-06-30","mc":187.2213,"cmc":122.1089,"pe":30.495,"pe_lyr":35.8617,"pb":3.5549,"ps":3.1632,"pcf":27.0549,"iop":47.3582}