{"code":"300182","atr10":0.166,"close":9.45,"close_count":60,"l_pvalue":0.0,"l_slop":-18.39021079,"l_stderror":1.0278922663,"ma120":9.6210833333,"ma250":10.18676,"ma42":9.8340476191,"max10":9.58,"min10":9.3,"name":"捷成股份","stat_date":"2017-06-30","mc":241.4446,"cmc":130.2829,"pe":22.349,"pe_lyr":25.1125,"pb":2.5711,"ps":6.4765,"pcf":71.8401,"iop":21.928}