{"code":"300119","atr10":0.264,"close":13.67,"close_count":60,"l_pvalue":0.0,"l_slop":10.482883485,"l_stderror":0.5030559238,"ma120":13.8500833333,"ma250":15.77796,"ma42":13.3671428571,"max10":13.9,"min10":13.5,"name":"瑞普生物","stat_date":"2017-06-30","mc":55.2943,"cmc":27.9884,"pe":39.9766,"pe_lyr":41.6427,"pb":2.9118,"ps":5.5661,"pcf":282.7051,"iop":6.1141}