{"code":"300236","atr10":1.753,"close":32.92,"close_count":60,"l_pvalue":8.520648004e-18,"l_slop":60.5996376671,"l_stderror":1.9399856982,"ma120":29.4618333333,"ma250":33.62184,"ma42":30.9178571429,"max10":34.9,"min10":31.66,"name":"上海新阳","stat_date":"2017-06-30","mc":63.7877,"cmc":29.3228,"pe":105.8881,"pe_lyr":117.2582,"pb":5.1483,"ps":14.0601,"pcf":-46.4108,"iop":53.1867}