{"code":"300283","atr10":0.131,"close":6.82,"close_count":60,"l_pvalue":0.000002368,"l_slop":10.1786611618,"l_stderror":1.5328489178,"ma120":7.3624166667,"ma250":8.72692,"ma42":6.9064285714,"max10":7.18,"min10":6.79,"name":"温州宏丰","stat_date":"2017-06-30","mc":28.2594,"cmc":14.1734,"pe":164.1266,"pe_lyr":116.4808,"pb":4.977,"ps":3.057,"pcf":-103.0429,"iop":-81.0357}