{"code":"300234","atr10":0.488,"close":11.45,"close_count":60,"l_pvalue":0.0298205359,"l_slop":-2.5302893837,"l_stderror":1.0773815662,"ma120":17.6045833333,"ma250":19.6962,"ma42":12.8638095238,"max10":12.79,"min10":11.45,"name":"开尔新材","stat_date":"2017-06-30","mc":33.1517,"cmc":17.1956,"pe":240.9184,"pe_lyr":116.5028,"pb":3.3089,"ps":9.5783,"pcf":-1521.3983,"iop":5.294}