{"code":"300215","atr10":0.389,"close":11.55,"close_count":60,"l_pvalue":0.0,"l_slop":15.720459632,"l_stderror":1.1222574631,"ma120":11.1103333333,"ma250":13.3496,"ma42":11.2742857143,"max10":11.61,"min10":11.01,"name":"电科院","stat_date":"2017-06-30","mc":87.5862,"cmc":68.9644,"pe":81.8616,"pe_lyr":123.9357,"pb":4.593,"ps":14.5374,"pcf":34.0891,"iop":338.2688}