{"code":"300229","atr10":0.583,"close":14.14,"close_count":60,"l_pvalue":0.0000006388,"l_slop":44.6643899959,"l_stderror":6.1208537214,"ma120":13.1668333333,"ma250":15.54344,"ma42":14.0292857143,"max10":15.56,"min10":14.14,"name":"拓尔思","stat_date":"2017-06-30","mc":66.6289,"cmc":61.819,"pe":48.3438,"pe_lyr":48.6323,"pb":4.0379,"ps":8.9036,"pcf":72.6868,"iop":204.7048}