{"code":"300282","atr10":0.359,"close":20.03,"close_count":60,"l_pvalue":0.0,"l_slop":14.5984245423,"l_stderror":0.9671176799,"ma120":20.564,"ma250":25.02244,"ma42":19.8088095238,"max10":20.69,"min10":20.03,"name":"汇冠股份","stat_date":"2017-06-30","mc":49.9824,"cmc":38.1119,"pe":36.5264,"pe_lyr":39.7624,"pb":2.088,"ps":2.6528,"pcf":14.1231,"iop":27.0059}