{"code":"300290","atr10":0.545,"close":10.84,"close_count":60,"l_pvalue":0.00006333,"l_slop":16.7070242674,"l_stderror":3.2745710928,"ma120":11.8986666667,"ma250":13.62864,"ma42":10.9528571429,"max10":11.69,"min10":10.24,"name":"荣科科技","stat_date":"2017-06-30","mc":34.843,"cmc":14.0862,"pe":99.4328,"pe_lyr":107.5484,"pb":4.9252,"ps":7.6103,"pcf":-865.6907,"iop":62.2629}