{"code":"300284","atr10":0.487,"close":19.49,"close_count":60,"l_pvalue":0.0000000008,"l_slop":-19.8325976488,"l_stderror":1.7736480749,"ma120":19.9400833333,"ma250":20.51444,"ma42":21.2704761905,"max10":20.99,"min10":19.35,"name":"苏交科","stat_date":"2017-06-30","mc":112.6947,"cmc":68.3524,"pe":27.8235,"pe_lyr":29.7183,"pb":3.2843,"ps":2.08,"pcf":-22.7636,"iop":11.6445}