{"code":"300248","atr10":0.552,"close":17.03,"close_count":60,"l_pvalue":0.0000000063,"l_slop":29.1062114393,"l_stderror":2.9419784905,"ma120":16.5318333333,"ma250":20.16968,"ma42":16.9066666667,"max10":18.13,"min10":16.71,"name":"新开普","stat_date":"2017-06-30","mc":55.2645,"cmc":34.5571,"pe":56.5761,"pe_lyr":65.1318,"pb":4.5932,"ps":7.5762,"pcf":89.0366,"iop":789.9616}