{"code":"300245","atr10":0.533,"close":13.86,"close_count":60,"l_pvalue":0.0000000017,"l_slop":20.5220664785,"l_stderror":1.915262308,"ma120":14.0456666667,"ma250":16.4194,"ma42":13.7697619048,"max10":15.02,"min10":13.83,"name":"天玑科技","stat_date":"2017-06-30","mc":37.5552,"cmc":28.5265,"pe":60.9461,"pe_lyr":65.0041,"pb":4.9115,"ps":9.8096,"pcf":-39.8042,"iop":13.8066}