{"code":"300270","atr10":0.323,"close":12.13,"close_count":60,"l_pvalue":6.346813979e-19,"l_slop":26.3559946697,"l_stderror":0.7343168157,"ma120":11.47275,"ma250":13.51444,"ma42":10.9928571429,"max10":12.13,"min10":11.2,"name":"中威电子","stat_date":"2017-06-30","mc":33.0546,"cmc":18.2828,"pe":93.9323,"pe_lyr":75.8904,"pb":4.9996,"ps":11.3352,"pcf":63.7324,"iop":-24.6709}