{"code":"300212","atr10":0.902,"close":28.64,"close_count":60,"l_pvalue":0.0,"l_slop":36.9837751461,"l_stderror":2.2399324988,"ma120":27.3436666667,"ma250":29.4768,"ma42":27.03,"max10":29.39,"min10":27.93,"name":"易华录","stat_date":"2017-06-30","mc":105.9068,"cmc":87.3594,"pe":74.2187,"pe_lyr":75.055,"pb":4.0976,"ps":4.117,"pcf":11.1869,"iop":4.0854}