{"code":"300235","atr10":0.425,"close":16.01,"close_count":60,"l_pvalue":0.0,"l_slop":13.0695772048,"l_stderror":0.760945194,"ma120":18.07775,"ma250":20.97832,"ma42":15.6738095238,"max10":16.47,"min10":15.58,"name":"方直科技","stat_date":"2017-06-30","mc":26.8698,"cmc":15.4497,"pe":233.5174,"pe_lyr":145.9311,"pb":4.6672,"ps":29.6864,"pcf":10.4687,"iop":-87.3603}