{"code":"300203","atr10":1.055,"close":33.43,"close_count":60,"l_pvalue":2.771413459e-20,"l_slop":45.0162536203,"l_stderror":1.0615680133,"ma120":29.3090833333,"ma250":30.007,"ma42":30.9892857143,"max10":34.55,"min10":33.0,"name":"聚光科技","stat_date":"2017-06-30","mc":151.3711,"cmc":150.9892,"pe":36.1571,"pe_lyr":37.6233,"pb":5.5919,"ps":5.801,"pcf":161.5691,"iop":126.1273}