{"code":"300225","atr10":0.71,"close":15.45,"close_count":60,"l_pvalue":0.0000000712,"l_slop":22.2755625256,"l_stderror":2.6303467541,"ma120":13.8993333333,"ma250":12.31668,"ma42":14.2023809524,"max10":15.6,"min10":14.0,"name":"金力泰","stat_date":"2017-06-30","mc":72.6675,"cmc":72.3105,"pe":127.1869,"pe_lyr":103.4627,"pb":8.3397,"ps":9.2195,"pcf":355.5862,"iop":-22.7548}