{"code":"300274","atr10":0.971,"close":16.56,"close_count":60,"l_pvalue":0.0,"l_slop":102.162287336,"l_stderror":5.8189472667,"ma120":11.4339166667,"ma250":11.11852,"ma42":13.524047619,"max10":16.93,"min10":15.02,"name":"阳光电源","stat_date":"2017-06-30","mc":239.9161,"cmc":175.1013,"pe":34.3888,"pe_lyr":43.3364,"pb":3.7276,"ps":3.3493,"pcf":-11.036,"iop":146.0475}