{"code":"300224","atr10":0.715,"close":13.64,"close_count":60,"l_pvalue":0.0,"l_slop":92.2675421468,"l_stderror":6.2729928355,"ma120":11.0744166667,"ma250":11.94832,"ma42":12.85,"max10":15.0,"min10":13.29,"name":"正海磁材","stat_date":"2017-06-30","mc":113.9099,"cmc":100.2743,"pe":110.5588,"pe_lyr":59.6718,"pb":3.9913,"ps":8.9913,"pcf":-51.844,"iop":-221.5151}