{"code":"300249","atr10":0.233,"close":12.12,"close_count":60,"l_pvalue":0.0009953929,"l_slop":5.6196410305,"l_stderror":1.4463377819,"ma120":12.6635833333,"ma250":13.41376,"ma42":12.4028571429,"max10":12.64,"min10":12.11,"name":"依米康","stat_date":"2017-06-30","mc":54.0699,"cmc":33.724,"pe":95.1067,"pe_lyr":121.7009,"pb":6.9175,"ps":5.5371,"pcf":76.4978,"iop":12.9055}