{"code":"300218","atr10":0.181,"close":10.94,"close_count":60,"l_pvalue":0.0,"l_slop":13.447203603,"l_stderror":0.804600713,"ma120":11.3515,"ma250":14.34156,"ma42":10.8526190476,"max10":11.26,"min10":10.79,"name":"安利股份","stat_date":"2017-06-30","mc":23.7384,"cmc":23.6606,"pe":84.9678,"pe_lyr":40.6625,"pb":2.3945,"ps":1.6688,"pcf":42.7606,"iop":-118.3728}