{"code":"300266","atr10":0.787,"close":31.53,"close_count":60,"l_pvalue":0.0000012531,"l_slop":22.3361154349,"l_stderror":3.2111929131,"ma120":27.5665833333,"ma250":24.56844,"ma42":28.9288095238,"max10":31.53,"min10":28.3,"name":"兴源环境","stat_date":"2017-06-30","mc":320.698,"cmc":283.9583,"pe":98.5665,"pe_lyr":172.6209,"pb":10.2727,"ps":11.3781,"pcf":78.6239,"iop":115.9}