{"code":"300299","atr10":0.61,"close":14.18,"close_count":60,"l_pvalue":0.0000046438,"l_slop":-13.8731842868,"l_stderror":2.1973589891,"ma120":13.6923333333,"ma250":14.60144,"ma42":13.5619047619,"max10":14.18,"min10":12.8,"name":"富春股份","stat_date":"2017-06-30","mc":80.8266,"cmc":42.8768,"pe":53.7204,"pe_lyr":73.6114,"pb":5.517,"ps":15.101,"pcf":75.7474,"iop":-51.4486}