{"code":"300209","atr10":1.897,"close":22.48,"close_count":60,"l_pvalue":0.0000219387,"l_slop":-30.621395404,"l_stderror":5.483639222,"ma120":26.755,"ma250":25.75108,"ma42":24.6566666667,"max10":28.22,"min10":22.0,"name":"天泽信息","stat_date":"2017-06-30","mc":65.6691,"cmc":54.7556,"pe":70.2955,"pe_lyr":67.4383,"pb":3.3013,"ps":8.5114,"pcf":122.1308,"iop":-31.5707}