{"code":"300238","atr10":0.734,"close":25.28,"close_count":60,"l_pvalue":0.0000000003,"l_slop":22.1126604661,"l_stderror":1.8528495745,"ma120":25.4485833333,"ma250":31.32264,"ma42":25.6076190476,"max10":27.25,"min10":25.16,"name":"冠昊生物","stat_date":"2017-06-30","mc":67.0314,"cmc":47.4729,"pe":88.6313,"pe_lyr":102.5398,"pb":4.7822,"ps":16.5953,"pcf":95.6552,"iop":316.933}