{"code":"300254","atr10":0.702,"close":14.11,"close_count":60,"l_pvalue":0.0,"l_slop":47.8512500932,"l_stderror":2.9086273367,"ma120":14.3174166667,"ma250":17.1098,"ma42":13.2995238095,"max10":15.25,"min10":13.95,"name":"仟源医药","stat_date":"2017-06-30","mc":29.3923,"cmc":21.315,"pe":93.5321,"pe_lyr":97.4942,"pb":3.5867,"ps":3.5234,"pcf":-29.2437,"iop":-0.0935}