{"code":"300277","atr10":0.437,"close":10.99,"close_count":60,"l_pvalue":0.000000009,"l_slop":54.0528563159,"l_stderror":5.5886637751,"ma120":8.62575,"ma250":10.58408,"ma42":8.3461904762,"max10":10.99,"min10":8.46,"name":"海联讯","stat_date":"2017-06-30","mc":36.8165,"cmc":36.7495,"pe":110.845,"pe_lyr":140.9461,"pb":7.9399,"ps":11.0775,"pcf":24.9698,"iop":21.5486}