{"code":"300293","atr10":0.306,"close":13.4,"close_count":60,"l_pvalue":0.0,"l_slop":29.3883304809,"l_stderror":2.1862486906,"ma120":13.8333333333,"ma250":15.50684,"ma42":13.1354761905,"max10":14.01,"min10":13.29,"name":"蓝英装备","stat_date":"2017-06-30","mc":36.18,"cmc":35.8462,"pe":164.2639,"pe_lyr":234.4516,"pb":5.4301,"ps":5.5546,"pcf":23.3576,"iop":144.8383}