{"code":"300265","atr10":0.254,"close":11.21,"close_count":60,"l_pvalue":0.0016795434,"l_slop":9.5214563822,"l_stderror":2.6042488672,"ma120":12.7265,"ma250":14.59616,"ma42":11.1216666667,"max10":11.55,"min10":10.83,"name":"通光线缆","stat_date":"2017-06-30","mc":37.8338,"cmc":37.7494,"pe":37.2174,"pe_lyr":30.1293,"pb":3.9363,"ps":2.3734,"pcf":64.2808,"iop":-48.8725}