{"code":"300232","atr10":0.301,"close":14.71,"close_count":60,"l_pvalue":0.0000001905,"l_slop":-8.9153976019,"l_stderror":1.1241006771,"ma120":14.9245833333,"ma250":15.04692,"ma42":15.2366666667,"max10":15.31,"min10":14.69,"name":"洲明科技","stat_date":"2017-06-30","mc":92.798,"cmc":53.8167,"pe":39.1124,"pe_lyr":55.7467,"pb":5.6676,"ps":4.0442,"pcf":43.2495,"iop":84.1676}