{"code":"300227","atr10":1.045,"close":26.6,"close_count":60,"l_pvalue":1.201698047e-20,"l_slop":120.446587079,"l_stderror":2.7169949127,"ma120":21.7511666667,"ma250":23.20248,"ma42":22.9535714286,"max10":28.4,"min10":26.56,"name":"光韵达","stat_date":"2017-06-30","mc":39.4526,"cmc":36.1398,"pe":131.8837,"pe_lyr":243.7489,"pb":6.0078,"ps":10.1712,"pcf":111.2541,"iop":175.4146}