{"code":"300220","atr10":1.017,"close":20.43,"close_count":60,"l_pvalue":0.0,"l_slop":74.7880148894,"l_stderror":3.8774098701,"ma120":19.33925,"ma250":24.8976,"ma42":19.0257142857,"max10":22.18,"min10":20.24,"name":"金运激光","stat_date":"2017-06-30","mc":25.7418,"cmc":25.5209,"pe":333.2675,"pe_lyr":382.2639,"pb":8.8509,"ps":12.9782,"pcf":56.5284,"iop":17.1223}