{"code":"300214","atr10":0.14,"close":7.14,"close_count":60,"l_pvalue":0.0000000001,"l_slop":12.8454691016,"l_stderror":0.9793156869,"ma120":7.0674166667,"ma250":7.8508,"ma42":7.2326190476,"max10":7.41,"min10":7.06,"name":"日科化学","stat_date":"2017-06-30","mc":30.403,"cmc":21.7566,"pe":42.3127,"pe_lyr":38.0113,"pb":1.9867,"ps":1.7045,"pcf":-67.1713,"iop":-1.4274}