{"code":"300281","atr10":0.427,"close":14.55,"close_count":60,"l_pvalue":0.0000008862,"l_slop":11.1291077875,"l_stderror":1.56083267,"ma120":15.9244166667,"ma250":17.21304,"ma42":14.79,"max10":15.53,"min10":14.5,"name":"金明精机","stat_date":"2017-06-30","mc":40.6356,"cmc":21.4207,"pe":108.659,"pe_lyr":124.3919,"pb":3.4143,"ps":10.3234,"pcf":-79.6734,"iop":30.3317}