{"code":"300226","atr10":0.942,"close":38.72,"close_count":60,"l_pvalue":0.0000016074,"l_slop":22.1159971123,"l_stderror":3.2373361802,"ma120":37.6368333333,"ma250":41.20928,"ma42":39.090952381,"max10":40.9,"min10":38.0,"name":"上海钢联","stat_date":"2017-06-30","mc":61.6887,"cmc":57.3292,"pe":196.8172,"pe_lyr":279.0728,"pb":11.6872,"ps":0.1093,"pcf":-11.7556,"iop":123.8616}