{"code":"300260","atr10":0.647,"close":13.65,"close_count":60,"l_pvalue":1.301074127e-18,"l_slop":46.7609608854,"l_stderror":1.3537378265,"ma120":13.3395833333,"ma250":15.06876,"ma42":13.2316666667,"max10":15.0,"min10":13.44,"name":"新莱应材","stat_date":"2017-06-30","mc":27.5648,"cmc":13.8314,"pe":123.8157,"pe_lyr":226.1222,"pb":4.18,"ps":4.6227,"pcf":-202.2047,"iop":351.0951}