{"code":"300208","atr10":0.4,"close":15.64,"close_count":60,"l_pvalue":0.1036410624,"l_slop":-6.3723666883,"l_stderror":3.7276212185,"ma120":15.6441666667,"ma250":15.95408,"ma42":16.6876190476,"max10":16.86,"min10":15.55,"name":"恒顺众昇","stat_date":"2017-06-30","mc":119.8845,"cmc":96.3744,"pe":34.2046,"pe_lyr":47.4252,"pb":6.4836,"ps":8.425,"pcf":706.5304,"iop":108.7827}