{"code":"300285","atr10":0.918,"close":23.03,"close_count":60,"l_pvalue":0.0,"l_slop":65.1895974183,"l_stderror":4.3475491491,"ma120":19.83225,"ma250":19.41828,"ma42":20.8414285714,"max10":23.41,"min10":23.03,"name":"国瓷材料","stat_date":"2017-06-30","mc":137.7888,"cmc":94.5891,"pe":72.7268,"pe_lyr":105.6689,"pb":7.7768,"ps":14.5873,"pcf":100.0013,"iop":81.6227}