{"code":"300288","atr10":0.77,"close":30.31,"close_count":60,"l_pvalue":0.0176235153,"l_slop":-7.4262829316,"l_stderror":2.8573829594,"ma120":28.7669166667,"ma250":28.24092,"ma42":32.6454761905,"max10":32.31,"min10":29.84,"name":"朗玛信息","stat_date":"2017-06-30","mc":102.43,"cmc":50.9462,"pe":32.0731,"pe_lyr":120.2996,"pb":7.7678,"ps":8.5999,"pcf":-431.6124,"iop":331.7014}