{"code":"300267","atr10":0.436,"close":11.48,"close_count":60,"l_pvalue":1.0,"l_slop":0.0,"l_stderror":0.0,"ma120":13.5465,"ma250":13.92544,"ma42":13.489047619,"max10":11.48,"min10":11.48,"name":"尔康制药","stat_date":"2017-06-30","mc":236.3745,"cmc":133.2284,"pe":25.6359,"pe_lyr":23.0287,"pb":4.2631,"ps":7.2665,"pcf":-744.1297,"iop":-44.9044}