{"code":"300231","atr10":0.349,"close":12.65,"close_count":60,"l_pvalue":0.0072122578,"l_slop":9.069421148,"l_stderror":3.0138365499,"ma120":13.1453333333,"ma250":15.93484,"ma42":12.8204761905,"max10":13.05,"min10":12.52,"name":"银信科技","stat_date":"2017-06-30","mc":43.3275,"cmc":33.7834,"pe":35.8189,"pe_lyr":37.3616,"pb":7.4801,"ps":4.0366,"pcf":-101.6071,"iop":1.5903}