{"code":"300211","atr10":0.248,"close":8.52,"close_count":60,"l_pvalue":2.64180272e-16,"l_slop":18.097955428,"l_stderror":0.6969684148,"ma120":8.7748333333,"ma250":10.65652,"ma42":8.2861904762,"max10":8.73,"min10":8.36,"name":"亿通科技","stat_date":"2017-06-30","mc":25.788,"cmc":15.822,"pe":-7933.5845,"pe_lyr":679.3009,"pb":5.1586,"ps":14.5602,"pcf":125.5015,"iop":-76.3803}