{"code":"300296","atr10":0.54,"close":19.58,"close_count":60,"l_pvalue":0.0000000138,"l_slop":13.8704935433,"l_stderror":1.4736579849,"ma120":18.9041666667,"ma250":17.79364,"ma42":18.6919047619,"max10":20.1,"min10":18.58,"name":"利亚德","stat_date":"2017-06-30","mc":318.9407,"cmc":190.9848,"pe":37.2526,"pe_lyr":47.6864,"pb":6.7153,"ps":6.1824,"pcf":21.9019,"iop":76.2823}