{"code":"300278","atr10":0.668,"close":20.27,"close_count":60,"l_pvalue":0.0000025056,"l_slop":31.8772448735,"l_stderror":4.8206233756,"ma120":20.8890833333,"ma250":20.04516,"ma42":20.564047619,"max10":21.1,"min10":20.27,"name":"华昌达","stat_date":"2017-06-30","mc":110.4803,"cmc":45.9569,"pe":92.5378,"pe_lyr":94.8567,"pb":6.817,"ps":3.9289,"pcf":58.4925,"iop":-74.9071}