{"code":"300239","atr10":0.107,"close":6.31,"close_count":60,"l_pvalue":0.0000000624,"l_slop":13.9074170121,"l_stderror":1.6279785113,"ma120":6.5723333333,"ma250":7.43588,"ma42":6.3764285714,"max10":6.58,"min10":6.28,"name":"东宝生物","stat_date":"2017-06-30","mc":29.0812,"cmc":28.0748,"pe":126.3334,"pe_lyr":151.252,"pb":4.042,"ps":9.1557,"pcf":-18.0043,"iop":75.7805}