{"code":"300258","atr10":0.274,"close":15.93,"close_count":60,"l_pvalue":0.0,"l_slop":-17.6900007933,"l_stderror":0.8000278807,"ma120":16.12975,"ma250":15.51168,"ma42":16.5183333333,"max10":16.25,"min10":15.93,"name":"精锻科技","stat_date":"2017-06-30","mc":64.5165,"cmc":59.6825,"pe":28.9102,"pe_lyr":33.8339,"pb":4.1888,"ps":6.4352,"pcf":60.3661,"iop":71.802}