{"code":"300200","atr10":0.229,"close":12.65,"close_count":60,"l_pvalue":0.0,"l_slop":20.8083415076,"l_stderror":0.9868570872,"ma120":13.3531666667,"ma250":14.98736,"ma42":12.4523809524,"max10":13.04,"min10":12.6,"name":"高盟新材","stat_date":"2017-06-30","mc":32.9724,"cmc":25.7193,"pe":88.2858,"pe_lyr":57.9953,"pb":2.3062,"ps":5.2867,"pcf":6.565,"iop":-33.9667}