{"code":"300295","atr10":0.68,"close":21.4,"close_count":60,"l_pvalue":0.9406391586,"l_slop":-0.2864132204,"l_stderror":3.7956633258,"ma120":20.4409166667,"ma250":24.66876,"ma42":21.8542857143,"max10":22.53,"min10":20.78,"name":"三六五网","stat_date":"2017-06-30","mc":41.1008,"cmc":38.4126,"pe":41.9076,"pe_lyr":37.9317,"pb":3.9144,"ps":7.7411,"pcf":-5.1848,"iop":3.2459}