{"code":"300298","atr10":0.81,"close":21.38,"close_count":60,"l_pvalue":6.642730366e-17,"l_slop":52.5117477978,"l_stderror":1.8771488954,"ma120":17.4068333333,"ma250":16.82888,"ma42":20.0785714286,"max10":22.47,"min10":20.6,"name":"三诺生物","stat_date":"2017-06-30","mc":87.0843,"cmc":64.306,"pe":55.6781,"pe_lyr":75.5952,"pb":6.9974,"ps":9.2187,"pcf":-21.9558,"iop":520.5292}