{"code":"300222","atr10":1.488,"close":25.7,"close_count":60,"l_pvalue":0.0,"l_slop":8.6318115803,"l_stderror":0.4798472034,"ma120":22.934,"ma250":22.17972,"ma42":21.4552380952,"max10":25.7,"min10":25.7,"name":"科大智能","stat_date":"2017-06-30","mc":187.5639,"cmc":83.0469,"pe":62.0084,"pe_lyr":67.7774,"pb":4.9442,"ps":8.8414,"pcf":189.3251,"iop":42.3607}