{"code":"300289","atr10":0.179,"close":11.42,"close_count":60,"l_pvalue":0.0,"l_slop":-76.1258653751,"l_stderror":3.6694337789,"ma120":14.3609166667,"ma250":13.51392,"ma42":13.7983333333,"max10":12.21,"min10":11.38,"name":"利德曼","stat_date":"2017-06-30","mc":48.3986,"cmc":36.6909,"pe":64.8091,"pe_lyr":69.4897,"pb":3.7884,"ps":9.0914,"pcf":72.7429,"iop":47.9403}