{"code":"300275","atr10":0.55,"close":15.24,"close_count":60,"l_pvalue":8.15179477e-16,"l_slop":-42.1758745452,"l_stderror":1.7263833277,"ma120":22.1003333333,"ma250":22.47224,"ma42":17.2314285714,"max10":16.63,"min10":15.23,"name":"梅安森","stat_date":"2017-06-30","mc":25.0357,"cmc":18.2535,"pe":-182.8289,"pe_lyr":-35.8174,"pb":4.6594,"ps":8.2842,"pcf":-430.4019,"iop":140.0237}