{"code":"300297","atr10":0.232,"close":10.91,"close_count":60,"l_pvalue":0.0836140883,"l_slop":2.5270057852,"l_stderror":1.3839299523,"ma120":11.1601666667,"ma250":12.2426,"ma42":11.2388095238,"max10":11.34,"min10":10.88,"name":"蓝盾股份","stat_date":"2017-06-30","mc":128.2324,"cmc":80.563,"pe":33.2763,"pe_lyr":39.7134,"pb":3.5044,"ps":6.4211,"pcf":-41.3192,"iop":104.8826}