{"code":"300291","atr10":0.53,"close":20.02,"close_count":60,"l_pvalue":1.0,"l_slop":0.0,"l_stderror":0.0,"ma120":21.1413333333,"ma250":22.32492,"ma42":20.3780952381,"max10":20.02,"min10":20.02,"name":"华录百纳","stat_date":"2017-06-30","mc":161.8423,"cmc":100.3449,"pe":46.037,"pe_lyr":42.7636,"pb":2.5474,"ps":6.8764,"pcf":77.1317,"iop":-80.2849}