{"code":"300264","atr10":0.214,"close":8.09,"close_count":60,"l_pvalue":0.0000000021,"l_slop":17.9165456521,"l_stderror":1.6924637491,"ma120":8.1096666667,"ma250":9.89048,"ma42":8.0635714286,"max10":8.39,"min10":7.99,"name":"佳创视讯","stat_date":"2017-06-30","mc":33.4198,"cmc":25.758,"pe":-1212.6262,"pe_lyr":244.9308,"pb":5.6128,"ps":14.8416,"pcf":379.9181,"iop":-617.6831}