{"code":"300276","atr10":0.358,"close":15.59,"close_count":60,"l_pvalue":0.000000904,"l_slop":15.3023804288,"l_stderror":2.1491607759,"ma120":15.8824166667,"ma250":17.72356,"ma42":15.4626190476,"max10":16.01,"min10":15.4,"name":"三丰智能","stat_date":"2017-06-30","mc":58.369,"cmc":31.1573,"pe":387.2351,"pe_lyr":392.6722,"pb":9.5871,"ps":17.0388,"pcf":-171.1236,"iop":-82.7783}