{"code":"300242","atr10":0.491,"close":11.18,"close_count":60,"l_pvalue":0.0,"l_slop":91.5677286396,"l_stderror":5.2077200787,"ma120":9.7145833333,"ma250":12.69184,"ma42":9.3811904762,"max10":11.28,"min10":10.49,"name":"明家联合","stat_date":"2017-06-30","mc":71.142,"cmc":55.8661,"pe":40.7996,"pe_lyr":39.0474,"pb":3.2351,"ps":2.5207,"pcf":1746.0706,"iop":-25.4679}