{"code":"300202","atr10":0.286,"close":17.57,"close_count":60,"l_pvalue":0.2453544164,"l_slop":-0.8571361475,"l_stderror":0.7150108829,"ma120":17.11225,"ma250":20.23784,"ma42":17.3164285714,"max10":17.57,"min10":17.0,"name":"聚龙股份","stat_date":"2017-06-30","mc":96.5479,"cmc":73.9792,"pe":30.7593,"pe_lyr":30.9841,"pb":5.6661,"ps":10.2605,"pcf":-37.8373,"iop":-40.6968}