{"code":"300292","atr10":0.241,"close":6.61,"close_count":60,"l_pvalue":0.0000000001,"l_slop":19.0163057844,"l_stderror":1.489375206,"ma120":6.2519166667,"ma250":7.69796,"ma42":5.9061904762,"max10":6.61,"min10":5.94,"name":"吴通控股","stat_date":"2017-06-30","mc":84.2676,"cmc":50.8351,"pe":67.0696,"pe_lyr":50.1703,"pb":3.3443,"ps":3.8916,"pcf":103.5389,"iop":-46.5881}