{"code":"300257","atr10":0.441,"close":19.15,"close_count":60,"l_pvalue":0.5389953046,"l_slop":0.8613260546,"l_stderror":1.3767153165,"ma120":19.8246666667,"ma250":18.75548,"ma42":19.6869047619,"max10":20.14,"min10":19.14,"name":"开山股份","stat_date":"2017-06-30","mc":164.307,"cmc":156.8943,"pe":187.8406,"pe_lyr":165.2062,"pb":4.9169,"ps":7.8659,"pcf":-132.0461,"iop":-36.3543}