{"code":"300259","atr10":0.254,"close":10.72,"close_count":60,"l_pvalue":0.0,"l_slop":10.1351270811,"l_stderror":0.4506191183,"ma120":10.7615833333,"ma250":10.85988,"ma42":10.4964285714,"max10":10.78,"min10":10.53,"name":"新天科技","stat_date":"2017-06-30","mc":57.2866,"cmc":27.7251,"pe":55.3784,"pe_lyr":54.4031,"pb":3.312,"ps":10.5184,"pcf":71.4809,"iop":6.0926}