{"code":"300210","atr10":0.168,"close":7.58,"close_count":60,"l_pvalue":0.0000000012,"l_slop":-12.5789835843,"l_stderror":1.1477654323,"ma120":8.8421666667,"ma250":10.22128,"ma42":8.0528571429,"max10":8.04,"min10":7.58,"name":"森远股份","stat_date":"2017-06-30","mc":36.7039,"cmc":26.6877,"pe":52.7067,"pe_lyr":47.9971,"pb":2.9031,"ps":7.4217,"pcf":-33.9115,"iop":-16.7532}