{"code":"300247","atr10":0.097,"close":6.33,"close_count":60,"l_pvalue":0.0000004841,"l_slop":10.1122810025,"l_stderror":1.3591963582,"ma120":6.6088333333,"ma250":7.73032,"ma42":6.2092857143,"max10":6.38,"min10":6.11,"name":"乐金健康","stat_date":"2017-06-30","mc":50.9374,"cmc":31.3993,"pe":48.619,"pe_lyr":59.4823,"pb":2.1771,"ps":5.9963,"pcf":24.7234,"iop":529.4648}