{"code":"300272","atr10":0.222,"close":9.13,"close_count":60,"l_pvalue":0.0,"l_slop":0.9312453586,"l_stderror":0.0517684471,"ma120":10.0176666667,"ma250":11.26916,"ma42":9.4373809524,"max10":9.13,"min10":9.13,"name":"开能环保","stat_date":"2017-06-30","mc":36.3543,"cmc":21.7439,"pe":38.4955,"pe_lyr":40.282,"pb":4.5505,"ps":5.2759,"pcf":-148.3564,"iop":-26.9529}