{"code":"300213","atr10":0.318,"close":9.31,"close_count":60,"l_pvalue":0.0001434208,"l_slop":16.5333349741,"l_stderror":3.4902150335,"ma120":9.2963333333,"ma250":11.0824,"ma42":9.3711904762,"max10":9.99,"min10":9.12,"name":"佳讯飞鸿","stat_date":"2017-06-30","mc":55.3876,"cmc":30.0017,"pe":59.1811,"pe_lyr":53.6667,"pb":2.9918,"ps":6.4312,"pcf":17.803,"iop":-41.1147}