{"code":"300255","atr10":0.297,"close":8.58,"close_count":60,"l_pvalue":0.0000005226,"l_slop":17.1385886755,"l_stderror":2.3159283716,"ma120":8.69325,"ma250":8.4272,"ma42":8.5280952381,"max10":9.1,"min10":8.51,"name":"常山药业","stat_date":"2017-06-30","mc":80.2202,"cmc":52.3296,"pe":42.1582,"pe_lyr":45.7128,"pb":3.4903,"ps":7.1671,"pcf":129.8049,"iop":6.6747}