{"code":"300223","atr10":2.5,"close":34.5,"close_count":60,"l_pvalue":0.0,"l_slop":138.867990541,"l_stderror":8.8111959599,"ma120":26.8241666667,"ma250":28.15268,"ma42":30.2728571429,"max10":37.9,"min10":32.99,"name":"北京君正","stat_date":"2017-06-30","mc":57.5759,"cmc":34.1499,"pe":742.678,"pe_lyr":814.2239,"pb":5.1708,"ps":38.4267,"pcf":151.4323,"iop":-91.5134}