{"code":"300287","atr10":0.252,"close":8.9,"close_count":60,"l_pvalue":0.0000000288,"l_slop":28.514385413,"l_stderror":3.1744288867,"ma120":9.1099166667,"ma250":10.61532,"ma42":8.7957142857,"max10":9.5,"min10":8.89,"name":"飞利信","stat_date":"2017-06-30","mc":127.7394,"cmc":92.6344,"pe":36.1032,"pe_lyr":37.5611,"pb":2.2983,"ps":6.1411,"pcf":116.4077,"iop":1.3758}