{"code":"300217","atr10":0.079,"close":3.66,"close_count":60,"l_pvalue":0.0,"l_slop":15.9536781042,"l_stderror":0.8119967436,"ma120":3.634,"ma250":4.049,"ma42":3.6421428571,"max10":3.77,"min10":3.63,"name":"东方电热","stat_date":"2017-06-30","mc":46.6099,"cmc":32.6491,"pe":79.0419,"pe_lyr":101.6332,"pb":2.5441,"ps":3.4113,"pcf":-34.7022,"iop":111.1092}