{"code":"300261","atr10":0.186,"close":9.62,"close_count":60,"l_pvalue":3.317642376e-17,"l_slop":19.1989819574,"l_stderror":0.6611468218,"ma120":9.2475,"ma250":9.92752,"ma42":9.3261904762,"max10":9.69,"min10":9.5,"name":"雅本化学","stat_date":"2017-06-30","mc":51.6569,"cmc":48.9911,"pe":113.7106,"pe_lyr":318.7686,"pb":5.0085,"ps":5.6433,"pcf":-128.9558,"iop":1447.9502}