{"code":"300206","atr10":0.203,"close":9.09,"close_count":60,"l_pvalue":0.0,"l_slop":30.6066318559,"l_stderror":1.7120791244,"ma120":8.8159166667,"ma250":9.17964,"ma42":8.8747619048,"max10":9.41,"min10":8.96,"name":"理邦仪器","stat_date":"2017-06-30","mc":53.1765,"cmc":31.2438,"pe":101.0624,"pe_lyr":201.7873,"pb":4.3098,"ps":6.7111,"pcf":179.4316,"iop":74.8976}