{"code":"300241","atr10":0.319,"close":13.52,"close_count":60,"l_pvalue":9.118814791e-20,"l_slop":23.1702087876,"l_stderror":0.5821344925,"ma120":12.49675,"ma250":14.2404,"ma42":13.0028571429,"max10":13.71,"min10":13.26,"name":"瑞丰光电","stat_date":"2017-06-30","mc":37.3827,"cmc":23.9594,"pe":52.858,"pe_lyr":74.7596,"pb":3.4864,"ps":2.5824,"pcf":114.7317,"iop":2691.4238}