{"code":"300246","atr10":0.892,"close":26.9,"close_count":60,"l_pvalue":1.593704557e-16,"l_slop":25.2458505798,"l_stderror":0.9460628626,"ma120":26.4064166667,"ma250":30.87496,"ma42":25.5673809524,"max10":27.96,"min10":25.51,"name":"宝莱特","stat_date":"2017-06-30","mc":39.2977,"cmc":28.9858,"pe":51.698,"pe_lyr":58.5279,"pb":7.9319,"ps":6.0574,"pcf":-48.5134,"iop":45.4538}