{"code":"300240","atr10":0.264,"close":9.86,"close_count":60,"l_pvalue":0.0,"l_slop":23.259906499,"l_stderror":1.3899458881,"ma120":9.467,"ma250":10.46684,"ma42":9.5940476191,"max10":10.22,"min10":9.67,"name":"飞力达","stat_date":"2017-06-30","mc":36.0442,"cmc":36.0083,"pe":50.222,"pe_lyr":54.5084,"pb":3.4806,"ps":1.3811,"pcf":59.6129,"iop":42.0448}