{"code":"300271","atr10":0.489,"close":15.86,"close_count":60,"l_pvalue":0.0095654094,"l_slop":13.7694351177,"l_stderror":4.7790559602,"ma120":16.0980833333,"ma250":17.744,"ma42":15.5357142857,"max10":16.41,"min10":15.45,"name":"华宇软件","stat_date":"2017-06-30","mc":115.7193,"cmc":78.0884,"pe":38.1729,"pe_lyr":42.5918,"pb":3.8759,"ps":5.7793,"pcf":107.2061,"iop":42.6228}