{"code":"300216","atr10":0.937,"close":22.98,"close_count":60,"l_pvalue":0.0,"l_slop":37.7851743954,"l_stderror":2.0750658061,"ma120":23.4694166667,"ma250":27.80052,"ma42":21.6278571429,"max10":24.4,"min10":22.28,"name":"千山药机","stat_date":"2017-06-30","mc":83.0577,"cmc":59.9714,"pe":37.7147,"pe_lyr":40.3596,"pb":6.951,"ps":9.2765,"pcf":27.3031,"iop":106.582}