{"code":"300221","atr10":0.718,"close":15.8,"close_count":60,"l_pvalue":4.179752495e-17,"l_slop":116.462366022,"l_stderror":4.0606913848,"ma120":13.3090833333,"ma250":16.95628,"ma42":13.5435714286,"max10":16.66,"min10":15.51,"name":"银禧科技","stat_date":"2017-06-30","mc":79.8988,"cmc":63.69,"pe":51.6847,"pe_lyr":52.2238,"pb":3.7899,"ps":4.0793,"pcf":155.1312,"iop":51.3831}