{"code":"300243","atr10":0.315,"close":11.38,"close_count":60,"l_pvalue":8.409987245e-22,"l_slop":27.6066130302,"l_stderror":0.5407922939,"ma120":11.1169166667,"ma250":13.45644,"ma42":10.9654761905,"max10":11.69,"min10":11.08,"name":"瑞丰高材","stat_date":"2017-06-30","mc":23.5412,"cmc":18.5245,"pe":117.5394,"pe_lyr":162.168,"pb":4.7704,"ps":2.3522,"pcf":-144.0882,"iop":6.672}