{"code":"300280","atr10":0.645,"close":32.48,"close_count":60,"l_pvalue":1.392844834e-17,"l_slop":21.0233662241,"l_stderror":0.6909993498,"ma120":30.86175,"ma250":31.38364,"ma42":31.2730952381,"max10":32.48,"min10":32.48,"name":"南通锻压","stat_date":"2017-06-30","mc":41.5744,"cmc":41.5744,"pe":-2286.2495,"pe_lyr":1858.9021,"pb":6.5658,"ps":16.9407,"pcf":205.8175,"iop":-756.7136}