{"code":"300233","atr10":0.375,"close":20.25,"close_count":60,"l_pvalue":0.6205734991,"l_slop":-0.9377258693,"l_stderror":1.8633440551,"ma120":21.3055,"ma250":22.8452,"ma42":20.3597619048,"max10":20.55,"min10":20.02,"name":"金城医药","stat_date":"2017-06-30","mc":79.6133,"cmc":46.9858,"pe":37.9591,"pe_lyr":49.9487,"pb":2.1561,"ps":3.7639,"pcf":52.1177,"iop":148.1231}