{"code":"300256","atr10":0.302,"close":10.02,"close_count":60,"l_pvalue":9.291832822e-16,"l_slop":20.556176908,"l_stderror":0.8474200299,"ma120":10.0726666667,"ma250":11.54956,"ma42":9.6678571429,"max10":10.27,"min10":9.78,"name":"星星科技","stat_date":"2017-06-30","mc":64.9405,"cmc":37.973,"pe":44.0025,"pe_lyr":44.464,"pb":1.9196,"ps":1.1857,"pcf":36.5262,"iop":95.5384}