{"code":"300268","atr10":1.161,"close":31.79,"close_count":60,"l_pvalue":6.688751749e-18,"l_slop":65.3914606967,"l_stderror":2.0664043444,"ma120":30.383,"ma250":24.3998,"ma42":29.2754761905,"max10":33.69,"min10":31.74,"name":"佳沃股份","stat_date":"2017-06-30","mc":42.5986,"cmc":31.2772,"pe":841.2106,"pe_lyr":724.5049,"pb":20.7881,"ps":611.624,"pcf":124.8845,"iop":-70.0523}