{"code":"300263","atr10":0.384,"close":8.95,"close_count":60,"l_pvalue":0.0000000875,"l_slop":14.9527477182,"l_stderror":1.7897301596,"ma120":7.5566666667,"ma250":7.58328,"ma42":8.5078571429,"max10":9.13,"min10":8.22,"name":"隆华节能","stat_date":"2017-06-30","mc":78.9461,"cmc":46.1024,"pe":367.5848,"pe_lyr":517.6947,"pb":3.2472,"ps":9.3233,"pcf":-30.4678,"iop":-11.6178}