{"code":"300204","atr10":0.197,"close":15.4,"close_count":60,"l_pvalue":0.0000032763,"l_slop":-6.3501302792,"l_stderror":0.9796609456,"ma120":15.711,"ma250":16.80584,"ma42":15.81,"max10":15.7,"min10":15.38,"name":"舒泰神","stat_date":"2017-06-30","mc":73.6363,"cmc":71.6364,"pe":26.1606,"pe_lyr":28.6217,"pb":3.7586,"ps":4.9308,"pcf":-13.6888,"iop":17.543}