{"code":"300207","atr10":0.303,"close":12.48,"close_count":60,"l_pvalue":0.0000000279,"l_slop":20.9472345974,"l_stderror":2.3273814457,"ma120":11.9708333333,"ma250":12.65184,"ma42":12.194047619,"max10":12.78,"min10":12.18,"name":"欣旺达","stat_date":"2017-06-30","mc":161.2307,"cmc":145.8116,"pe":33.2493,"pe_lyr":35.8346,"pb":6.4016,"ps":1.5447,"pcf":25.227,"iop":9.5998}