{"code":"300251","atr10":0.365,"close":10.35,"close_count":60,"l_pvalue":3.332561722e-16,"l_slop":62.4986423204,"l_stderror":2.4372924156,"ma120":8.6610833333,"ma250":9.50828,"ma42":9.2669047619,"max10":10.35,"min10":9.87,"name":"光线传媒","stat_date":"2017-06-30","mc":303.6285,"cmc":284.8348,"pe":37.0276,"pe_lyr":40.9804,"pb":4.255,"ps":14.8918,"pcf":-30.299,"iop":83.8765}