{"code":"300201","atr10":0.199,"close":8.01,"close_count":60,"l_pvalue":0.0,"l_slop":-18.0687368893,"l_stderror":0.9653671298,"ma120":8.19975,"ma250":7.5116,"ma42":8.4045238095,"max10":8.54,"min10":8.01,"name":"海伦哲","stat_date":"2017-06-30","mc":83.3846,"cmc":69.6842,"pe":74.0271,"pe_lyr":93.2171,"pb":5.8966,"ps":5.2426,"pcf":-3162.3716,"iop":163.3196}