{"code":"300228","atr10":0.624,"close":13.06,"close_count":60,"l_pvalue":4.571010625e-16,"l_slop":65.5046540615,"l_stderror":2.5985674985,"ma120":11.6215,"ma250":13.1518,"ma42":12.1069047619,"max10":13.7,"min10":12.8,"name":"富瑞特装","stat_date":"2017-06-30","mc":61.892,"cmc":52.3971,"pe":-33.7629,"pe_lyr":-20.7251,"pb":3.4768,"ps":4.6452,"pcf":-507.6409,"iop":140.7348}