{"code":"300273","atr10":0.204,"close":10.3,"close_count":60,"l_pvalue":0.3551945189,"l_slop":1.6732098315,"l_stderror":1.7655990771,"ma120":11.725,"ma250":14.68576,"ma42":10.7335714286,"max10":11.02,"min10":10.23,"name":"和佳股份","stat_date":"2017-06-30","mc":81.1458,"cmc":57.7251,"pe":196.0178,"pe_lyr":90.9439,"pb":3.4423,"ps":9.3857,"pcf":23.1203,"iop":-101.4797}