{"code":"300237","atr10":0.372,"close":15.28,"close_count":60,"l_pvalue":0.0000020168,"l_slop":5.2523382664,"l_stderror":0.7816816423,"ma120":16.03025,"ma250":15.9662,"ma42":15.2007142857,"max10":15.95,"min10":15.19,"name":"美晨科技","stat_date":"2017-06-30","mc":123.3497,"cmc":98.9152,"pe":23.3185,"pe_lyr":27.6167,"pb":4.4336,"ps":3.6015,"pcf":-57.0257,"iop":41.8931}