{"code":"300250","atr10":0.791,"close":19.01,"close_count":60,"l_pvalue":0.0,"l_slop":36.2021922277,"l_stderror":1.6705231859,"ma120":17.2411666667,"ma250":22.90144,"ma42":16.7547619048,"max10":19.01,"min10":17.13,"name":"初灵信息","stat_date":"2017-06-30","mc":44.1544,"cmc":23.8605,"pe":44.1432,"pe_lyr":32.3826,"pb":2.7158,"ps":11.1515,"pcf":78.7353,"iop":-51.6716}