{"code":"300230","atr10":0.352,"close":15.12,"close_count":60,"l_pvalue":0.004334108,"l_slop":4.7342570008,"l_stderror":1.4623359951,"ma120":15.9148333333,"ma250":16.71108,"ma42":15.6526190476,"max10":16.05,"min10":15.0,"name":"永利股份","stat_date":"2017-06-30","mc":68.5613,"cmc":39.9286,"pe":27.7407,"pe_lyr":44.6495,"pb":2.639,"ps":2.7477,"pcf":10.0899,"iop":123.3917}