{"code":"300219","atr10":0.359,"close":12.95,"close_count":60,"l_pvalue":0.0016886374,"l_slop":8.8343718598,"l_stderror":2.4178896659,"ma120":12.6125,"ma250":12.87452,"ma42":13.1038095238,"max10":13.45,"min10":12.69,"name":"鸿利智汇","stat_date":"2017-06-30","mc":92.3232,"cmc":69.3493,"pe":52.5782,"pe_lyr":66.8205,"pb":3.6674,"ps":3.1949,"pcf":-22.9531,"iop":11.4155}