{"code":"300294","atr10":0.986,"close":36.04,"close_count":60,"l_pvalue":0.0000006959,"l_slop":14.9265261225,"l_stderror":2.0579214001,"ma120":38.3976666667,"ma250":39.16328,"ma42":35.915,"max10":38.14,"min10":35.89,"name":"博雅生物","stat_date":"2017-06-30","mc":144.5482,"cmc":117.5521,"pe":44.6033,"pe_lyr":53.1346,"pb":6.4983,"ps":13.3179,"pcf":-293.24,"iop":35.782}