{"code":"300205","atr10":0.403,"close":11.53,"close_count":60,"l_pvalue":0.0,"l_slop":32.7326533789,"l_stderror":2.1276426295,"ma120":11.1895833333,"ma250":13.0008,"ma42":11.2873809524,"max10":12.22,"min10":11.42,"name":"天喻信息","stat_date":"2017-06-30","mc":49.5855,"cmc":49.0619,"pe":349.8039,"pe_lyr":249.8035,"pb":4.2331,"ps":2.6391,"pcf":-69.5308,"iop":-7.4065}