{"code":"300244","atr10":0.711,"close":25.72,"close_count":60,"l_pvalue":0.5205091692,"l_slop":-0.9829530753,"l_stderror":1.5013815398,"ma120":28.4863333333,"ma250":30.38564,"ma42":26.5211904762,"max10":27.19,"min10":25.15,"name":"迪安诊断","stat_date":"2017-06-30","mc":141.7248,"cmc":88.0018,"pe":45.9706,"pe_lyr":53.9368,"pb":6.66,"ps":3.1391,"pcf":-140.5807,"iop":30.7301}