{"code":"300279","atr10":0.335,"close":12.33,"close_count":60,"l_pvalue":0.0000000043,"l_slop":28.1297743365,"l_stderror":2.7794116431,"ma120":12.9246666667,"ma250":14.395,"ma42":12.3411904762,"max10":12.96,"min10":12.29,"name":"和晶科技","stat_date":"2017-06-30","mc":55.3545,"cmc":35.9207,"pe":77.2503,"pe_lyr":80.8081,"pb":3.3534,"ps":3.7125,"pcf":-75.5036,"iop":-19.5133}