{"code":"300286","atr10":0.453,"close":20.55,"close_count":60,"l_pvalue":0.0000000002,"l_slop":20.4204232752,"l_stderror":1.6822710043,"ma120":20.8273333333,"ma250":24.42732,"ma42":20.5102380952,"max10":21.48,"min10":20.37,"name":"安科瑞","stat_date":"2017-06-30","mc":29.7147,"cmc":21.1204,"pe":33.492,"pe_lyr":37.0833,"pb":4.7707,"ps":8.1276,"pcf":-49.5475,"iop":15.8372}