{"code":"300269","atr10":0.526,"close":18.88,"close_count":60,"l_pvalue":3.704673227e-17,"l_slop":35.1129870827,"l_stderror":1.2163652494,"ma120":19.5829166667,"ma250":21.34572,"ma42":18.6304761905,"max10":20.02,"min10":18.86,"name":"联建光电","stat_date":"2017-06-30","mc":115.8644,"cmc":65.5848,"pe":26.0598,"pe_lyr":28.7533,"pb":2.1521,"ps":3.3025,"pcf":-64.9774,"iop":36.0757}