{"code":"300252","atr10":1.004,"close":23.46,"close_count":60,"l_pvalue":0.0000000004,"l_slop":23.2552334799,"l_stderror":1.9853053804,"ma120":24.6903333333,"ma250":29.11924,"ma42":20.6414285714,"max10":23.54,"min10":20.45,"name":"金信诺","stat_date":"2017-06-30","mc":104.2714,"cmc":62.4975,"pe":53.2766,"pe_lyr":53.353,"pb":4.5549,"ps":4.974,"pcf":10.533,"iop":-6.9706}