{"code":"300262","atr10":0.289,"close":9.86,"close_count":60,"l_pvalue":0.0,"l_slop":16.1502377541,"l_stderror":1.0278870684,"ma120":10.1634166667,"ma250":10.83876,"ma42":9.5209523809,"max10":10.38,"min10":9.55,"name":"巴安水务","stat_date":"2017-06-30","mc":66.105,"cmc":34.1629,"pe":36.9373,"pe_lyr":46.9142,"pb":3.1324,"ps":5.1091,"pcf":19.9609,"iop":58.6706}