{"code":"300253","atr10":0.196,"close":7.82,"close_count":60,"l_pvalue":0.0000000056,"l_slop":29.9403451909,"l_stderror":3.0042506028,"ma120":7.9370833333,"ma250":9.35248,"ma42":7.8007142857,"max10":8.29,"min10":7.78,"name":"卫宁健康","stat_date":"2017-06-30","mc":125.2494,"cmc":89.5249,"pe":67.9621,"pe_lyr":24.1324,"pb":5.1111,"ps":12.3844,"pcf":-76.3416,"iop":-80.059}