{"code":"300351","atr10":0.445,"close":17.52,"close_count":60,"l_pvalue":0.0,"l_slop":15.9637779122,"l_stderror":1.1759854666,"ma120":18.5615,"ma250":22.28568,"ma42":17.4438095238,"max10":18.68,"min10":17.46,"name":"永贵电器","stat_date":"2017-06-30","mc":67.383,"cmc":41.6628,"pe":39.3917,"pe_lyr":41.7543,"pb":2.4872,"ps":5.8053,"pcf":25.0846,"iop":40.6167}