{"code":"300309","atr10":0.725,"close":23.95,"close_count":60,"l_pvalue":3.521785998e-18,"l_slop":66.6333235976,"l_stderror":2.0345468053,"ma120":21.6025,"ma250":18.9112,"ma42":21.255952381,"max10":24.23,"min10":22.57,"name":"吉艾科技","stat_date":"2017-06-30","mc":115.9242,"cmc":103.8696,"pe":-28.9302,"pe_lyr":-26.3873,"pb":8.0794,"ps":23.3823,"pcf":-62.1884,"iop":365.2563}