{"code":"300363","atr10":0.585,"close":15.08,"close_count":60,"l_pvalue":0.416030225,"l_slop":1.3950233135,"l_stderror":1.6777587802,"ma120":15.775,"ma250":18.664,"ma42":14.700952381,"max10":15.46,"min10":14.38,"name":"博腾股份","stat_date":"2017-06-30","mc":64.0835,"cmc":44.6314,"pe":46.4707,"pe_lyr":37.4342,"pb":4.8088,"ps":4.9029,"pcf":179.5541,"iop":-91.8681}