{"code":"300358","atr10":0.551,"close":15.42,"close_count":60,"l_pvalue":0.0000000002,"l_slop":15.7024595468,"l_stderror":1.2814796081,"ma120":14.8109166667,"ma250":16.4786,"ma42":14.7695238095,"max10":16.15,"min10":14.54,"name":"楚天科技","stat_date":"2017-06-30","mc":67.8718,"cmc":22.9554,"pe":43.6253,"pe_lyr":47.4214,"pb":4.0435,"ps":5.9952,"pcf":-938.6741,"iop":60.7687}