{"code":"300337","atr10":0.404,"close":10.85,"close_count":60,"l_pvalue":0.0,"l_slop":68.1009145131,"l_stderror":3.2375650929,"ma120":9.3890833333,"ma250":9.89696,"ma42":10.075,"max10":11.5,"min10":10.77,"name":"银邦股份","stat_date":"2017-06-30","mc":89.1783,"cmc":76.011,"pe":274.4553,"pe_lyr":1220.5177,"pb":5.7096,"ps":5.286,"pcf":-445.7845,"iop":-108.7388}