{"code":"300321","atr10":0.921,"close":23.7,"close_count":60,"l_pvalue":0.0,"l_slop":25.7100984977,"l_stderror":1.4426887563,"ma120":22.9298333333,"ma250":29.66956,"ma42":22.0328571429,"max10":24.74,"min10":22.32,"name":"同大股份","stat_date":"2017-06-30","mc":21.0456,"cmc":19.4048,"pe":74.2113,"pe_lyr":63.5044,"pb":3.6411,"ps":4.7805,"pcf":-48.2986,"iop":-27.7729}