{"code":"300365","atr10":0.929,"close":36.13,"close_count":60,"l_pvalue":0.0000000021,"l_slop":19.9832724099,"l_stderror":1.8898843378,"ma120":35.2556666667,"ma250":38.53652,"ma42":35.4738095238,"max10":37.01,"min10":35.95,"name":"恒华科技","stat_date":"2017-06-30","mc":63.5482,"cmc":37.3106,"pe":44.3551,"pe_lyr":50.6647,"pb":9.6971,"ps":8.8954,"pcf":-49.513,"iop":46.7183}