{"code":"300340","atr10":3.501,"close":64.59,"close_count":60,"l_pvalue":0.0017774253,"l_slop":35.7231595801,"l_stderror":9.837702806,"ma120":51.7641666667,"ma250":57.35648,"ma42":48.3904761905,"max10":64.59,"min10":40.11,"name":"科恒股份","stat_date":"2017-06-30","mc":76.1246,"cmc":52.9322,"pe":84.3448,"pe_lyr":226.6561,"pb":5.651,"ps":5.9505,"pcf":214.0445,"iop":536.0204}