{"code":"300353","atr10":0.676,"close":15.59,"close_count":60,"l_pvalue":5.002109227e-18,"l_slop":54.2211976357,"l_stderror":1.6869554954,"ma120":13.6650833333,"ma250":15.70324,"ma42":14.0814285714,"max10":16.5,"min10":14.67,"name":"东土科技","stat_date":"2017-06-30","mc":80.5907,"cmc":51.0958,"pe":62.3145,"pe_lyr":65.4443,"pb":3.7776,"ps":10.8634,"pcf":-29.7215,"iop":37.634}