{"code":"300344","atr10":0.616,"close":14.53,"close_count":60,"l_pvalue":0.0017176631,"l_slop":17.3130985736,"l_stderror":4.7481667319,"ma120":13.5698333333,"ma250":12.47496,"ma42":14.5530952381,"max10":15.53,"min10":14.09,"name":"太空板业","stat_date":"2017-06-30","mc":49.0747,"cmc":28.0864,"pe":102.1337,"pe_lyr":198.504,"pb":7.6842,"ps":10.3129,"pcf":-149.1944,"iop":93.9}