{"code":"300346","atr10":1.525,"close":28.71,"close_count":60,"l_pvalue":4.985917245e-23,"l_slop":66.629413706,"l_stderror":1.123865431,"ma120":25.1139166667,"ma250":28.47404,"ma42":25.8680952381,"max10":29.57,"min10":27.76,"name":"南大光电","stat_date":"2017-06-30","mc":46.1841,"cmc":35.0108,"pe":204.0061,"pe_lyr":611.8164,"pb":3.8558,"ps":35.255,"pcf":-44.2394,"iop":996.1686}