{"code":"300354","atr10":0.399,"close":14.96,"close_count":60,"l_pvalue":0.0000000009,"l_slop":20.2089405257,"l_stderror":1.8158112001,"ma120":15.4249166667,"ma250":20.19072,"ma42":14.4371428571,"max10":14.96,"min10":14.64,"name":"东华测试","stat_date":"2017-06-30","mc":20.6958,"cmc":10.8555,"pe":3040.7871,"pe_lyr":1046.153,"pb":6.0158,"ps":15.7178,"pcf":1035.6309,"iop":52.3545}