{"code":"300352","atr10":0.115,"close":5.15,"close_count":60,"l_pvalue":0.0003182711,"l_slop":10.4535063941,"l_stderror":2.3838279639,"ma120":5.4956666667,"ma250":6.5168,"ma42":5.2745238095,"max10":5.44,"min10":5.12,"name":"北信源","stat_date":"2017-06-30","mc":74.6659,"cmc":53.7569,"pe":92.2159,"pe_lyr":92.9291,"pb":3.4908,"ps":14.3934,"pcf":6.9679,"iop":47.2852}