{"code":"300391","atr10":0.366,"close":17.48,"close_count":60,"l_pvalue":0.4070598876,"l_slop":-1.6999432299,"l_stderror":2.0049349308,"ma120":17.3513333333,"ma250":20.25916,"ma42":17.8738095238,"max10":17.95,"min10":17.09,"name":"康跃科技","stat_date":"2017-06-30","mc":34.6463,"cmc":10.7808,"pe":99.6366,"pe_lyr":820.7808,"pb":3.8271,"ps":8.4705,"pcf":412.1575,"iop":666.4821}