{"code":"300362","atr10":0.255,"close":15.92,"close_count":60,"l_pvalue":0.0,"l_slop":-11.5453980229,"l_stderror":0.7033859997,"ma120":17.04925,"ma250":18.76752,"ma42":16.2116666667,"max10":16.01,"min10":15.73,"name":"天翔环境","stat_date":"2017-06-30","mc":69.5703,"cmc":30.3325,"pe":53.8784,"pe_lyr":54.9554,"pb":3.9439,"ps":5.8606,"pcf":14.3507,"iop":7.0155}