{"code":"300339","atr10":0.27,"close":11.7,"close_count":60,"l_pvalue":0.5500507927,"l_slop":1.6110427994,"l_stderror":2.6474884137,"ma120":12.7003333333,"ma250":14.10124,"ma42":12.1283333333,"max10":12.23,"min10":11.62,"name":"润和软件","stat_date":"2017-06-30","mc":83.7096,"cmc":58.4606,"pe":26.252,"pe_lyr":27.5742,"pb":2.3795,"ps":5.7679,"pcf":-1210.0769,"iop":327.1779}