{"code":"300371","atr10":0.954,"close":24.28,"close_count":60,"l_pvalue":0.0000000031,"l_slop":15.5308697179,"l_stderror":1.5025269821,"ma120":26.52025,"ma250":30.1418,"ma42":24.7680952381,"max10":26.59,"min10":24.05,"name":"汇中股份","stat_date":"2017-06-30","mc":29.136,"cmc":13.621,"pe":52.3829,"pe_lyr":55.056,"pb":5.3198,"ps":13.2357,"pcf":184.1202,"iop":59.4396}