{"code":"300381","atr10":1.0,"close":16.88,"close_count":60,"l_pvalue":0.0,"l_slop":51.6804086866,"l_stderror":3.6997517078,"ma120":16.0591666667,"ma250":21.14988,"ma42":14.9807142857,"max10":17.15,"min10":15.75,"name":"溢多利","stat_date":"2017-06-30","mc":68.6603,"cmc":53.8543,"pe":67.2329,"pe_lyr":60.4585,"pb":3.6212,"ps":4.4972,"pcf":-12.792,"iop":-29.0429}