{"code":"300323","atr10":0.869,"close":17.95,"close_count":60,"l_pvalue":4.162293237e-17,"l_slop":67.0078422807,"l_stderror":2.3358353566,"ma120":14.2915,"ma250":11.60872,"ma42":16.2335714286,"max10":18.96,"min10":17.7,"name":"华灿光电","stat_date":"2017-06-30","mc":150.9575,"cmc":123.9563,"pe":35.1029,"pe_lyr":56.4981,"pb":4.1615,"ps":6.9811,"pcf":-239.6231,"iop":527.4704}