{"code":"300315","atr10":0.156,"close":7.52,"close_count":60,"l_pvalue":0.9482659293,"l_slop":-0.1839887263,"l_stderror":2.7984246522,"ma120":8.6,"ma250":9.4304,"ma42":7.7773809524,"max10":7.84,"min10":7.39,"name":"掌趣科技","stat_date":"2017-06-30","mc":207.4011,"cmc":198.7265,"pe":58.0623,"pe_lyr":40.78,"pb":2.4288,"ps":12.0077,"pcf":-21.5418,"iop":-33.5094}