{"code":"300336","atr10":0.315,"close":14.46,"close_count":60,"l_pvalue":7.85548903e-17,"l_slop":-21.2923931381,"l_stderror":0.7680492071,"ma120":15.0863333333,"ma250":17.128,"ma42":15.5180952381,"max10":15.38,"min10":14.44,"name":"新文化","stat_date":"2017-06-30","mc":77.7295,"cmc":65.5486,"pe":26.2631,"pe_lyr":29.3095,"pb":2.7347,"ps":6.3834,"pcf":21.4641,"iop":37.809}