{"code":"300331","atr10":0.778,"close":22.68,"close_count":60,"l_pvalue":0.0003293087,"l_slop":13.440446005,"l_stderror":3.0754817058,"ma120":22.1385833333,"ma250":25.68232,"ma42":22.4497619048,"max10":23.87,"min10":22.49,"name":"苏大维格","stat_date":"2017-06-30","mc":51.2679,"cmc":29.4265,"pe":82.6594,"pe_lyr":162.0389,"pb":3.7983,"ps":7.8633,"pcf":45.5142,"iop":552.0012}