{"code":"300396","atr10":0.893,"close":37.3,"close_count":60,"l_pvalue":9.796831771e-19,"l_slop":29.8322693934,"l_stderror":0.8506590887,"ma120":34.4596666667,"ma250":37.39452,"ma42":35.8554761905,"max10":38.56,"min10":37.02,"name":"迪瑞医疗","stat_date":"2017-06-30","mc":57.1996,"cmc":22.4632,"pe":37.1853,"pe_lyr":45.7099,"pb":4.9507,"ps":6.9788,"pcf":108.2772,"iop":63.4066}