{"code":"300332","atr10":0.3,"close":8.46,"close_count":60,"l_pvalue":0.7151988549,"l_slop":-0.6901625856,"l_stderror":1.8634088462,"ma120":9.5451666667,"ma250":9.58856,"ma42":8.2638095238,"max10":8.9,"min10":7.92,"name":"天壕环境","stat_date":"2017-06-30","mc":76.2755,"cmc":53.5234,"pe":483.5229,"pe_lyr":130.6701,"pb":2.2882,"ps":4.2108,"pcf":19.8033,"iop":-62.0117}