{"code":"300385","atr10":0.812,"close":29.46,"close_count":60,"l_pvalue":0.0,"l_slop":28.1629994563,"l_stderror":1.6534713714,"ma120":28.9935,"ma250":33.70404,"ma42":26.3645238095,"max10":29.46,"min10":27.0,"name":"雪浪环境","stat_date":"2017-06-30","mc":35.352,"cmc":18.7573,"pe":38.3397,"pe_lyr":39.8524,"pb":4.4385,"ps":4.6453,"pcf":1520.2561,"iop":24.5254}