{"code":"300374","atr10":0.857,"close":26.27,"close_count":60,"l_pvalue":0.0,"l_slop":-45.7449058585,"l_stderror":3.1579597414,"ma120":26.5460833333,"ma250":23.53732,"ma42":29.4035714286,"max10":27.6,"min10":25.56,"name":"恒通科技","stat_date":"2017-06-30","mc":51.1424,"cmc":30.8472,"pe":69.9319,"pe_lyr":101.8395,"pb":6.1737,"ps":4.0781,"pcf":-441.9135,"iop":170.8757}