{"code":"300316","atr10":0.597,"close":15.24,"close_count":60,"l_pvalue":0.0000000133,"l_slop":22.8451245681,"l_stderror":2.4214162729,"ma120":13.59975,"ma250":13.05896,"ma42":14.9366666667,"max10":16.02,"min10":14.95,"name":"晶盛机电","stat_date":"2017-06-30","mc":150.1027,"cmc":140.35,"pe":55.5651,"pe_lyr":73.6706,"pb":4.5086,"ps":10.1551,"pcf":37.7872,"iop":57.3518}