{"code":"300360","atr10":0.264,"close":13.56,"close_count":60,"l_pvalue":0.0021984908,"l_slop":8.2483894673,"l_stderror":2.3315226446,"ma120":14.9391666667,"ma250":17.27448,"ma42":14.035952381,"max10":14.47,"min10":13.52,"name":"炬华科技","stat_date":"2017-06-30","mc":49.1781,"cmc":36.5917,"pe":23.6031,"pe_lyr":19.2485,"pb":3.6976,"ps":4.3859,"pcf":216.5699,"iop":-57.8435}