{"code":"300329","atr10":0.269,"close":10.71,"close_count":60,"l_pvalue":0.000000393,"l_slop":11.9160319863,"l_stderror":1.5786476825,"ma120":11.2596666667,"ma250":13.91772,"ma42":10.850952381,"max10":11.2,"min10":10.52,"name":"海伦钢琴","stat_date":"2017-06-30","mc":26.9131,"cmc":26.8698,"pe":75.4603,"pe_lyr":80.8571,"pb":3.3055,"ps":6.4416,"pcf":1069.269,"iop":12.8297}