{"code":"300379","atr10":0.457,"close":16.6,"close_count":60,"l_pvalue":0.0116052244,"l_slop":14.2973540847,"l_stderror":5.1194367969,"ma120":19.23375,"ma250":27.43672,"ma42":16.7145238095,"max10":16.95,"min10":16.26,"name":"东方通","stat_date":"2017-06-30","mc":45.9873,"cmc":31.1306,"pe":43.4627,"pe_lyr":41.2947,"pb":2.6101,"ps":14.5801,"pcf":-9.3574,"iop":72.6572}