{"code":"300301","atr10":0.101,"close":6.36,"close_count":60,"l_pvalue":2.729323342e-22,"l_slop":-32.8187649926,"l_stderror":0.6056867828,"ma120":6.95475,"ma250":7.88484,"ma42":6.849047619,"max10":6.57,"min10":6.36,"name":"长方集团","stat_date":"2017-06-30","mc":50.2509,"cmc":32.5048,"pe":-57.11,"pe_lyr":-80.0879,"pb":2.3457,"ps":2.9035,"pcf":-11.9946,"iop":-31.7778}