{"code":"300383","atr10":0.598,"close":13.8,"close_count":60,"l_pvalue":0.0,"l_slop":50.5561105939,"l_stderror":2.9001768231,"ma120":12.7574166667,"ma250":13.46856,"ma42":13.5192857143,"max10":14.78,"min10":13.68,"name":"光环新网","stat_date":"2017-06-30","mc":199.5965,"cmc":188.3744,"pe":48.3978,"pe_lyr":59.5526,"pb":3.2229,"ps":6.0782,"pcf":-13.9184,"iop":45.501}