{"code":"300334","atr10":1.064,"close":20.79,"close_count":60,"l_pvalue":0.0001415958,"l_slop":-13.21784294,"l_stderror":2.7869663651,"ma120":22.7729166667,"ma250":20.23792,"ma42":21.3654761905,"max10":23.34,"min10":20.62,"name":"津膜科技","stat_date":"2017-06-30","mc":57.3882,"cmc":57.1141,"pe":280.8412,"pe_lyr":121.0829,"pb":4.4168,"ps":6.6257,"pcf":-20.3878,"iop":-570.7844}