{"code":"300317","atr10":1.415,"close":19.46,"close_count":60,"l_pvalue":0.0,"l_slop":74.815065778,"l_stderror":4.858564928,"ma120":16.0284166667,"ma250":18.70232,"ma42":17.6771428571,"max10":21.45,"min10":18.59,"name":"珈伟股份","stat_date":"2017-06-30","mc":166.2832,"cmc":63.0187,"pe":39.8419,"pe_lyr":52.9486,"pb":3.4704,"ps":4.604,"pcf":-127.6988,"iop":78.0589}