{"code":"300342","atr10":0.322,"close":14.99,"close_count":60,"l_pvalue":0.0000000096,"l_slop":9.3623788752,"l_stderror":0.9719128876,"ma120":15.1686666667,"ma250":16.60704,"ma42":14.4002380952,"max10":15.01,"min10":14.27,"name":"天银机电","stat_date":"2017-06-30","mc":64.7538,"cmc":59.3895,"pe":34.907,"pe_lyr":39.1792,"pb":5.0247,"ps":8.8712,"pcf":-93.084,"iop":10.7393}