{"code":"300384","atr10":1.047,"close":33.9,"close_count":60,"l_pvalue":0.0,"l_slop":-0.5021699084,"l_stderror":0.0279159043,"ma120":38.404,"ma250":44.01576,"ma42":36.5676190476,"max10":33.9,"min10":33.9,"name":"三联虹普","stat_date":"2017-06-30","mc":56.7666,"cmc":18.1506,"pe":66.8151,"pe_lyr":69.4583,"pb":3.6186,"ps":19.3046,"pcf":99.8152,"iop":243.8525}