{"code":"300300","atr10":0.347,"close":17.85,"close_count":60,"l_pvalue":0.000272671,"l_slop":10.0849155745,"l_stderror":2.2646442407,"ma120":17.8665833333,"ma250":20.68896,"ma42":18.2521428571,"max10":18.71,"min10":17.85,"name":"汉鼎宇佑","stat_date":"2017-06-30","mc":82.0018,"cmc":48.7029,"pe":138.8538,"pe_lyr":214.458,"pb":3.6933,"ps":26.4984,"pcf":-10.0475,"iop":6733.9946}