{"code":"300399","atr10":0.496,"close":21.53,"close_count":60,"l_pvalue":0.0090525031,"l_slop":6.3665032583,"l_stderror":2.1905883218,"ma120":24.0085,"ma250":28.59744,"ma42":22.3992857143,"max10":22.99,"min10":21.5,"name":"京天利","stat_date":"2017-06-30","mc":32.7256,"cmc":9.7708,"pe":-468.9882,"pe_lyr":216.2693,"pb":7.6638,"ps":10.2219,"pcf":-29.5677,"iop":52.7158}