{"code":"300388","atr10":0.417,"close":20.1,"close_count":60,"l_pvalue":0.0383806376,"l_slop":-2.1904279805,"l_stderror":0.9843968579,"ma120":20.3919166667,"ma250":22.02656,"ma42":20.1464285714,"max10":20.5,"min10":19.72,"name":"国祯环保","stat_date":"2017-06-30","mc":61.4394,"cmc":60.2031,"pe":41.8619,"pe_lyr":47.3272,"pb":3.9138,"ps":3.4424,"pcf":77.0508,"iop":106.8363}