{"code":"300314","atr10":0.291,"close":15.3,"close_count":60,"l_pvalue":0.0000043551,"l_slop":13.2584648748,"l_stderror":2.0897829978,"ma120":15.7605833333,"ma250":18.74468,"ma42":15.2773809524,"max10":15.69,"min10":15.12,"name":"戴维医疗","stat_date":"2017-06-30","mc":44.064,"cmc":28.9367,"pe":64.0372,"pe_lyr":70.8813,"pb":5.7292,"ps":14.9105,"pcf":-173.7072,"iop":35.8547}