{"code":"300322","atr10":0.423,"close":12.33,"close_count":60,"l_pvalue":0.0433349565,"l_slop":-2.6657724628,"l_stderror":1.2313731359,"ma120":16.4129166667,"ma250":17.261,"ma42":13.0980952381,"max10":13.22,"min10":12.2,"name":"硕贝德","stat_date":"2017-06-30","mc":50.2468,"cmc":45.6696,"pe":206.6843,"pe_lyr":74.8205,"pb":8.5887,"ps":2.912,"pcf":146.0287,"iop":-110.3013}