{"code":"300328","atr10":0.425,"close":11.61,"close_count":60,"l_pvalue":0.0,"l_slop":31.6439050608,"l_stderror":1.8606594884,"ma120":10.8441666667,"ma250":11.55584,"ma42":11.3928571429,"max10":12.21,"min10":11.37,"name":"宜安科技","stat_date":"2017-06-30","mc":47.5745,"cmc":47.5745,"pe":125.0342,"pe_lyr":155.0271,"pb":6.3768,"ps":7.0341,"pcf":-96.7421,"iop":-56.4555}