{"code":"300308","atr10":3.222,"close":47.9,"close_count":60,"l_pvalue":0.0000000008,"l_slop":39.3714889728,"l_stderror":3.502854607,"ma120":38.2851666667,"ma250":31.57228,"ma42":40.4978571429,"max10":47.9,"min10":40.96,"name":"中际装备","stat_date":"2017-06-30","mc":226.9775,"cmc":103.4692,"pe":2608.5996,"pe_lyr":2257.5547,"pb":5.5333,"ps":155.9768,"pcf":-524.1843,"iop":26894.4121}