{"code":"300368","atr10":0.256,"close":12.54,"close_count":60,"l_pvalue":0.0212807792,"l_slop":6.9134476506,"l_stderror":2.7542189167,"ma120":14.2110833333,"ma250":18.08232,"ma42":12.9780952381,"max10":13.32,"min10":12.5,"name":"汇金股份","stat_date":"2017-06-30","mc":69.0122,"cmc":32.1207,"pe":151.9001,"pe_lyr":150.8901,"pb":6.5101,"ps":9.9635,"pcf":-2801.0403,"iop":26.7405}