{"code":"300366","atr10":0.561,"close":14.88,"close_count":60,"l_pvalue":0.2028536966,"l_slop":3.6624671502,"l_stderror":2.7767491269,"ma120":15.2476666667,"ma250":16.85024,"ma42":14.2276190476,"max10":14.88,"min10":13.9,"name":"创意信息","stat_date":"2017-06-30","mc":78.2057,"cmc":29.8151,"pe":47.4062,"pe_lyr":66.906,"pb":2.7495,"ps":5.7954,"pcf":22.6776,"iop":38.7554}