{"code":"300333","atr10":0.264,"close":11.42,"close_count":60,"l_pvalue":0.0000396429,"l_slop":12.5294949844,"l_stderror":2.3579559379,"ma120":12.1245833333,"ma250":14.8192,"ma42":11.525952381,"max10":11.9,"min10":11.33,"name":"兆日科技","stat_date":"2017-06-30","mc":38.3712,"cmc":37.7882,"pe":180.7995,"pe_lyr":200.8687,"pb":4.4984,"ps":18.4547,"pcf":-46.1254,"iop":39.503}