{"code":"300376","atr10":0.221,"close":8.69,"close_count":60,"l_pvalue":0.0,"l_slop":-0.4154603483,"l_stderror":0.0230956717,"ma120":10.4969166667,"ma250":9.13312,"ma42":8.7795238095,"max10":8.69,"min10":8.69,"name":"易事特","stat_date":"2017-06-30","mc":202.3903,"cmc":199.723,"pe":31.8607,"pe_lyr":42.9116,"pb":4.9502,"ps":3.1592,"pcf":138.5775,"iop":128.2943}