{"code":"300310","atr10":0.598,"close":13.37,"close_count":60,"l_pvalue":0.0000000134,"l_slop":22.0025683865,"l_stderror":2.3333981447,"ma120":12.6043333333,"ma250":14.0134,"ma42":12.4238095238,"max10":13.47,"min10":12.59,"name":"宜通世纪","stat_date":"2017-06-30","mc":117.983,"cmc":77.7824,"pe":62.3036,"pe_lyr":69.1017,"pb":3.428,"ps":5.6604,"pcf":23.5799,"iop":29.2686}