{"code":"300382","atr10":0.344,"close":15.09,"close_count":60,"l_pvalue":0.000000013,"l_slop":21.5113172226,"l_stderror":2.2759279333,"ma120":15.3343333333,"ma250":17.04492,"ma42":15.0088095238,"max10":15.68,"min10":14.84,"name":"斯莱克","stat_date":"2017-06-30","mc":47.2228,"cmc":24.2356,"pe":42.5545,"pe_lyr":43.5285,"pb":5.3543,"ps":11.6908,"pcf":71.7371,"iop":8.6206}