{"code":"300320","atr10":0.436,"close":12.74,"close_count":60,"l_pvalue":0.0,"l_slop":34.5131844533,"l_stderror":2.3004786792,"ma120":10.1891666667,"ma250":9.06744,"ma42":11.3654761905,"max10":12.74,"min10":11.43,"name":"海达股份","stat_date":"2017-06-30","mc":67.2706,"cmc":54.3473,"pe":65.9642,"pe_lyr":81.0672,"pb":8.1087,"ps":6.8584,"pcf":-1068.8315,"iop":82.6892}