{"code":"300390","atr10":0.226,"close":8.73,"close_count":60,"l_pvalue":4.659070701e-20,"l_slop":20.036176306,"l_stderror":0.4857241348,"ma120":9.1770833333,"ma250":11.0472,"ma42":8.4880952381,"max10":8.97,"min10":8.7,"name":"天华超净","stat_date":"2017-06-30","mc":30.079,"cmc":14.0124,"pe":174.689,"pe_lyr":187.1989,"pb":3.6967,"ps":4.4414,"pcf":184.9257,"iop":11.3416}