{"code":"300392","atr10":0.335,"close":14.45,"close_count":60,"l_pvalue":0.0,"l_slop":-10.0819398261,"l_stderror":0.7220093853,"ma120":15.1033333333,"ma250":18.80452,"ma42":14.88,"max10":14.82,"min10":14.45,"name":"腾信股份","stat_date":"2017-06-30","mc":55.488,"cmc":23.7135,"pe":-19.4291,"pe_lyr":-20.8737,"pb":8.9909,"ps":3.921,"pcf":-96.6933,"iop":1031.4431}