{"code":"300307","atr10":0.165,"close":10.25,"close_count":60,"l_pvalue":0.081664548,"l_slop":4.8785725696,"l_stderror":2.65347104,"ma120":10.28875,"ma250":10.73628,"ma42":10.4764285714,"max10":10.66,"min10":10.21,"name":"慈星股份","stat_date":"2017-06-30","mc":82.205,"cmc":81.3054,"pe":44.4085,"pe_lyr":66.1809,"pb":2.0554,"ps":6.4829,"pcf":30.4715,"iop":-23.4765}