{"code":"300313","atr10":0.52,"close":13.61,"close_count":60,"l_pvalue":0.0000016086,"l_slop":54.0753193473,"l_stderror":7.9159993184,"ma120":17.74775,"ma250":17.12464,"ma42":16.0335714286,"max10":15.27,"min10":13.52,"name":"天山生物","stat_date":"2017-06-30","mc":26.8597,"cmc":24.8205,"pe":-24.865,"pe_lyr":-19.2364,"pb":7.4652,"ps":10.9825,"pcf":-24.1169,"iop":150.0654}