{"code":"300343","atr10":0.642,"close":18.16,"close_count":60,"l_pvalue":0.0,"l_slop":-0.1150369467,"l_stderror":0.0063949678,"ma120":20.1968333333,"ma250":21.80612,"ma42":18.9566666667,"max10":18.16,"min10":18.16,"name":"联创互联","stat_date":"2017-06-30","mc":107.2153,"cmc":65.8616,"pe":43.3513,"pe_lyr":53.2344,"pb":2.6171,"ps":4.3014,"pcf":85.6726,"iop":32.4003}