{"code":"300356","atr10":0.26,"close":9.93,"close_count":60,"l_pvalue":0.0000000008,"l_slop":22.6955649607,"l_stderror":2.0270447056,"ma120":9.78725,"ma250":11.9506,"ma42":9.8978571429,"max10":10.32,"min10":9.87,"name":"光一科技","stat_date":"2017-06-30","mc":41.1946,"cmc":30.629,"pe":47.3062,"pe_lyr":64.5817,"pb":2.8692,"ps":5.6196,"pcf":-21.9296,"iop":-55.4385}