{"code":"300319","atr10":0.42,"close":9.28,"close_count":60,"l_pvalue":0.0000000003,"l_slop":22.383730585,"l_stderror":1.8983518238,"ma120":9.0610833333,"ma250":10.14748,"ma42":8.2842857143,"max10":9.28,"min10":8.22,"name":"麦捷科技","stat_date":"2017-06-30","mc":65.3607,"cmc":43.223,"pe":41.9144,"pe_lyr":41.7742,"pb":2.9168,"ps":3.6916,"pcf":11.566,"iop":-16.7799}