{"code":"300370","atr10":0.076,"close":4.38,"close_count":60,"l_pvalue":0.9526070109,"l_slop":-0.1403181133,"l_stderror":2.3299772368,"ma120":4.7716666667,"ma250":5.35128,"ma42":4.4561904762,"max10":4.56,"min10":4.32,"name":"安控科技","stat_date":"2017-06-30","mc":41.9903,"cmc":28.5208,"pe":48.1246,"pe_lyr":48.6468,"pb":3.3547,"ps":3.8084,"pcf":9.8642,"iop":454.022}