{"code":"300386","atr10":0.633,"close":18.82,"close_count":60,"l_pvalue":0.0000069943,"l_slop":22.8412882767,"l_stderror":3.7333935597,"ma120":18.12675,"ma250":21.75472,"ma42":18.3361904762,"max10":19.16,"min10":18.19,"name":"飞天诚信","stat_date":"2017-06-30","mc":78.6759,"cmc":37.2758,"pe":67.5687,"pe_lyr":65.7882,"pb":5.0615,"ps":8.284,"pcf":-10.9321,"iop":85.4485}