{"code":"300395","atr10":0.726,"close":16.65,"close_count":60,"l_pvalue":0.0,"l_slop":30.601175195,"l_stderror":1.8113482422,"ma120":15.14875,"ma250":15.69244,"ma42":15.7073809524,"max10":17.15,"min10":16.12,"name":"菲利华","stat_date":"2017-06-30","mc":49.1463,"cmc":36.1486,"pe":41.8288,"pe_lyr":45.4927,"pb":5.9714,"ps":10.1827,"pcf":-34.9285,"iop":17.0642}