{"code":"300380","atr10":0.574,"close":24.21,"close_count":60,"l_pvalue":0.000000327,"l_slop":24.6679232358,"l_stderror":3.2269076034,"ma120":25.1475,"ma250":32.2772,"ma42":24.4026190476,"max10":25.55,"min10":24.01,"name":"安硕信息","stat_date":"2017-06-30","mc":33.2742,"cmc":16.3117,"pe":-98.0888,"pe_lyr":-170.7017,"pb":8.6594,"ps":7.3746,"pcf":-128.6974,"iop":-182.5305}