{"code":"300304","atr10":0.703,"close":10.15,"close_count":60,"l_pvalue":0.0,"l_slop":95.626244888,"l_stderror":5.9332714836,"ma120":9.22475,"ma250":10.97044,"ma42":9.0788095238,"max10":11.72,"min10":9.83,"name":"云意电气","stat_date":"2017-06-30","mc":88.5376,"cmc":85.1217,"pe":70.2601,"pe_lyr":80.4502,"pb":5.2604,"ps":14.6183,"pcf":-13.9951,"iop":37.8862}