{"code":"300326","atr10":0.168,"close":8.58,"close_count":60,"l_pvalue":0.0897830512,"l_slop":4.1890674189,"l_stderror":2.3432457864,"ma120":8.9991666667,"ma250":10.45876,"ma42":8.9523809524,"max10":9.12,"min10":8.52,"name":"凯利泰","stat_date":"2017-06-30","mc":61.3469,"cmc":54.947,"pe":32.6865,"pe_lyr":38.6174,"pb":3.1931,"ps":9.3794,"pcf":-21.9379,"iop":57.1311}