{"code":"300377","atr10":0.542,"close":14.05,"close_count":60,"l_pvalue":0.8463792376,"l_slop":-1.2981597041,"l_stderror":6.6096298399,"ma120":12.9894166667,"ma250":14.21748,"ma42":14.8414285714,"max10":15.29,"min10":13.84,"name":"赢时胜","stat_date":"2017-06-30","mc":104.3259,"cmc":71.6126,"pe":69.2728,"pe_lyr":86.1917,"pb":4.1131,"ps":24.9323,"pcf":-12.9304,"iop":101.0455}