{"code":"300325","atr10":0.262,"close":6.2,"close_count":60,"l_pvalue":0.0,"l_slop":53.2068433894,"l_stderror":2.2834266999,"ma120":5.7289166667,"ma250":6.32696,"ma42":5.7488095238,"max10":6.37,"min10":6.07,"name":"德威新材","stat_date":"2017-06-30","mc":62.6617,"cmc":49.2787,"pe":109.077,"pe_lyr":80.9173,"pb":4.2538,"ps":4.065,"pcf":-56.5319,"iop":-103.9643}