{"code":"300348","atr10":0.688,"close":21.08,"close_count":60,"l_pvalue":0.0000030854,"l_slop":42.4491951765,"l_stderror":6.5194779433,"ma120":21.4326666667,"ma250":24.52208,"ma42":20.92,"max10":22.56,"min10":20.75,"name":"长亮科技","stat_date":"2017-06-30","mc":63.1082,"cmc":35.2119,"pe":55.351,"pe_lyr":62.3273,"pb":6.4295,"ps":8.1531,"pcf":48.8306,"iop":779.4908}