{"code":"300302","atr10":0.742,"close":14.88,"close_count":60,"l_pvalue":0.000006694,"l_slop":15.6159484626,"l_stderror":2.5437547366,"ma120":17.0254166667,"ma250":21.5298,"ma42":14.79,"max10":16.14,"min10":14.48,"name":"同有科技","stat_date":"2017-06-30","mc":62.685,"cmc":36.6339,"pe":64.8664,"pe_lyr":48.6831,"pb":8.7927,"ps":14.8008,"pcf":-44.1835,"iop":-103.258}