{"code":"300335","atr10":0.56,"close":18.91,"close_count":60,"l_pvalue":0.0000000003,"l_slop":15.0994327295,"l_stderror":1.2801733981,"ma120":18.5054166667,"ma250":18.17396,"ma42":18.8826190476,"max10":19.93,"min10":18.73,"name":"迪森股份","stat_date":"2017-06-30","mc":68.5209,"cmc":49.8083,"pe":39.8289,"pe_lyr":53.7063,"pb":6.0759,"ps":4.6901,"pcf":-25.3505,"iop":406.5156}