{"code":"300367","atr10":0.577,"close":17.18,"close_count":60,"l_pvalue":0.5109537237,"l_slop":2.6079915784,"l_stderror":3.8928442966,"ma120":20.6739166667,"ma250":23.42916,"ma42":18.3935714286,"max10":18.95,"min10":17.18,"name":"东方网力","stat_date":"2017-06-30","mc":146.9655,"cmc":68.0775,"pe":39.5385,"pe_lyr":43.9082,"pb":4.4559,"ps":8.9936,"pcf":43.9043,"iop":173.5755}