{"code":"300355","atr10":0.524,"close":12.27,"close_count":60,"l_pvalue":0.0000000021,"l_slop":26.5353333266,"l_stderror":2.5076539315,"ma120":10.4774166667,"ma250":8.7444,"ma42":11.3388095238,"max10":12.44,"min10":11.71,"name":"蒙草生态","stat_date":"2017-06-30","mc":196.8405,"cmc":142.1435,"pe":32.0978,"pe_lyr":58.0115,"pb":6.2391,"ps":4.3801,"pcf":-161.4106,"iop":194.0335}