{"code":"300397","atr10":0.662,"close":25.61,"close_count":60,"l_pvalue":0.0,"l_slop":-33.3402790349,"l_stderror":1.883954183,"ma120":26.5799166667,"ma250":27.32116,"ma42":26.8171428571,"max10":25.7,"min10":24.81,"name":"天和防务","stat_date":"2017-06-30","mc":61.464,"cmc":60.542,"pe":-214.7018,"pe_lyr":-86.9417,"pb":5.2348,"ps":19.1388,"pcf":-66.877,"iop":227.0923}