{"code":"300318","atr10":0.216,"close":7.06,"close_count":60,"l_pvalue":0.0,"l_slop":54.4401391625,"l_stderror":3.2023403065,"ma120":6.9940833333,"ma250":8.1218,"ma42":6.7369047619,"max10":7.42,"min10":7.0,"name":"博晖创新","stat_date":"2017-06-30","mc":57.9916,"cmc":40.2239,"pe":215.4405,"pe_lyr":245.7358,"pb":4.0245,"ps":14.4541,"pcf":-108.4444,"iop":-29.1676}