{"code":"300357","atr10":0.911,"close":43.02,"close_count":60,"l_pvalue":0.000000079,"l_slop":9.5455289621,"l_stderror":1.1348638911,"ma120":39.607,"ma250":38.08028,"ma42":41.400952381,"max10":43.14,"min10":40.8,"name":"我武生物","stat_date":"2017-06-30","mc":69.5203,"cmc":60.6363,"pe":45.2013,"pe_lyr":53.8079,"pb":10.0188,"ps":20.221,"pcf":-75.5423,"iop":51.6191}