{"code":"300338","atr10":0.701,"close":24.31,"close_count":60,"l_pvalue":0.0,"l_slop":55.2808369513,"l_stderror":2.5123220622,"ma120":22.3445,"ma250":22.8528,"ma42":22.1638095238,"max10":24.47,"min10":23.7,"name":"开元股份","stat_date":"2017-06-30","mc":82.5615,"cmc":41.0967,"pe":147.5435,"pe_lyr":1401.338,"pb":4.0076,"ps":16.0245,"pcf":79.9945,"iop":3068.9221}