{"code":"300393","atr10":1.275,"close":45.29,"close_count":60,"l_pvalue":0.171518854,"l_slop":5.0481366621,"l_stderror":3.5524984918,"ma120":50.3371666667,"ma250":49.61888,"ma42":44.680952381,"max10":47.18,"min10":44.5,"name":"中来股份","stat_date":"2017-06-30","mc":82.7879,"cmc":35.3905,"pe":34.8009,"pe_lyr":50.1245,"pb":7.4214,"ps":3.52,"pcf":44.1057,"iop":86.8854}