{"code":"300327","atr10":1.518,"close":32.94,"close_count":60,"l_pvalue":0.0,"l_slop":47.4643306436,"l_stderror":1.9825424142,"ma120":30.1195,"ma250":31.81016,"ma42":29.95,"max10":34.61,"min10":30.3,"name":"中颖电子","stat_date":"2017-06-30","mc":69.1928,"cmc":68.1614,"pe":52.6785,"pe_lyr":64.2861,"pb":10.7795,"ps":11.7085,"pcf":38.8311,"iop":54.2484}