{"code":"300369","atr10":0.285,"close":10.3,"close_count":60,"l_pvalue":0.0000005339,"l_slop":28.0107297433,"l_stderror":3.7906865692,"ma120":11.2861666667,"ma250":14.4304,"ma42":10.6395238095,"max10":11.25,"min10":10.27,"name":"绿盟科技","stat_date":"2017-06-30","mc":82.0817,"cmc":52.3557,"pe":48.031,"pe_lyr":37.2864,"pb":3.1324,"ps":7.2165,"pcf":-52.055,"iop":-64.3378}