{"code":"300311","atr10":0.538,"close":15.76,"close_count":60,"l_pvalue":0.4490800212,"l_slop":-2.6467193131,"l_stderror":3.4243199009,"ma120":15.6976666667,"ma250":17.6112,"ma42":16.2616666667,"max10":15.94,"min10":15.43,"name":"任子行","stat_date":"2017-06-30","mc":70.6063,"cmc":36.8595,"pe":65.9134,"pe_lyr":64.4515,"pb":5.5601,"ps":8.0311,"pcf":-253.4354,"iop":-0.6468}