{"code":"300305","atr10":0.155,"close":8.8,"close_count":60,"l_pvalue":0.0000000311,"l_slop":11.3980001142,"l_stderror":1.275241428,"ma120":8.9996666667,"ma250":10.8464,"ma42":8.8121428571,"max10":9.06,"min10":8.69,"name":"裕兴股份","stat_date":"2017-06-30","mc":25.5014,"cmc":14.3805,"pe":35.4571,"pe_lyr":35.2995,"pb":1.806,"ps":4.8748,"pcf":38.5554,"iop":18.6704}