{"code":"300349","atr10":1.266,"close":31.22,"close_count":60,"l_pvalue":0.0000000475,"l_slop":13.9623285383,"l_stderror":1.6056752458,"ma120":29.7364166667,"ma250":31.26028,"ma42":30.6521428571,"max10":33.06,"min10":30.61,"name":"金卡智能","stat_date":"2017-06-30","mc":74.2479,"cmc":46.4888,"pe":51.9757,"pe_lyr":84.7497,"pb":2.6513,"ps":6.4626,"pcf":89.5857,"iop":224.8865}