{"code":"300303","atr10":0.086,"close":4.16,"close_count":60,"l_pvalue":0.0019291448,"l_slop":-7.0934769624,"l_stderror":1.9730088498,"ma120":4.40675,"ma250":4.80192,"ma42":4.3102380952,"max10":4.33,"min10":4.16,"name":"聚飞光电","stat_date":"2017-06-30","mc":52.0664,"cmc":42.3567,"pe":31.0338,"pe_lyr":33.5453,"pb":2.8465,"ps":3.1197,"pcf":32.1084,"iop":3.923}