{"code":"300387","atr10":0.492,"close":19.29,"close_count":60,"l_pvalue":0.0000010727,"l_slop":5.656254955,"l_stderror":0.8041618338,"ma120":19.789,"ma250":25.19036,"ma42":19.0238095238,"max10":19.63,"min10":18.61,"name":"富邦股份","stat_date":"2017-06-30","mc":24.1071,"cmc":23.7326,"pe":31.2522,"pe_lyr":28.2573,"pb":3.229,"ps":4.9954,"pcf":40.6624,"iop":0.4766}