{"code":"300373","atr10":1.02,"close":22.19,"close_count":60,"l_pvalue":3.880202314e-16,"l_slop":29.0790076973,"l_stderror":1.1433802952,"ma120":19.9966666667,"ma250":20.28408,"ma42":20.6895238095,"max10":22.79,"min10":20.68,"name":"扬杰科技","stat_date":"2017-06-30","mc":104.8457,"cmc":51.1786,"pe":43.8254,"pe_lyr":51.9499,"pb":4.9797,"ps":7.8779,"pcf":154.7844,"iop":47.2319}