{"code":"300359","atr10":0.316,"close":11.83,"close_count":60,"l_pvalue":0.4193828485,"l_slop":-1.6072282684,"l_stderror":1.9471897161,"ma120":13.246,"ma250":18.43404,"ma42":12.5011904762,"max10":12.8,"min10":11.77,"name":"全通教育","stat_date":"2017-06-30","mc":74.9753,"cmc":46.1656,"pe":152.4604,"pe_lyr":72.8314,"pb":3.7837,"ps":7.3931,"pcf":575.4299,"iop":-141.6563}