{"code":"300345","atr10":0.13,"close":7.23,"close_count":60,"l_pvalue":0.6906671128,"l_slop":0.6697893754,"l_stderror":1.657572509,"ma120":8.97675,"ma250":10.52096,"ma42":7.455952381,"max10":7.57,"min10":7.18,"name":"红宇新材","stat_date":"2017-06-30","mc":31.9057,"cmc":23.6223,"pe":-889.3485,"pe_lyr":349.2514,"pb":4.0563,"ps":17.4381,"pcf":-95.2806,"iop":285.0842}