{"code":"300330","atr10":0.41,"close":13.03,"close_count":60,"l_pvalue":6.092030669e-18,"l_slop":22.6879879128,"l_stderror":0.7133717886,"ma120":12.9431666667,"ma250":15.76056,"ma42":12.0780952381,"max10":13.03,"min10":12.4,"name":"华虹计通","stat_date":"2017-06-30","mc":21.8904,"cmc":21.8511,"pe":-75.6224,"pe_lyr":-75.6219,"pb":5.8509,"ps":17.058,"pcf":-117.6872,"iop":43.3542}