{"code":"300347","atr10":0.983,"close":28.51,"close_count":60,"l_pvalue":0.0000012655,"l_slop":18.3774037201,"l_stderror":2.6439447487,"ma120":25.68625,"ma250":26.88712,"ma42":27.1092857143,"max10":29.08,"min10":27.4,"name":"泰格医药","stat_date":"2017-06-30","mc":142.6003,"cmc":86.5451,"pe":78.2961,"pe_lyr":101.3852,"pb":6.1971,"ps":10.5476,"pcf":55.8238,"iop":121.7494}