{"code":"300389","atr10":0.516,"close":15.23,"close_count":60,"l_pvalue":0.6118732116,"l_slop":0.9038667278,"l_stderror":1.7520062287,"ma120":14.2290833333,"ma250":18.25516,"ma42":13.2923809524,"max10":15.23,"min10":12.96,"name":"艾比森","stat_date":"2017-06-30","mc":48.3892,"cmc":17.8807,"pe":38.6627,"pe_lyr":31.9711,"pb":4.9762,"ps":4.1386,"pcf":21.7204,"iop":-53.1421}