{"code":"300378","atr10":0.377,"close":16.9,"close_count":60,"l_pvalue":0.0185079316,"l_slop":7.3600967305,"l_stderror":2.857180389,"ma120":16.7948333333,"ma250":20.68392,"ma42":16.9754761905,"max10":17.31,"min10":16.57,"name":"鼎捷软件","stat_date":"2017-06-30","mc":44.1039,"cmc":44.1039,"pe":81.9427,"pe_lyr":107.3552,"pb":3.7171,"ps":3.7036,"pcf":-51.0046,"iop":44.3903}