{"code":"300306","atr10":0.803,"close":20.42,"close_count":60,"l_pvalue":0.0,"l_slop":33.190097302,"l_stderror":1.7927292104,"ma120":18.2375,"ma250":20.93988,"ma42":19.0080952381,"max10":20.82,"min10":19.75,"name":"远方信息","stat_date":"2017-06-30","mc":58.7021,"cmc":25.0736,"pe":50.3585,"pe_lyr":67.3687,"pb":3.0855,"ps":15.793,"pcf":-19.8826,"iop":90.3944}