{"code":"300398","atr10":1.402,"close":22.48,"close_count":60,"l_pvalue":3.326801041e-18,"l_slop":76.067506767,"l_stderror":2.3155363863,"ma120":18.4775833333,"ma250":19.0042,"ma42":19.1152380952,"max10":22.5,"min10":19.91,"name":"飞凯材料","stat_date":"2017-06-30","mc":81.8272,"cmc":35.3514,"pe":146.6724,"pe_lyr":120.7125,"pb":10.2943,"ps":18.389,"pcf":-786.6952,"iop":-18.6358}