{"code":"300394","atr10":1.46,"close":29.1,"close_count":60,"l_pvalue":0.0,"l_slop":40.6495370925,"l_stderror":2.6254555466,"ma120":25.3358333333,"ma250":29.80408,"ma42":24.9276190476,"max10":29.1,"min10":25.46,"name":"天孚通信","stat_date":"2017-06-30","mc":54.0823,"cmc":20.6765,"pe":44.1966,"pe_lyr":44.4838,"pb":7.1293,"ps":16.0291,"pcf":51.3066,"iop":-8.124}