{"code":"300364","atr10":0.372,"close":13.25,"close_count":60,"l_pvalue":0.0141030879,"l_slop":-14.1839627784,"l_stderror":5.2478305133,"ma120":17.3930833333,"ma250":18.44692,"ma42":14.9135714286,"max10":14.42,"min10":13.18,"name":"中文在线","stat_date":"2017-06-30","mc":94.2942,"cmc":59.4125,"pe":192.935,"pe_lyr":269.0685,"pb":3.6833,"ps":14.0421,"pcf":10.5259,"iop":35.1931}