{"code":"300324","atr10":0.381,"close":16.1,"close_count":60,"l_pvalue":0.000000308,"l_slop":18.0956212392,"l_stderror":2.3574124294,"ma120":17.33725,"ma250":19.11904,"ma42":15.9816666667,"max10":16.45,"min10":16.09,"name":"旋极信息","stat_date":"2017-06-30","mc":188.7236,"cmc":95.8877,"pe":43.5334,"pe_lyr":50.0196,"pb":3.841,"ps":7.0888,"pcf":10.7135,"iop":-27.4032}