{"code":"300341","atr10":0.166,"close":8.7,"close_count":60,"l_pvalue":0.0000021071,"l_slop":5.0019737245,"l_stderror":0.746818798,"ma120":9.1106666667,"ma250":10.30172,"ma42":8.8173809524,"max10":9.06,"min10":8.64,"name":"麦迪电气","stat_date":"2017-06-30","mc":44.3884,"cmc":32.2651,"pe":34.4164,"pe_lyr":39.0506,"pb":4.3495,"ps":5.7459,"pcf":-283.8615,"iop":9.2201}