{"code":"300350","atr10":0.511,"close":11.2,"close_count":60,"l_pvalue":0.0000000003,"l_slop":15.5839040419,"l_stderror":1.3094150306,"ma120":11.00775,"ma250":12.7094,"ma42":11.4914285714,"max10":12.38,"min10":11.2,"name":"华鹏飞","stat_date":"2017-06-30","mc":59.7677,"cmc":24.5376,"pe":38.3421,"pe_lyr":45.3121,"pb":3.1523,"ps":7.0189,"pcf":-46.5276,"iop":171.8196}