{"code":"300375","atr10":0.416,"close":18.04,"close_count":60,"l_pvalue":0.0000226999,"l_slop":16.4965177142,"l_stderror":2.9624990151,"ma120":19.33875,"ma250":21.614,"ma42":18.6354761905,"max10":19.34,"min10":17.78,"name":"鹏翎股份","stat_date":"2017-06-30","mc":33.5001,"cmc":24.1241,"pe":20.9352,"pe_lyr":21.2949,"pb":2.5939,"ps":2.9509,"pcf":-78.1438,"iop":-18.5942}