{"code":"300312","atr10":0.842,"close":15.03,"close_count":60,"l_pvalue":0.0000000043,"l_slop":35.6081813831,"l_stderror":3.5157197493,"ma120":12.5701666667,"ma250":14.15048,"ma42":12.2083333333,"max10":15.03,"min10":12.21,"name":"邦讯技术","stat_date":"2017-06-30","mc":48.102,"cmc":27.6086,"pe":151.4192,"pe_lyr":244.3985,"pb":6.0502,"ps":13.2621,"pcf":-44.4801,"iop":182.2626}