{"code":"300458","atr10":2.207,"close":31.94,"close_count":60,"l_pvalue":3.448168933e-16,"l_slop":113.520243858,"l_stderror":4.4351807565,"ma120":27.9336666667,"ma250":35.488,"ma42":28.8852380952,"max10":36.49,"min10":31.39,"name":"全志科技","stat_date":"2017-06-30","mc":106.2564,"cmc":45.6367,"pe":126.0622,"pe_lyr":71.4553,"pb":5.3064,"ps":8.6823,"pcf":325.2988,"iop":-45.9234}