{"code":"300445","atr10":0.606,"close":20.6,"close_count":60,"l_pvalue":0.0001380877,"l_slop":6.6961298367,"l_stderror":1.4085644448,"ma120":21.0106666667,"ma250":24.72328,"ma42":18.72,"max10":20.6,"min10":18.67,"name":"康斯特","stat_date":"2017-06-30","mc":34.1202,"cmc":8.4048,"pe":69.5874,"pe_lyr":77.4049,"pb":8.0478,"ps":18.0041,"pcf":52.0274,"iop":67.8175}