{"code":"300420","atr10":0.434,"close":9.82,"close_count":60,"l_pvalue":0.0,"l_slop":51.3460866418,"l_stderror":3.8660551234,"ma120":9.6740833333,"ma250":11.16264,"ma42":9.2214285714,"max10":10.84,"min10":9.6,"name":"五洋科技","stat_date":"2017-06-30","mc":47.6497,"cmc":18.0245,"pe":56.285,"pe_lyr":65.5546,"pb":4.0991,"ps":7.4756,"pcf":-128.2559,"iop":33.9944}