{"code":"300438","atr10":1.093,"close":32.4,"close_count":60,"l_pvalue":0.0,"l_slop":68.3893994708,"l_stderror":4.4190662742,"ma120":27.879,"ma250":30.48288,"ma42":29.9011904762,"max10":33.3,"min10":30.81,"name":"鹏辉能源","stat_date":"2017-06-30","mc":91.0932,"cmc":40.5372,"pe":47.6135,"pe_lyr":65.6378,"pb":4.8546,"ps":5.7391,"pcf":53.0191,"iop":254.6372}