{"code":"300487","atr10":1.207,"close":19.34,"close_count":60,"l_pvalue":0.0,"l_slop":72.3219917305,"l_stderror":3.2505545236,"ma120":17.72575,"ma250":20.36968,"ma42":17.5754761905,"max10":21.53,"min10":18.25,"name":"蓝晓科技","stat_date":"2017-06-30","mc":39.143,"cmc":16.3624,"pe":43.2879,"pe_lyr":63.4453,"pb":5.0714,"ps":10.0519,"pcf":73.4502,"iop":26.0091}