{"code":"300448","atr10":0.539,"close":24.49,"close_count":60,"l_pvalue":0.0,"l_slop":27.0885829761,"l_stderror":1.719934904,"ma120":23.5480833333,"ma250":26.53384,"ma42":23.9566666667,"max10":25.23,"min10":24.49,"name":"浩云科技","stat_date":"2017-06-30","mc":53.479,"cmc":19.7109,"pe":40.5009,"pe_lyr":61.3572,"pb":5.2553,"ps":8.8914,"pcf":-35.3439,"iop":187.8634}