{"code":"300422","atr10":0.544,"close":18.87,"close_count":60,"l_pvalue":0.0000000005,"l_slop":37.0920315049,"l_stderror":3.2159960699,"ma120":16.8889166667,"ma250":16.6018,"ma42":17.8371428571,"max10":19.44,"min10":18.2,"name":"博世科","stat_date":"2017-06-30","mc":67.1902,"cmc":33.185,"pe":70.7525,"pe_lyr":107.1974,"pb":6.4343,"ps":6.109,"pcf":32.6444,"iop":180.4561}