{"code":"300429","atr10":1.035,"close":24.63,"close_count":60,"l_pvalue":0.0000000002,"l_slop":28.400892218,"l_stderror":2.293727639,"ma120":24.24625,"ma250":29.39596,"ma42":22.3454761905,"max10":24.9,"min10":22.06,"name":"强力新材","stat_date":"2017-06-30","mc":63.3449,"cmc":24.7254,"pe":47.1982,"pe_lyr":54.6003,"pb":6.2703,"ps":11.0285,"pcf":-145.8836,"iop":85.7232}