{"code":"300444","atr10":0.73,"close":22.18,"close_count":60,"l_pvalue":5.366033951e-17,"l_slop":31.5806992205,"l_stderror":1.116025181,"ma120":21.1213333333,"ma250":21.90488,"ma42":21.7966666667,"max10":22.86,"min10":22.0,"name":"双杰电气","stat_date":"2017-06-30","mc":72.2024,"cmc":25.3016,"pe":77.8931,"pe_lyr":74.4648,"pb":6.1389,"ps":6.1857,"pcf":-51.748,"iop":176.0727}