{"code":"300428","atr10":0.554,"close":22.42,"close_count":60,"l_pvalue":0.0,"l_slop":-16.6420310928,"l_stderror":1.2062591583,"ma120":27.2175,"ma250":28.4276,"ma42":23.6588095238,"max10":23.42,"min10":22.28,"name":"四通新材","stat_date":"2017-06-30","mc":54.3461,"cmc":13.9901,"pe":75.7387,"pe_lyr":77.7301,"pb":8.4348,"ps":5.2005,"pcf":3563.0908,"iop":17.6026}