{"code":"300472","atr10":1.486,"close":26.99,"close_count":60,"l_pvalue":0.0000000005,"l_slop":56.5458679592,"l_stderror":4.9265816424,"ma120":29.7388333333,"ma250":32.3202,"ma42":24.9497619048,"max10":28.92,"min10":26.6,"name":"新元科技","stat_date":"2017-06-30","mc":26.9913,"cmc":8.9755,"pe":156.563,"pe_lyr":166.6456,"pb":6.9804,"ps":9.6726,"pcf":-48.0146,"iop":202.2631}