{"code":"300414","atr10":1.251,"close":24.85,"close_count":60,"l_pvalue":1.0,"l_slop":0.0,"l_stderror":0.0,"ma120":32.2101666667,"ma250":32.52132,"ma42":29.1826190476,"max10":24.85,"min10":24.85,"name":"中光防雷","stat_date":"2017-06-30","mc":42.3521,"cmc":20.7244,"pe":104.4225,"pe_lyr":73.307,"pb":5.3872,"ps":14.3441,"pcf":-33.1275,"iop":-37.5286}