{"code":"300435","atr10":0.579,"close":15.35,"close_count":60,"l_pvalue":5.249537208e-21,"l_slop":54.0999758313,"l_stderror":1.1678696645,"ma120":13.94125,"ma250":16.59592,"ma42":14.1492857143,"max10":15.73,"min10":14.96,"name":"中泰股份","stat_date":"2017-06-30","mc":38.2507,"cmc":12.9139,"pe":61.0102,"pe_lyr":67.2615,"pb":5.1034,"ps":9.3571,"pcf":86.9605,"iop":-47.1454}