{"code":"300475","atr10":0.36,"close":15.94,"close_count":60,"l_pvalue":0.0000182157,"l_slop":13.9221171057,"l_stderror":2.4554334058,"ma120":19.1185833333,"ma250":22.51544,"ma42":16.075,"max10":16.58,"min10":15.81,"name":"聚隆科技","stat_date":"2017-06-30","mc":31.88,"cmc":11.5565,"pe":42.1987,"pe_lyr":32.9903,"pb":2.7791,"ps":6.8035,"pcf":-18.8807,"iop":-15.9627}