{"code":"300406","atr10":0.328,"close":14.81,"close_count":60,"l_pvalue":0.0000466798,"l_slop":13.684988417,"l_stderror":2.6118131878,"ma120":16.0415833333,"ma250":18.90064,"ma42":15.1211904762,"max10":15.61,"min10":14.63,"name":"九强生物","stat_date":"2017-06-30","mc":74.1727,"cmc":30.8945,"pe":28.6121,"pe_lyr":27.3049,"pb":5.4932,"ps":11.2449,"pcf":-71.657,"iop":2.1233}