{"code":"300462","atr10":1.569,"close":36.9,"close_count":60,"l_pvalue":1.0,"l_slop":0.0,"l_stderror":0.0,"ma120":35.17225,"ma250":34.4536,"ma42":34.5680952381,"max10":36.9,"min10":36.9,"name":"华铭智能","stat_date":"2017-06-30","mc":50.737,"cmc":20.0257,"pe":124.2381,"pe_lyr":104.4534,"pb":9.0242,"ps":19.5904,"pcf":-2567.4253,"iop":-11.578}