{"code":"300495","atr10":0.766,"close":14.99,"close_count":60,"l_pvalue":0.0,"l_slop":32.9357963215,"l_stderror":1.8443319884,"ma120":15.25025,"ma250":16.57476,"ma42":14.7633333333,"max10":16.25,"min10":14.88,"name":"美尚生态","stat_date":"2017-06-30","mc":90.121,"cmc":34.5069,"pe":36.1643,"pe_lyr":43.1224,"pb":3.355,"ps":5.7927,"pcf":44.4417,"iop":121.5256}