{"code":"300415","atr10":0.308,"close":14.04,"close_count":60,"l_pvalue":0.0113383197,"l_slop":1.7664197508,"l_stderror":0.6300896268,"ma120":14.1044166667,"ma250":12.45184,"ma42":14.3330952381,"max10":14.55,"min10":14.04,"name":"伊之密","stat_date":"2017-06-30","mc":60.6528,"cmc":40.1825,"pe":31.7054,"pe_lyr":55.7229,"pb":6.5184,"ps":3.5058,"pcf":-182.6733,"iop":141.6425}