{"code":"300430","atr10":0.721,"close":35.08,"close_count":60,"l_pvalue":0.0,"l_slop":31.7478614455,"l_stderror":1.8923426561,"ma120":36.2876666667,"ma250":41.87636,"ma42":33.7697619048,"max10":35.98,"min10":34.64,"name":"诚益通","stat_date":"2017-06-30","mc":39.7586,"cmc":14.4839,"pe":68.9859,"pe_lyr":73.9865,"pb":2.6909,"ps":9.5508,"pcf":22.9567,"iop":9.6006}