{"code":"300493","atr10":1.073,"close":17.09,"close_count":60,"l_pvalue":3.127512665e-18,"l_slop":117.51927245,"l_stderror":3.5655452777,"ma120":13.7633333333,"ma250":17.0634,"ma42":14.27,"max10":17.88,"min10":15.95,"name":"润欣科技","stat_date":"2017-06-30","mc":51.27,"cmc":26.4066,"pe":93.4689,"pe_lyr":103.9668,"pb":10.6644,"ps":2.9321,"pcf":163.6649,"iop":25.1584}