{"code":"300496","atr10":2.797,"close":40.09,"close_count":60,"l_pvalue":0.0,"l_slop":132.028267772,"l_stderror":7.5984647454,"ma120":31.17825,"ma250":40.14592,"ma42":35.2354761905,"max10":44.47,"min10":39.16,"name":"中科创达","stat_date":"2017-06-30","mc":161.2978,"cmc":87.3229,"pe":154.3088,"pe_lyr":134.0995,"pb":13.1108,"ps":16.6321,"pcf":325.0635,"iop":118.7937}