{"code":"300437","atr10":0.317,"close":17.73,"close_count":60,"l_pvalue":0.2122004472,"l_slop":-1.830834203,"l_stderror":1.4181813245,"ma120":18.6935,"ma250":21.78304,"ma42":18.1935714286,"max10":18.37,"min10":17.7,"name":"清水源","stat_date":"2017-06-30","mc":38.7085,"cmc":17.5007,"pe":68.1169,"pe_lyr":85.5686,"pb":3.2531,"ps":6.6643,"pcf":24.8554,"iop":190.9091}