{"code":"300497","atr10":0.492,"close":47.97,"close_count":60,"l_pvalue":0.1962042388,"l_slop":1.5987674752,"l_stderror":1.1935350144,"ma120":50.7335,"ma250":59.59368,"ma42":48.1326190476,"max10":48.17,"min10":47.8,"name":"富祥股份","stat_date":"2017-06-30","mc":53.8882,"cmc":28.291,"pe":28.5724,"pe_lyr":30.9863,"pb":6.2209,"ps":6.1613,"pcf":29.2483,"iop":5.6587}