{"code":"300426","atr10":1.03,"close":27.5,"close_count":60,"l_pvalue":0.0000004187,"l_slop":30.2869061195,"l_stderror":4.0300824567,"ma120":24.40575,"ma250":26.20716,"ma42":24.4595238095,"max10":27.5,"min10":24.61,"name":"唐德影视","stat_date":"2017-06-30","mc":110.0,"cmc":41.3199,"pe":60.2668,"pe_lyr":61.4129,"pb":10.3946,"ps":13.2075,"pcf":220.6278,"iop":56.4042}