{"code":"300436","atr10":1.314,"close":41.66,"close_count":60,"l_pvalue":0.000020928,"l_slop":5.362195721,"l_stderror":0.9565346682,"ma120":40.7534166667,"ma250":48.64252,"ma42":37.495,"max10":41.66,"min10":36.39,"name":"广生堂","stat_date":"2017-06-30","mc":59.1054,"cmc":23.3296,"pe":111.6847,"pe_lyr":88.9968,"pb":10.7621,"ps":18.8369,"pcf":-62.3122,"iop":-32.8249}