{"code":"300432","atr10":0.806,"close":24.23,"close_count":60,"l_pvalue":0.0000000012,"l_slop":23.0491406562,"l_stderror":2.1026049122,"ma120":24.2678333333,"ma250":24.85228,"ma42":24.4357142857,"max10":25.47,"min10":24.23,"name":"富临精工","stat_date":"2017-06-30","mc":123.5706,"cmc":33.6023,"pe":37.526,"pe_lyr":54.0013,"pb":3.4865,"ps":7.1809,"pcf":349.4449,"iop":113.1547}