{"code":"300464","atr10":0.364,"close":11.11,"close_count":60,"l_pvalue":0.0,"l_slop":-0.8088532474,"l_stderror":0.0449646016,"ma120":14.5141666667,"ma250":16.74944,"ma42":12.0114285714,"max10":11.11,"min10":11.11,"name":"星徽精密","stat_date":"2017-06-30","mc":23.1091,"cmc":10.1828,"pe":60.6805,"pe_lyr":55.2271,"pb":4.5154,"ps":4.7085,"pcf":65.2823,"iop":-11.0652}