{"code":"300465","atr10":0.391,"close":10.84,"close_count":60,"l_pvalue":0.0006677334,"l_slop":25.1171406588,"l_stderror":6.1861550932,"ma120":11.1023333333,"ma250":15.4044,"ma42":10.7088095238,"max10":11.5,"min10":10.54,"name":"高伟达","stat_date":"2017-06-30","mc":48.8213,"cmc":29.1553,"pe":213.7009,"pe_lyr":211.2602,"pb":4.6432,"ps":4.451,"pcf":-38.0868,"iop":1731.7146}