{"code":"300480","atr10":0.479,"close":15.72,"close_count":60,"l_pvalue":0.0000000001,"l_slop":18.8338615662,"l_stderror":1.4856941085,"ma120":16.7776666667,"ma250":20.77572,"ma42":15.6623809524,"max10":16.44,"min10":15.49,"name":"光力科技","stat_date":"2017-06-30","mc":30.236,"cmc":10.116,"pe":90.135,"pe_lyr":97.818,"pb":4.7103,"ps":20.5273,"pcf":-112.4317,"iop":76.003}