{"code":"300470","atr10":1.177,"close":38.17,"close_count":60,"l_pvalue":8.395610729e-21,"l_slop":38.4447330429,"l_stderror":0.8508639961,"ma120":35.1354166667,"ma250":39.12328,"ma42":34.9678571429,"max10":38.7,"min10":35.9,"name":"日机密封","stat_date":"2017-06-30","mc":40.7198,"cmc":24.0851,"pe":38.6619,"pe_lyr":41.6546,"pb":4.5752,"ps":10.5588,"pcf":47.5046,"iop":48.0448}