{"code":"300477","atr10":1.938,"close":29.87,"close_count":60,"l_pvalue":4.615100272e-23,"l_slop":120.713038244,"l_stderror":2.0278084309,"ma120":19.5604166667,"ma250":20.57796,"ma42":22.0183333333,"max10":29.87,"min10":25.53,"name":"合纵科技","stat_date":"2017-06-30","mc":91.0245,"cmc":36.1391,"pe":99.6984,"pe_lyr":103.6799,"pb":6.6104,"ps":6.4505,"pcf":-56.8114,"iop":-2.9834}