{"code":"300459","atr10":0.717,"close":12.41,"close_count":60,"l_pvalue":0.0000001755,"l_slop":18.5612526245,"l_stderror":2.3273461634,"ma120":13.1934166667,"ma250":12.56384,"ma42":11.945,"max10":13.66,"min10":12.18,"name":"金科文化","stat_date":"2017-06-30","mc":196.2345,"cmc":64.4733,"pe":57.381,"pe_lyr":95.7246,"pb":3.8448,"ps":16.4052,"pcf":-19.0839,"iop":84.1384}