{"code":"300421","atr10":0.829,"close":25.49,"close_count":60,"l_pvalue":8.973317824e-17,"l_slop":17.6744475698,"l_stderror":0.6421307963,"ma120":25.4769166667,"ma250":30.2862,"ma42":24.9695238095,"max10":26.7,"min10":25.16,"name":"力星股份","stat_date":"2017-06-30","mc":33.2784,"cmc":10.7058,"pe":48.7856,"pe_lyr":57.2405,"pb":2.9337,"ps":6.0843,"pcf":26.8162,"iop":28.9729}