{"code":"300455","atr10":0.305,"close":12.42,"close_count":60,"l_pvalue":0.000000004,"l_slop":17.5075737957,"l_stderror":1.7200074663,"ma120":11.7728333333,"ma250":13.70736,"ma42":11.1642857143,"max10":12.42,"min10":11.25,"name":"康拓红外","stat_date":"2017-06-30","mc":48.6864,"cmc":15.77,"pe":68.0006,"pe_lyr":72.1462,"pb":7.459,"ps":16.4093,"pcf":28.4793,"iop":143.4723}