{"code":"300463","atr10":0.462,"close":24.96,"close_count":60,"l_pvalue":0.0703268997,"l_slop":3.5359114037,"l_stderror":1.8439720449,"ma120":24.466,"ma250":24.36464,"ma42":24.9666666667,"max10":25.35,"min10":24.66,"name":"迈克生物","stat_date":"2017-06-30","mc":139.2768,"cmc":74.3759,"pe":40.9735,"pe_lyr":44.6367,"pb":5.9204,"ps":8.3752,"pcf":91.646,"iop":10.1356}