{"code":"300442","atr10":0.703,"close":27.27,"close_count":60,"l_pvalue":1.294244177e-18,"l_slop":27.2805263031,"l_stderror":0.7895538451,"ma120":28.9866666667,"ma250":36.85952,"ma42":26.1930952381,"max10":28.3,"min10":26.81,"name":"普丽盛","stat_date":"2017-06-30","mc":27.27,"cmc":15.8406,"pe":453.7351,"pe_lyr":376.2206,"pb":2.811,"ps":4.2831,"pcf":-26.0309,"iop":316.924}