{"code":"300469","atr10":1.928,"close":49.69,"close_count":60,"l_pvalue":0.0000000104,"l_slop":64.8811981494,"l_stderror":6.7712416004,"ma120":62.633,"ma250":83.476,"ma42":48.4445238095,"max10":54.45,"min10":49.5,"name":"信息发展","stat_date":"2017-06-30","mc":33.9383,"cmc":14.2136,"pe":108.8619,"pe_lyr":113.0944,"pb":7.7039,"ps":6.1675,"pcf":48.9738,"iop":3.4183}