{"code":"300413","atr10":0.539,"close":20.29,"close_count":60,"l_pvalue":1.0,"l_slop":0.0,"l_stderror":0.0,"ma120":23.6325,"ma250":28.84244,"ma42":21.6469047619,"max10":20.29,"min10":20.29,"name":"快乐购","stat_date":"2017-06-30","mc":81.2025,"cmc":40.2324,"pe":139.6341,"pe_lyr":122.0575,"pb":5.0069,"ps":2.9035,"pcf":-21.483,"iop":-8.2728}