{"code":"300443","atr10":0.473,"close":22.49,"close_count":60,"l_pvalue":0.0000334967,"l_slop":11.2111807526,"l_stderror":2.0798649853,"ma120":22.6485,"ma250":26.28696,"ma42":22.7988095238,"max10":23.21,"min10":22.46,"name":"金雷风电","stat_date":"2017-06-30","mc":53.539,"cmc":28.7052,"pe":24.3391,"pe_lyr":25.5089,"pb":3.4143,"ps":7.5389,"pcf":21.7799,"iop":20.2618}