{"code":"300446","atr10":0.469,"close":28.85,"close_count":60,"l_pvalue":2.522921464e-17,"l_slop":-14.4541475869,"l_stderror":0.4904793345,"ma120":34.86225,"ma250":36.77616,"ma42":29.7673809524,"max10":29.45,"min10":28.43,"name":"乐凯新材","stat_date":"2017-06-30","mc":35.4278,"cmc":21.8546,"pe":34.984,"pe_lyr":32.8103,"pb":7.0004,"ps":14.1964,"pcf":-67.7434,"iop":-35.6295}