{"code":"300441","atr10":0.471,"close":23.12,"close_count":60,"l_pvalue":8.244406991e-17,"l_slop":27.6378016011,"l_stderror":0.9995364733,"ma120":21.5113333333,"ma250":23.05936,"ma42":21.5028571429,"max10":23.12,"min10":22.27,"name":"鲍斯股份","stat_date":"2017-06-30","mc":85.073,"cmc":21.1231,"pe":71.9563,"pe_lyr":120.4814,"pb":6.1123,"ps":10.2084,"pcf":-144.8011,"iop":143.0038}