{"code":"300409","atr10":3.63,"close":53.45,"close_count":60,"l_pvalue":0.0000000016,"l_slop":85.1259296492,"l_stderror":7.9135535939,"ma120":41.0344166667,"ma250":40.63732,"ma42":49.6861904762,"max10":58.81,"min10":49.17,"name":"道氏技术","stat_date":"2017-06-30","mc":114.9175,"cmc":59.2189,"pe":94.1528,"pe_lyr":113.6149,"pb":9.482,"ps":12.4839,"pcf":30.9615,"iop":30.1849}