{"code":"300424","atr10":1.468,"close":27.3,"close_count":60,"l_pvalue":1.05710114e-22,"l_slop":64.5714515456,"l_stderror":1.1333351004,"ma120":26.7945833333,"ma250":28.96312,"ma42":24.2107142857,"max10":27.77,"min10":26.01,"name":"航新科技","stat_date":"2017-06-30","mc":65.517,"cmc":33.8372,"pe":106.4195,"pe_lyr":109.4464,"pb":7.5398,"ps":14.5669,"pcf":-61.2854,"iop":25.0832}