{"code":"300423","atr10":0.871,"close":28.7,"close_count":60,"l_pvalue":0.0000000003,"l_slop":29.0913110876,"l_stderror":2.4330009372,"ma120":32.3796666667,"ma250":32.7846,"ma42":27.0566666667,"max10":29.94,"min10":28.41,"name":"鲁亿通","stat_date":"2017-06-30","mc":31.8463,"cmc":13.0382,"pe":123.7338,"pe_lyr":128.5959,"pb":6.0328,"ps":12.2982,"pcf":-287.6401,"iop":30.4931}