{"code":"300449","atr10":1.168,"close":28.04,"close_count":60,"l_pvalue":0.0,"l_slop":28.5900099393,"l_stderror":1.6430621812,"ma120":26.8920833333,"ma250":36.18652,"ma42":26.9102380952,"max10":29.4,"min10":27.0,"name":"汉邦高科","stat_date":"2017-06-30","mc":43.6013,"cmc":25.6564,"pe":293.3491,"pe_lyr":136.6414,"pb":3.7899,"ps":7.4733,"pcf":-48.922,"iop":-35.4741}