{"code":"300478","atr10":2.359,"close":46.75,"close_count":60,"l_pvalue":0.0000060359,"l_slop":12.4355534412,"l_stderror":2.0095691194,"ma120":53.4605,"ma250":55.06952,"ma42":46.7352380952,"max10":49.67,"min10":44.02,"name":"杭州高新","stat_date":"2017-06-30","mc":31.1682,"cmc":11.2995,"pe":92.4105,"pe_lyr":88.258,"pb":6.0121,"ps":5.5884,"pcf":-44.1935,"iop":-9.451}