{"code":"300417","atr10":0.652,"close":26.02,"close_count":60,"l_pvalue":0.0000000582,"l_slop":17.2604128515,"l_stderror":2.0114262605,"ma120":27.8244166667,"ma250":36.73176,"ma42":25.8845238095,"max10":26.93,"min10":25.69,"name":"南华仪器","stat_date":"2017-06-30","mc":21.2323,"cmc":7.2305,"pe":57.4231,"pe_lyr":60.4513,"pb":5.5325,"ps":11.567,"pcf":-23.8944,"iop":42.7158}