{"code":"300456","atr10":2.412,"close":41.18,"close_count":60,"l_pvalue":0.0,"l_slop":70.50064386,"l_stderror":3.3090663546,"ma120":37.2816666667,"ma250":46.5118,"ma42":35.7657142857,"max10":42.8,"min10":37.2,"name":"耐威科技","stat_date":"2017-06-30","mc":77.3511,"cmc":29.7671,"pe":111.6888,"pe_lyr":130.9721,"pb":5.3033,"ps":14.0922,"pcf":256.8065,"iop":28.6406}