{"code":"300473","atr10":1.688,"close":48.01,"close_count":60,"l_pvalue":5.09519783e-23,"l_slop":38.2605442738,"l_stderror":0.64609681,"ma120":47.2785,"ma250":57.9404,"ma42":44.3652380952,"max10":49.0,"min10":45.75,"name":"德尔股份","stat_date":"2017-06-30","mc":50.3769,"cmc":22.2413,"pe":45.4502,"pe_lyr":45.9189,"pb":3.2476,"ps":4.5557,"pcf":-6.8252,"iop":9.9117}