{"code":"300403","atr10":0.356,"close":17.02,"close_count":60,"l_pvalue":0.001645355,"l_slop":9.9139672256,"l_stderror":2.7049267198,"ma120":18.6664166667,"ma250":22.2144,"ma42":17.5935714286,"max10":18.23,"min10":16.97,"name":"地尔汉宇","stat_date":"2017-06-30","mc":57.017,"cmc":24.9751,"pe":31.3386,"pe_lyr":29.7636,"pb":4.0507,"ps":7.5541,"pcf":65.0462,"iop":-0.8387}