{"code":"300474","atr10":3.021,"close":50.09,"close_count":60,"l_pvalue":4.024679129e-21,"l_slop":113.709682283,"l_stderror":2.4203107519,"ma120":37.06375,"ma250":45.89796,"ma42":40.9771428571,"max10":51.18,"min10":45.17,"name":"景嘉微","stat_date":"2017-06-30","mc":135.4414,"cmc":33.5603,"pe":126.0992,"pe_lyr":128.6408,"pb":13.7678,"ps":42.62,"pcf":-197.6996,"iop":45.4186}