{"code":"300499","atr10":1.272,"close":27.71,"close_count":60,"l_pvalue":1.920219784e-17,"l_slop":75.1148665995,"l_stderror":2.5118083841,"ma120":25.3843333333,"ma250":34.4726,"ma42":25.015952381,"max10":29.63,"min10":27.15,"name":"高澜股份","stat_date":"2017-06-30","mc":33.2537,"cmc":18.4683,"pe":65.6651,"pe_lyr":58.0918,"pb":5.5804,"ps":6.2479,"pcf":154.4126,"iop":-19.5207}