{"code":"300425","atr10":0.357,"close":11.26,"close_count":60,"l_pvalue":0.0,"l_slop":57.1705435848,"l_stderror":3.6357221583,"ma120":11.2421666667,"ma250":13.3406,"ma42":10.7945238095,"max10":12.13,"min10":11.17,"name":"环能科技","stat_date":"2017-06-30","mc":42.2559,"cmc":16.7398,"pe":57.4883,"pe_lyr":60.7704,"pb":2.9895,"ps":7.1632,"pcf":25.3387,"iop":84.9056}