{"code":"300400","atr10":0.449,"close":15.93,"close_count":60,"l_pvalue":0.0000068515,"l_slop":20.0891497407,"l_stderror":3.2783127873,"ma120":15.5344166667,"ma250":17.61388,"ma42":15.665,"max10":16.95,"min10":15.53,"name":"劲拓股份","stat_date":"2017-06-30","mc":38.232,"cmc":21.1279,"pe":61.06,"pe_lyr":73.3705,"pb":8.5876,"ps":9.7686,"pcf":-557.7252,"iop":59.0746}