{"code":"300418","atr10":0.864,"close":25.5,"close_count":60,"l_pvalue":0.000066762,"l_slop":14.6114564869,"l_stderror":2.8772184852,"ma120":23.5265833333,"ma250":23.41144,"ma42":25.945,"max10":26.95,"min10":25.37,"name":"昆仑万维","stat_date":"2017-06-30","mc":295.5006,"cmc":113.3503,"pe":43.9846,"pe_lyr":55.5978,"pb":7.475,"ps":10.0639,"pcf":240.1226,"iop":145.4527}