{"code":"300494","atr10":0.586,"close":20.53,"close_count":60,"l_pvalue":0.4134270595,"l_slop":1.9928305797,"l_stderror":2.383153619,"ma120":22.7765833333,"ma250":28.26688,"ma42":21.890952381,"max10":22.14,"min10":20.53,"name":"盛天网络","stat_date":"2017-06-30","mc":49.272,"cmc":17.5608,"pe":43.5896,"pe_lyr":44.8947,"pb":5.3856,"ps":12.0882,"pcf":-59.4722,"iop":-45.3116}