{"code":"300447","atr10":0.596,"close":23.13,"close_count":60,"l_pvalue":0.0000010639,"l_slop":10.5406546189,"l_stderror":1.4976976952,"ma120":22.3875833333,"ma250":25.63216,"ma42":22.2376190476,"max10":23.33,"min10":22.12,"name":"全信股份","stat_date":"2017-06-30","mc":69.2869,"cmc":21.5872,"pe":65.076,"pe_lyr":76.2191,"pb":5.9743,"ps":13.3949,"pcf":215.1088,"iop":46.1467}