{"code":"300453","atr10":0.417,"close":20.94,"close_count":60,"l_pvalue":0.0,"l_slop":18.4018949974,"l_stderror":1.1627367391,"ma120":21.7215,"ma250":23.11468,"ma42":20.7204761905,"max10":21.85,"min10":20.94,"name":"三鑫医疗","stat_date":"2017-06-30","mc":33.236,"cmc":14.8994,"pe":88.5072,"pe_lyr":90.774,"pb":5.969,"ps":9.465,"pcf":-501.1513,"iop":36.9311}