{"code":"300434","atr10":0.818,"close":28.86,"close_count":60,"l_pvalue":7.716480851e-16,"l_slop":90.0837191873,"l_stderror":3.6764372577,"ma120":25.6505833333,"ma250":31.27884,"ma42":25.1471428571,"max10":29.09,"min10":27.79,"name":"金石东方","stat_date":"2017-06-30","mc":64.4129,"cmc":11.3851,"pe":234.3692,"pe_lyr":252.3374,"pb":1.9107,"ps":28.247,"pcf":21.4258,"iop":119.7599}