{"code":"300416","atr10":1.062,"close":27.69,"close_count":60,"l_pvalue":0.0,"l_slop":29.4824280698,"l_stderror":1.4381219328,"ma120":25.9205833333,"ma250":30.65952,"ma42":24.8342857143,"max10":27.69,"min10":25.37,"name":"苏试试验","stat_date":"2017-06-30","mc":34.7786,"cmc":17.6994,"pe":60.502,"pe_lyr":64.4361,"pb":7.0369,"ps":7.7998,"pcf":115.9717,"iop":29.4369}