{"code":"300498","atr10":0.316,"close":21.6,"close_count":60,"l_pvalue":0.0000132835,"l_slop":11.4599951197,"l_stderror":1.9702548668,"ma120":22.9339166667,"ma250":25.45228,"ma42":21.9542857143,"max10":22.69,"min10":21.6,"name":"温氏股份","stat_date":"2017-06-30","mc":1127.5969,"cmc":765.835,"pe":17.692,"pe_lyr":9.5641,"pb":4.0985,"ps":2.0093,"pcf":-243.7099,"iop":-91.5688}