{"code":"300411","atr10":0.871,"close":38.2,"close_count":60,"l_pvalue":0.0000000013,"l_slop":24.8548200931,"l_stderror":2.2849018095,"ma120":36.9609166667,"ma250":37.78936,"ma42":36.5554761905,"max10":38.95,"min10":37.84,"name":"金盾股份","stat_date":"2017-06-30","mc":61.12,"cmc":23.1736,"pe":156.2194,"pe_lyr":143.2892,"pb":10.3574,"ps":18.1819,"pcf":-969.8844,"iop":-17.5881}