{"code":"300440","atr10":0.4,"close":13.55,"close_count":60,"l_pvalue":0.0032550476,"l_slop":20.1135524509,"l_stderror":5.9780634716,"ma120":15.1610833333,"ma250":15.65928,"ma42":13.7483333333,"max10":14.32,"min10":13.36,"name":"运达科技","stat_date":"2017-06-30","mc":61.7907,"cmc":27.3662,"pe":40.1348,"pe_lyr":45.9081,"pb":5.0436,"ps":9.5549,"pcf":3083.9807,"iop":19.3509}