{"code":"300408","atr10":0.79,"close":23.55,"close_count":60,"l_pvalue":6.321361472e-18,"l_slop":42.6656620928,"l_stderror":1.3441824672,"ma120":21.2160833333,"ma250":19.33072,"ma42":21.5211904762,"max10":23.8,"min10":22.11,"name":"三环集团","stat_date":"2017-06-30","mc":406.9323,"cmc":231.3974,"pe":41.2915,"pe_lyr":38.4193,"pb":7.813,"ps":14.8505,"pcf":128.1923,"iop":-27.7292}