{"code":"300433","atr10":0.924,"close":28.63,"close_count":60,"l_pvalue":0.0000000011,"l_slop":-26.7173043005,"l_stderror":2.4291155679,"ma120":29.7580833333,"ma250":26.01068,"ma42":30.6911904762,"max10":29.96,"min10":27.22,"name":"蓝思科技","stat_date":"2017-06-30","mc":749.5114,"cmc":126.8401,"pe":59.1321,"pe_lyr":62.2727,"pb":5.3055,"ps":4.1093,"pcf":133.5296,"iop":132.2444}