{"code":"300468","atr10":0.766,"close":40.6,"close_count":60,"l_pvalue":0.1740365008,"l_slop":2.9261682255,"l_stderror":2.0719409602,"ma120":44.664,"ma250":51.73572,"ma42":41.7973809524,"max10":42.36,"min10":40.26,"name":"四方精创","stat_date":"2017-06-30","mc":42.7963,"cmc":27.1445,"pe":51.7557,"pe_lyr":56.5844,"pb":4.8441,"ps":10.0688,"pcf":444.2842,"iop":7.3891}