{"code":"300479","atr10":1.28,"close":31.5,"close_count":60,"l_pvalue":0.0,"l_slop":67.422648404,"l_stderror":3.2571448891,"ma120":24.90975,"ma250":30.09372,"ma42":27.3180952381,"max10":31.5,"min10":29.82,"name":"神思电子","stat_date":"2017-06-30","mc":50.4,"cmc":27.72,"pe":236.4832,"pe_lyr":244.5913,"pb":12.5624,"ps":16.2736,"pcf":-66.7366,"iop":159.2761}