{"code":"300461","atr10":3.874,"close":61.5,"close_count":60,"l_pvalue":0.019834087,"l_slop":-2.0354430119,"l_stderror":0.800279751,"ma120":68.384,"ma250":60.54864,"ma42":68.305952381,"max10":64.24,"min10":59.37,"name":"田中精机","stat_date":"2017-06-30","mc":43.3844,"cmc":14.4986,"pe":174.3428,"pe_lyr":324.6308,"pb":13.5304,"ps":10.9614,"pcf":-128.4499,"iop":1180.9282}