{"code":"300431","atr10":0.87,"close":20.2,"close_count":60,"l_pvalue":0.0,"l_slop":-2.7819015854,"l_stderror":0.1546474553,"ma120":28.3456666667,"ma250":38.9712,"ma42":23.1295238095,"max10":20.2,"min10":20.2,"name":"暴风集团","stat_date":"2017-06-30","mc":67.0595,"cmc":47.3166,"pe":135.0013,"pe_lyr":126.9784,"pb":7.4263,"ps":3.3893,"pcf":-56.6879,"iop":74.0192}