{"code":"300492","atr10":2.057,"close":46.03,"close_count":60,"l_pvalue":1.0,"l_slop":0.0,"l_stderror":0.0,"ma120":49.10225,"ma250":49.84596,"ma42":47.0611904762,"max10":46.03,"min10":46.03,"name":"山鼎设计","stat_date":"2017-06-30","mc":38.2554,"cmc":11.3571,"pe":184.4769,"pe_lyr":189.8053,"pb":13.0194,"ps":24.7763,"pcf":-835.1933,"iop":-11.9347}