{"code":"300457","atr10":2.762,"close":36.93,"close_count":60,"l_pvalue":0.0,"l_slop":103.033529827,"l_stderror":7.0722259018,"ma120":29.694,"ma250":27.62736,"ma42":34.7811904762,"max10":40.81,"min10":35.59,"name":"赢合科技","stat_date":"2017-06-30","mc":114.4482,"cmc":51.6837,"pe":63.3963,"pe_lyr":92.3927,"pb":9.994,"ps":9.074,"pcf":-750.0563,"iop":165.7395}