{"code":"300401","atr10":2.274,"close":43.98,"close_count":60,"l_pvalue":0.0,"l_slop":83.6172096961,"l_stderror":3.7594077053,"ma120":35.3559166667,"ma250":34.5566,"ma42":39.884047619,"max10":47.51,"min10":43.5,"name":"花园生物","stat_date":"2017-06-30","mc":79.7797,"cmc":45.2243,"pe":77.2818,"pe_lyr":182.2587,"pb":9.7388,"ps":19.7994,"pcf":-247.2338,"iop":411.1987}