{"code":"300419","atr10":0.397,"close":11.64,"close_count":60,"l_pvalue":0.0000000585,"l_slop":19.217899935,"l_stderror":2.2403149354,"ma120":12.2480833333,"ma250":13.80556,"ma42":11.8797619048,"max10":12.71,"min10":11.61,"name":"浩丰科技","stat_date":"2017-06-30","mc":42.8065,"cmc":23.8561,"pe":67.104,"pe_lyr":69.6969,"pb":2.911,"ps":8.3292,"pcf":-26.5997,"iop":9.6566}