{"code":"300405","atr10":0.647,"close":21.36,"close_count":60,"l_pvalue":0.0000000107,"l_slop":25.6350235026,"l_stderror":2.679279546,"ma120":21.1800833333,"ma250":26.68844,"ma42":20.9383333333,"max10":22.19,"min10":21.13,"name":"科隆股份","stat_date":"2017-06-30","mc":25.0404,"cmc":10.7514,"pe":97.1529,"pe_lyr":159.1634,"pb":2.6618,"ps":2.6978,"pcf":-54.4614,"iop":324.994}