{"code":"300467","atr10":2.547,"close":43.23,"close_count":60,"l_pvalue":0.0,"l_slop":83.5558690167,"l_stderror":5.9549411896,"ma120":43.2956666667,"ma250":51.47848,"ma42":37.779047619,"max10":46.0,"min10":41.62,"name":"迅游科技","stat_date":"2017-06-30","mc":72.1208,"cmc":42.9858,"pe":145.2564,"pe_lyr":184.3809,"pb":12.7637,"ps":43.0514,"pcf":-179.6076,"iop":522.4057}