{"code":"300491","atr10":1.042,"close":31.03,"close_count":60,"l_pvalue":0.0000000168,"l_slop":27.2212287773,"l_stderror":2.9278580742,"ma120":32.7174166667,"ma250":38.52572,"ma42":30.4738095238,"max10":33.2,"min10":30.05,"name":"通合科技","stat_date":"2017-06-30","mc":45.2585,"cmc":15.8037,"pe":283.0887,"pe_lyr":110.2844,"pb":11.4031,"ps":22.505,"pcf":208.9316,"iop":-155.4369}