{"code":"300439","atr10":0.415,"close":20.12,"close_count":60,"l_pvalue":0.0000007871,"l_slop":19.5612861117,"l_stderror":2.7204640407,"ma120":21.38475,"ma250":25.99928,"ma42":20.4371428571,"max10":21.28,"min10":20.09,"name":"美康生物","stat_date":"2017-06-30","mc":69.8085,"cmc":22.211,"pe":37.4187,"pe_lyr":39.3299,"pb":4.5667,"ps":5.0095,"pcf":66.7105,"iop":16.195}