{"code":"300485","atr10":0.706,"close":29.99,"close_count":60,"l_pvalue":0.0000002138,"l_slop":24.7626839933,"l_stderror":3.1466502255,"ma120":31.5605833333,"ma250":37.80272,"ma42":29.7583333333,"max10":31.36,"min10":29.78,"name":"赛升药业","stat_date":"2017-06-30","mc":71.976,"cmc":25.3356,"pe":31.0371,"pe_lyr":27.8539,"pb":3.3604,"ps":12.4867,"pcf":-321.6684,"iop":-11.9709}