{"code":"300410","atr10":1.109,"close":39.96,"close_count":60,"l_pvalue":0.0000000001,"l_slop":39.3312848319,"l_stderror":3.1714480251,"ma120":36.6551666667,"ma250":41.50856,"ma42":37.8216666667,"max10":40.5,"min10":38.41,"name":"正业科技","stat_date":"2017-06-30","mc":78.7643,"cmc":27.9974,"pe":58.5165,"pe_lyr":108.1384,"pb":4.1966,"ps":8.6368,"pcf":109.7843,"iop":293.4133}