{"code":"300471","atr10":0.862,"close":16.98,"close_count":60,"l_pvalue":0.0,"l_slop":65.9671674871,"l_stderror":4.6423177656,"ma120":15.5185,"ma250":17.06972,"ma42":15.9369047619,"max10":17.98,"min10":16.51,"name":"厚普股份","stat_date":"2017-06-30","mc":62.9567,"cmc":37.2514,"pe":37.0478,"pe_lyr":37.6249,"pb":3.6936,"ps":4.8291,"pcf":-19.496,"iop":11.2866}