{"code":"300482","atr10":2.705,"close":69.62,"close_count":60,"l_pvalue":0.0000000649,"l_slop":18.9500752897,"l_stderror":2.2240824546,"ma120":67.7385,"ma250":67.64328,"ma42":61.5621428571,"max10":69.62,"min10":60.02,"name":"万孚生物","stat_date":"2017-06-30","mc":122.5312,"cmc":73.871,"pe":70.4669,"pe_lyr":84.512,"pb":13.2448,"ps":16.3994,"pcf":-143.2909,"iop":55.8868}