{"code":"300452","atr10":0.862,"close":27.3,"close_count":60,"l_pvalue":0.0000004441,"l_slop":8.6896597824,"l_stderror":1.1609958626,"ma120":28.3858333333,"ma250":35.5946,"ma42":27.3964285714,"max10":29.17,"min10":27.0,"name":"山河药辅","stat_date":"2017-06-30","mc":25.3344,"cmc":11.5116,"pe":54.324,"pe_lyr":51.9301,"pb":6.1151,"ps":8.5322,"pcf":52.5587,"iop":-14.0931}