{"code":"300490","atr10":0.75,"close":17.92,"close_count":60,"l_pvalue":0.0000000001,"l_slop":41.2199042664,"l_stderror":3.1279301113,"ma120":21.85,"ma250":23.44864,"ma42":17.6685714286,"max10":20.09,"min10":17.8,"name":"华自科技","stat_date":"2017-06-30","mc":35.84,"cmc":16.3024,"pe":77.648,"pe_lyr":74.3353,"pb":6.0902,"ps":6.8834,"pcf":-107.7168,"iop":48.636}