{"code":"300407","atr10":0.351,"close":15.42,"close_count":60,"l_pvalue":0.0000000158,"l_slop":-9.5364016931,"l_stderror":1.0216608903,"ma120":18.2030833333,"ma250":18.28272,"ma42":16.0769047619,"max10":16.32,"min10":15.26,"name":"凯发电气","stat_date":"2017-06-30","mc":42.4821,"cmc":20.9051,"pe":46.8733,"pe_lyr":34.8885,"pb":4.81,"ps":3.5774,"pcf":124.7395,"iop":5.6369}