{"code":"300484","atr10":1.334,"close":31.9,"close_count":60,"l_pvalue":0.0,"l_slop":95.6359693475,"l_stderror":4.478091762,"ma120":30.1196666667,"ma250":36.41512,"ma42":28.3138095238,"max10":34.22,"min10":30.65,"name":"蓝海华腾","stat_date":"2017-06-30","mc":66.352,"cmc":29.9496,"pe":41.8678,"pe_lyr":42.732,"pb":10.2203,"ps":9.2813,"pcf":103.7995,"iop":7.5924}