{"code":"300460","atr10":0.606,"close":17.01,"close_count":60,"l_pvalue":0.0000000001,"l_slop":18.0775999625,"l_stderror":1.3990838069,"ma120":17.158,"ma250":21.5844,"ma42":16.0647619048,"max10":17.42,"min10":16.11,"name":"惠伦晶体","stat_date":"2017-06-30","mc":28.6234,"cmc":16.3022,"pe":127.0987,"pe_lyr":99.567,"pb":4.3431,"ps":8.1614,"pcf":-459.0416,"iop":69.7994}