{"code":"300489","atr10":0.64,"close":23.89,"close_count":60,"l_pvalue":0.0000000443,"l_slop":14.6257911602,"l_stderror":1.6743684745,"ma120":24.3785833333,"ma250":31.17972,"ma42":23.9952380952,"max10":25.05,"min10":23.75,"name":"中飞股份","stat_date":"2017-06-30","mc":21.6802,"cmc":11.546,"pe":68.3808,"pe_lyr":69.1825,"pb":4.6878,"ps":14.5168,"pcf":-97.1873,"iop":9.5899}