{"code":"300404","atr10":1.616,"close":25.67,"close_count":60,"l_pvalue":0.0000118562,"l_slop":16.5921266369,"l_stderror":2.8268060115,"ma120":29.1545,"ma250":34.34432,"ma42":24.3142857143,"max10":26.39,"min10":23.07,"name":"博济医药","stat_date":"2017-06-30","mc":34.4674,"cmc":16.6638,"pe":815.8164,"pe_lyr":1651.4591,"pb":7.7517,"ps":33.3144,"pcf":-135.4263,"iop":284.6996}