{"code":"300412","atr10":0.292,"close":12.49,"close_count":60,"l_pvalue":0.0000014888,"l_slop":21.8253032108,"l_stderror":3.1770730401,"ma120":12.9074166667,"ma250":15.11108,"ma42":12.5026190476,"max10":13.23,"min10":12.43,"name":"迦南科技","stat_date":"2017-06-30","mc":32.373,"cmc":10.0466,"pe":59.2421,"pe_lyr":56.7544,"pb":4.4294,"ps":9.5597,"pcf":20.5298,"iop":-18.0157}