{"code":"300427","atr10":0.313,"close":16.48,"close_count":60,"l_pvalue":0.0003073995,"l_slop":-6.3371822957,"l_stderror":1.4401191062,"ma120":18.7153333333,"ma250":19.77924,"ma42":16.870952381,"max10":17.25,"min10":16.3,"name":"红相电力","stat_date":"2017-06-30","mc":46.761,"cmc":16.4144,"pe":62.1459,"pe_lyr":63.3482,"pb":7.5123,"ps":11.852,"pcf":20.6036,"iop":35.2521}