{"code":"300402","atr10":0.596,"close":16.31,"close_count":60,"l_pvalue":2.206877501e-18,"l_slop":-24.0191565822,"l_stderror":0.7152780379,"ma120":18.1671666667,"ma250":22.36384,"ma42":17.3385714286,"max10":17.12,"min10":16.31,"name":"宝色股份","stat_date":"2017-06-30","mc":32.9462,"cmc":10.7809,"pe":-81.7828,"pe_lyr":-33.0735,"pb":5.5211,"ps":8.8036,"pcf":-62.1736,"iop":120.6337}