{"code":"300483","atr10":0.758,"close":33.01,"close_count":60,"l_pvalue":0.0,"l_slop":23.7521395285,"l_stderror":1.1430153398,"ma120":33.7844166667,"ma250":43.42664,"ma42":32.0623809524,"max10":33.9,"min10":32.62,"name":"沃施股份","stat_date":"2017-06-30","mc":20.3011,"cmc":10.683,"pe":155.4115,"pe_lyr":137.4988,"pb":5.0223,"ps":5.784,"pcf":98.8794,"iop":-130.8784}