{"code":"300451","atr10":0.708,"close":28.7,"close_count":60,"l_pvalue":0.0061520165,"l_slop":11.925910328,"l_stderror":3.8709786543,"ma120":30.1323333333,"ma250":33.9,"ma42":29.7442857143,"max10":30.69,"min10":28.7,"name":"创业软件","stat_date":"2017-06-30","mc":69.7264,"cmc":36.6712,"pe":70.5839,"pe_lyr":110.6708,"pb":3.7298,"ps":8.2213,"pcf":-43.5289,"iop":478.5039}