{"code":"300481","atr10":0.775,"close":28.43,"close_count":60,"l_pvalue":0.5098562452,"l_slop":3.0775801935,"l_stderror":4.5817349933,"ma120":29.2305,"ma250":31.82068,"ma42":29.1842857143,"max10":29.97,"min10":27.98,"name":"濮阳惠成","stat_date":"2017-06-30","mc":45.488,"cmc":20.7368,"pe":66.1435,"pe_lyr":70.1005,"pb":9.6167,"ps":10.0799,"pcf":84.7759,"iop":36.8138}