{"code":"300476","atr10":0.766,"close":25.88,"close_count":60,"l_pvalue":0.0000303281,"l_slop":12.1849716621,"l_stderror":2.2416660363,"ma120":24.028,"ma250":23.6408,"ma42":25.6961904762,"max10":26.71,"min10":25.3,"name":"胜宏科技","stat_date":"2017-06-30","mc":110.6669,"cmc":44.1886,"pe":43.9823,"pe_lyr":47.6866,"pb":4.203,"ps":5.3729,"pcf":-107.4883,"iop":35.813}