{"code":"300450","atr10":3.495,"close":77.8,"close_count":60,"l_pvalue":0.0,"l_slop":87.9916243685,"l_stderror":5.7508404521,"ma120":56.0024166667,"ma250":45.22256,"ma42":70.0088095238,"max10":79.55,"min10":74.4,"name":"先导智能","stat_date":"2017-06-30","mc":334.4894,"cmc":131.4691,"pe":89.3103,"pe_lyr":115.0824,"pb":18.4544,"ps":25.5291,"pcf":85.1688,"iop":126.9707}