{"code":"300486","atr10":0.854,"close":23.64,"close_count":60,"l_pvalue":0.000000002,"l_slop":25.1473844652,"l_stderror":2.3714663818,"ma120":27.73475,"ma250":32.63892,"ma42":23.6245238095,"max10":25.22,"min10":23.4,"name":"东杰智能","stat_date":"2017-06-30","mc":33.4224,"cmc":19.9187,"pe":486.7549,"pe_lyr":-68.1404,"pb":5.112,"ps":7.719,"pcf":-29.684,"iop":190.7588}