{"code":"300488","atr10":0.703,"close":33.04,"close_count":60,"l_pvalue":0.7236067546,"l_slop":0.4764042468,"l_stderror":1.3272981328,"ma120":34.1108333333,"ma250":40.93076,"ma42":33.1723809524,"max10":33.81,"min10":32.64,"name":"恒锋工具","stat_date":"2017-06-30","mc":34.7537,"cmc":8.2626,"pe":41.0896,"pe_lyr":46.5623,"pb":4.0744,"ps":13.4479,"pcf":-39.7468,"iop":48.8521}