{"code":"300507","atr10":1.057,"close":41.03,"close_count":60,"l_pvalue":1.694313712e-23,"l_slop":-61.1221133895,"l_stderror":0.9737681408,"ma120":45.6499166667,"ma250":54.36628,"ma42":46.7611904762,"max10":44.41,"min10":40.18,"name":"苏奥传感","stat_date":"2017-06-30","mc":49.2385,"cmc":12.3115,"pe":47.3125,"pe_lyr":51.1142,"pb":6.0134,"ps":8.0705,"pcf":-27.0939,"iop":16.3149}