{"code":"300531","atr10":1.022,"close":20.83,"close_count":60,"l_pvalue":0.0000000002,"l_slop":67.3519391942,"l_stderror":5.4815333785,"ma120":21.65175,"ma250":27.86344,"ma42":19.179047619,"max10":21.38,"min10":20.31,"name":"优博讯","stat_date":"2017-06-30","mc":58.324,"cmc":25.4118,"pe":83.5983,"pe_lyr":86.3222,"pb":10.1274,"ps":15.7864,"pcf":54.1413,"iop":61.1352}