{"code":"300522","atr10":1.349,"close":30.07,"close_count":60,"l_pvalue":0.0,"l_slop":65.4529212461,"l_stderror":3.4181090035,"ma120":38.0596666667,"ma250":48.2522,"ma42":28.780952381,"max10":33.82,"min10":29.93,"name":"世名科技","stat_date":"2017-06-30","mc":36.0858,"cmc":15.6596,"pe":55.4141,"pe_lyr":55.8162,"pb":6.6285,"ps":12.5247,"pcf":-19.3994,"iop":12.5048}