{"code":"300514","atr10":1.646,"close":33.22,"close_count":60,"l_pvalue":0.0,"l_slop":43.5914282965,"l_stderror":3.1118987502,"ma120":null,"ma250":null,"ma42":28.3795238095,"max10":33.22,"min10":29.2,"name":"友讯达","stat_date":"2017-06-30","mc":33.22,"cmc":8.305,"pe":58.9537,"pe_lyr":75.987,"pb":7.5504,"ps":6.6756,"pcf":17.6166,"iop":470.8627}