{"code":"300510","atr10":1.334,"close":30.31,"close_count":60,"l_pvalue":0.0,"l_slop":53.524198897,"l_stderror":4.0068534348,"ma120":32.70275,"ma250":null,"ma42":28.5076190476,"max10":32.78,"min10":30.31,"name":"金冠电气","stat_date":"2017-06-30","mc":68.5865,"cmc":22.447,"pe":96.5965,"pe_lyr":121.6789,"pb":3.0838,"ps":15.4374,"pcf":-49.7069,"iop":120.7996}