{"code":"300516","atr10":2.041,"close":68.0,"close_count":60,"l_pvalue":0.0,"l_slop":23.5398436162,"l_stderror":1.2713093601,"ma120":64.9681666667,"ma250":86.46772,"ma42":61.8192857143,"max10":68.65,"min10":62.44,"name":"久之洋","stat_date":"2017-06-30","mc":81.6,"cmc":32.028,"pe":63.4948,"pe_lyr":57.9003,"pb":7.022,"ps":18.7276,"pcf":-17.5124,"iop":-10.9667}