{"code":"300503","atr10":0.694,"close":18.43,"close_count":60,"l_pvalue":0.0000000111,"l_slop":36.654871413,"l_stderror":3.8411847175,"ma120":19.3075,"ma250":24.1006,"ma42":19.0588095238,"max10":20.37,"min10":18.36,"name":"昊志机电","stat_date":"2017-06-30","mc":46.7424,"cmc":18.9112,"pe":64.0599,"pe_lyr":74.4533,"pb":6.6386,"ps":12.4624,"pcf":-99.1899,"iop":17.9915}