{"code":"300578","atr10":2.378,"close":40.81,"close_count":60,"l_pvalue":1.492998143e-17,"l_slop":56.5882125318,"l_stderror":1.8668940005,"ma120":37.06475,"ma250":null,"ma42":34.3404761905,"max10":40.81,"min10":36.84,"name":"会畅通讯","stat_date":"2017-06-30","mc":29.3832,"cmc":7.3458,"pe":103.4788,"pe_lyr":93.3297,"pb":10.9464,"ps":11.3669,"pcf":162.5071,"iop":-7.8074}