{"code":"300589","atr10":1.167,"close":28.39,"close_count":60,"l_pvalue":0.0000774216,"l_slop":15.8382818705,"l_stderror":3.1601569895,"ma120":26.34975,"ma250":null,"ma42":26.1052380952,"max10":28.9,"min10":26.08,"name":"江龙船艇","stat_date":"2017-06-30","mc":31.9873,"cmc":7.9977,"pe":72.1388,"pe_lyr":86.8201,"pb":10.9951,"ps":7.156,"pcf":35.0808,"iop":-52.8043}