{"code":"300566","atr10":1.967,"close":37.2,"close_count":60,"l_pvalue":6.396351559e-17,"l_slop":49.5548566195,"l_stderror":1.7678468833,"ma120":35.53125,"ma250":null,"ma42":33.4364285714,"max10":38.34,"min10":34.55,"name":"激智科技","stat_date":"2017-06-30","mc":46.2705,"cmc":11.1042,"pe":72.1203,"pe_lyr":78.0901,"pb":6.5616,"ps":7.1225,"pcf":82.5095,"iop":36.1021}