{"code":"300559","atr10":1.472,"close":43.72,"close_count":60,"l_pvalue":0.0,"l_slop":34.5561859941,"l_stderror":1.637050846,"ma120":41.6189166667,"ma250":null,"ma42":39.8061904762,"max10":44.17,"min10":40.1,"name":"佳发安泰","stat_date":"2017-06-30","mc":31.391,"cmc":7.8696,"pe":56.4321,"pe_lyr":50.8137,"pb":5.2924,"ps":19.2962,"pcf":-160.4936,"iop":-1.3286}