{"code":"300555","atr10":0.922,"close":19.67,"close_count":60,"l_pvalue":5.166931247e-16,"l_slop":44.1030217247,"l_stderror":1.7612112842,"ma120":18.1335,"ma250":null,"ma42":16.3311904762,"max10":19.67,"min10":16.86,"name":"路通视信","stat_date":"2017-06-30","mc":39.34,"cmc":9.835,"pe":79.9612,"pe_lyr":74.4897,"pb":6.4676,"ps":9.5611,"pcf":-174.8952,"iop":3.9963}