{"code":"300556","atr10":1.412,"close":30.66,"close_count":60,"l_pvalue":0.0000000038,"l_slop":63.2938573665,"l_stderror":6.2059414475,"ma120":32.503,"ma250":null,"ma42":29.7407142857,"max10":33.93,"min10":30.01,"name":"丝路视觉","stat_date":"2017-06-30","mc":34.0735,"cmc":8.5235,"pe":139.7913,"pe_lyr":125.8685,"pb":8.6811,"ps":7.4232,"pcf":-114.1978,"iop":8.1538}