{"code":"300584","atr10":1.264,"close":36.23,"close_count":60,"l_pvalue":0.0000000001,"l_slop":15.2074355609,"l_stderror":1.2248738244,"ma120":35.6985,"ma250":null,"ma42":34.0423809524,"max10":36.23,"min10":34.31,"name":"海辰药业","stat_date":"2017-06-30","mc":28.984,"cmc":7.2006,"pe":54.2729,"pe_lyr":64.0723,"pb":6.0144,"ps":8.7166,"pcf":21.7049,"iop":42.4534}