{"code":"300530","atr10":1.01,"close":44.14,"close_count":60,"l_pvalue":0.0000000992,"l_slop":16.3561669385,"l_stderror":1.9741732412,"ma120":46.9805,"ma250":58.27116,"ma42":44.6457142857,"max10":46.63,"min10":43.47,"name":"达志科技","stat_date":"2017-06-30","mc":30.898,"cmc":9.3022,"pe":56.3712,"pe_lyr":64.2662,"pb":7.3083,"ps":21.5595,"pcf":-38.329,"iop":3.1675}