{"code":"300537","atr10":0.748,"close":19.13,"close_count":60,"l_pvalue":0.0000040072,"l_slop":37.7316586077,"l_stderror":5.909851053,"ma120":21.7906666667,"ma250":null,"ma42":19.5721428571,"max10":21.69,"min10":18.83,"name":"广信材料","stat_date":"2017-06-30","mc":36.9262,"cmc":13.2308,"pe":81.6098,"pe_lyr":87.0634,"pb":2.3481,"ps":12.7945,"pcf":47.2564,"iop":4.7769}