{"code":"300591","atr10":0.552,"close":12.38,"close_count":60,"l_pvalue":0.0,"l_slop":17.6763164813,"l_stderror":1.2967931907,"ma120":13.4768333333,"ma250":null,"ma42":12.059047619,"max10":13.6,"min10":12.1,"name":"万里马","stat_date":"2017-06-30","mc":38.6256,"cmc":9.6564,"pe":102.6262,"pe_lyr":104.3869,"pb":8.9503,"ps":7.184,"pcf":31.9749,"iop":17.6955}