{"code":"300554","atr10":6.256,"close":79.83,"close_count":60,"l_pvalue":8.346875363e-18,"l_slop":167.739388034,"l_stderror":5.3639392897,"ma120":null,"ma250":null,"ma42":56.0023809524,"max10":80.99,"min10":67.8,"name":"三超新材","stat_date":"2017-06-30","mc":41.5116,"cmc":10.3779,"pe":95.4869,"pe_lyr":109.4796,"pb":10.2112,"ps":23.0821,"pcf":30.332,"iop":40.9141}