{"code":"300512","atr10":0.419,"close":19.69,"close_count":60,"l_pvalue":0.0000002249,"l_slop":13.828332148,"l_stderror":1.7632643715,"ma120":20.7279166667,"ma250":27.79864,"ma42":19.6511904762,"max10":20.37,"min10":19.57,"name":"中亚股份","stat_date":"2017-06-30","mc":53.163,"cmc":15.3237,"pe":30.977,"pe_lyr":33.0055,"pb":4.0744,"ps":8.1017,"pcf":-7.3502,"iop":12.856}