{"code":"300588","atr10":1.705,"close":37.97,"close_count":60,"l_pvalue":0.000061929,"l_slop":23.6851181808,"l_stderror":4.6331371604,"ma120":37.95225,"ma250":null,"ma42":37.9202380952,"max10":39.75,"min10":37.57,"name":"熙菱信息","stat_date":"2017-06-30","mc":37.97,"cmc":9.4925,"pe":72.9853,"pe_lyr":89.137,"pb":12.0717,"ps":5.7451,"pcf":116.1916,"iop":1.7869}