{"code":"300598","atr10":2.042,"close":37.23,"close_count":60,"l_pvalue":0.0,"l_slop":81.4982612273,"l_stderror":5.0820497096,"ma120":37.7113333333,"ma250":null,"ma42":34.2080952381,"max10":40.01,"min10":36.2,"name":"诚迈科技","stat_date":"2017-06-30","mc":29.784,"cmc":7.446,"pe":65.0907,"pe_lyr":58.9059,"pb":7.0587,"ps":6.0601,"pcf":18.2037,"iop":34.5183}