{"code":"300529","atr10":1.034,"close":33.33,"close_count":60,"l_pvalue":0.0,"l_slop":63.702849405,"l_stderror":2.8501804969,"ma120":30.96625,"ma250":39.7488,"ma42":30.6528571429,"max10":34.99,"min10":32.48,"name":"健帆生物","stat_date":"2017-06-30","mc":138.8541,"cmc":35.2422,"pe":55.404,"pe_lyr":68.6994,"pb":11.0856,"ps":22.6809,"pcf":19.7465,"iop":59.363}