{"code":"300501","atr10":1.092,"close":42.76,"close_count":60,"l_pvalue":0.0000000002,"l_slop":23.1658162807,"l_stderror":1.9137678915,"ma120":45.074,"ma250":65.23892,"ma42":42.3057142857,"max10":45.24,"min10":42.4,"name":"海顺新材","stat_date":"2017-06-30","mc":28.7599,"cmc":10.2798,"pe":43.7994,"pe_lyr":44.5175,"pb":4.9556,"ps":8.525,"pcf":-54.5008,"iop":10.5978}