{"code":"300597","atr10":1.217,"close":21.95,"close_count":60,"l_pvalue":0.0000000071,"l_slop":48.8107753817,"l_stderror":4.9738028364,"ma120":17.0960833333,"ma250":null,"ma42":16.3535714286,"max10":21.95,"min10":16.4,"name":"吉大通信","stat_date":"2017-06-30","mc":52.68,"cmc":13.17,"pe":96.2275,"pe_lyr":95.8093,"pb":7.5546,"ps":12.8199,"pcf":32.1664,"iop":-8.9818}