{"code":"300542","atr10":1.789,"close":36.3,"close_count":60,"l_pvalue":0.0000000028,"l_slop":31.8191344289,"l_stderror":3.0581685502,"ma120":32.4170833333,"ma250":42.62244,"ma42":32.0911904762,"max10":36.3,"min10":31.59,"name":"新晨科技","stat_date":"2017-06-30","mc":33.1025,"cmc":11.8338,"pe":94.1744,"pe_lyr":96.2384,"pb":5.6245,"ps":6.6622,"pcf":77.321,"iop":29.5969}