{"code":"300523","atr10":1.461,"close":48.0,"close_count":60,"l_pvalue":0.0,"l_slop":57.6751088279,"l_stderror":4.3121071424,"ma120":42.5729166667,"ma250":54.4634,"ma42":45.0530952381,"max10":50.6,"min10":47.38,"name":"辰安科技","stat_date":"2017-06-30","mc":69.12,"cmc":48.0976,"pe":116.0553,"pe_lyr":87.1015,"pb":8.9462,"ps":13.356,"pcf":246.4112,"iop":-39.4723}