{"code":"300582","atr10":0.897,"close":19.43,"close_count":60,"l_pvalue":0.0,"l_slop":73.1008868474,"l_stderror":4.2819080282,"ma120":21.91325,"ma250":null,"ma42":18.5321428571,"max10":21.48,"min10":19.09,"name":"英飞特","stat_date":"2017-06-30","mc":38.4714,"cmc":9.6179,"pe":71.7249,"pe_lyr":57.5229,"pb":4.1769,"ps":5.5277,"pcf":197.5752,"iop":-74.3899}