{"code":"300502","atr10":2.789,"close":35.8,"close_count":60,"l_pvalue":0.0,"l_slop":156.029917294,"l_stderror":7.3161755393,"ma120":26.0265,"ma250":32.3562,"ma42":26.4373809524,"max10":38.22,"min10":28.99,"name":"新易盛","stat_date":"2017-06-30","mc":83.3424,"cmc":44.4564,"pe":69.7571,"pe_lyr":79.1575,"pb":8.0834,"ps":10.3463,"pcf":-103.1342,"iop":16.4376}