{"code":"300508","atr10":2.385,"close":77.8,"close_count":60,"l_pvalue":0.0000000655,"l_slop":25.7698249635,"l_stderror":3.0262602705,"ma120":74.57125,"ma250":103.08624,"ma42":78.7378571429,"max10":82.57,"min10":77.3,"name":"维宏股份","stat_date":"2017-06-30","mc":44.206,"cmc":11.5069,"pe":77.6691,"pe_lyr":99.6452,"pb":9.4096,"ps":25.6268,"pcf":-17.1352,"iop":126.3133}