{"code":"300518","atr10":2.159,"close":63.84,"close_count":60,"l_pvalue":0.0,"l_slop":24.5593616885,"l_stderror":1.7013875156,"ma120":99.7233333333,"ma250":null,"ma42":62.9966666667,"max10":67.85,"min10":63.52,"name":"盛讯达","stat_date":"2017-06-30","mc":59.5883,"cmc":29.869,"pe":62.776,"pe_lyr":59.7832,"pb":5.5295,"ps":30.8761,"pcf":-17.7101,"iop":-23.6363}