{"code":"300592","atr10":0.984,"close":22.9,"close_count":60,"l_pvalue":0.0,"l_slop":38.8351121367,"l_stderror":2.7599980264,"ma120":22.5164166667,"ma250":null,"ma42":20.9283333333,"max10":23.3,"min10":21.66,"name":"华凯创意","stat_date":"2017-06-30","mc":28.0253,"cmc":7.0074,"pe":66.2299,"pe_lyr":70.0149,"pb":6.1158,"ps":5.0434,"pcf":41.3534,"iop":31.7956}