{"code":"300547","atr10":1.421,"close":57.75,"close_count":60,"l_pvalue":0.0000009073,"l_slop":13.8745539235,"l_stderror":1.9491357923,"ma120":61.7298333333,"ma250":null,"ma42":59.0692857143,"max10":61.07,"min10":56.98,"name":"川环科技","stat_date":"2017-06-30","mc":34.5225,"cmc":8.6336,"pe":36.5894,"pe_lyr":40.9382,"pb":5.5039,"ps":5.9826,"pcf":24.6907,"iop":58.4662}