{"code":"300535","atr10":1.223,"close":42.21,"close_count":60,"l_pvalue":0.0000170381,"l_slop":13.202773468,"l_stderror":2.3159322811,"ma120":49.9559166667,"ma250":null,"ma42":43.1888095238,"max10":45.13,"min10":41.74,"name":"达威股份","stat_date":"2017-06-30","mc":25.2163,"cmc":13.391,"pe":42.6397,"pe_lyr":43.6108,"pb":3.9566,"ps":7.9468,"pcf":40.2547,"iop":-12.9235}