{"code":"300575","atr10":1.427,"close":59.15,"close_count":60,"l_pvalue":1.495281751e-18,"l_slop":23.9280780631,"l_stderror":0.6978909413,"ma120":57.3274166667,"ma250":null,"ma42":57.0280952381,"max10":61.06,"min10":58.36,"name":"中旗股份","stat_date":"2017-06-30","mc":43.3865,"cmc":10.854,"pe":43.3493,"pe_lyr":56.2298,"pb":4.5489,"ps":3.8622,"pcf":17.0664,"iop":40.99}