{"code":"300573","atr10":1.234,"close":32.8,"close_count":60,"l_pvalue":0.0000000021,"l_slop":26.1918098612,"l_stderror":2.4743141403,"ma120":34.4869166667,"ma250":null,"ma42":31.0278571429,"max10":33.06,"min10":31.2,"name":"兴齐眼药","stat_date":"2017-06-30","mc":26.24,"cmc":6.56,"pe":51.5317,"pe_lyr":48.3425,"pb":4.8626,"ps":7.3612,"pcf":2159.5273,"iop":9.5284}