{"code":"300511","atr10":1.023,"close":27.56,"close_count":60,"l_pvalue":5.802131191e-19,"l_slop":91.3504433227,"l_stderror":2.5329995309,"ma120":21.9151666667,"ma250":27.75564,"ma42":23.3807142857,"max10":27.56,"min10":26.2,"name":"雪榕生物","stat_date":"2017-06-30","mc":62.9884,"cmc":26.2749,"pe":47.4663,"pe_lyr":60.1001,"pb":4.6957,"ps":6.0322,"pcf":-646.4658,"iop":67.9285}