{"code":"300536","atr10":0.476,"close":16.19,"close_count":60,"l_pvalue":0.0000466059,"l_slop":8.9746832886,"l_stderror":1.7126057044,"ma120":18.0981666667,"ma250":22.314,"ma42":16.3864285714,"max10":16.99,"min10":15.88,"name":"农尚环境","stat_date":"2017-06-30","mc":27.1333,"cmc":9.8934,"pe":51.8648,"pe_lyr":53.2842,"pb":5.5008,"ps":6.728,"pcf":14.0566,"iop":5.3528}