{"code":"300590","atr10":0.959,"close":30.45,"close_count":60,"l_pvalue":0.0,"l_slop":0.1302734681,"l_stderror":0.0072419745,"ma120":null,"ma250":null,"ma42":29.415,"max10":30.45,"min10":30.45,"name":"移为通信","stat_date":"2017-06-30","mc":48.72,"cmc":12.18,"pe":48.3671,"pe_lyr":51.1392,"pb":6.7984,"ps":16.5189,"pcf":22.9923,"iop":9.749}