{"code":"300557","atr10":1.999,"close":50.75,"close_count":60,"l_pvalue":0.0,"l_slop":27.2081168964,"l_stderror":1.5833839689,"ma120":49.9786666667,"ma250":null,"ma42":45.6476190476,"max10":50.75,"min10":46.69,"name":"理工光科","stat_date":"2017-06-30","mc":28.2518,"cmc":7.105,"pe":76.7567,"pe_lyr":64.8342,"pb":6.3322,"ps":12.7787,"pcf":27.313,"iop":-141.212}