{"code":"300546","atr10":1.094,"close":27.82,"close_count":60,"l_pvalue":0.0000000005,"l_slop":36.7981588421,"l_stderror":3.2063775045,"ma120":31.2810833333,"ma250":null,"ma42":27.9669047619,"max10":30.8,"min10":27.38,"name":"雄帝科技","stat_date":"2017-06-30","mc":37.614,"cmc":9.278,"pe":56.9491,"pe_lyr":62.2633,"pb":6.5098,"ps":11.391,"pcf":32.983,"iop":-5.8954}