{"code":"300550","atr10":2.041,"close":41.95,"close_count":60,"l_pvalue":0.0,"l_slop":39.285381176,"l_stderror":2.4770515653,"ma120":41.0220833333,"ma250":null,"ma42":36.845952381,"max10":44.18,"min10":37.02,"name":"和仁科技","stat_date":"2017-06-30","mc":33.56,"cmc":8.39,"pe":71.814,"pe_lyr":64.4505,"pb":6.9275,"ps":13.5353,"pcf":59.9168,"iop":-17.2268}