{"code":"300517","atr10":0.589,"close":24.4,"close_count":60,"l_pvalue":0.0000063823,"l_slop":9.3625124282,"l_stderror":1.519493193,"ma120":27.8483333333,"ma250":38.53268,"ma42":24.6380952381,"max10":25.24,"min10":24.18,"name":"海波重科","stat_date":"2017-06-30","mc":24.9856,"cmc":9.9979,"pe":67.6273,"pe_lyr":57.642,"pb":4.2937,"ps":7.1656,"pcf":18.3244,"iop":-44.8107}