{"code":"300513","atr10":1.015,"close":35.8,"close_count":60,"l_pvalue":0.0000439069,"l_slop":14.717469229,"l_stderror":2.7940791554,"ma120":35.54525,"ma250":null,"ma42":34.1719047619,"max10":35.8,"min10":33.85,"name":"恒泰实达","stat_date":"2017-06-30","mc":43.6244,"cmc":21.8202,"pe":108.6665,"pe_lyr":110.3182,"pb":8.1776,"ps":9.4908,"pcf":-76.9429,"iop":75.767}