{"code":"300527","atr10":0.747,"close":20.76,"close_count":60,"l_pvalue":0.0,"l_slop":30.8168524715,"l_stderror":2.1931056784,"ma120":17.959,"ma250":22.96848,"ma42":17.645952381,"max10":20.76,"min10":17.68,"name":"华舟应急","stat_date":"2017-06-30","mc":100.8593,"cmc":29.7654,"pe":55.3039,"pe_lyr":65.0596,"pb":5.3877,"ps":4.7515,"pcf":11.2632,"iop":38.1258}