{"code":"300562","atr10":1.223,"close":23.2,"close_count":60,"l_pvalue":0.0,"l_slop":80.7058593309,"l_stderror":5.9668899511,"ma120":27.16525,"ma250":null,"ma42":22.1385714286,"max10":26.52,"min10":22.98,"name":"乐心医疗","stat_date":"2017-06-30","mc":43.8016,"cmc":10.9874,"pe":145.6556,"pe_lyr":54.3979,"pb":9.1354,"ps":5.436,"pcf":247.9546,"iop":-228.9446}