{"code":"300540","atr10":0.812,"close":28.72,"close_count":60,"l_pvalue":0.0000000075,"l_slop":11.9894542951,"l_stderror":1.2256878034,"ma120":32.9638333333,"ma250":46.21596,"ma42":28.7430952381,"max10":30.05,"min10":28.29,"name":"深冷股份","stat_date":"2017-06-30","mc":22.976,"cmc":12.256,"pe":130.7229,"pe_lyr":59.5407,"pb":3.6187,"ps":8.5779,"pcf":120.4161,"iop":-76.3366}