{"code":"300593","atr10":1.436,"close":31.2,"close_count":60,"l_pvalue":0.0000000015,"l_slop":35.9303945801,"l_stderror":3.3222113925,"ma120":25.6906666667,"ma250":null,"ma42":23.6721428571,"max10":31.2,"min10":23.76,"name":"新雷能","stat_date":"2017-06-30","mc":36.0485,"cmc":9.0137,"pe":98.8018,"pe_lyr":81.7487,"pb":6.7265,"ps":10.3583,"pcf":25.4273,"iop":6.4955}