{"code":"300500","atr10":2.029,"close":39.16,"close_count":60,"l_pvalue":0.0666413181,"l_slop":7.6644912145,"l_stderror":3.9392654921,"ma120":36.5525,"ma250":42.8978,"ma42":36.2697619048,"max10":39.16,"min10":34.81,"name":"启迪设计","stat_date":"2017-06-30","mc":48.1511,"cmc":13.4679,"pe":76.3374,"pe_lyr":77.4299,"pb":6.7429,"ps":11.0432,"pcf":-18.8061,"iop":25.8784}