{"code":"300543","atr10":2.481,"close":38.7,"close_count":60,"l_pvalue":0.0,"l_slop":48.584501918,"l_stderror":2.7810287896,"ma120":44.4575,"ma250":null,"ma42":37.5897619048,"max10":43.89,"min10":37.98,"name":"朗科智能","stat_date":"2017-06-30","mc":46.44,"cmc":16.4862,"pe":56.799,"pe_lyr":60.6418,"pb":7.5586,"ps":4.5604,"pcf":21.4517,"iop":69.5513}