{"code":"300532","atr10":1.387,"close":27.27,"close_count":60,"l_pvalue":0.0,"l_slop":70.3761096849,"l_stderror":4.339437773,"ma120":26.2579166667,"ma250":34.80604,"ma42":27.3407142857,"max10":30.4,"min10":27.27,"name":"今天国际","stat_date":"2017-06-30","mc":42.0039,"cmc":16.9873,"pe":93.7961,"pe_lyr":76.8734,"pb":5.9652,"ps":10.6764,"pcf":32.6791,"iop":-60.6743}