{"code":"300569","atr10":1.527,"close":33.4,"close_count":60,"l_pvalue":4.040050618e-17,"l_slop":51.337029079,"l_stderror":1.7866974676,"ma120":35.2335833333,"ma250":null,"ma42":31.3978571429,"max10":35.2,"min10":33.05,"name":"天能重工","stat_date":"2017-06-30","mc":50.104,"cmc":12.529,"pe":44.5519,"pe_lyr":29.2415,"pb":3.0668,"ps":6.7813,"pcf":12.8213,"iop":-77.0218}