{"code":"300545","atr10":2.546,"close":61.6,"close_count":60,"l_pvalue":0.0000000001,"l_slop":53.9478952854,"l_stderror":4.086420857,"ma120":61.0964166667,"ma250":null,"ma42":56.2523809524,"max10":63.48,"min10":59.47,"name":"联得装备","stat_date":"2017-06-30","mc":44.3927,"cmc":10.9833,"pe":90.6712,"pe_lyr":115.5091,"pb":8.8082,"ps":12.685,"pcf":33.741,"iop":94.4097}