{"code":"300595","atr10":1.642,"close":52.16,"close_count":60,"l_pvalue":1.542477428e-22,"l_slop":39.6038767687,"l_stderror":0.7091556408,"ma120":53.60625,"ma250":null,"ma42":48.8154761905,"max10":54.03,"min10":51.7,"name":"欧普康视","stat_date":"2017-06-30","mc":63.8438,"cmc":15.961,"pe":51.2803,"pe_lyr":55.9847,"pb":9.0155,"ps":24.7262,"pcf":-42.5495,"iop":24.3927}