{"code":"300552","atr10":1.766,"close":35.23,"close_count":60,"l_pvalue":0.0,"l_slop":51.6113357466,"l_stderror":2.9442731732,"ma120":33.5234166667,"ma250":null,"ma42":30.3157142857,"max10":37.19,"min10":30.69,"name":"万集科技","stat_date":"2017-06-30","mc":37.5904,"cmc":9.4064,"pe":90.1335,"pe_lyr":54.2058,"pb":5.1882,"ps":6.6038,"pcf":207.6282,"iop":13.3545}