{"code":"300581","atr10":2.274,"close":47.7,"close_count":60,"l_pvalue":0.0,"l_slop":51.2792026657,"l_stderror":3.0325155069,"ma120":40.7534166667,"ma250":null,"ma42":37.5092857143,"max10":48.42,"min10":38.6,"name":"晨曦航空","stat_date":"2017-06-30","mc":43.1208,"cmc":10.7802,"pe":85.0043,"pe_lyr":82.2357,"pb":8.1965,"ps":21.4388,"pcf":52.9221,"iop":-2.61}