{"code":"300576","atr10":0.869,"close":23.42,"close_count":60,"l_pvalue":0.0,"l_slop":46.0817670763,"l_stderror":2.9900173328,"ma120":23.1053333333,"ma250":null,"ma42":21.4435714286,"max10":23.7,"min10":22.55,"name":"容大感光","stat_date":"2017-06-30","mc":28.104,"cmc":7.026,"pe":77.373,"pe_lyr":82.2666,"pb":7.2176,"ps":8.3731,"pcf":69.2304,"iop":8.6629}