{"code":"300549","atr10":1.052,"close":29.1,"close_count":60,"l_pvalue":0.0,"l_slop":26.7941161063,"l_stderror":1.4123856802,"ma120":28.8228333333,"ma250":null,"ma42":28.3028571429,"max10":30.45,"min10":28.57,"name":"优德精密","stat_date":"2017-06-30","mc":38.8019,"cmc":9.7019,"pe":53.2019,"pe_lyr":74.6175,"pb":8.3569,"ps":8.8071,"pcf":45.2697,"iop":93.0838}