{"code":"300541","atr10":1.235,"close":31.0,"close_count":60,"l_pvalue":0.0020533634,"l_slop":21.2778412887,"l_stderror":5.9638222656,"ma120":31.1403333333,"ma250":42.38324,"ma42":31.6066666667,"max10":33.02,"min10":30.43,"name":"先进数通","stat_date":"2017-06-30","mc":37.2,"cmc":15.6877,"pe":71.0016,"pe_lyr":62.513,"pb":5.1962,"ps":3.8505,"pcf":34.3657,"iop":-8.5325}