{"code":"300565","atr10":1.566,"close":27.61,"close_count":60,"l_pvalue":0.0,"l_slop":56.5925957057,"l_stderror":3.3676953743,"ma120":22.8788333333,"ma250":null,"ma42":21.9414285714,"max10":27.61,"min10":22.4,"name":"科信技术","stat_date":"2017-06-30","mc":44.176,"cmc":11.044,"pe":80.2113,"pe_lyr":71.4546,"pb":6.1812,"ps":6.7131,"pcf":122.6562,"iop":24.0253}