{"code":"300548","atr10":3.64,"close":60.88,"close_count":60,"l_pvalue":0.0000000823,"l_slop":49.3085505615,"l_stderror":5.8781382992,"ma120":50.88925,"ma250":null,"ma42":49.5126190476,"max10":60.88,"min10":48.29,"name":"博创科技","stat_date":"2017-06-30","mc":50.3295,"cmc":12.5839,"pe":64.5922,"pe_lyr":74.1165,"pb":8.6735,"ps":14.3623,"pcf":-262.919,"iop":53.3937}