{"code":"300577","atr10":1.369,"close":51.79,"close_count":60,"l_pvalue":0.0000001324,"l_slop":9.2865031159,"l_stderror":1.1426143373,"ma120":51.31175,"ma250":null,"ma42":49.6119047619,"max10":51.79,"min10":48.8,"name":"开润股份","stat_date":"2017-06-30","mc":62.543,"cmc":15.5401,"pe":56.7831,"pe_lyr":74.4519,"pb":10.7362,"ps":6.7048,"pcf":37.4597,"iop":189.1189}