{"code":"300534","atr10":0.391,"close":14.95,"close_count":60,"l_pvalue":0.0043236994,"l_slop":-17.0029952376,"l_stderror":5.2502162761,"ma120":18.4996666667,"ma250":18.42244,"ma42":15.7345238095,"max10":15.41,"min10":14.82,"name":"陇神戎发","stat_date":"2017-06-30","mc":45.3501,"cmc":28.1521,"pe":124.1078,"pe_lyr":95.9742,"pb":6.3964,"ps":16.3912,"pcf":-192.602,"iop":-67.1547}