{"code":"300558","atr10":1.076,"close":54.55,"close_count":60,"l_pvalue":0.0000005843,"l_slop":12.1887147451,"l_stderror":1.6599437204,"ma120":56.0075833333,"ma250":null,"ma42":54.1045238095,"max10":56.1,"min10":54.1,"name":"贝达药业","stat_date":"2017-06-30","mc":218.7455,"cmc":21.9941,"pe":74.5277,"pe_lyr":59.3134,"pb":10.9868,"ps":21.5593,"pcf":132.327,"iop":-35.5554}