{"code":"300587","atr10":0.667,"close":25.37,"close_count":60,"l_pvalue":0.0,"l_slop":22.9286627022,"l_stderror":1.7011286126,"ma120":27.1498333333,"ma250":null,"ma42":24.895952381,"max10":26.32,"min10":25.02,"name":"天铁股份","stat_date":"2017-06-30","mc":26.3848,"cmc":6.5962,"pe":42.9197,"pe_lyr":37.4105,"pb":3.2895,"ps":9.8617,"pcf":30.5018,"iop":-3.1471}