{"code":"300538","atr10":1.398,"close":42.45,"close_count":60,"l_pvalue":0.0000000017,"l_slop":23.3611799338,"l_stderror":2.1757408273,"ma120":46.1314166667,"ma250":63.56408,"ma42":41.5238095238,"max10":43.62,"min10":41.8,"name":"同益股份","stat_date":"2017-06-30","mc":23.9744,"cmc":5.943,"pe":127.5572,"pe_lyr":85.8913,"pb":6.2169,"ps":2.6833,"pcf":23.1448,"iop":-85.2848}