{"code":"300525","atr10":2.579,"close":52.84,"close_count":60,"l_pvalue":4.778278157e-18,"l_slop":64.7697749923,"l_stderror":2.0102137105,"ma120":47.8145833333,"ma250":70.7744,"ma42":43.570952381,"max10":53.7,"min10":45.77,"name":"博思软件","stat_date":"2017-06-30","mc":38.0617,"cmc":22.266,"pe":99.1926,"pe_lyr":99.3736,"pb":6.8353,"ps":19.4797,"pcf":22.7428,"iop":241.544}