{"code":"300521","atr10":1.476,"close":39.63,"close_count":60,"l_pvalue":0.0,"l_slop":43.5960664685,"l_stderror":3.0666705542,"ma120":44.81225,"ma250":54.28408,"ma42":37.2016666667,"max10":40.81,"min10":38.79,"name":"爱司凯","stat_date":"2017-06-30","mc":31.704,"cmc":20.8858,"pe":63.462,"pe_lyr":67.9253,"pb":6.5411,"ps":16.5562,"pcf":-20.2606,"iop":73.985}