{"code":"300599","atr10":0.416,"close":15.16,"close_count":60,"l_pvalue":0.0001093744,"l_slop":9.6256218256,"l_stderror":1.9815923886,"ma120":17.2558333333,"ma250":null,"ma42":15.4680952381,"max10":16.1,"min10":15.12,"name":"雄塑科技","stat_date":"2017-06-30","mc":46.0864,"cmc":11.5216,"pe":45.8383,"pe_lyr":46.0293,"pb":4.0988,"ps":3.3435,"pcf":12.7218,"iop":-9.7417}