{"code":"300520","atr10":3.406,"close":35.99,"close_count":60,"l_pvalue":8.577425481e-19,"l_slop":255.075588397,"l_stderror":7.2219660236,"ma120":24.2566666667,"ma250":33.4164,"ma42":25.9916666667,"max10":38.65,"min10":33.85,"name":"科大国创","stat_date":"2017-06-30","mc":76.0703,"cmc":40.5435,"pe":147.004,"pe_lyr":133.6267,"pb":14.6528,"ps":11.5469,"pcf":21.0356,"iop":-30.4479}