{"code":"300585","atr10":0.827,"close":18.25,"close_count":60,"l_pvalue":0.0,"l_slop":44.2058089059,"l_stderror":2.4272176974,"ma120":20.6460833333,"ma250":null,"ma42":17.5621428571,"max10":19.76,"min10":18.14,"name":"奥联电子","stat_date":"2017-06-30","mc":29.2,"cmc":7.3,"pe":52.3019,"pe_lyr":57.1415,"pb":6.9675,"ps":7.7757,"pcf":18.5371,"iop":27.2035}