{"code":"300580","atr10":0.522,"close":21.74,"close_count":60,"l_pvalue":0.0,"l_slop":17.2636408474,"l_stderror":0.7192776668,"ma120":23.2723333333,"ma250":null,"ma42":20.684047619,"max10":21.74,"min10":21.74,"name":"贝斯特","stat_date":"2017-06-30","mc":43.48,"cmc":10.87,"pe":34.7547,"pe_lyr":37.1763,"pb":3.7069,"ps":7.4741,"pcf":575.2168,"iop":54.9532}