{"code":"300539","atr10":0.368,"close":13.3,"close_count":60,"l_pvalue":0.0000181602,"l_slop":13.7152773372,"l_stderror":2.4183520989,"ma120":15.4024166667,"ma250":18.29808,"ma42":13.5742857143,"max10":13.98,"min10":13.21,"name":"横河模具","stat_date":"2017-06-30","mc":27.797,"cmc":8.0949,"pe":70.8567,"pe_lyr":74.0524,"pb":7.6813,"ps":6.586,"pcf":15.821,"iop":-14.8124}