{"code":"300570","atr10":1.437,"close":23.74,"close_count":60,"l_pvalue":0.000000013,"l_slop":37.8428925394,"l_stderror":4.003826794,"ma120":21.1251666667,"ma250":null,"ma42":19.299047619,"max10":23.82,"min10":19.06,"name":"太辰光","stat_date":"2017-06-30","mc":54.6012,"cmc":13.6503,"pe":52.8931,"pe_lyr":53.8491,"pb":5.1368,"ps":12.2667,"pcf":161.7998,"iop":-13.5298}