{"code":"300561","atr10":1.745,"close":43.98,"close_count":60,"l_pvalue":0.0,"l_slop":46.4696218755,"l_stderror":3.480550416,"ma120":47.70175,"ma250":null,"ma42":42.7861904762,"max10":47.28,"min10":43.24,"name":"汇金科技","stat_date":"2017-06-30","mc":36.9432,"cmc":9.2358,"pe":57.7786,"pe_lyr":46.8457,"pb":5.7902,"ps":18.6332,"pcf":-119.8792,"iop":-40.4016}