{"code":"300583","atr10":1.045,"close":47.72,"close_count":60,"l_pvalue":0.0000000047,"l_slop":17.8459143396,"l_stderror":1.7716341042,"ma120":51.1210833333,"ma250":null,"ma42":47.4795238095,"max10":49.61,"min10":47.03,"name":"赛托生物","stat_date":"2017-06-30","mc":50.9013,"cmc":12.7253,"pe":66.5902,"pe_lyr":50.3093,"pb":3.1318,"ps":8.3347,"pcf":89.3268,"iop":-53.612}