{"code":"300553","atr10":1.829,"close":50.24,"close_count":60,"l_pvalue":0.0,"l_slop":34.5521591594,"l_stderror":2.3899935194,"ma120":54.3454166667,"ma250":null,"ma42":48.8576190476,"max10":52.67,"min10":49.48,"name":"集智股份","stat_date":"2017-06-30","mc":24.1152,"cmc":6.0288,"pe":96.9301,"pe_lyr":88.3715,"pb":7.7031,"ps":23.8702,"pcf":71.1173,"iop":1.752}