{"code":"300568","atr10":2.116,"close":45.2,"close_count":60,"l_pvalue":0.0000000004,"l_slop":45.4831729205,"l_stderror":3.886873329,"ma120":43.491,"ma250":null,"ma42":44.4073809524,"max10":47.99,"min10":43.65,"name":"星源材质","stat_date":"2017-06-30","mc":86.784,"cmc":21.696,"pe":65.0838,"pe_lyr":55.8368,"pb":7.0437,"ps":17.4049,"pcf":12.766,"iop":-23.272}