{"code":"300563","atr10":1.895,"close":40.25,"close_count":60,"l_pvalue":0.0000597083,"l_slop":12.8676728404,"l_stderror":2.5090283212,"ma120":37.1143333333,"ma250":null,"ma42":35.1728571429,"max10":40.25,"min10":34.75,"name":"神宇股份","stat_date":"2017-06-30","mc":32.2,"cmc":8.05,"pe":81.6867,"pe_lyr":89.4446,"pb":7.4652,"ps":9.8854,"pcf":65.5239,"iop":40.4988}