{"code":"300560","atr10":1.996,"close":53.18,"close_count":60,"l_pvalue":0.0000001018,"l_slop":-15.9149189802,"l_stderror":1.9241659697,"ma120":50.77225,"ma250":null,"ma42":57.5621428571,"max10":58.0,"min10":53.18,"name":"中富通","stat_date":"2017-06-30","mc":55.9347,"cmc":13.9837,"pe":136.216,"pe_lyr":146.6051,"pb":12.1048,"ps":15.7433,"pcf":179.299,"iop":4.9536}