{"code":"300515","atr10":0.558,"close":15.73,"close_count":60,"l_pvalue":0.0000000317,"l_slop":30.5475940761,"l_stderror":3.421881411,"ma120":17.4643333333,"ma250":22.5428,"ma42":15.6997619048,"max10":17.03,"min10":15.26,"name":"三德科技","stat_date":"2017-06-30","mc":31.46,"cmc":14.3469,"pe":97.6004,"pe_lyr":90.4388,"pb":7.1389,"ps":15.2784,"pcf":-17.611,"iop":24.5861}