{"code":"300519","atr10":0.569,"close":23.87,"close_count":60,"l_pvalue":0.0000061038,"l_slop":10.5093209166,"l_stderror":1.6997573832,"ma120":28.348,"ma250":36.4414,"ma42":24.5988095238,"max10":25.41,"min10":23.64,"name":"新光药业","stat_date":"2017-06-30","mc":38.192,"cmc":23.5836,"pe":33.7089,"pe_lyr":32.1052,"pb":6.2464,"ps":12.3175,"pcf":-35.9252,"iop":7.1714}