{"code":"300505","atr10":1.904,"close":43.67,"close_count":60,"l_pvalue":3.996106806e-16,"l_slop":37.1327001855,"l_stderror":1.4623766843,"ma120":39.4726666667,"ma250":56.08096,"ma42":37.9211904762,"max10":43.67,"min10":38.37,"name":"川金诺","stat_date":"2017-06-30","mc":40.7703,"cmc":16.5662,"pe":64.87,"pe_lyr":70.188,"pb":6.4404,"ps":5.575,"pcf":-496.6413,"iop":29.181}