{"code":"300567","atr10":4.59,"close":101.88,"close_count":60,"l_pvalue":7.596892846e-16,"l_slop":99.7185019402,"l_stderror":4.0662010209,"ma120":86.32225,"ma250":null,"ma42":87.9761904762,"max10":104.8,"min10":97.31,"name":"精测电子","stat_date":"2017-06-30","mc":83.4469,"cmc":20.376,"pe":68.6267,"pe_lyr":84.5595,"pb":10.2096,"ps":13.6717,"pcf":29.3245,"iop":58.5307}