{"code":"300528","atr10":0.338,"close":16.32,"close_count":60,"l_pvalue":0.0005492148,"l_slop":17.0779293089,"l_stderror":4.1193354492,"ma120":16.9650833333,"ma250":22.9264,"ma42":16.0635714286,"max10":16.6,"min10":15.9,"name":"幸福蓝海","stat_date":"2017-06-30","mc":60.8096,"cmc":24.7804,"pe":54.5108,"pe_lyr":54.0534,"pb":3.2357,"ps":3.8352,"pcf":41.157,"iop":-5.8867}