{"code":"300571","atr10":2.994,"close":68.61,"close_count":60,"l_pvalue":0.0,"l_slop":59.2181102679,"l_stderror":3.5302754419,"ma120":69.762,"ma250":null,"ma42":66.785,"max10":75.42,"min10":68.61,"name":"平治信息","stat_date":"2017-06-30","mc":54.888,"cmc":13.722,"pe":74.3847,"pe_lyr":113.344,"pb":18.8818,"ps":7.5271,"pcf":59.2084,"iop":92.6448}