{"code":"300526","atr10":1.595,"close":25.68,"close_count":60,"l_pvalue":0.0,"l_slop":78.5777704496,"l_stderror":4.3620304363,"ma120":32.8704166667,"ma250":null,"ma42":24.5066666667,"max10":29.12,"min10":25.27,"name":"中潜股份","stat_date":"2017-06-30","mc":43.6084,"cmc":15.3604,"pe":107.9026,"pe_lyr":122.2462,"pb":8.6656,"ps":11.5074,"pcf":363.4501,"iop":32.0264}