{"code":"300579","atr10":2.633,"close":59.35,"close_count":60,"l_pvalue":0.000000093,"l_slop":26.4230467917,"l_stderror":3.1756294428,"ma120":50.2665833333,"ma250":null,"ma42":50.6107142857,"max10":59.35,"min10":49.56,"name":"数字认证","stat_date":"2017-06-30","mc":47.48,"cmc":11.87,"pe":60.4043,"pe_lyr":79.1851,"pb":9.6125,"ps":10.0803,"pcf":37.2054,"iop":67.5414}