{"code":"300509","atr10":0.817,"close":32.85,"close_count":60,"l_pvalue":0.0000497051,"l_slop":13.459023979,"l_stderror":2.5826833674,"ma120":36.0805833333,"ma250":48.44864,"ma42":33.0638095238,"max10":34.27,"min10":32.6,"name":"新美星","stat_date":"2017-06-30","mc":26.28,"cmc":8.6395,"pe":48.3552,"pe_lyr":44.1001,"pb":4.6539,"ps":5.749,"pcf":-23.784,"iop":24.3132}