{"code":"300533","atr10":1.638,"close":76.25,"close_count":60,"l_pvalue":0.0000108598,"l_slop":12.9844837834,"l_stderror":2.1967927686,"ma120":83.4051666667,"ma250":106.07088,"ma42":77.1242857143,"max10":79.89,"min10":76.17,"name":"冰川网络","stat_date":"2017-06-30","mc":76.25,"cmc":22.634,"pe":65.0336,"pe_lyr":49.0467,"pb":5.1903,"ps":22.088,"pcf":250.8954,"iop":-38.3673}