{"code":"300596","atr10":0.367,"close":21.22,"close_count":60,"l_pvalue":0.000001419,"l_slop":-8.6617672941,"l_stderror":1.2564989013,"ma120":22.5435833333,"ma250":null,"ma42":21.9626190476,"max10":21.8,"min10":21.15,"name":"利安隆","stat_date":"2017-06-30","mc":38.196,"cmc":9.549,"pe":38.4926,"pe_lyr":42.1694,"pb":4.6289,"ps":3.8633,"pcf":19.5085,"iop":16.323}