{"code":"300551","atr10":1.48,"close":34.53,"close_count":60,"l_pvalue":0.0,"l_slop":36.9163409311,"l_stderror":1.8271500564,"ma120":36.8836666667,"ma250":null,"ma42":33.0630952381,"max10":36.8,"min10":33.99,"name":"古鳌科技","stat_date":"2017-06-30","mc":25.3312,"cmc":6.3397,"pe":152.6239,"pe_lyr":66.6349,"pb":5.0382,"ps":11.2189,"pcf":34.4488,"iop":-71.1871}