{"code":"300506","atr10":0.95,"close":27.54,"close_count":60,"l_pvalue":0.0,"l_slop":27.4300622285,"l_stderror":1.8586484799,"ma120":26.9365833333,"ma250":36.34096,"ma42":26.3845238095,"max10":27.91,"min10":26.79,"name":"名家汇","stat_date":"2017-06-30","mc":82.62,"cmc":36.3201,"pe":57.6126,"pe_lyr":82.1749,"pb":13.8157,"ps":15.402,"pcf":-259.2474,"iop":251.8982}