{"code":"300572","atr10":1.606,"close":52.77,"close_count":60,"l_pvalue":0.0,"l_slop":32.4422649406,"l_stderror":2.3272682138,"ma120":47.40425,"ma250":null,"ma42":50.2045238095,"max10":54.37,"min10":51.38,"name":"安车检测","stat_date":"2017-06-30","mc":35.4899,"cmc":8.7968,"pe":56.5551,"pe_lyr":72.3785,"pb":6.7057,"ps":9.8763,"pcf":119.7159,"iop":106.0414}