{"code":"300586","atr10":0.766,"close":27.85,"close_count":60,"l_pvalue":0.0,"l_slop":23.9766063153,"l_stderror":1.7706064778,"ma120":28.6686666667,"ma250":null,"ma42":26.7478571429,"max10":28.18,"min10":27.27,"name":"美联新材","stat_date":"2017-06-30","mc":26.736,"cmc":6.684,"pe":54.4746,"pe_lyr":56.5044,"pb":4.7696,"ps":6.3631,"pcf":-4027.1777,"iop":12.7046}