{"code":"300623","atr10":4.429,"close":78.05,"close_count":60,"l_pvalue":1.905763938e-18,"l_slop":60.7149268691,"l_stderror":1.7939327251,"ma120":69.0144166667,"ma250":null,"ma42":69.3128571429,"max10":80.62,"min10":70.74,"name":"捷捷微电","stat_date":"2017-06-30","mc":73.0548,"cmc":18.4198,"pe":52.0302,"pe_lyr":62.7476,"pb":6.3571,"ps":18.7967,"pcf":25.6586,"iop":39.317}