{"code":"300647","atr10":1.101,"close":25.96,"close_count":60,"l_pvalue":0.0,"l_slop":54.2899127715,"l_stderror":3.4494053827,"ma120":null,"ma250":null,"ma42":22.2954761905,"max10":26.0,"min10":23.2,"name":"超频三","stat_date":"2017-06-30","mc":31.152,"cmc":7.788,"pe":61.8943,"pe_lyr":58.9887,"pb":6.1341,"ps":9.0768,"pcf":18.5262,"iop":-18.6036}