{"code":"300642","atr10":3.427,"close":89.4,"close_count":60,"l_pvalue":0.0,"l_slop":42.4027227435,"l_stderror":2.6803755543,"ma120":null,"ma250":null,"ma42":85.5504761905,"max10":94.75,"min10":87.31,"name":"透景生命","stat_date":"2017-06-30","mc":53.64,"cmc":13.41,"pe":50.745,"pe_lyr":54.866,"pb":6.5721,"ps":20.9261,"pcf":10.8919,"iop":29.9029}