{"code":"300681","atr10":5.594,"close":78.94,"close_count":47,"l_pvalue":1.853978309e-18,"l_slop":207.697776285,"l_stderror":6.1277761045,"ma120":null,"ma250":null,"ma42":57.4085714286,"max10":81.25,"min10":72.1,"name":"英搏尔","stat_date":"2017-06-30","mc":59.6786,"cmc":14.9197,"pe":74.8219,"pe_lyr":91.2864,"pb":9.9974,"ps":13.2005,"pcf":3537.3679,"iop":148.6367}