{"code":"300617","atr10":1.831,"close":60.11,"close_count":60,"l_pvalue":0.0000000004,"l_slop":19.5638854454,"l_stderror":1.6775235779,"ma120":67.5944166667,"ma250":null,"ma42":61.1588095238,"max10":64.81,"min10":59.99,"name":"安靠智电","stat_date":"2017-06-30","mc":40.0753,"cmc":10.0203,"pe":54.599,"pe_lyr":55.2127,"pb":5.1901,"ps":12.3326,"pcf":104.5738,"iop":-30.4259}