{"code":"300651","atr10":1.101,"close":32.82,"close_count":60,"l_pvalue":0.0,"l_slop":32.7598556111,"l_stderror":1.5394195141,"ma120":null,"ma250":null,"ma42":30.375952381,"max10":33.89,"min10":31.53,"name":"金陵体育","stat_date":"2017-06-30","mc":24.8557,"cmc":6.2139,"pe":57.8747,"pe_lyr":53.6714,"pb":4.2761,"ps":8.0397,"pcf":13.3431,"iop":-32.5551}