{"code":"300639","atr10":2.392,"close":47.25,"close_count":60,"l_pvalue":2.753874607e-17,"l_slop":77.9625700641,"l_stderror":2.6580208188,"ma120":null,"ma250":null,"ma42":42.200952381,"max10":51.79,"min10":46.34,"name":"凯普生物","stat_date":"2017-06-30","mc":43.0055,"cmc":10.6072,"pe":53.615,"pe_lyr":56.5159,"pb":4.6639,"ps":9.9866,"pcf":69.622,"iop":34.316}