{"code":"300631","atr10":2.852,"close":33.96,"close_count":60,"l_pvalue":0.0000000008,"l_slop":115.40851958,"l_stderror":10.2635500327,"ma120":27.00275,"ma250":null,"ma42":25.5257142857,"max10":37.55,"min10":26.08,"name":"久吾高科","stat_date":"2017-06-30","mc":34.8511,"cmc":8.7481,"pe":76.4851,"pe_lyr":80.9274,"pb":6.5604,"ps":12.4301,"pcf":-151.5019,"iop":443.9946}