{"code":"300619","atr10":2.98,"close":56.76,"close_count":60,"l_pvalue":0.0,"l_slop":100.314404108,"l_stderror":4.5255116936,"ma120":45.8104166667,"ma250":null,"ma42":46.1102380952,"max10":56.76,"min10":50.05,"name":"金银河","stat_date":"2017-06-30","mc":42.3884,"cmc":10.6028,"pe":88.5691,"pe_lyr":98.3085,"pb":11.1335,"ps":12.7898,"pcf":25.1538,"iop":-32.2583}