{"code":"300677","atr10":2.462,"close":44.17,"close_count":49,"l_pvalue":5.795303425e-19,"l_slop":49.4470883483,"l_stderror":1.3710013597,"ma120":null,"ma250":null,"ma42":41.4761904762,"max10":47.38,"min10":43.78,"name":"英科医疗","stat_date":"2017-06-30","mc":42.9506,"cmc":10.7377,"pe":44.0957,"pe_lyr":49.7906,"pb":4.2882,"ps":2.861,"pcf":110.8009,"iop":null}