{"code":"300668","atr10":3.306,"close":74.18,"close_count":60,"l_pvalue":0.0,"l_slop":57.9332266758,"l_stderror":2.4057030295,"ma120":null,"ma250":null,"ma42":69.9702380952,"max10":79.99,"min10":73.37,"name":"杰恩设计","stat_date":"2017-06-30","mc":31.2743,"cmc":7.8482,"pe":63.1033,"pe_lyr":76.6036,"pb":8.9894,"ps":14.2187,"pcf":17.9,"iop":133.6166}