{"code":"300620","atr10":3.012,"close":44.36,"close_count":60,"l_pvalue":2.013183138e-20,"l_slop":77.5381725216,"l_stderror":1.7976931766,"ma120":36.7431666667,"ma250":null,"ma42":36.3338095238,"max10":44.36,"min10":39.6,"name":"光库科技","stat_date":"2017-06-30","mc":39.0368,"cmc":9.7592,"pe":72.3713,"pe_lyr":78.7605,"pb":8.8288,"ps":20.249,"pcf":176.7358,"iop":25.9276}