{"code":"300648","atr10":3.48,"close":71.9,"close_count":60,"l_pvalue":0.0,"l_slop":58.2703521472,"l_stderror":3.4320966251,"ma120":null,"ma250":null,"ma42":65.5566666667,"max10":74.25,"min10":66.39,"name":"星云股份","stat_date":"2017-06-30","mc":48.6763,"cmc":12.223,"pe":84.1809,"pe_lyr":95.8712,"pb":10.2575,"ps":19.031,"pcf":71.7783,"iop":68.9454}