{"code":"300622","atr10":0.771,"close":28.7,"close_count":60,"l_pvalue":0.0000173413,"l_slop":14.3389158587,"l_stderror":2.5188335669,"ma120":30.8429166667,"ma250":null,"ma42":28.2438095238,"max10":29.16,"min10":28.52,"name":"博士眼镜","stat_date":"2017-06-30","mc":24.6246,"cmc":6.1562,"pe":58.045,"pe_lyr":65.1708,"pb":5.8304,"ps":5.5923,"pcf":20.3636,"iop":5.1303}