{"code":"300606","atr10":1.008,"close":30.16,"close_count":60,"l_pvalue":0.0000000482,"l_slop":21.6163467254,"l_stderror":2.4882314861,"ma120":32.0393333333,"ma250":null,"ma42":29.9757142857,"max10":31.54,"min10":29.82,"name":"金太阳","stat_date":"2017-06-30","mc":26.9027,"cmc":6.7257,"pe":55.6047,"pe_lyr":66.9084,"pb":6.2918,"ps":11.141,"pcf":54.4079,"iop":2.4861}