{"code":"300616","atr10":3.447,"close":147.08,"close_count":60,"l_pvalue":1.619600957e-21,"l_slop":47.7981530615,"l_stderror":0.9694284846,"ma120":133.920083333,"ma250":null,"ma42":135.489285714,"max10":150.19,"min10":142.0,"name":"尚品宅配","stat_date":"2017-06-30","mc":162.3616,"cmc":39.7116,"pe":55.5309,"pe_lyr":63.544,"pb":6.6498,"ps":3.5879,"pcf":48.5002,"iop":19.8452}