{"code":"300607","atr10":2.576,"close":60.8,"close_count":60,"l_pvalue":5.997056829e-19,"l_slop":43.2063670805,"l_stderror":1.2001568742,"ma120":54.7398333333,"ma250":null,"ma42":56.7195238095,"max10":63.5,"min10":58.7,"name":"拓斯达","stat_date":"2017-06-30","mc":79.3088,"cmc":19.8305,"pe":77.5254,"pe_lyr":102.2362,"pb":11.8887,"ps":13.3066,"pcf":676.1881,"iop":114.3459}