{"code":"300659","atr10":2.331,"close":39.09,"close_count":60,"l_pvalue":0.0000000767,"l_slop":61.3513884963,"l_stderror":7.2799620017,"ma120":null,"ma250":null,"ma42":36.0771428571,"max10":41.85,"min10":37.35,"name":"中孚信息","stat_date":"2017-06-30","mc":32.3567,"cmc":7.9744,"pe":64.2735,"pe_lyr":66.9164,"pb":8.4628,"ps":14.5599,"pcf":14.6893,"iop":72.8855}