{"code":"300671","atr10":2.975,"close":35.6,"close_count":60,"l_pvalue":3.581041646e-18,"l_slop":113.958621743,"l_stderror":3.4826611586,"ma120":null,"ma250":null,"ma42":30.6638095238,"max10":38.95,"min10":33.05,"name":"富满电子","stat_date":"2017-06-30","mc":36.0806,"cmc":9.0246,"pe":77.3227,"pe_lyr":93.8073,"pb":7.7822,"ps":9.5514,"pcf":14.1416,"iop":10.4907}