{"code":"300600","atr10":2.072,"close":56.06,"close_count":60,"l_pvalue":0.0000000003,"l_slop":24.0665320242,"l_stderror":2.0054568623,"ma120":54.189,"ma250":null,"ma42":50.1811904762,"max10":56.06,"min10":51.18,"name":"瑞特股份","stat_date":"2017-06-30","mc":56.06,"cmc":14.015,"pe":50.2901,"pe_lyr":55.1189,"pb":6.6939,"ps":13.2981,"pcf":35.4288,"iop":10.446}