{"code":"300636","atr10":0.862,"close":34.33,"close_count":60,"l_pvalue":0.0000000001,"l_slop":14.3633446255,"l_stderror":1.156527793,"ma120":35.44375,"ma250":null,"ma42":33.5554761905,"max10":35.6,"min10":33.85,"name":"同和药业","stat_date":"2017-06-30","mc":27.9096,"cmc":6.866,"pe":43.6324,"pe_lyr":48.1231,"pb":4.4716,"ps":9.8974,"pcf":99.4148,"iop":67.856}