{"code":"300610","atr10":0.854,"close":20.99,"close_count":60,"l_pvalue":0.0,"l_slop":25.7652228945,"l_stderror":1.1865831527,"ma120":21.3130833333,"ma250":null,"ma42":18.9933333333,"max10":21.52,"min10":19.38,"name":"晨化股份","stat_date":"2017-06-30","mc":31.485,"cmc":7.8712,"pe":48.6486,"pe_lyr":56.7168,"pb":4.9128,"ps":4.8678,"pcf":38.3405,"iop":53.4845}