{"code":"300649","atr10":4.495,"close":47.0,"close_count":60,"l_pvalue":0.0,"l_slop":194.679665538,"l_stderror":9.8171742427,"ma120":null,"ma250":null,"ma42":38.2314285714,"max10":54.23,"min10":45.6,"name":"杭州园林","stat_date":"2017-06-30","mc":60.16,"cmc":15.04,"pe":216.6822,"pe_lyr":238.3156,"pb":21.1576,"ps":46.3364,"pcf":1392.2502,"iop":22.8463}