{"code":"300628","atr10":7.507,"close":300.5,"close_count":60,"l_pvalue":0.0000000003,"l_slop":44.4305488633,"l_stderror":3.7244031874,"ma120":298.860833333,"ma250":null,"ma42":288.030952381,"max10":313.66,"min10":295.78,"name":"亿联网络","stat_date":"2017-06-30","mc":224.3834,"cmc":56.1033,"pe":40.6974,"pe_lyr":51.9017,"pb":8.7362,"ps":19.0828,"pcf":193.6024,"iop":44.8294}