{"code":"300652","atr10":0.853,"close":30.66,"close_count":60,"l_pvalue":0.0,"l_slop":19.5721104916,"l_stderror":1.4452839168,"ma120":null,"ma250":null,"ma42":29.8983333333,"max10":31.9,"min10":30.26,"name":"雷迪克","stat_date":"2017-06-30","mc":26.9808,"cmc":6.7452,"pe":36.6291,"pe_lyr":39.7307,"pb":4.3764,"ps":6.0726,"pcf":9.496,"iop":10.6779}