{"code":"300670","atr10":1.637,"close":27.35,"close_count":60,"l_pvalue":0.000000001,"l_slop":53.2883296449,"l_stderror":4.8176108348,"ma120":null,"ma250":null,"ma42":25.4711904762,"max10":29.4,"min10":26.8,"name":"大烨智能","stat_date":"2017-06-30","mc":29.538,"cmc":7.3845,"pe":51.6878,"pe_lyr":54.3033,"pb":5.4766,"ps":9.217,"pcf":11.0287,"iop":23.293}