{"code":"300673","atr10":1.706,"close":42.68,"close_count":57,"l_pvalue":0.0,"l_slop":23.1595169965,"l_stderror":1.3535120036,"ma120":null,"ma250":null,"ma42":40.4935714286,"max10":44.66,"min10":40.53,"name":"佩蒂股份","stat_date":"2017-06-30","mc":34.144,"cmc":8.536,"pe":38.9128,"pe_lyr":42.4856,"pb":4.3463,"ps":6.0778,"pcf":55.7337,"iop":43.4537}