{"code":"300675","atr10":4.685,"close":46.63,"close_count":51,"l_pvalue":1.321919543e-21,"l_slop":232.273616645,"l_stderror":4.660452718,"ma120":null,"ma250":null,"ma42":33.735952381,"max10":51.3,"min10":45.24,"name":"建科院","stat_date":"2017-06-30","mc":68.3907,"cmc":17.0977,"pe":183.1315,"pe_lyr":216.8404,"pb":17.2697,"ps":19.6975,"pcf":465.7664,"iop":-26.0499}