{"code":"300604","atr10":3.494,"close":48.2,"close_count":60,"l_pvalue":1.539423846e-16,"l_slop":113.687399797,"l_stderror":4.2523614212,"ma120":null,"ma250":null,"ma42":38.0485714286,"max10":50.59,"min10":39.95,"name":"长川科技","stat_date":"2017-06-30","mc":36.7255,"cmc":9.1821,"pe":82.0848,"pe_lyr":88.6734,"pb":9.5941,"ps":25.4676,"pcf":30.7364,"iop":105.4578}