{"code":"300650","atr10":1.107,"close":35.78,"close_count":60,"l_pvalue":0.0000000073,"l_slop":25.7976567281,"l_stderror":2.6323482967,"ma120":null,"ma250":null,"ma42":34.3773809524,"max10":36.84,"min10":35.2,"name":"太龙照明","stat_date":"2017-06-30","mc":22.5944,"cmc":5.6486,"pe":51.8045,"pe_lyr":54.3473,"pb":5.2485,"ps":7.6637,"pcf":13.4161,"iop":19.1866}