{"code":"300663","atr10":1.527,"close":26.88,"close_count":60,"l_pvalue":0.0000000051,"l_slop":63.5406895889,"l_stderror":6.3447453755,"ma120":null,"ma250":null,"ma42":24.8452380952,"max10":29.05,"min10":26.31,"name":"科蓝软件","stat_date":"2017-06-30","mc":35.3275,"cmc":8.8328,"pe":77.6417,"pe_lyr":82.5919,"pb":5.8224,"ps":5.328,"pcf":16.6976,"iop":-220.5564}