{"code":"300680","atr10":1.434,"close":34.28,"close_count":47,"l_pvalue":0.0000001057,"l_slop":70.5328949323,"l_stderror":8.5491270505,"ma120":null,"ma250":null,"ma42":33.2392857143,"max10":37.22,"min10":33.85,"name":"隆盛科技","stat_date":"2017-06-30","mc":23.3104,"cmc":5.8276,"pe":73.1116,"pe_lyr":71.6936,"pb":6.9501,"ps":12.4647,"pcf":487.6786,"iop":-23.1984}