{"code":"300637","atr10":0.668,"close":22.24,"close_count":60,"l_pvalue":1.292133629e-17,"l_slop":37.264285524,"l_stderror":1.2198860563,"ma120":null,"ma250":null,"ma42":21.3254761905,"max10":23.08,"min10":21.9,"name":"扬帆新材","stat_date":"2017-06-30","mc":26.688,"cmc":6.672,"pe":48.308,"pe_lyr":44.2853,"pb":5.5952,"ps":6.9253,"pcf":16.1524,"iop":-36.7132}