{"code":"300625","atr10":0.637,"close":29.16,"close_count":60,"l_pvalue":0.0000367438,"l_slop":12.5794434262,"l_stderror":2.3520805006,"ma120":32.4669166667,"ma250":null,"ma42":29.275952381,"max10":30.4,"min10":28.86,"name":"三雄极光","stat_date":"2017-06-30","mc":81.648,"cmc":20.412,"pe":30.3024,"pe_lyr":33.1158,"pb":3.9019,"ps":3.8749,"pcf":31.2197,"iop":45.5642}