{"code":"300608","atr10":1.81,"close":37.24,"close_count":60,"l_pvalue":0.0,"l_slop":47.0125006371,"l_stderror":2.9133549805,"ma120":33.7703333333,"ma250":null,"ma42":32.2183333333,"max10":37.24,"min10":33.55,"name":"思特奇","stat_date":"2017-06-30","mc":32.6394,"cmc":8.1598,"pe":54.6629,"pe_lyr":58.8543,"pb":5.6466,"ps":4.9309,"pcf":20.151,"iop":6.3779}