{"code":"300656","atr10":2.474,"close":48.48,"close_count":60,"l_pvalue":0.0,"l_slop":47.3458214684,"l_stderror":2.4691744142,"ma120":null,"ma250":null,"ma42":41.8904761905,"max10":48.97,"min10":42.78,"name":"民德电子","stat_date":"2017-06-30","mc":29.088,"cmc":7.272,"pe":61.4021,"pe_lyr":62.8123,"pb":7.4009,"ps":23.2765,"pcf":18.5014,"iop":28.86}