{"code":"300660","atr10":1.466,"close":73.38,"close_count":60,"l_pvalue":0.0000001212,"l_slop":15.9161852752,"l_stderror":1.9467957162,"ma120":null,"ma250":null,"ma42":73.7178571429,"max10":76.42,"min10":72.86,"name":"江苏雷利","stat_date":"2017-06-30","mc":74.1725,"cmc":18.5431,"pe":31.761,"pe_lyr":32.1272,"pb":3.9028,"ps":4.1665,"pcf":7.6143,"iop":-2.7444}