{"code":"300665","atr10":1.17,"close":29.98,"close_count":60,"l_pvalue":0.0000000073,"l_slop":29.3155986785,"l_stderror":2.9909144442,"ma120":null,"ma250":null,"ma42":28.9914285714,"max10":31.86,"min10":29.48,"name":"飞鹿股份","stat_date":"2017-06-30","mc":22.7848,"cmc":5.6962,"pe":60.4072,"pe_lyr":62.1615,"pb":5.3624,"ps":8.4532,"pcf":13.2376,"iop":0.3132}