{"code":"300621","atr10":0.597,"close":21.03,"close_count":60,"l_pvalue":5.289184801e-16,"l_slop":27.1550280081,"l_stderror":1.0857837102,"ma120":21.9400833333,"ma250":null,"ma42":20.065,"max10":21.6,"min10":20.74,"name":"维业股份","stat_date":"2017-06-30","mc":28.6008,"cmc":7.1502,"pe":47.5,"pe_lyr":51.8788,"pb":3.8316,"ps":1.6597,"pcf":10.6024,"iop":1.3859}