{"code":"300669","atr10":0.967,"close":27.29,"close_count":60,"l_pvalue":0.000000027,"l_slop":24.2077433792,"l_stderror":2.6842013314,"ma120":null,"ma250":null,"ma42":26.335952381,"max10":28.42,"min10":26.9,"name":"沪宁股份","stat_date":"2017-06-30","mc":22.9782,"cmc":5.7445,"pe":52.4037,"pe_lyr":52.7343,"pb":5.4444,"ps":8.6976,"pcf":10.6405,"iop":-3.5156}