{"code":"300627","atr10":2.565,"close":58.72,"close_count":60,"l_pvalue":8.711321647e-21,"l_slop":47.2938173176,"l_stderror":1.0487668083,"ma120":52.7694166667,"ma250":null,"ma42":52.6597619048,"max10":59.0,"min10":53.31,"name":"华测导航","stat_date":"2017-06-30","mc":69.9942,"cmc":17.4986,"pe":60.2379,"pe_lyr":68.556,"pb":10.3896,"ps":12.16,"pcf":20.5269,"iop":240.9944}