{"code":"300645","atr10":2.038,"close":59.99,"close_count":60,"l_pvalue":1.757601056e-17,"l_slop":26.6989074184,"l_stderror":0.8885681332,"ma120":null,"ma250":null,"ma42":55.8833333333,"max10":59.99,"min10":57.99,"name":"正元智慧","stat_date":"2017-06-30","mc":39.9933,"cmc":9.9983,"pe":80.3423,"pe_lyr":87.4155,"pb":7.998,"ps":9.9857,"pcf":-1119.006,"iop":318.0559}