{"code":"300655","atr10":2.241,"close":34.0,"close_count":60,"l_pvalue":9.810403054e-17,"l_slop":75.9511846022,"l_stderror":2.7726796612,"ma120":null,"ma250":null,"ma42":29.1183333333,"max10":37.84,"min10":29.95,"name":"晶瑞股份","stat_date":"2017-06-30","mc":30.005,"cmc":7.5012,"pe":87.2107,"pe_lyr":88.516,"pb":7.0583,"ps":6.1418,"pcf":21.5053,"iop":null}