{"code":"300682","atr10":1.681,"close":23.41,"close_count":42,"l_pvalue":0.0000000056,"l_slop":159.173577389,"l_stderror":15.9821880697,"ma120":null,"ma250":null,"ma42":21.9023809524,"max10":29.4,"min10":23.4,"name":"朗新科技","stat_date":"2017-06-30","mc":94.8105,"cmc":10.5345,"pe":53.3836,"pe_lyr":77.6582,"pb":9.3762,"ps":12.8252,"pcf":157.8868,"iop":110.0925}