{"code":"300638","atr10":2.595,"close":42.28,"close_count":60,"l_pvalue":0.0,"l_slop":69.8961188949,"l_stderror":3.1155974164,"ma120":null,"ma250":null,"ma42":33.3538095238,"max10":42.28,"min10":34.74,"name":"广和通","stat_date":"2017-06-30","mc":33.824,"cmc":8.456,"pe":79.7734,"pe_lyr":83.8857,"pb":9.9825,"ps":8.5943,"pcf":152.436,"iop":30.1661}