{"code":"300615","atr10":2.744,"close":43.12,"close_count":60,"l_pvalue":0.0,"l_slop":60.2396017566,"l_stderror":3.4171740111,"ma120":36.0095,"ma250":null,"ma42":33.5919047619,"max10":43.12,"min10":34.5,"name":"欣天科技","stat_date":"2017-06-30","mc":34.496,"cmc":8.624,"pe":74.8604,"pe_lyr":60.0845,"pb":7.8153,"ps":14.4473,"pcf":19.7843,"iop":-57.6134}