{"code":"300641","atr10":0.44,"close":18.41,"close_count":60,"l_pvalue":0.0,"l_slop":15.4160484098,"l_stderror":0.8873287152,"ma120":null,"ma250":null,"ma42":17.87,"max10":18.94,"min10":18.21,"name":"正丹股份","stat_date":"2017-06-30","mc":53.0208,"cmc":13.2552,"pe":40.5606,"pe_lyr":39.4354,"pb":4.2907,"ps":4.9007,"pcf":37.7891,"iop":-28.8809}