{"code":"300672","atr10":4.911,"close":59.9,"close_count":56,"l_pvalue":1.220408256e-22,"l_slop":233.521392787,"l_stderror":4.1299663398,"ma120":null,"ma250":null,"ma42":37.1197619048,"max10":59.9,"min10":44.84,"name":"国科微","stat_date":"2017-06-30","mc":66.947,"cmc":16.7368,"pe":109.0043,"pe_lyr":130.9889,"pb":7.4688,"ps":15.9463,"pcf":31.8626,"iop":-222.7544}