{"code":"300605","atr10":2.112,"close":35.87,"close_count":60,"l_pvalue":5.473482468e-18,"l_slop":57.4612030271,"l_stderror":1.7964034699,"ma120":32.277,"ma250":null,"ma42":30.5380952381,"max10":36.6,"min10":32.45,"name":"恒锋信息","stat_date":"2017-06-30","mc":30.1308,"cmc":7.5327,"pe":76.342,"pe_lyr":80.0742,"pb":7.3474,"ps":8.7226,"pcf":25.5502,"iop":0.8596}