{"code":"300657","atr10":2.939,"close":49.56,"close_count":60,"l_pvalue":0.0,"l_slop":-3.9410805595,"l_stderror":0.2190868588,"ma120":null,"ma250":null,"ma42":48.134047619,"max10":49.56,"min10":49.56,"name":"弘信电子","stat_date":"2017-06-30","mc":51.5632,"cmc":12.8908,"pe":66.838,"pe_lyr":113.6551,"pb":8.2359,"ps":3.5208,"pcf":161.1444,"iop":57.1502}