{"code":"300626","atr10":0.886,"close":29.75,"close_count":60,"l_pvalue":4.035940948e-17,"l_slop":26.4760206501,"l_stderror":0.9214021648,"ma120":28.98425,"ma250":null,"ma42":27.6121428571,"max10":29.75,"min10":28.46,"name":"华瑞股份","stat_date":"2017-06-30","mc":29.75,"cmc":7.4375,"pe":59.5652,"pe_lyr":75.3034,"pb":6.5525,"ps":3.9304,"pcf":31.9997,"iop":102.1214}