{"code":"300613","atr10":14.251,"close":199.75,"close_count":60,"l_pvalue":6.72083641e-18,"l_slop":153.225410772,"l_stderror":4.8432447759,"ma120":167.479333333,"ma250":null,"ma42":165.564047619,"max10":219.45,"min10":194.0,"name":"富瀚微","stat_date":"2017-06-30","mc":88.7785,"cmc":22.1952,"pe":77.372,"pe_lyr":79.3794,"pb":9.9876,"ps":24.1517,"pcf":16.4412,"iop":-5.3182}