{"code":"300661","atr10":5.09,"close":74.2,"close_count":60,"l_pvalue":2.859943373e-17,"l_slop":83.8916781681,"l_stderror":2.8659800219,"ma120":null,"ma250":null,"ma42":62.3983333333,"max10":78.5,"min10":63.88,"name":"圣邦股份","stat_date":"2017-06-30","mc":44.52,"cmc":11.13,"pe":53.6984,"pe_lyr":55.172,"pb":6.3586,"ps":9.4669,"pcf":39.0026,"iop":null}