{"code":"300667","atr10":3.885,"close":47.32,"close_count":60,"l_pvalue":0.0,"l_slop":102.469502687,"l_stderror":4.3454927941,"ma120":null,"ma250":null,"ma42":39.2352380952,"max10":49.05,"min10":42.5,"name":"必创科技","stat_date":"2017-06-30","mc":32.1776,"cmc":8.0444,"pe":92.289,"pe_lyr":99.7433,"pb":9.9841,"ps":22.2415,"pcf":18.8391,"iop":-43.482}