{"code":"300601","atr10":2.185,"close":39.04,"close_count":60,"l_pvalue":0.0,"l_slop":73.3132773561,"l_stderror":3.7439336466,"ma120":29.1243333333,"ma250":null,"ma42":33.070952381,"max10":39.85,"min10":36.01,"name":"康泰生物","stat_date":"2017-06-30","mc":164.4138,"cmc":16.3968,"pe":163.3079,"pe_lyr":190.7054,"pb":15.9237,"ps":20.1474,"pcf":-264.5549,"iop":349.1656}