{"code":"300633","atr10":1.034,"close":25.39,"close_count":60,"l_pvalue":0.0,"l_slop":23.1997957199,"l_stderror":1.0742433992,"ma120":21.597,"ma250":null,"ma42":23.150952381,"max10":25.39,"min10":23.6,"name":"开立医疗","stat_date":"2017-06-30","mc":101.5625,"cmc":10.1585,"pe":59.5004,"pe_lyr":77.8692,"pb":10.7286,"ps":11.4785,"pcf":183.4959,"iop":240.6983}