{"code":"300643","atr10":1.066,"close":16.88,"close_count":60,"l_pvalue":0.0,"l_slop":54.4515834713,"l_stderror":2.671982019,"ma120":null,"ma250":null,"ma42":15.6204761905,"max10":17.85,"min10":16.61,"name":"万通智控","stat_date":"2017-06-30","mc":33.76,"cmc":8.44,"pe":79.118,"pe_lyr":86.4083,"pb":8.5222,"ps":10.1506,"pcf":36.7118,"iop":12.9987}