{"code":"300609","atr10":2.825,"close":49.99,"close_count":60,"l_pvalue":0.0,"l_slop":57.9704820552,"l_stderror":2.9292644206,"ma120":42.9045833333,"ma250":null,"ma42":47.559047619,"max10":54.7,"min10":49.52,"name":"汇纳科技","stat_date":"2017-06-30","mc":49.99,"cmc":12.4975,"pe":89.6464,"pe_lyr":103.496,"pb":11.8523,"ps":26.5122,"pcf":66.4867,"iop":71.7806}