{"code":"300602","atr10":2.564,"close":62.48,"close_count":60,"l_pvalue":0.0,"l_slop":113.508841051,"l_stderror":5.7167956392,"ma120":49.5181666667,"ma250":null,"ma42":53.255952381,"max10":64.2,"min10":60.6,"name":"飞荣达","stat_date":"2017-06-30","mc":62.48,"cmc":15.62,"pe":61.7174,"pe_lyr":53.9139,"pb":6.9433,"ps":6.5705,"pcf":19.9204,"iop":-27.9008}