{"code":"300629","atr10":3.186,"close":61.6,"close_count":60,"l_pvalue":0.0000000974,"l_slop":27.6925775752,"l_stderror":3.3382618248,"ma120":47.46425,"ma250":null,"ma42":46.1695238095,"max10":61.6,"min10":46.0,"name":"新劲刚","stat_date":"2017-06-30","mc":41.0667,"cmc":10.2667,"pe":152.891,"pe_lyr":153.1451,"pb":12.3585,"ps":16.3261,"pcf":56.4215,"iop":-17.2533}