{"code":"300676","atr10":15.872,"close":176.11,"close_count":54,"l_pvalue":2.541115381e-19,"l_slop":223.680144693,"l_stderror":5.9351126383,"ma120":null,"ma250":null,"ma42":119.588809524,"max10":182.98,"min10":163.7,"name":"华大基因","stat_date":"2017-06-30","mc":704.6161,"cmc":70.6201,"pe":188.1082,"pe_lyr":211.793,"pb":17.9506,"ps":38.4332,"pcf":341.9245,"iop":45.0572}