{"code":"300611","atr10":0.838,"close":18.55,"close_count":60,"l_pvalue":0.0000000001,"l_slop":39.0682433448,"l_stderror":2.9991298954,"ma120":21.10925,"ma250":null,"ma42":18.3711904762,"max10":20.14,"min10":18.34,"name":"美力科技","stat_date":"2017-06-30","mc":33.1953,"cmc":8.2993,"pe":58.5084,"pe_lyr":59.9721,"pb":5.1453,"ps":8.614,"pcf":32.8134,"iop":15.2313}