{"code":"300640","atr10":1.009,"close":29.37,"close_count":60,"l_pvalue":0.0000001071,"l_slop":27.1264420466,"l_stderror":3.2907854154,"ma120":null,"ma250":null,"ma42":28.3295238095,"max10":30.01,"min10":28.71,"name":"德艺文创","stat_date":"2017-06-30","mc":23.496,"cmc":5.874,"pe":48.7519,"pe_lyr":52.8408,"pb":9.2886,"ps":5.6922,"pcf":15.1841,"iop":21.1464}