{"code":"300679","atr10":3.71,"close":114.18,"close_count":43,"l_pvalue":0.0000000026,"l_slop":40.0373543447,"l_stderror":3.8308356592,"ma120":null,"ma250":null,"ma42":114.847619048,"max10":122.28,"min10":113.88,"name":"电连技术","stat_date":null,"mc":null,"cmc":null,"pe":null,"pe_lyr":null,"pb":null,"ps":null,"pcf":null,"iop":null}