{"code":"300653","atr10":1.366,"close":38.15,"close_count":60,"l_pvalue":0.0,"l_slop":51.8143088152,"l_stderror":2.2573634142,"ma120":null,"ma250":null,"ma42":34.9635714286,"max10":39.01,"min10":36.8,"name":"正海生物","stat_date":"2017-06-30","mc":30.52,"cmc":7.63,"pe":64.4726,"pe_lyr":67.121,"pb":6.8987,"ps":18.583,"pcf":24.4949,"iop":20.1917}