{"code":"300658","atr10":0.745,"close":33.32,"close_count":60,"l_pvalue":0.0000282209,"l_slop":13.8431777331,"l_stderror":2.531396043,"ma120":null,"ma250":null,"ma42":33.0223809524,"max10":34.29,"min10":33.25,"name":"延江股份","stat_date":"2017-06-30","mc":33.32,"cmc":8.33,"pe":40.3627,"pe_lyr":37.2623,"pb":4.7436,"ps":4.9131,"pcf":7.3213,"iop":-29.3984}