{"code":"300630","atr10":3.351,"close":57.0,"close_count":60,"l_pvalue":2.350231347e-21,"l_slop":158.764912142,"l_stderror":3.2842366587,"ma120":39.6878333333,"ma250":null,"ma42":45.9066666667,"max10":60.5,"min10":55.0,"name":"普利制药","stat_date":"2017-06-30","mc":69.607,"cmc":17.4018,"pe":88.7815,"pe_lyr":99.7542,"pb":10.6268,"ps":25.3144,"pcf":30.9796,"iop":49.4656}