{"code":"300666","atr10":2.861,"close":46.06,"close_count":60,"l_pvalue":0.0000000001,"l_slop":88.0383546278,"l_stderror":6.7526051076,"ma120":null,"ma250":null,"ma42":34.4235714286,"max10":47.9,"min10":34.0,"name":"江丰电子","stat_date":"2017-06-30","mc":100.7609,"cmc":25.1902,"pe":167.4041,"pe_lyr":183.3991,"pb":19.2926,"ps":19.9854,"pcf":43.4486,"iop":28.077}