{"code":"300632","atr10":1.155,"close":25.39,"close_count":60,"l_pvalue":6.026932559e-20,"l_slop":37.4526366396,"l_stderror":0.9204595274,"ma120":24.6845,"ma250":null,"ma42":23.915952381,"max10":26.89,"min10":24.8,"name":"光莆股份","stat_date":"2017-06-30","mc":29.4016,"cmc":7.3504,"pe":53.7513,"pe_lyr":68.3331,"pb":6.0069,"ps":7.3948,"pcf":37.5942,"iop":112.1315}