{"code":"300662","atr10":0.743,"close":23.38,"close_count":60,"l_pvalue":0.0000000001,"l_slop":28.1923570172,"l_stderror":2.2503379111,"ma120":null,"ma250":null,"ma42":21.4573809524,"max10":23.38,"min10":22.01,"name":"科锐国际","stat_date":"2017-06-30","mc":42.084,"cmc":10.521,"pe":63.4625,"pe_lyr":68.3749,"pb":7.2195,"ps":4.2551,"pcf":14.3464,"iop":5.8777}