{"code":"300678","atr10":8.131,"close":77.45,"close_count":44,"l_pvalue":3.385646111e-17,"l_slop":305.918759748,"l_stderror":10.5462865306,"ma120":null,"ma250":null,"ma42":null,"max10":91.07,"min10":77.45,"name":"中科信息","stat_date":"2017-06-30","mc":77.45,"cmc":19.3625,"pe":194.3023,"pe_lyr":199.8142,"pb":15.6607,"ps":31.1234,"pcf":-419.3963,"iop":-19.5912}