{"code":"300635","atr10":3.533,"close":33.09,"close_count":60,"l_pvalue":8.278837262e-17,"l_slop":226.309287634,"l_stderror":8.1864391988,"ma120":null,"ma250":null,"ma42":21.5895238095,"max10":33.09,"min10":30.07,"name":"达安股份","stat_date":"2017-06-30","mc":44.8931,"cmc":11.2233,"pe":81.084,"pe_lyr":81.5938,"pb":7.8868,"ps":10.6126,"pcf":31.6875,"iop":-4.8133}