{"code":"300618","atr10":13.379,"close":184.7,"close_count":60,"l_pvalue":1.326137405e-18,"l_slop":203.846026351,"l_stderror":5.9073966807,"ma120":104.43325,"ma250":null,"ma42":134.36452381,"max10":196.0,"min10":164.0,"name":"寒锐钴业","stat_date":"2017-06-30","mc":221.64,"cmc":55.41,"pe":120.0322,"pe_lyr":332.9179,"pb":26.7721,"ps":25.9967,"pcf":289.8953,"iop":605.3997}