{"code":"600072","atr10":0.595,"close":18.77,"close_count":60,"l_pvalue":0.7424725293,"l_slop":-0.4942508698,"l_stderror":1.482390346,"ma120":17.9946666667,"ma250":18.08428,"ma42":18.1276190476,"max10":18.77,"min10":17.98,"name":"中船科技","stat_date":"2017-06-30","mc":138.1941,"cmc":58.1811,"pe":-731.9279,"pe_lyr":-321.9094,"pb":3.7916,"ps":2.9162,"pcf":33.6244,"iop":180.8774}