{"code":"600075","atr10":0.201,"close":9.29,"close_count":60,"l_pvalue":0.8722631445,"l_slop":0.3967712953,"l_stderror":2.4346320365,"ma120":9.4193333333,"ma250":9.33808,"ma42":9.7123809524,"max10":9.84,"min10":9.12,"name":"新疆天业","stat_date":"2017-06-30","mc":90.3473,"cmc":77.3299,"pe":16.0179,"pe_lyr":18.4646,"pb":2.1805,"ps":1.8013,"pcf":-8.6595,"iop":19.0176}