{"code":"600050","atr10":0.209,"close":7.47,"close_count":60,"l_pvalue":0.0,"l_slop":-32.8099737826,"l_stderror":1.8528350822,"ma120":7.1665833333,"ma250":5.67708,"ma42":7.7483333333,"max10":7.48,"min10":7.18,"name":"中国联通","stat_date":"2017-06-30","mc":1583.3857,"cmc":1583.3857,"pe":325.796,"pe_lyr":1027.6779,"pb":2.0201,"ps":0.5819,"pcf":12.6545,"iop":110.8879}