{"code":"600062","atr10":0.34,"close":20.79,"close_count":60,"l_pvalue":0.0,"l_slop":-8.2192882943,"l_stderror":0.4351604158,"ma120":21.0164166667,"ma250":19.95964,"ma42":21.2938095238,"max10":21.46,"min10":20.79,"name":"华润双鹤","stat_date":"2017-06-30","mc":180.7409,"cmc":142.6267,"pe":22.5504,"pe_lyr":25.3064,"pb":2.5581,"ps":3.1572,"pcf":-989.6672,"iop":20.3026}