{"code":"600039","atr10":0.13,"close":4.55,"close_count":60,"l_pvalue":0.0000000006,"l_slop":17.4909077116,"l_stderror":1.5270683443,"ma120":4.4145,"ma250":4.5634,"ma42":4.5769047619,"max10":4.9,"min10":4.55,"name":"四川路桥","stat_date":"2017-06-30","mc":164.2789,"cmc":137.3978,"pe":15.4932,"pe_lyr":15.7272,"pb":1.342,"ps":0.5932,"pcf":-529.2081,"iop":-1.0354}