{"code":"600010","atr10":0.064,"close":2.72,"close_count":60,"l_pvalue":0.0131067798,"l_slop":8.6111720308,"l_stderror":3.1465326854,"ma120":2.42725,"ma250":2.2554,"ma42":2.7902380952,"max10":2.83,"min10":2.66,"name":"包钢股份","stat_date":"2017-06-30","mc":1239.9128,"cmc":599.4563,"pe":192.184,"pe_lyr":1458.1429,"pb":2.5906,"ps":3.0902,"pcf":380.3122,"iop":-37.1115}