{"code":"600096","atr10":0.382,"close":9.01,"close_count":60,"l_pvalue":0.0,"l_slop":24.9039122848,"l_stderror":1.3019420895,"ma120":7.8911666667,"ma250":8.5342,"ma42":8.3088095238,"max10":9.01,"min10":8.28,"name":"云天化","stat_date":"2017-06-30","mc":119.0563,"cmc":101.1039,"pe":-4.3678,"pe_lyr":-3.5439,"pb":3.2506,"ps":0.1795,"pcf":-37.0419,"iop":20.2537}