{"code":"600026","atr10":0.088,"close":6.39,"close_count":60,"l_pvalue":0.0,"l_slop":-12.6011171209,"l_stderror":0.7455033102,"ma120":6.48675,"ma250":6.68348,"ma42":6.6678571429,"max10":6.59,"min10":6.33,"name":"中远海能","stat_date":"2017-06-30","mc":222.159,"cmc":174.8325,"pe":27.0143,"pe_lyr":13.4016,"pb":0.9722,"ps":2.7148,"pcf":12.3384,"iop":-61.2341}