{"code":"600080","atr10":0.215,"close":11.37,"close_count":60,"l_pvalue":0.0000000096,"l_slop":7.6690922031,"l_stderror":0.7962659634,"ma120":10.4234166667,"ma250":11.37772,"ma42":11.1214285714,"max10":11.37,"min10":10.99,"name":"金花股份","stat_date":"2017-06-30","mc":34.7121,"cmc":34.7121,"pe":121.382,"pe_lyr":127.1549,"pb":3.2224,"ps":4.8034,"pcf":-70.0385,"iop":-13.897}