{"code":"600054","atr10":0.206,"close":16.86,"close_count":60,"l_pvalue":0.0,"l_slop":14.7162820458,"l_stderror":0.9450539261,"ma120":17.0408333333,"ma250":16.67536,"ma42":16.6685714286,"max10":17.31,"min10":16.86,"name":"黄山旅游","stat_date":"2017-06-30","mc":110.9684,"cmc":86.5424,"pe":34.6205,"pe_lyr":35.7832,"pb":3.1394,"ps":7.576,"pcf":-74.4187,"iop":26.9368}