{"code":"600027","atr10":0.035,"close":4.4,"close_count":60,"l_pvalue":0.0,"l_slop":-12.3229925976,"l_stderror":0.5824268833,"ma120":4.6716666667,"ma250":4.80332,"ma42":4.5333333333,"max10":4.48,"min10":4.38,"name":"华电国际","stat_date":"2017-06-30","mc":403.371,"cmc":298.5227,"pe":87.2968,"pe_lyr":12.9759,"pb":1.0908,"ps":0.6161,"pcf":-20.3774,"iop":-117.7314}