{"code":"600097","atr10":0.394,"close":17.74,"close_count":60,"l_pvalue":0.0,"l_slop":7.8278920789,"l_stderror":0.4580252551,"ma120":17.8250833333,"ma250":19.25968,"ma42":17.7171428571,"max10":18.54,"min10":17.72,"name":"开创国际","stat_date":"2017-06-30","mc":35.9409,"cmc":35.9409,"pe":36.3299,"pe_lyr":456.7815,"pb":4.523,"ps":2.1944,"pcf":107.1677,"iop":182.7812}