{"code":"600023","atr10":0.033,"close":5.35,"close_count":60,"l_pvalue":0.0005189988,"l_slop":-2.9112244539,"l_stderror":0.6980363243,"ma120":5.4345833333,"ma250":5.38888,"ma42":5.4347619048,"max10":5.45,"min10":5.35,"name":"浙能电力","stat_date":"2017-06-30","mc":727.6369,"cmc":727.6369,"pe":16.1838,"pe_lyr":11.592,"pb":1.2546,"ps":1.6551,"pcf":-69.2205,"iop":-55.0353}