{"code":"600099","atr10":0.253,"close":11.72,"close_count":60,"l_pvalue":0.0000000001,"l_slop":-12.7637339212,"l_stderror":0.9947754975,"ma120":13.1674166667,"ma250":14.08588,"ma42":12.2245238095,"max10":12.18,"min10":11.61,"name":"林海股份","stat_date":"2017-06-30","mc":25.6809,"cmc":25.6809,"pe":1322.7928,"pe_lyr":1327.8452,"pb":5.5017,"ps":5.3936,"pcf":-863.3574,"iop":600.2174}