{"code":"600009","atr10":0.924,"close":38.15,"close_count":60,"l_pvalue":0.0000011677,"l_slop":26.2835877412,"l_stderror":3.7595954929,"ma120":36.951,"ma250":31.82488,"ma42":38.1969047619,"max10":41.04,"min10":37.89,"name":"上海机场","stat_date":"2017-06-30","mc":735.1346,"cmc":417.1612,"pe":23.7535,"pe_lyr":26.2019,"pb":3.2971,"ps":9.8657,"pcf":86.348,"iop":20.4754}