{"code":"600084","atr10":0.244,"close":7.52,"close_count":60,"l_pvalue":0.0,"l_slop":0.0282557647,"l_stderror":0.0015707537,"ma120":9.1524166667,"ma250":9.5438,"ma42":6.9233333333,"max10":7.52,"min10":7.52,"name":"中葡股份","stat_date":"2017-06-30","mc":84.5043,"cmc":75.0649,"pe":696.7695,"pe_lyr":664.0692,"pb":3.5418,"ps":25.6175,"pcf":16.2582,"iop":-473.6515}