{"code":"600086","atr10":0.128,"close":10.42,"close_count":60,"l_pvalue":2.341380989e-17,"l_slop":-11.6730595225,"l_stderror":0.3945214405,"ma120":10.8095,"ma250":10.62452,"ma42":10.5957142857,"max10":10.45,"min10":10.26,"name":"东方金钰","stat_date":"2017-06-30","mc":140.67,"cmc":110.1233,"pe":55.1339,"pe_lyr":56.0851,"pb":4.4713,"ps":2.1157,"pcf":2598.0908,"iop":-6.6424}