{"code":"600083","atr10":0.688,"close":19.88,"close_count":60,"l_pvalue":2.187131962e-21,"l_slop":52.2480851166,"l_stderror":1.0766973347,"ma120":15.4356666667,"ma250":18.97832,"ma42":16.8578571429,"max10":19.88,"min10":17.49,"name":"博信股份","stat_date":"2017-06-30","mc":45.724,"cmc":45.2132,"pe":-4335.894,"pe_lyr":1517.5403,"pb":84.629,"ps":55.8055,"pcf":-658.1446,"iop":-94.1105}