{"code":"600058","atr10":0.572,"close":13.88,"close_count":60,"l_pvalue":0.0000000009,"l_slop":19.6408623968,"l_stderror":1.7578515121,"ma120":13.4425833333,"ma250":14.7426,"ma42":14.395952381,"max10":15.37,"min10":13.88,"name":"五矿发展","stat_date":"2017-06-30","mc":148.7812,"cmc":148.7812,"pe":-230.0999,"pe_lyr":513.8445,"pb":2.9623,"ps":0.2879,"pcf":1124.5552,"iop":25.9761}