{"code":"600090","atr10":0.118,"close":8.8,"close_count":60,"l_pvalue":0.0443845461,"l_slop":1.5398198331,"l_stderror":0.7152229586,"ma120":9.2075,"ma250":10.73144,"ma42":8.9159523809,"max10":9.02,"min10":8.76,"name":"同济堂","stat_date":"2017-06-30","mc":126.6903,"cmc":61.8373,"pe":23.3104,"pe_lyr":26.7967,"pb":2.2812,"ps":1.2872,"pcf":73.7276,"iop":17.0964}