{"code":"600035","atr10":0.136,"close":5.82,"close_count":60,"l_pvalue":9.1885517e-17,"l_slop":18.2880218397,"l_stderror":0.665271801,"ma120":5.6185,"ma250":5.6086,"ma42":5.7030952381,"max10":5.99,"min10":5.71,"name":"楚天高速","stat_date":"2017-06-30","mc":100.7323,"cmc":84.5866,"pe":20.2619,"pe_lyr":25.7986,"pb":1.7483,"ps":5.6374,"pcf":30.5109,"iop":53.2831}