{"code":"600022","atr10":0.079,"close":2.53,"close_count":60,"l_pvalue":0.0006343428,"l_slop":11.8649243508,"l_stderror":2.9061597255,"ma120":2.22025,"ma250":2.11644,"ma42":2.469047619,"max10":2.53,"min10":2.41,"name":"山东钢铁","stat_date":"2017-06-30","mc":276.9477,"cmc":270.4219,"pe":-855.8789,"pe_lyr":-46.1663,"pb":1.6668,"ps":0.4665,"pcf":-25.009,"iop":-38.0284}