{"code":"600017","atr10":0.061,"close":4.27,"close_count":60,"l_pvalue":0.0000000037,"l_slop":-14.0278888801,"l_stderror":1.3730039775,"ma120":4.4241666667,"ma250":4.25572,"ma42":4.5178571429,"max10":4.48,"min10":4.24,"name":"日照港","stat_date":"2017-06-30","mc":131.3304,"cmc":131.3304,"pe":54.0561,"pe_lyr":74.5166,"pb":1.2515,"ps":2.9512,"pcf":50.8359,"iop":50.0343}