{"code":"600012","atr10":0.327,"close":13.1,"close_count":60,"l_pvalue":0.1460672759,"l_slop":2.6782669637,"l_stderror":1.767069195,"ma120":13.1501666667,"ma250":13.95724,"ma42":13.2216666667,"max10":13.68,"min10":13.06,"name":"皖通高速","stat_date":"2017-06-30","mc":177.2133,"cmc":152.6936,"pe":22.2639,"pe_lyr":23.2817,"pb":2.5743,"ps":8.2075,"pcf":29.83,"iop":19.7978}