{"code":"600082","atr10":0.117,"close":6.11,"close_count":60,"l_pvalue":0.0060714698,"l_slop":7.4712689327,"l_stderror":2.4204162158,"ma120":6.4454166667,"ma250":6.92944,"ma42":6.2116666667,"max10":6.4,"min10":6.05,"name":"海泰发展","stat_date":"2017-06-30","mc":39.4777,"cmc":38.6483,"pe":-57.3368,"pe_lyr":-48.0969,"pb":2.3865,"ps":8.6314,"pcf":51.6686,"iop":84.7075}