{"code":"600061","atr10":0.226,"close":16.0,"close_count":60,"l_pvalue":0.6391221978,"l_slop":0.5336747639,"l_stderror":1.1198881947,"ma120":15.5424166667,"ma250":15.66436,"ma42":16.080952381,"max10":16.16,"min10":16.0,"name":"国投安信","stat_date":"2017-06-30","mc":591.0643,"cmc":313.9784,"pe":26.5882,"pe_lyr":23.0728,"pb":2.1789,"ps":6.8144,"pcf":-8.6582,"iop":-21.4543}