{"code":"600078","atr10":0.172,"close":6.18,"close_count":60,"l_pvalue":0.0872256532,"l_slop":-3.8181826619,"l_stderror":2.11734562,"ma120":6.3830833333,"ma250":6.82144,"ma42":6.6202380952,"max10":6.65,"min10":6.1,"name":"澄星股份","stat_date":"2017-06-30","mc":40.947,"cmc":40.947,"pe":75.7423,"pe_lyr":68.165,"pb":2.2378,"ps":1.2672,"pcf":6.1167,"iop":-30.8239}