{"code":"600071","atr10":0.565,"close":20.0,"close_count":60,"l_pvalue":0.0000000003,"l_slop":-17.9638325646,"l_stderror":1.499637386,"ma120":20.5129166667,"ma250":22.38052,"ma42":20.9630952381,"max10":21.35,"min10":19.54,"name":"凤凰光学","stat_date":"2017-06-30","mc":47.4945,"cmc":47.4945,"pe":-46.7575,"pe_lyr":-41.1576,"pb":12.7816,"ps":6.1122,"pcf":-107.8801,"iop":17.0193}