{"code":"600051","atr10":0.135,"close":9.9,"close_count":60,"l_pvalue":0.0009042108,"l_slop":3.0910484651,"l_stderror":0.7870286637,"ma120":9.85175,"ma250":11.23268,"ma42":9.8457142857,"max10":10.05,"min10":9.76,"name":"宁波联合","stat_date":"2017-06-30","mc":30.7771,"cmc":30.7771,"pe":20.306,"pe_lyr":20.7114,"pb":1.554,"ps":0.6141,"pcf":-33.3361,"iop":-23.0223}