{"code":"600066","atr10":0.965,"close":24.13,"close_count":60,"l_pvalue":0.0000006566,"l_slop":26.0164696897,"l_stderror":3.5722286749,"ma120":21.0840833333,"ma250":20.40992,"ma42":22.0135714286,"max10":24.13,"min10":21.95,"name":"宇通客车","stat_date":"2017-06-30","mc":534.2235,"cmc":459.3107,"pe":14.7841,"pe_lyr":13.2111,"pb":4.3878,"ps":1.6749,"pcf":33.3144,"iop":-44.2953}