{"code":"600085","atr10":0.368,"close":31.88,"close_count":60,"l_pvalue":2.018866004e-16,"l_slop":-10.6493246692,"l_stderror":0.4041999544,"ma120":32.2318333333,"ma250":31.67024,"ma42":32.0169047619,"max10":32.03,"min10":31.32,"name":"同仁堂","stat_date":"2017-06-30","mc":437.2247,"cmc":437.2247,"pe":45.088,"pe_lyr":46.8539,"pb":5.6705,"ps":3.4413,"pcf":41.3976,"iop":3.7191}