{"code":"600008","atr10":0.152,"close":6.3,"close_count":60,"l_pvalue":0.1908873101,"l_slop":3.8988622311,"l_stderror":2.8745210379,"ma120":6.68225,"ma250":5.4004,"ma42":6.5888095238,"max10":6.78,"min10":6.26,"name":"首创股份","stat_date":"2017-06-30","mc":303.6987,"cmc":303.6987,"pe":49.487,"pe_lyr":49.7142,"pb":3.9341,"ps":3.3679,"pcf":35.4663,"iop":78.008}