{"code":"600006","atr10":0.246,"close":6.38,"close_count":60,"l_pvalue":0.0,"l_slop":31.7528144397,"l_stderror":2.3199401157,"ma120":6.0211666667,"ma250":6.6394,"ma42":6.07,"max10":6.6,"min10":6.24,"name":"东风汽车","stat_date":"2017-06-30","mc":127.6,"cmc":127.6,"pe":97.2434,"pe_lyr":58.3036,"pb":1.9585,"ps":0.7385,"pcf":-19.906,"iop":-72.9707}