{"code":"600037","atr10":0.197,"close":14.71,"close_count":60,"l_pvalue":0.0000073848,"l_slop":9.2311937992,"l_stderror":1.5152122202,"ma120":14.5643333333,"ma250":15.15908,"ma42":14.6785714286,"max10":15.01,"min10":14.62,"name":"歌华有线","stat_date":"2017-06-30","mc":204.7305,"cmc":171.8646,"pe":29.3028,"pe_lyr":28.2308,"pb":1.6257,"ps":7.7168,"pcf":9.8995,"iop":9.3653}