{"code":"600030","atr10":0.3,"close":18.03,"close_count":60,"l_pvalue":0.0,"l_slop":19.9687883895,"l_stderror":1.0817923252,"ma120":16.64775,"ma250":16.41892,"ma42":17.5323809524,"max10":18.38,"min10":17.97,"name":"中信证券","stat_date":"2017-06-30","mc":2107.0759,"cmc":1769.5835,"pe":21.7391,"pe_lyr":21.0771,"pb":1.5665,"ps":5.6691,"pcf":-7.1798,"iop":-27.2934}