{"code":"600016","atr10":0.051,"close":8.01,"close_count":60,"l_pvalue":0.0000000042,"l_slop":-5.6396489891,"l_stderror":0.5558181458,"ma120":7.9830833333,"ma250":8.41808,"ma42":8.2019047619,"max10":8.13,"min10":8.01,"name":"民生银行","stat_date":"2017-06-30","mc":2798.8809,"cmc":2367.0967,"pe":6.0,"pe_lyr":6.1085,"pb":0.8477,"ps":1.9774,"pcf":-2.0347,"iop":-4.0482}