{"code":"600055","atr10":0.595,"close":14.64,"close_count":60,"l_pvalue":0.0,"l_slop":94.4753940091,"l_stderror":4.6414245387,"ma120":12.5688333333,"ma250":12.6678,"ma42":13.3847619048,"max10":16.11,"min10":14.38,"name":"万东医疗","stat_date":"2017-06-30","mc":79.1755,"cmc":70.9817,"pe":113.8139,"pe_lyr":110.6672,"pb":4.4871,"ps":10.3662,"pcf":47.6319,"iop":30.3025}