{"code":"600077","atr10":0.136,"close":4.46,"close_count":60,"l_pvalue":0.0000002029,"l_slop":14.8597192392,"l_stderror":1.8815648684,"ma120":4.3344166667,"ma250":5.01096,"ma42":4.5545238095,"max10":4.85,"min10":4.42,"name":"宋都股份","stat_date":"2017-06-30","mc":59.7695,"cmc":59.7695,"pe":-20.7605,"pe_lyr":-29.9635,"pb":1.6647,"ps":1.3597,"pcf":-5.1741,"iop":-89.576}