{"code":"600004","atr10":0.228,"close":13.06,"close_count":60,"l_pvalue":0.0973401194,"l_slop":-2.3726982996,"l_stderror":1.3605949265,"ma120":12.4671666667,"ma250":11.16224,"ma42":13.2702380952,"max10":13.42,"min10":12.81,"name":"白云机场","stat_date":"2017-06-30","mc":270.2533,"cmc":270.2533,"pe":18.3149,"pe_lyr":19.3889,"pb":2.0355,"ps":4.2485,"pcf":-15.1863,"iop":14.1038}