{"code":"600060","atr10":0.349,"close":15.57,"close_count":60,"l_pvalue":0.0001431589,"l_slop":9.9934676606,"l_stderror":2.1092769267,"ma120":14.6299166667,"ma250":15.90524,"ma42":14.4966666667,"max10":15.57,"min10":14.29,"name":"海信电器","stat_date":"2017-06-30","mc":203.7305,"cmc":203.7305,"pe":14.4091,"pe_lyr":11.583,"pb":1.5567,"ps":0.6345,"pcf":-5.7298,"iop":-8.7334}