{"code":"600093","atr10":0.165,"close":12.06,"close_count":60,"l_pvalue":0.0,"l_slop":-17.2267561422,"l_stderror":1.007374575,"ma120":13.01225,"ma250":13.48464,"ma42":12.7157142857,"max10":12.58,"min10":12.0,"name":"易见股份","stat_date":"2017-06-30","mc":135.3672,"cmc":38.8872,"pe":18.4335,"pe_lyr":22.4468,"pb":2.1669,"ps":0.837,"pcf":-38.5364,"iop":19.259}