{"code":"600020","atr10":0.075,"close":5.38,"close_count":60,"l_pvalue":0.0000002826,"l_slop":-10.4359340718,"l_stderror":1.3515661878,"ma120":5.1736666667,"ma250":4.84556,"ma42":5.5892857143,"max10":5.48,"min10":5.31,"name":"中原高速","stat_date":"2017-06-30","mc":120.9086,"cmc":120.9086,"pe":10.5585,"pe_lyr":16.1612,"pb":1.3261,"ps":2.2425,"pcf":-105.3541,"iop":56.233}