{"code":"600095","atr10":0.327,"close":8.3,"close_count":60,"l_pvalue":0.3479669208,"l_slop":-1.7673746153,"l_stderror":1.8365365301,"ma120":8.5995,"ma250":10.54828,"ma42":8.3247619048,"max10":8.79,"min10":8.18,"name":"哈高科","stat_date":"2017-06-30","mc":29.9849,"cmc":29.9849,"pe":240.5845,"pe_lyr":194.9949,"pb":4.2252,"ps":14.3672,"pcf":19.5136,"iop":41.5457}