{"code":"600068","atr10":0.274,"close":10.49,"close_count":60,"l_pvalue":0.8978412276,"l_slop":-0.2350499957,"l_stderror":1.8064451318,"ma120":10.9385,"ma250":10.186,"ma42":10.5528571429,"max10":11.11,"min10":10.43,"name":"葛洲坝","stat_date":"2017-06-30","mc":483.0412,"cmc":483.0412,"pe":13.0994,"pe_lyr":14.2267,"pb":2.0683,"ps":0.4345,"pcf":8.9668,"iop":81.3126}