{"code":"600089","atr10":0.165,"close":9.89,"close_count":60,"l_pvalue":0.0000001271,"l_slop":7.4269247284,"l_stderror":0.9113240959,"ma120":10.14725,"ma250":9.54532,"ma42":10.0992857143,"max10":10.36,"min10":9.89,"name":"特变电工","stat_date":"2017-06-30","mc":367.7743,"cmc":367.3455,"pe":15.7198,"pe_lyr":16.7907,"pb":1.3718,"ps":0.9145,"pcf":7.3693,"iop":26.0539}