{"code":"600029","atr10":0.158,"close":8.33,"close_count":60,"l_pvalue":0.000225913,"l_slop":13.6493622983,"l_stderror":3.0090586272,"ma120":8.3463333333,"ma250":7.79892,"ma42":8.4347619048,"max10":8.73,"min10":8.32,"name":"南方航空","stat_date":"2017-06-30","mc":729.3981,"cmc":584.9867,"pe":17.914,"pe_lyr":16.624,"pb":1.9058,"ps":0.6943,"pcf":-40.7736,"iop":427.3305}