{"code":"600053","atr10":0.576,"close":32.08,"close_count":60,"l_pvalue":0.0,"l_slop":-10.3584566435,"l_stderror":0.6090641245,"ma120":34.59275,"ma250":39.57004,"ma42":33.4192857143,"max10":33.43,"min10":31.95,"name":"九鼎投资","stat_date":"2017-06-30","mc":139.0799,"cmc":139.0799,"pe":23.4714,"pe_lyr":22.1485,"pb":8.7927,"ps":10.5624,"pcf":-134.1792,"iop":-44.357}