{"code":"600015","atr10":0.076,"close":9.27,"close_count":60,"l_pvalue":1.507581435e-18,"l_slop":-10.6216509363,"l_stderror":0.3099287757,"ma120":9.2043333333,"ma250":9.14976,"ma42":9.5021428571,"max10":9.38,"min10":9.27,"name":"华夏银行","stat_date":"2017-06-30","mc":1188.6631,"cmc":1188.6631,"pe":6.0378,"pe_lyr":6.0409,"pb":0.8565,"ps":1.7964,"pcf":-1.0056,"iop":-1.0989}