{"code":"600019","atr10":0.206,"close":7.46,"close_count":60,"l_pvalue":0.0001537236,"l_slop":-23.379064431,"l_stderror":4.9676178636,"ma120":6.9530833333,"ma250":6.3752,"ma42":7.9178571429,"max10":7.76,"min10":7.13,"name":"宝钢股份","stat_date":"2017-06-30","mc":1648.8582,"cmc":1647.8936,"pe":14.4715,"pe_lyr":18.3911,"pb":1.0889,"ps":0.6618,"pcf":392.3365,"iop":7.9498}