{"code":"600076","atr10":0.281,"close":10.4,"close_count":60,"l_pvalue":0.000000005,"l_slop":20.4883584849,"l_stderror":2.0428551623,"ma120":9.3199166667,"ma250":10.1064,"ma42":10.0573809524,"max10":10.59,"min10":10.08,"name":"康欣新材","stat_date":"2017-06-30","mc":107.5635,"cmc":78.247,"pe":25.6003,"pe_lyr":28.0205,"pb":3.4089,"ps":7.5769,"pcf":-60.0584,"iop":106.3202}