{"code":"600094","atr10":0.175,"close":7.97,"close_count":60,"l_pvalue":0.0000000002,"l_slop":25.9270108872,"l_stderror":2.1007891471,"ma120":7.7055,"ma250":8.22612,"ma42":7.6497619048,"max10":8.24,"min10":7.9,"name":"大名城","stat_date":"2017-06-30","mc":191.1791,"cmc":181.4454,"pe":24.3309,"pe_lyr":23.4791,"pb":1.8745,"ps":3.1138,"pcf":46.0048,"iop":-93.3153}