{"code":"600038","atr10":0.767,"close":42.09,"close_count":60,"l_pvalue":0.0,"l_slop":-16.3641660619,"l_stderror":0.9251546464,"ma120":44.3658333333,"ma250":45.93516,"ma42":43.9466666667,"max10":43.9,"min10":41.91,"name":"中直股份","stat_date":"2017-06-30","mc":248.1107,"cmc":248.1107,"pe":59.41,"pe_lyr":56.4965,"pb":3.599,"ps":2.0215,"pcf":35.7918,"iop":-26.6567}