{"code":"600063","atr10":0.1,"close":4.45,"close_count":60,"l_pvalue":0.00000005,"l_slop":8.9206449385,"l_stderror":1.0292874312,"ma120":4.3764166667,"ma250":4.58892,"ma42":4.5042857143,"max10":4.68,"min10":4.45,"name":"皖维高新","stat_date":"2017-06-30","mc":85.7023,"cmc":67.645,"pe":70.195,"pe_lyr":77.764,"pb":1.7438,"ps":2.1419,"pcf":12.5855,"iop":47.7224}