{"code":"600081","atr10":0.313,"close":13.06,"close_count":60,"l_pvalue":9.172771834e-17,"l_slop":27.1156175488,"l_stderror":0.9863059561,"ma120":12.7076666667,"ma250":14.07432,"ma42":12.6142857143,"max10":13.41,"min10":12.85,"name":"东风科技","stat_date":"2017-06-30","mc":40.9509,"cmc":40.9509,"pe":29.6123,"pe_lyr":35.1006,"pb":3.4267,"ps":0.7444,"pcf":48.0258,"iop":45.5002}