{"code":"600007","atr10":0.327,"close":19.18,"close_count":60,"l_pvalue":0.0000047366,"l_slop":-6.3495626454,"l_stderror":1.007215874,"ma120":19.9715,"ma250":19.53596,"ma42":19.6938095238,"max10":19.7,"min10":18.78,"name":"中国国贸","stat_date":"2017-06-30","mc":193.1968,"cmc":193.1968,"pe":31.9951,"pe_lyr":28.1488,"pb":3.1529,"ps":7.8558,"pcf":89.3946,"iop":-31.1421}