{"code":"600048","atr10":0.475,"close":10.77,"close_count":60,"l_pvalue":0.0,"l_slop":38.9573628214,"l_stderror":2.121812694,"ma120":9.9754166667,"ma250":9.5446,"ma42":10.504047619,"max10":11.65,"min10":10.57,"name":"保利地产","stat_date":"2017-06-30","mc":1277.1541,"cmc":1264.0039,"pe":9.7404,"pe_lyr":10.2818,"pb":1.3964,"ps":0.8288,"pcf":6.9405,"iop":3.3418}