{"code":"600069","atr10":0.169,"close":9.05,"close_count":60,"l_pvalue":0.000000113,"l_slop":-5.2846511359,"l_stderror":0.6433881587,"ma120":9.2789166667,"ma250":9.6448,"ma42":9.2273809524,"max10":9.3,"min10":9.04,"name":"银鸽投资","stat_date":"2017-06-30","mc":113.0438,"cmc":74.6964,"pe":-32.6965,"pe_lyr":-28.3051,"pb":5.6537,"ps":4.5493,"pcf":60.9879,"iop":114.7738}