{"code":"600011","atr10":0.065,"close":6.91,"close_count":60,"l_pvalue":8.949639258e-18,"l_slop":-11.2055638706,"l_stderror":0.3596713622,"ma120":7.2906666667,"ma250":7.15532,"ma42":7.0638095238,"max10":7.0,"min10":6.9,"name":"华能国际","stat_date":"2017-06-30","mc":919.0992,"cmc":725.55,"pe":57.6262,"pe_lyr":11.9164,"pb":1.5098,"ps":0.8673,"pcf":43.1423,"iop":-92.4247}