{"code":"600098","atr10":0.093,"close":7.35,"close_count":60,"l_pvalue":0.0011275251,"l_slop":3.7747816581,"l_stderror":0.9853657559,"ma120":7.6855833333,"ma250":8.8506,"ma42":7.47,"max10":7.58,"min10":7.33,"name":"广州发展","stat_date":"2017-06-30","mc":200.3754,"cmc":200.3754,"pe":37.8268,"pe_lyr":29.9531,"pb":1.2685,"ps":0.9251,"pcf":-89.389,"iop":-27.7406}