{"code":"600052","atr10":0.174,"close":5.15,"close_count":60,"l_pvalue":0.0000409753,"l_slop":12.1362593629,"l_stderror":2.2904189743,"ma120":5.13875,"ma250":6.06176,"ma42":4.9078571429,"max10":5.25,"min10":4.87,"name":"浙江广厦","stat_date":"2017-06-30","mc":44.8971,"cmc":44.8971,"pe":-45.2324,"pe_lyr":12.5595,"pb":2.0909,"ps":2.9925,"pcf":51.4632,"iop":-100.4067}