{"code":"600033","atr10":0.043,"close":3.89,"close_count":60,"l_pvalue":0.0000000001,"l_slop":-9.6822012528,"l_stderror":0.7365629038,"ma120":3.8570833333,"ma250":3.62064,"ma42":4.004047619,"max10":3.95,"min10":3.84,"name":"福建高速","stat_date":"2017-06-30","mc":106.7572,"cmc":106.7572,"pe":14.3827,"pe_lyr":15.9065,"pb":1.2636,"ps":4.2393,"pcf":153.8381,"iop":13.7031}