{"code":"600000","atr10":0.14,"close":12.85,"close_count":60,"l_pvalue":0.0000000283,"l_slop":3.707729573,"l_stderror":0.4122992521,"ma120":12.5213333333,"ma250":12.53256,"ma42":12.829047619,"max10":12.94,"min10":12.83,"name":"浦发银行","stat_date":"2017-06-30","mc":3771.7422,"cmc":3611.3337,"pe":6.9214,"pe_lyr":7.1032,"pb":1.0142,"ps":2.3286,"pcf":-2.9397,"iop":4.6233}