{"code":"600059","atr10":0.173,"close":9.61,"close_count":60,"l_pvalue":8.768110034e-18,"l_slop":11.6810035384,"l_stderror":0.3745201493,"ma120":9.385,"ma250":9.84224,"ma42":9.6247619048,"max10":9.93,"min10":9.61,"name":"古越龙山","stat_date":"2017-06-30","mc":77.6992,"cmc":77.6992,"pe":57.4224,"pe_lyr":63.6218,"pb":1.9883,"ps":4.9559,"pcf":82.5431,"iop":54.1536}