{"code":"600088","atr10":0.411,"close":16.1,"close_count":60,"l_pvalue":0.725374569,"l_slop":0.5349416658,"l_stderror":1.5004239607,"ma120":16.7924166667,"ma250":19.48952,"ma42":16.3985714286,"max10":16.63,"min10":15.79,"name":"中视传媒","stat_date":"2017-06-30","mc":53.3589,"cmc":53.3589,"pe":-74.3779,"pe_lyr":-42.7632,"pb":5.0416,"ps":8.6888,"pcf":27.4859,"iop":303.1304}