{"code":"600021","atr10":0.188,"close":11.31,"close_count":60,"l_pvalue":0.0000000793,"l_slop":-4.6056746151,"l_stderror":0.5476952528,"ma120":12.05875,"ma250":11.83736,"ma42":11.480952381,"max10":11.52,"min10":11.31,"name":"上海电力","stat_date":"2017-06-30","mc":242.0045,"cmc":242.0045,"pe":49.8445,"pe_lyr":26.4065,"pb":2.4032,"ps":1.4125,"pcf":-23.4378,"iop":-55.5018}