{"code":"600070","atr10":0.193,"close":10.73,"close_count":60,"l_pvalue":0.0000053104,"l_slop":-9.5113203514,"l_stderror":1.5219818364,"ma120":11.38875,"ma250":12.49332,"ma42":10.9302380952,"max10":10.92,"min10":10.62,"name":"浙江富润","stat_date":"2017-06-30","mc":56.0048,"cmc":38.2646,"pe":29.1384,"pe_lyr":55.6439,"pb":2.5366,"ps":4.2088,"pcf":60.3965,"iop":357.3026}