{"code":"600018","atr10":0.095,"close":6.75,"close_count":60,"l_pvalue":0.0,"l_slop":7.8994699019,"l_stderror":0.5550506053,"ma120":6.25875,"ma250":5.74164,"ma42":6.5307142857,"max10":6.75,"min10":6.55,"name":"上港集团","stat_date":"2017-06-30","mc":1564.223,"cmc":1535.9746,"pe":21.1532,"pe_lyr":22.5422,"pb":2.7236,"ps":4.7892,"pcf":-212.0577,"iop":51.1041}