{"code":"600028","atr10":0.061,"close":5.92,"close_count":60,"l_pvalue":0.0000000044,"l_slop":-4.2929109452,"l_stderror":0.424444082,"ma120":5.7933333333,"ma250":5.49024,"ma42":5.9002380952,"max10":5.96,"min10":5.82,"name":"中国石化","stat_date":"2017-06-30","mc":6925.9243,"cmc":5657.02,"pe":13.2099,"pe_lyr":15.4417,"pb":1.0445,"ps":0.3232,"pcf":12.8271,"iop":-22.0233}