{"code":"600079","atr10":0.182,"close":18.06,"close_count":60,"l_pvalue":0.0,"l_slop":-9.0489896548,"l_stderror":0.5470252553,"ma120":19.0795,"ma250":19.50508,"ma42":18.4080952381,"max10":18.48,"min10":18.0,"name":"人福医药","stat_date":"2017-06-30","mc":232.2605,"cmc":190.9943,"pe":29.7298,"pe_lyr":27.9024,"pb":2.678,"ps":1.7233,"pcf":-42.9005,"iop":-22.5928}