{"code":"600091","atr10":0.103,"close":6.93,"close_count":60,"l_pvalue":0.0032667967,"l_slop":-5.2577987157,"l_stderror":1.5634415363,"ma120":7.11225,"ma250":8.93928,"ma42":7.2592857143,"max10":7.3,"min10":6.91,"name":"ST明科","stat_date":"2017-06-30","mc":30.3127,"cmc":23.3213,"pe":47.1868,"pe_lyr":201.838,"pb":3.3525,"ps":68.6575,"pcf":59.731,"iop":85.6371}