{"code":"600031","atr10":0.148,"close":7.55,"close_count":60,"l_pvalue":2.40187863e-19,"l_slop":-31.9331278096,"l_stderror":0.8447701675,"ma120":7.6229166667,"ma250":7.09032,"ma42":8.0569047619,"max10":7.8,"min10":7.32,"name":"三一重工","stat_date":"2017-06-30","mc":577.0902,"cmc":573.3298,"pe":47.0858,"pe_lyr":283.6423,"pb":2.4337,"ps":1.8456,"pcf":-39.0546,"iop":443.843}