{"code":"600057","atr10":0.153,"close":10.14,"close_count":60,"l_pvalue":0.0,"l_slop":-20.6924667757,"l_stderror":1.2923780835,"ma120":10.3696666667,"ma250":10.77816,"ma42":10.7702380952,"max10":10.61,"min10":10.03,"name":"象屿股份","stat_date":"2017-06-30","mc":118.717,"cmc":111.9865,"pe":20.8051,"pe_lyr":27.839,"pb":1.7676,"ps":0.0738,"pcf":8.3857,"iop":154.7672}