{"code":"600056","atr10":0.444,"close":23.95,"close_count":60,"l_pvalue":0.0000000002,"l_slop":-18.4481532282,"l_stderror":1.4889829113,"ma120":24.4383333333,"ma250":22.28208,"ma42":24.0880952381,"max10":24.09,"min10":23.27,"name":"中国医药","stat_date":"2017-06-30","mc":255.9023,"cmc":242.4066,"pe":23.454,"pe_lyr":26.99,"pb":3.4914,"ps":0.9151,"pcf":-91.6925,"iop":29.8128}