{"code":"600064","atr10":0.192,"close":15.22,"close_count":60,"l_pvalue":0.0571433565,"l_slop":1.2919993266,"l_stderror":0.6380026039,"ma120":15.243,"ma250":16.00748,"ma42":15.5728571429,"max10":15.82,"min10":15.18,"name":"南京高科","stat_date":"2017-06-30","mc":117.5704,"cmc":117.5704,"pe":17.3802,"pe_lyr":12.6894,"pb":1.1565,"ps":4.471,"pcf":-26.2674,"iop":-24.8301}