{"code":"600074","atr10":0.565,"close":10.39,"close_count":60,"l_pvalue":0.0,"l_slop":-8.2934262633,"l_stderror":0.4610361756,"ma120":12.8575,"ma250":14.03,"ma42":12.3319047619,"max10":10.39,"min10":10.39,"name":"保千里","stat_date":"2017-06-30","mc":253.2964,"cmc":105.8028,"pe":30.4614,"pe_lyr":31.6824,"pb":5.323,"ps":5.0918,"pcf":57.7772,"iop":-7.7547}