{"code":"600073","atr10":0.145,"close":9.55,"close_count":60,"l_pvalue":0.015165672,"l_slop":2.6176027189,"l_stderror":0.980705496,"ma120":9.5320833333,"ma250":10.53308,"ma42":9.6954761905,"max10":9.84,"min10":9.51,"name":"上海梅林","stat_date":"2017-06-30","mc":89.5532,"cmc":89.5532,"pe":26.9438,"pe_lyr":34.9144,"pb":2.5578,"ps":0.4608,"pcf":17.42,"iop":38.6226}