{"code":"600036","atr10":0.456,"close":25.4,"close_count":60,"l_pvalue":0.3169234401,"l_slop":-1.5903364457,"l_stderror":1.5472283694,"ma120":23.0560833333,"ma250":20.351,"ma42":26.0811904762,"max10":26.17,"min10":25.4,"name":"招商银行","stat_date":"2017-06-30","mc":6317.208,"cmc":5239.752,"pe":9.6898,"pe_lyr":10.3185,"pb":1.5275,"ps":3.0683,"pcf":28.837,"iop":13.7257}