{"code":"600067","atr10":0.235,"close":7.5,"close_count":60,"l_pvalue":0.0000000235,"l_slop":14.6011742685,"l_stderror":1.6044686382,"ma120":7.0919166667,"ma250":7.11392,"ma42":7.6473809524,"max10":8.14,"min10":7.4,"name":"冠城大通","stat_date":"2017-06-30","mc":111.9083,"cmc":111.9083,"pe":14.0146,"pe_lyr":34.8063,"pb":1.5612,"ps":1.5023,"pcf":-5.6018,"iop":633.7625}