{"code":"600120","atr10":0.632,"close":27.91,"close_count":60,"l_pvalue":0.0,"l_slop":18.6192880804,"l_stderror":0.8647753797,"ma120":26.4295,"ma250":28.36312,"ma42":26.5180952381,"max10":27.92,"min10":26.82,"name":"浙江东方","stat_date":"2017-06-30","mc":187.7244,"cmc":141.0776,"pe":30.0061,"pe_lyr":28.3872,"pb":2.0082,"ps":3.6863,"pcf":45.7806,"iop":-47.8817}