{"code":"600183","atr10":0.543,"close":14.94,"close_count":60,"l_pvalue":4.872332752e-16,"l_slop":35.5412919951,"l_stderror":1.4148027454,"ma120":12.9586666667,"ma250":12.42592,"ma42":14.5469047619,"max10":15.82,"min10":14.62,"name":"生益科技","stat_date":"2017-06-30","mc":217.2981,"cmc":217.2981,"pe":22.3656,"pe_lyr":29.0429,"pb":4.1834,"ps":2.288,"pcf":230.1896,"iop":85.071}