{"code":"600118","atr10":0.386,"close":27.88,"close_count":60,"l_pvalue":0.0,"l_slop":8.1941029278,"l_stderror":0.4283113404,"ma120":28.0265,"ma250":30.22288,"ma42":27.604047619,"max10":28.3,"min10":27.67,"name":"中国卫星","stat_date":"2017-06-30","mc":329.678,"cmc":329.678,"pe":80.0707,"pe_lyr":82.9036,"pb":6.6831,"ps":4.8357,"pcf":214.0447,"iop":30.878}