{"code":"600195","atr10":0.357,"close":19.71,"close_count":60,"l_pvalue":0.0,"l_slop":23.6743015808,"l_stderror":1.0454455475,"ma120":19.0606666667,"ma250":20.01476,"ma42":18.9457142857,"max10":19.95,"min10":19.6,"name":"中牧股份","stat_date":"2017-06-30","mc":84.7136,"cmc":84.7136,"pe":26.8692,"pe_lyr":25.3315,"pb":2.5158,"ps":2.2691,"pcf":1084.2157,"iop":8.2568}