{"code":"600180","atr10":0.255,"close":13.1,"close_count":60,"l_pvalue":0.0105250341,"l_slop":-6.0893428703,"l_stderror":2.1459884106,"ma120":13.5524166667,"ma250":13.89424,"ma42":13.8752380952,"max10":14.0,"min10":13.01,"name":"瑞茂通","stat_date":"2017-06-30","mc":133.1585,"cmc":115.4921,"pe":20.1955,"pe_lyr":25.0801,"pb":2.7592,"ps":0.452,"pcf":15.7912,"iop":78.3622}