{"code":"600135","atr10":0.419,"close":15.31,"close_count":60,"l_pvalue":0.0000000001,"l_slop":22.24068346,"l_stderror":1.7471184186,"ma120":16.0521666667,"ma250":15.43772,"ma42":15.350952381,"max10":16.42,"min10":15.22,"name":"乐凯胶片","stat_date":"2017-06-30","mc":57.105,"cmc":56.3933,"pe":93.0914,"pe_lyr":138.7964,"pb":3.4035,"ps":3.4115,"pcf":-30.5836,"iop":87.4046}