{"code":"600161","atr10":0.77,"close":33.29,"close_count":60,"l_pvalue":0.0000000036,"l_slop":23.534126845,"l_stderror":2.2981023441,"ma120":33.67725,"ma250":30.88228,"ma42":31.940952381,"max10":33.34,"min10":31.98,"name":"天坛生物","stat_date":"2017-06-30","mc":223.0786,"cmc":223.0786,"pe":20.1446,"pe_lyr":85.2169,"pb":7.9518,"ps":10.4998,"pcf":21.939,"iop":691.6919}