{"code":"600176","atr10":0.252,"close":10.94,"close_count":60,"l_pvalue":0.0324029298,"l_slop":4.9772220659,"l_stderror":2.1563190768,"ma120":10.1635833333,"ma250":9.39628,"ma42":10.5045238095,"max10":10.94,"min10":10.54,"name":"中国巨石","stat_date":"2017-06-30","mc":319.2936,"cmc":319.2936,"pe":18.0856,"pe_lyr":20.9919,"pb":2.815,"ps":4.0896,"pcf":-41.5592,"iop":29.5384}