{"code":"600167","atr10":0.632,"close":23.88,"close_count":60,"l_pvalue":0.0000000003,"l_slop":13.3224036578,"l_stderror":1.1109511131,"ma120":22.0543333333,"ma250":20.1568,"ma42":23.4914285714,"max10":23.94,"min10":23.01,"name":"联美控股","stat_date":"2017-06-30","mc":210.155,"cmc":50.3868,"pe":25.2193,"pe_lyr":30.0684,"pb":3.1026,"ps":9.3705,"pcf":4.4751,"iop":47.0137}