{"code":"600158","atr10":0.448,"close":13.9,"close_count":60,"l_pvalue":0.0000000002,"l_slop":15.9281820231,"l_stderror":1.3057469657,"ma120":15.5588333333,"ma250":17.23408,"ma42":14.0076190476,"max10":15.08,"min10":13.9,"name":"中体产业","stat_date":"2017-06-30","mc":117.2792,"cmc":91.3919,"pe":174.0689,"pe_lyr":192.2298,"pb":7.3982,"ps":10.2068,"pcf":49.0299,"iop":9.6696}