{"code":"600113","atr10":0.371,"close":13.2,"close_count":60,"l_pvalue":0.0000000876,"l_slop":12.8819452615,"l_stderror":1.5420515336,"ma120":14.2908333333,"ma250":17.35676,"ma42":13.4926190476,"max10":14.25,"min10":13.14,"name":"浙江东日","stat_date":"2017-06-30","mc":42.0552,"cmc":42.0552,"pe":46.9523,"pe_lyr":42.3008,"pb":6.9071,"ps":12.2839,"pcf":135.0258,"iop":-8.8667}