{"code":"600169","atr10":0.066,"close":3.95,"close_count":60,"l_pvalue":0.0000002107,"l_slop":12.1487887759,"l_stderror":1.5422789976,"ma120":3.9568333333,"ma250":4.12496,"ma42":3.985952381,"max10":4.08,"min10":3.93,"name":"太原重工","stat_date":"2017-06-30","mc":101.2762,"cmc":95.7462,"pe":-7.7079,"pe_lyr":-5.2739,"pb":2.4743,"ps":1.5934,"pcf":-92.4137,"iop":110.0233}