{"code":"600107","atr10":0.386,"close":12.95,"close_count":60,"l_pvalue":0.0,"l_slop":39.1624263679,"l_stderror":2.0466891365,"ma120":12.38425,"ma250":15.60332,"ma42":12.2626190476,"max10":13.36,"min10":12.84,"name":"美尔雅","stat_date":"2017-06-30","mc":46.62,"cmc":46.62,"pe":325.6546,"pe_lyr":982.9114,"pb":8.4993,"ps":10.8415,"pcf":37.8031,"iop":115.1068}