{"code":"600126","atr10":0.192,"close":7.31,"close_count":60,"l_pvalue":0.0083790675,"l_slop":-10.0001958565,"l_stderror":3.3997934789,"ma120":7.4049166667,"ma250":8.07252,"ma42":7.7435714286,"max10":7.74,"min10":7.06,"name":"杭钢股份","stat_date":"2017-06-30","mc":189.9019,"cmc":67.7627,"pe":25.5642,"pe_lyr":26.1768,"pb":1.2564,"ps":0.8226,"pcf":-57.0221,"iop":-45.1407}