{"code":"600159","atr10":0.207,"close":5.03,"close_count":60,"l_pvalue":0.0000000336,"l_slop":9.5795548139,"l_stderror":1.0771416001,"ma120":4.9063333333,"ma250":5.17008,"ma42":4.8135714286,"max10":5.06,"min10":4.8,"name":"大龙地产","stat_date":"2017-06-30","mc":41.7492,"cmc":41.7492,"pe":-389.6829,"pe_lyr":41.3194,"pb":1.9224,"ps":5.4772,"pcf":-8.979,"iop":-106.0023}