{"code":"600184","atr10":0.468,"close":20.49,"close_count":60,"l_pvalue":0.0,"l_slop":23.163483871,"l_stderror":1.1056544382,"ma120":19.8050833333,"ma250":21.4164,"ma42":19.845952381,"max10":20.92,"min10":20.18,"name":"光电股份","stat_date":"2017-06-30","mc":104.2451,"cmc":85.8041,"pe":351.6221,"pe_lyr":352.0698,"pb":4.6465,"ps":4.7266,"pcf":-37.8725,"iop":-7.6859}