{"code":"600130","atr10":0.337,"close":6.79,"close_count":60,"l_pvalue":0.0,"l_slop":42.1482022737,"l_stderror":2.4178428604,"ma120":6.1486666667,"ma250":7.68516,"ma42":6.3045238095,"max10":7.08,"min10":6.49,"name":"波导股份","stat_date":"2017-06-30","mc":52.1472,"cmc":52.1472,"pe":-383.6233,"pe_lyr":169.2676,"pb":5.3974,"ps":2.3825,"pcf":57.3214,"iop":-1452.5894}