{"code":"600187","atr10":0.052,"close":4.51,"close_count":60,"l_pvalue":0.1863681001,"l_slop":2.0399806276,"l_stderror":1.4880033547,"ma120":5.031,"ma250":5.48472,"ma42":4.619047619,"max10":4.69,"min10":4.49,"name":"国中水务","stat_date":"2017-06-30","mc":74.5925,"cmc":65.6487,"pe":3580.79,"pe_lyr":460.7607,"pb":2.1357,"ps":18.9098,"pcf":24.4452,"iop":-9.0556}