{"code":"600171","atr10":0.626,"close":13.69,"close_count":60,"l_pvalue":0.0,"l_slop":25.7240363993,"l_stderror":1.6515100225,"ma120":11.572,"ma250":13.54084,"ma42":12.6257142857,"max10":13.92,"min10":12.36,"name":"上海贝岭","stat_date":"2017-06-30","mc":92.2443,"cmc":92.2443,"pe":64.1301,"pe_lyr":243.6852,"pb":4.692,"ps":18.2494,"pcf":2875.4321,"iop":747.1915}