{"code":"600103","atr10":0.12,"close":4.78,"close_count":60,"l_pvalue":0.0364921212,"l_slop":6.0531685039,"l_stderror":2.6902774925,"ma120":4.5905,"ma250":5.32184,"ma42":4.9526190476,"max10":5.08,"min10":4.66,"name":"青山纸业","stat_date":"2017-06-30","mc":84.7831,"cmc":50.756,"pe":80.2539,"pe_lyr":188.455,"pb":2.6028,"ps":3.5035,"pcf":26.9152,"iop":42.5677}