{"code":"600125","atr10":0.549,"close":12.25,"close_count":60,"l_pvalue":0.0129304327,"l_slop":20.2403964885,"l_stderror":7.3790024212,"ma120":10.2295,"ma250":9.37744,"ma42":12.5976190476,"max10":14.05,"min10":11.93,"name":"铁龙物流","stat_date":"2017-06-30","mc":159.9264,"cmc":159.9264,"pe":53.4785,"pe_lyr":66.2054,"pb":3.1251,"ps":1.8726,"pcf":57.702,"iop":40.2258}