{"code":"600152","atr10":0.61,"close":11.24,"close_count":60,"l_pvalue":6.923383325e-16,"l_slop":89.932660999,"l_stderror":3.6487585379,"ma120":9.8314166667,"ma250":10.53476,"ma42":10.3228571429,"max10":12.36,"min10":11.07,"name":"维科精华","stat_date":"2017-06-30","mc":49.5303,"cmc":32.9887,"pe":290.1973,"pe_lyr":-76.9088,"pb":2.456,"ps":10.2483,"pcf":-76.5817,"iop":250.7}