{"code":"600165","atr10":0.203,"close":14.37,"close_count":60,"l_pvalue":0.00000001,"l_slop":-2.5880846645,"l_stderror":0.2694587767,"ma120":14.2941666667,"ma250":13.5114,"ma42":14.315952381,"max10":14.51,"min10":14.35,"name":"新日恒力","stat_date":"2017-06-30","mc":98.4178,"cmc":98.4178,"pe":-65.317,"pe_lyr":-51.2537,"pb":12.5486,"ps":5.6058,"pcf":-552.0908,"iop":81.2964}