{"code":"600157","atr10":0.049,"close":3.62,"close_count":60,"l_pvalue":0.8906068919,"l_slop":-0.1581350893,"l_stderror":1.1344584988,"ma120":3.6729166667,"ma250":3.91356,"ma42":3.7254761905,"max10":3.76,"min10":3.61,"name":"永泰能源","stat_date":"2017-06-30","mc":449.8138,"cmc":210.9305,"pe":65.5718,"pe_lyr":67.233,"pb":1.8961,"ps":2.1349,"pcf":-18.2802,"iop":22.7478}