{"code":"600192","atr10":0.493,"close":8.73,"close_count":60,"l_pvalue":0.0,"l_slop":50.1734485215,"l_stderror":2.9611234958,"ma120":8.0440833333,"ma250":8.90208,"ma42":8.3161904762,"max10":9.35,"min10":8.56,"name":"长城电工","stat_date":"2017-06-30","mc":38.5646,"cmc":38.5646,"pe":232.2271,"pe_lyr":172.819,"pb":1.9718,"ps":2.0993,"pcf":-366.1502,"iop":-89.0837}