{"code":"600188","atr10":0.392,"close":13.17,"close_count":60,"l_pvalue":0.1092038548,"l_slop":5.2526919897,"l_stderror":3.1254539195,"ma120":12.2626666667,"ma250":11.83504,"ma42":13.2216666667,"max10":13.48,"min10":12.75,"name":"兖州煤业","stat_date":"2017-06-30","mc":520.3235,"cmc":389.8148,"pe":13.8784,"pe_lyr":31.3338,"pb":1.618,"ps":0.4095,"pcf":332.5413,"iop":2025.5114}