{"code":"600129","atr10":0.255,"close":14.75,"close_count":60,"l_pvalue":0.1099844229,"l_slop":-2.8127080167,"l_stderror":1.6775603097,"ma120":14.6918333333,"ma250":16.41156,"ma42":15.4038095238,"max10":15.55,"min10":14.75,"name":"太极集团","stat_date":"2017-06-30","mc":62.9669,"cmc":62.9669,"pe":-82.4568,"pe_lyr":7.3791,"pb":5.4886,"ps":0.7545,"pcf":-147.5026,"iop":-17.7557}