{"code":"600170","atr10":0.045,"close":3.86,"close_count":60,"l_pvalue":0.0000012466,"l_slop":3.2662194313,"l_stderror":0.4693978367,"ma120":3.819,"ma250":3.85324,"ma42":3.860952381,"max10":3.9,"min10":3.85,"name":"上海建工","stat_date":"2017-06-30","mc":343.7098,"cmc":317.2347,"pe":15.0733,"pe_lyr":16.4023,"pb":1.5179,"ps":0.2466,"pcf":3.6952,"iop":58.1896}