{"code":"600132","atr10":0.558,"close":21.87,"close_count":60,"l_pvalue":3.378585818e-16,"l_slop":-25.2952189548,"l_stderror":0.9871829219,"ma120":22.6241666667,"ma250":20.42024,"ma42":22.9978571429,"max10":22.49,"min10":21.53,"name":"重庆啤酒","stat_date":"2017-06-30","mc":105.8445,"cmc":105.8445,"pe":43.3001,"pe_lyr":58.4808,"pb":10.5366,"ps":3.3604,"pcf":-419.5587,"iop":112.3797}