{"code":"600108","atr10":0.125,"close":4.69,"close_count":60,"l_pvalue":0.0,"l_slop":25.2210204002,"l_stderror":1.1333164463,"ma120":4.5525833333,"ma250":5.09068,"ma42":4.5857142857,"max10":4.86,"min10":4.66,"name":"亚盛集团","stat_date":"2017-06-30","mc":91.3103,"cmc":91.3103,"pe":129.8199,"pe_lyr":121.0116,"pb":1.9519,"ps":4.7587,"pcf":-293.8479,"iop":-6.2078}