{"code":"600173","atr10":0.359,"close":6.74,"close_count":60,"l_pvalue":0.0000637749,"l_slop":15.6467214548,"l_stderror":3.0686458098,"ma120":7.5155,"ma250":7.59932,"ma42":6.8264285714,"max10":7.53,"min10":6.61,"name":"卧龙地产","stat_date":"2017-06-30","mc":48.8749,"cmc":48.8689,"pe":40.4336,"pe_lyr":60.531,"pb":2.8287,"ps":3.4307,"pcf":6.4408,"iop":77.8783}