{"code":"600110","atr10":0.727,"close":13.87,"close_count":60,"l_pvalue":0.0000068443,"l_slop":-6.8120369986,"l_stderror":1.1115546333,"ma120":13.949,"ma250":12.51104,"ma42":14.4757142857,"max10":14.22,"min10":13.87,"name":"诺德股份","stat_date":"2017-06-30","mc":159.5483,"cmc":159.5483,"pe":131.0431,"pe_lyr":602.4728,"pb":8.029,"ps":5.9368,"pcf":60.9137,"iop":342.234}