{"code":"600190","atr10":0.076,"close":4.44,"close_count":60,"l_pvalue":0.0000178425,"l_slop":-5.4198725388,"l_stderror":0.9542875682,"ma120":4.468,"ma250":4.37664,"ma42":4.6230952381,"max10":4.63,"min10":4.44,"name":"锦州港","stat_date":"2017-06-30","mc":86.7666,"cmc":79.0091,"pe":77.436,"pe_lyr":160.1757,"pb":1.4893,"ps":2.4416,"pcf":-25.6047,"iop":613.7422}