{"code":"600163","atr10":0.072,"close":4.53,"close_count":60,"l_pvalue":0.06976856,"l_slop":-1.2859267414,"l_stderror":0.6691522342,"ma120":4.801,"ma250":5.26692,"ma42":4.6314285714,"max10":4.72,"min10":4.5,"name":"中闽能源","stat_date":"2017-06-30","mc":45.2758,"cmc":34.1392,"pe":41.2098,"pe_lyr":42.9242,"pb":2.766,"ps":10.9783,"pcf":-19.2534,"iop":139.4897}