{"code":"600156","atr10":0.314,"close":7.01,"close_count":60,"l_pvalue":0.0,"l_slop":22.6448003533,"l_stderror":1.2508727638,"ma120":7.3643333333,"ma250":9.25508,"ma42":6.9633333333,"max10":7.45,"min10":6.98,"name":"华升股份","stat_date":"2017-06-30","mc":28.188,"cmc":28.188,"pe":383.6165,"pe_lyr":297.3573,"pb":4.167,"ps":4.3907,"pcf":-53.0019,"iop":3.9916}