{"code":"600115","atr10":0.087,"close":6.79,"close_count":60,"l_pvalue":0.3140576953,"l_slop":-1.1823664335,"l_stderror":1.1433399892,"ma120":6.7888333333,"ma250":6.75284,"ma42":6.8819047619,"max10":6.89,"min10":6.78,"name":"东方航空","stat_date":"2017-06-30","mc":822.3178,"cmc":665.9962,"pe":17.4733,"pe_lyr":21.7912,"pb":1.9273,"ps":0.9799,"pcf":-21.1212,"iop":549.9182}