{"code":"600175","atr10":0.171,"close":5.2,"close_count":60,"l_pvalue":0.0000000005,"l_slop":50.0129243098,"l_stderror":4.344535928,"ma120":4.4835833333,"ma250":4.83044,"ma42":4.6652380952,"max10":5.2,"min10":5.06,"name":"美都能源","stat_date":"2017-06-30","mc":185.9774,"cmc":127.454,"pe":121.3262,"pe_lyr":124.7091,"pb":1.715,"ps":3.9176,"pcf":-101.0952,"iop":-141.6553}