{"code":"600153","atr10":0.216,"close":11.61,"close_count":60,"l_pvalue":5.245529821e-22,"l_slop":-28.8114333878,"l_stderror":0.5504519152,"ma120":12.0200833333,"ma250":11.33164,"ma42":12.500952381,"max10":12.18,"min10":11.61,"name":"建发股份","stat_date":"2017-06-30","mc":329.1668,"cmc":329.1668,"pe":11.243,"pe_lyr":11.5308,"pb":1.5502,"ps":0.1808,"pcf":5.54,"iop":-10.9787}