{"code":"600166","atr10":0.081,"close":3.04,"close_count":60,"l_pvalue":0.0000000013,"l_slop":15.3139625558,"l_stderror":1.4080973894,"ma120":2.9255,"ma250":3.03344,"ma42":2.9469047619,"max10":3.07,"min10":2.96,"name":"福田汽车","stat_date":"2017-06-30","mc":202.772,"cmc":202.772,"pe":38.8734,"pe_lyr":35.7731,"pb":1.0687,"ps":0.4056,"pcf":-24.224,"iop":83.685}