{"code":"600182","atr10":1.128,"close":25.36,"close_count":60,"l_pvalue":0.0000000003,"l_slop":86.6343044286,"l_stderror":7.3360710228,"ma120":24.6159166667,"ma250":23.58512,"ma42":22.9938095238,"max10":29.57,"min10":25.36,"name":"S佳通","stat_date":"2017-06-30","mc":90.3178,"cmc":43.112,"pe":91.0581,"pe_lyr":57.0422,"pb":10.531,"ps":2.5651,"pcf":-827.4719,"iop":-122.6915}