{"code":"600162","atr10":0.11,"close":3.57,"close_count":60,"l_pvalue":0.0,"l_slop":24.8970817001,"l_stderror":1.2137689687,"ma120":3.5789166667,"ma250":3.78748,"ma42":3.5483333333,"max10":3.84,"min10":3.56,"name":"香江控股","stat_date":"2017-06-30","mc":121.404,"cmc":63.3435,"pe":16.1546,"pe_lyr":17.5873,"pb":1.7024,"ps":2.182,"pcf":5.1715,"iop":64.4033}