{"code":"600104","atr10":0.526,"close":30.43,"close_count":60,"l_pvalue":0.0000149993,"l_slop":-7.490059905,"l_stderror":1.3003649719,"ma120":28.9230833333,"ma250":25.7566,"ma42":29.6726190476,"max10":30.5,"min10":29.05,"name":"上汽集团","stat_date":"2017-06-30","mc":3555.2773,"cmc":3355.0798,"pe":10.8042,"pe_lyr":11.1073,"pb":1.7271,"ps":0.4435,"pcf":14.3631,"iop":8.5548}