{"code":"600146","atr10":1.636,"close":25.42,"close_count":60,"l_pvalue":0.0,"l_slop":-119.338245355,"l_stderror":6.5246655905,"ma120":30.71975,"ma250":29.44188,"ma42":33.545952381,"max10":25.42,"min10":25.42,"name":"商赢环球","stat_date":"2017-06-30","mc":119.4664,"cmc":50.84,"pe":126.8444,"pe_lyr":413.2559,"pb":4.1063,"ps":9.0273,"pcf":23.21,"iop":699.2874}