{"code":"600141","atr10":1.037,"close":20.37,"close_count":60,"l_pvalue":0.0,"l_slop":94.3220704108,"l_stderror":6.2553264053,"ma120":14.5598333333,"ma250":14.512,"ma42":18.1273809524,"max10":20.8,"min10":18.75,"name":"兴发集团","stat_date":"2017-06-30","mc":101.9968,"cmc":101.9968,"pe":57.594,"pe_lyr":99.9797,"pb":2.0616,"ps":0.6442,"pcf":-43.4508,"iop":329.8549}