{"code":"600168","atr10":0.112,"close":8.87,"close_count":60,"l_pvalue":0.0,"l_slop":9.9890383543,"l_stderror":0.6191141573,"ma120":9.0000833333,"ma250":9.8644,"ma42":8.8604761905,"max10":9.12,"min10":8.85,"name":"武汉控股","stat_date":"2017-06-30","mc":62.9388,"cmc":62.9388,"pe":21.5982,"pe_lyr":20.9324,"pb":1.3538,"ps":5.1868,"pcf":-16.942,"iop":270.1735}