{"code":"600133","atr10":0.368,"close":10.61,"close_count":60,"l_pvalue":0.0004704737,"l_slop":-11.795230232,"l_stderror":2.7993126634,"ma120":10.4111666667,"ma250":9.35092,"ma42":11.9397619048,"max10":12.19,"min10":10.43,"name":"东湖高新","stat_date":"2017-06-30","mc":67.2948,"cmc":57.0764,"pe":7.9569,"pe_lyr":46.2124,"pb":2.6224,"ps":0.9374,"pcf":14.2107,"iop":125.0158}