{"code":"600122","atr10":0.124,"close":10.19,"close_count":60,"l_pvalue":0.0000002591,"l_slop":-4.5368867967,"l_stderror":0.5841078904,"ma120":10.8943333333,"ma250":11.58688,"ma42":10.2783333333,"max10":10.27,"min10":10.07,"name":"宏图高科","stat_date":"2017-06-30","mc":117.609,"cmc":117.4307,"pe":22.2844,"pe_lyr":26.318,"pb":1.4389,"ps":0.5814,"pcf":-17.9853,"iop":44.1375}