{"code":"600131","atr10":0.166,"close":7.95,"close_count":60,"l_pvalue":0.0,"l_slop":-18.5943211112,"l_stderror":1.1588111855,"ma120":8.2386666667,"ma250":9.75824,"ma42":8.1978571429,"max10":8.33,"min10":7.88,"name":"岷江水电","stat_date":"2017-06-30","mc":40.0779,"cmc":31.5963,"pe":51.3554,"pe_lyr":24.4237,"pb":3.787,"ps":4.2174,"pcf":-194.7775,"iop":-42.2697}