{"code":"600116","atr10":0.149,"close":9.92,"close_count":60,"l_pvalue":0.0554224129,"l_slop":-3.3135420082,"l_stderror":1.6237207627,"ma120":10.8886666667,"ma250":10.22648,"ma42":10.2357142857,"max10":10.38,"min10":9.88,"name":"三峡水利","stat_date":"2017-06-30","mc":98.5061,"cmc":88.0901,"pe":39.3544,"pe_lyr":42.5867,"pb":3.9098,"ps":7.8849,"pcf":-69.8133,"iop":15.357}