{"code":"600172","atr10":0.183,"close":8.13,"close_count":60,"l_pvalue":0.0000005445,"l_slop":15.1781108199,"l_stderror":2.0568868401,"ma120":8.2918333333,"ma250":9.33516,"ma42":8.1357142857,"max10":8.53,"min10":8.13,"name":"黄河旋风","stat_date":"2017-06-30","mc":115.9597,"cmc":94.5041,"pe":30.9602,"pe_lyr":31.3695,"pb":2.3151,"ps":4.3391,"pcf":-1055.0179,"iop":0.2778}