{"code":"600121","atr10":0.195,"close":6.61,"close_count":60,"l_pvalue":0.0000000592,"l_slop":44.542086428,"l_stderror":5.1962190809,"ma120":5.5459166667,"ma250":5.51964,"ma42":6.414047619,"max10":6.9,"min10":6.32,"name":"*ST郑煤","stat_date":"2017-06-30","mc":67.1142,"cmc":67.1142,"pe":-211.1708,"pe_lyr":-10.6569,"pb":2.1105,"ps":0.9014,"pcf":-37.8356,"iop":488.6699}