{"code":"600105","atr10":0.312,"close":9.07,"close_count":60,"l_pvalue":0.000000013,"l_slop":17.9074462696,"l_stderror":1.8951390005,"ma120":8.2754166667,"ma250":9.36432,"ma42":8.1423809524,"max10":9.07,"min10":8.26,"name":"永鼎股份","stat_date":"2017-06-30","mc":85.7109,"cmc":69.1052,"pe":31.8909,"pe_lyr":34.2119,"pb":3.3372,"ps":3.5232,"pcf":81.5743,"iop":-14.5981}