{"code":"600123","atr10":0.29,"close":9.59,"close_count":60,"l_pvalue":0.0002566813,"l_slop":16.5198299002,"l_stderror":3.6876177198,"ma120":8.3614166667,"ma250":8.12984,"ma42":9.5514285714,"max10":9.86,"min10":9.22,"name":"兰花科创","stat_date":"2017-06-30","mc":109.5562,"cmc":109.5562,"pe":359.8937,"pe_lyr":-16.5984,"pb":1.192,"ps":1.6647,"pcf":-14.2347,"iop":654.006}