{"code":"600198","atr10":0.696,"close":15.8,"close_count":60,"l_pvalue":0.0001636184,"l_slop":9.5541856735,"l_stderror":2.0420781296,"ma120":14.3525,"ma250":15.79968,"ma42":14.6245238095,"max10":15.82,"min10":14.21,"name":"大唐电信","stat_date":"2017-06-30","mc":139.3731,"cmc":137.4911,"pe":-8.0919,"pe_lyr":-7.8493,"pb":6.2405,"ps":2.2818,"pcf":50.3969,"iop":16.5954}