{"code":"600109","atr10":0.204,"close":11.7,"close_count":60,"l_pvalue":0.0000000032,"l_slop":16.9071187426,"l_stderror":1.6403279712,"ma120":11.8613333333,"ma250":12.62856,"ma42":11.7704761905,"max10":12.18,"min10":11.7,"name":"国金证券","stat_date":"2017-06-30","mc":353.85,"cmc":353.85,"pe":29.2168,"pe_lyr":27.2458,"pb":1.963,"ps":7.7898,"pcf":-3.0436,"iop":0.4257}