{"code":"600178","atr10":0.171,"close":8.53,"close_count":60,"l_pvalue":8.424806537e-16,"l_slop":-9.7600614105,"l_stderror":0.4002225085,"ma120":9.4849166667,"ma250":10.96164,"ma42":8.7826190476,"max10":8.81,"min10":8.52,"name":"东安动力","stat_date":"2017-06-30","mc":39.4154,"cmc":39.4154,"pe":63.293,"pe_lyr":50.1808,"pb":2.1057,"ps":1.7066,"pcf":-94.3399,"iop":-70.6518}