{"code":"600119","atr10":0.593,"close":15.21,"close_count":60,"l_pvalue":0.0003882577,"l_slop":8.5778624197,"l_stderror":1.9958405403,"ma120":15.39125,"ma250":18.5592,"ma42":15.3330952381,"max10":15.97,"min10":15.17,"name":"长江投资","stat_date":"2017-06-30","mc":46.7555,"cmc":46.7555,"pe":57.129,"pe_lyr":33.3913,"pb":5.261,"ps":1.2579,"pcf":44.3267,"iop":-79.7122}