{"code":"600143","atr10":0.154,"close":6.17,"close_count":60,"l_pvalue":0.0000000007,"l_slop":23.1495625766,"l_stderror":2.0489311212,"ma120":6.1198333333,"ma250":6.38836,"ma42":5.8288095238,"max10":6.17,"min10":5.97,"name":"金发科技","stat_date":"2017-06-30","mc":167.6256,"cmc":157.952,"pe":31.8825,"pe_lyr":22.7354,"pb":1.7414,"ps":0.7939,"pcf":933.7723,"iop":-2.2552}