{"code":"600199","atr10":0.228,"close":8.69,"close_count":60,"l_pvalue":0.0008077748,"l_slop":5.5461121513,"l_stderror":1.394594485,"ma120":8.38675,"ma250":9.0834,"ma42":8.8492857143,"max10":9.12,"min10":8.69,"name":"金种子酒","stat_date":"2017-06-30","mc":48.2968,"cmc":48.2968,"pe":428.3986,"pe_lyr":283.7767,"pb":2.151,"ps":3.8658,"pcf":-18.3877,"iop":95.7299}