{"code":"600150","atr10":0.432,"close":24.67,"close_count":60,"l_pvalue":0.0031776003,"l_slop":-3.6706417034,"l_stderror":1.0875271523,"ma120":24.4613333333,"ma250":25.53476,"ma42":24.6904761905,"max10":24.79,"min10":24.32,"name":"中国船舶","stat_date":"2017-06-30","mc":339.9816,"cmc":339.9816,"pe":-12.8603,"pe_lyr":-13.042,"pb":2.2761,"ps":1.8683,"pcf":50.1794,"iop":70.7402}