{"code":"600186","atr10":0.082,"close":4.04,"close_count":60,"l_pvalue":4.978778976e-17,"l_slop":19.2469289118,"l_stderror":0.6774278759,"ma120":3.8985833333,"ma250":4.5974,"ma42":3.9469047619,"max10":4.15,"min10":4.01,"name":"莲花健康","stat_date":"2017-06-30","mc":42.9058,"cmc":42.9058,"pe":407.4424,"pe_lyr":65.7586,"pb":55.523,"ps":2.4086,"pcf":-22.8736,"iop":14.6876}