{"code":"600189","atr10":0.129,"close":8.59,"close_count":60,"l_pvalue":0.0000088283,"l_slop":-9.5451159453,"l_stderror":1.5887371619,"ma120":9.1511666667,"ma250":10.26836,"ma42":8.8278571429,"max10":8.82,"min10":8.53,"name":"吉林森工","stat_date":"2017-06-30","mc":26.6719,"cmc":26.6719,"pe":-31.5319,"pe_lyr":227.6689,"pb":1.9418,"ps":8.585,"pcf":16.148,"iop":204.1088}