{"code":"600145","atr10":0.367,"close":7.4,"close_count":60,"l_pvalue":1.0,"l_slop":0.0,"l_stderror":0.0,"ma120":5.7644166667,"ma250":5.09236,"ma42":6.8226190476,"max10":7.4,"min10":7.4,"name":"*ST新亿","stat_date":"2017-06-30","mc":27.8836,"cmc":27.8836,"pe":-207.2687,"pe_lyr":-876.2977,"pb":4.5004,"ps":177.6,"pcf":-7.5672,"iop":98.3781}