{"code":"600197","atr10":0.786,"close":22.78,"close_count":60,"l_pvalue":0.0000000001,"l_slop":32.5907508464,"l_stderror":2.5933139586,"ma120":19.60425,"ma250":17.59872,"ma42":21.4676190476,"max10":23.28,"min10":22.24,"name":"伊力特","stat_date":"2017-06-30","mc":100.4598,"cmc":100.4598,"pe":33.4069,"pe_lyr":36.2931,"pb":5.0895,"ps":5.9032,"pcf":69.0797,"iop":-12.2199}