{"code":"600193","atr10":0.202,"close":7.63,"close_count":60,"l_pvalue":0.0000733293,"l_slop":33.4353244315,"l_stderror":6.6389864393,"ma120":8.9275,"ma250":10.27628,"ma42":7.7928571429,"max10":8.16,"min10":7.51,"name":"创兴资源","stat_date":"2017-06-30","mc":32.456,"cmc":32.456,"pe":-13.2982,"pe_lyr":-25.3743,"pb":22.7517,"ps":50.8065,"pcf":175.2212,"iop":-442.7747}