{"code":"600155","atr10":0.341,"close":13.88,"close_count":60,"l_pvalue":0.232041389,"l_slop":3.6529032014,"l_stderror":2.9588424262,"ma120":15.1205,"ma250":15.02596,"ma42":14.2923809524,"max10":14.7,"min10":13.73,"name":"宝硕股份","stat_date":"2017-06-30","mc":241.4505,"cmc":156.6,"pe":559.1428,"pe_lyr":-169.8908,"pb":1.6107,"ps":12.4574,"pcf":4.0967,"iop":491.1868}