{"code":"600138","atr10":0.414,"close":21.16,"close_count":60,"l_pvalue":0.0,"l_slop":17.8697018951,"l_stderror":1.2744540849,"ma120":20.5991666667,"ma250":21.19264,"ma42":20.8954761905,"max10":22.09,"min10":21.01,"name":"中青旅","stat_date":"2017-06-30","mc":153.1645,"cmc":153.1645,"pe":29.9028,"pe_lyr":31.6773,"pb":2.8921,"ps":1.5145,"pcf":-718.8822,"iop":-1.2401}