{"code":"600179","atr10":0.307,"close":19.08,"close_count":60,"l_pvalue":0.000158054,"l_slop":5.5476814391,"l_stderror":1.1818707423,"ma120":17.6206666667,"ma250":16.664,"ma42":18.545952381,"max10":19.08,"min10":18.48,"name":"安通控股","stat_date":"2017-06-30","mc":202.6541,"cmc":91.8074,"pe":42.9347,"pe_lyr":50.5003,"pb":7.5761,"ps":4.3226,"pcf":55.3204,"iop":16.4929}