{"code":"600137","atr10":0.761,"close":37.72,"close_count":60,"l_pvalue":0.0,"l_slop":-7.8160164318,"l_stderror":0.3593465578,"ma120":41.9168333333,"ma250":43.35732,"ma42":38.5023809524,"max10":38.28,"min10":37.72,"name":"浪莎股份","stat_date":"2017-06-30","mc":36.6705,"cmc":36.6705,"pe":179.8586,"pe_lyr":272.4649,"pb":7.907,"ps":12.8677,"pcf":-51.1905,"iop":1091.8777}