{"code":"600139","atr10":0.482,"close":9.39,"close_count":60,"l_pvalue":0.0,"l_slop":35.2101991627,"l_stderror":2.5358298432,"ma120":9.8703333333,"ma250":10.79996,"ma42":9.489047619,"max10":10.38,"min10":9.33,"name":"西部资源","stat_date":"2017-06-30","mc":62.1515,"cmc":62.1515,"pe":1021.9577,"pe_lyr":537.0655,"pb":6.957,"ps":12.9746,"pcf":29.5825,"iop":-18.2734}