{"code":"600117","atr10":0.298,"close":7.22,"close_count":60,"l_pvalue":0.0336987486,"l_slop":10.0891307357,"l_stderror":4.4075348268,"ma120":6.0536666667,"ma250":5.88488,"ma42":7.5033333333,"max10":7.51,"min10":6.96,"name":"西宁特钢","stat_date":"2017-06-30","mc":75.4575,"cmc":53.516,"pe":17.1304,"pe_lyr":108.7169,"pb":2.6176,"ps":1.1681,"pcf":13.2173,"iop":95.1008}