{"code":"600128","atr10":0.217,"close":10.91,"close_count":60,"l_pvalue":0.0000000036,"l_slop":19.6928053519,"l_stderror":1.9246770724,"ma120":11.09875,"ma250":13.21588,"ma42":10.9523809524,"max10":11.43,"min10":10.85,"name":"弘业股份","stat_date":"2017-06-30","mc":26.9223,"cmc":26.9223,"pe":344.9946,"pe_lyr":117.6915,"pb":1.9803,"ps":0.9551,"pcf":-14.0724,"iop":-43.0011}