{"code":"600112","atr10":0.114,"close":7.19,"close_count":60,"l_pvalue":0.0002216221,"l_slop":6.0291615402,"l_stderror":1.3266796792,"ma120":7.1866666667,"ma250":9.22612,"ma42":7.1673809524,"max10":7.24,"min10":7.13,"name":"*ST天成","stat_date":"2017-06-30","mc":36.6118,"cmc":36.6118,"pe":-48.8783,"pe_lyr":-36.9967,"pb":3.0638,"ps":5.407,"pcf":252.021,"iop":-59.1454}