{"code":"600100","atr10":0.676,"close":12.17,"close_count":60,"l_pvalue":0.0008173652,"l_slop":-11.6485547026,"l_stderror":2.9328912039,"ma120":13.7670833333,"ma250":14.1238,"ma42":13.7476190476,"max10":13.87,"min10":12.17,"name":"同方股份","stat_date":"2017-06-30","mc":360.7065,"cmc":267.4823,"pe":-46.5297,"pe_lyr":8.384,"pb":1.809,"ps":1.3595,"pcf":17.2256,"iop":203.1957}