{"code":"600191","atr10":0.527,"close":12.05,"close_count":60,"l_pvalue":0.5524184681,"l_slop":4.1204796794,"l_stderror":6.8121209444,"ma120":11.5025,"ma250":12.44268,"ma42":13.6478571429,"max10":14.07,"min10":11.97,"name":"华资实业","stat_date":"2017-06-30","mc":58.4343,"cmc":58.4343,"pe":504.0895,"pe_lyr":587.8959,"pb":2.6405,"ps":35.2291,"pcf":516.0202,"iop":-60.9786}