{"code":"600160","atr10":0.337,"close":11.55,"close_count":60,"l_pvalue":0.8753010816,"l_slop":-0.3109479616,"l_stderror":1.9549239443,"ma120":12.06125,"ma250":11.50376,"ma42":12.0073809524,"max10":12.16,"min10":11.42,"name":"巨化股份","stat_date":"2017-06-30","mc":243.8974,"cmc":236.1904,"pe":38.8088,"pe_lyr":161.2758,"pb":2.293,"ps":2.0966,"pcf":25.4855,"iop":307.984}