{"code":"600185","atr10":0.189,"close":6.21,"close_count":60,"l_pvalue":0.0031448999,"l_slop":4.8512307916,"l_stderror":1.4353621564,"ma120":6.4674166667,"ma250":6.21284,"ma42":6.3138095238,"max10":6.64,"min10":6.17,"name":"格力地产","stat_date":"2017-06-30","mc":127.9298,"cmc":127.9298,"pe":19.6799,"pe_lyr":21.2987,"pb":1.7643,"ps":3.9008,"pcf":-6.0152,"iop":-87.6052}