{"code":"600148","atr10":1.032,"close":28.71,"close_count":60,"l_pvalue":0.0000000002,"l_slop":-29.3667948215,"l_stderror":2.3803156432,"ma120":29.0998333333,"ma250":30.5904,"ma42":32.3007142857,"max10":32.83,"min10":28.36,"name":"长春一东","stat_date":"2017-06-30","mc":40.6294,"cmc":40.6294,"pe":160.2729,"pe_lyr":334.1113,"pb":10.3504,"ps":5.4465,"pcf":-49.1209,"iop":6.5257}