{"code":"600196","atr10":1.149,"close":32.96,"close_count":60,"l_pvalue":0.0000012838,"l_slop":25.7711800276,"l_stderror":3.711514797,"ma120":30.1526666667,"ma250":27.09988,"ma42":30.1302380952,"max10":33.95,"min10":29.81,"name":"复星医药","stat_date":"2017-06-30","mc":794.0974,"cmc":629.1976,"pe":27.4623,"pe_lyr":29.3102,"pb":3.4573,"ps":5.1256,"pcf":16.6281,"iop":20.5997}