{"code":"600149","atr10":0.372,"close":12.12,"close_count":60,"l_pvalue":0.0420318945,"l_slop":-2.3483589039,"l_stderror":1.0771828302,"ma120":13.9834166667,"ma250":19.6714,"ma42":12.7066666667,"max10":13.31,"min10":11.99,"name":"*ST坊展","stat_date":"2017-06-30","mc":46.0754,"cmc":46.0754,"pe":-288.3045,"pe_lyr":-185.831,"pb":25.8264,"ps":497.2896,"pcf":-31.1396,"iop":-77.4411}