{"code":"600114","atr10":0.526,"close":17.51,"close_count":60,"l_pvalue":0.0,"l_slop":23.8535750012,"l_stderror":1.645348622,"ma120":17.1788333333,"ma250":16.86248,"ma42":17.1652380952,"max10":18.34,"min10":17.51,"name":"东睦股份","stat_date":"2017-06-30","mc":76.4045,"cmc":67.7113,"pe":30.7361,"pe_lyr":43.4454,"pb":3.2353,"ps":4.7512,"pcf":26.5255,"iop":85.9687}