{"code":"600101","atr10":0.349,"close":10.43,"close_count":60,"l_pvalue":0.0000000274,"l_slop":14.6820991371,"l_stderror":1.6293949297,"ma120":10.32675,"ma250":11.2742,"ma42":10.675952381,"max10":11.2,"min10":10.34,"name":"明星电力","stat_date":"2017-06-30","mc":33.8119,"cmc":33.8119,"pe":42.8596,"pe_lyr":40.4743,"pb":1.6854,"ps":2.3682,"pcf":99.0375,"iop":215.1988}