{"code":"600106","atr10":0.06,"close":5.21,"close_count":60,"l_pvalue":0.0435903861,"l_slop":2.9001617921,"l_stderror":1.3414599517,"ma120":5.45625,"ma250":6.08856,"ma42":5.3380952381,"max10":5.4,"min10":5.2,"name":"重庆路桥","stat_date":"2017-06-30","mc":52.0227,"cmc":52.0227,"pe":17.0204,"pe_lyr":17.6191,"pb":1.4832,"ps":19.4389,"pcf":-1960.6996,"iop":7.7709}