{"code":"600111","atr10":0.811,"close":16.25,"close_count":60,"l_pvalue":0.7737891294,"l_slop":1.4609332684,"l_stderror":5.0109004229,"ma120":14.2169166667,"ma250":13.41028,"ma42":18.2657142857,"max10":18.81,"min10":15.92,"name":"北方稀土","stat_date":"2017-06-30","mc":590.3732,"cmc":590.3732,"pe":344.1485,"pe_lyr":649.9362,"pb":6.9627,"ps":8.4696,"pcf":35.159,"iop":258.5982}