{"code":"600136","atr10":0.818,"close":16.26,"close_count":60,"l_pvalue":0.0000000001,"l_slop":-45.2707554746,"l_stderror":3.5491505735,"ma120":18.49525,"ma250":22.1088,"ma42":16.0888095238,"max10":16.35,"min10":14.81,"name":"当代明诚","stat_date":"2017-06-30","mc":79.2158,"cmc":44.633,"pe":64.6424,"pe_lyr":64.8331,"pb":3.2745,"ps":12.6245,"pcf":-34.5002,"iop":-5.4872}