{"code":"600127","atr10":0.11,"close":5.47,"close_count":60,"l_pvalue":0.0002701074,"l_slop":5.0958496956,"l_stderror":1.1432440729,"ma120":5.9684166667,"ma250":6.48704,"ma42":5.6207142857,"max10":5.76,"min10":5.4,"name":"金健米业","stat_date":"2017-06-30","mc":35.1055,"cmc":35.1055,"pe":478.6722,"pe_lyr":348.1618,"pb":4.6762,"ps":1.3919,"pcf":98.3933,"iop":312.4089}