{"code":"600151","atr10":0.114,"close":7.65,"close_count":60,"l_pvalue":0.0041007076,"l_slop":-2.3128248043,"l_stderror":0.7090002557,"ma120":8.3521666667,"ma250":9.6856,"ma42":7.7776190476,"max10":7.92,"min10":7.65,"name":"航天机电","stat_date":"2017-06-30","mc":109.7203,"cmc":106.2352,"pe":-118.2221,"pe_lyr":54.2938,"pb":1.8999,"ps":1.9289,"pcf":9.4181,"iop":-265.6347}