{"code":"600177","atr10":0.103,"close":9.87,"close_count":60,"l_pvalue":0.0,"l_slop":-7.1162281902,"l_stderror":0.3362229554,"ma120":10.0238333333,"ma250":9.90624,"ma42":10.1866666667,"max10":10.19,"min10":9.87,"name":"雅戈尔","stat_date":"2017-06-30","mc":353.4889,"cmc":353.4889,"pe":13.2826,"pe_lyr":9.5933,"pb":1.5126,"ps":3.0402,"pcf":75.8853,"iop":3.2757}