{"code":"600272","atr10":0.235,"close":13.28,"close_count":60,"l_pvalue":0.0000008968,"l_slop":5.1114427886,"l_stderror":0.7174799279,"ma120":13.953,"ma250":16.9668,"ma42":13.4347619048,"max10":13.76,"min10":13.28,"name":"开开实业","stat_date":"2017-06-30","mc":27.3018,"cmc":21.248,"pe":124.6922,"pe_lyr":151.5595,"pb":6.789,"ps":3.4816,"pcf":254.8008,"iop":105.4258}