{"code":"600268","atr10":0.126,"close":6.38,"close_count":60,"l_pvalue":0.0000000098,"l_slop":15.038500194,"l_stderror":1.5633520261,"ma120":6.4365833333,"ma250":7.5388,"ma42":6.3828571429,"max10":6.64,"min10":6.32,"name":"国电南自","stat_date":"2017-06-30","mc":40.5287,"cmc":40.5287,"pe":82.4792,"pe_lyr":128.6135,"pb":2.2724,"ps":0.6901,"pcf":-10.8446,"iop":316.7879}