{"code":"600227","atr10":0.142,"close":6.35,"close_count":60,"l_pvalue":0.6700571065,"l_slop":0.4401130493,"l_stderror":1.0169762696,"ma120":6.4433333333,"ma250":6.75968,"ma42":6.5207142857,"max10":6.59,"min10":6.33,"name":"赤天化","stat_date":"2017-06-30","mc":110.2563,"cmc":60.3499,"pe":-36.8533,"pe_lyr":-31.5438,"pb":2.3585,"ps":5.8611,"pcf":23.1749,"iop":537.1891}