{"code":"600257","atr10":0.155,"close":7.4,"close_count":60,"l_pvalue":1.947263692e-23,"l_slop":25.3088756627,"l_stderror":0.4061863642,"ma120":7.3608333333,"ma250":9.18604,"ma42":6.9992857143,"max10":7.51,"min10":7.22,"name":"大湖股份","stat_date":"2017-06-30","mc":35.6116,"cmc":31.6017,"pe":545.5199,"pe_lyr":587.7995,"pb":2.7739,"ps":3.6062,"pcf":74.3807,"iop":631.2926}