{"code":"600277","atr10":0.163,"close":6.99,"close_count":60,"l_pvalue":0.0,"l_slop":-47.6020078032,"l_stderror":2.1517619953,"ma120":6.9984166667,"ma250":6.54068,"ma42":7.2426190476,"max10":7.06,"min10":6.86,"name":"亿利洁能","stat_date":"2017-06-30","mc":191.4519,"cmc":146.0623,"pe":72.9508,"pe_lyr":74.0815,"pb":1.3697,"ps":1.4021,"pcf":3.3009,"iop":161.7954}