{"code":"600242","atr10":0.474,"close":15.89,"close_count":60,"l_pvalue":0.0000003025,"l_slop":-6.8275987866,"l_stderror":0.8883683299,"ma120":17.4676666667,"ma250":16.07372,"ma42":16.1366666667,"max10":16.65,"min10":15.81,"name":"中昌数据","stat_date":"2017-06-30","mc":72.5641,"cmc":45.3407,"pe":65.6033,"pe_lyr":214.2481,"pb":3.7527,"ps":3.4597,"pcf":11.0257,"iop":354.5651}