{"code":"600270","atr10":0.302,"close":17.81,"close_count":60,"l_pvalue":2.083740861e-20,"l_slop":-20.0644387301,"l_stderror":0.46603881,"ma120":17.9151666667,"ma250":17.63012,"ma42":18.755,"max10":18.4,"min10":17.6,"name":"外运发展","stat_date":"2017-06-30","mc":161.2663,"cmc":161.2663,"pe":14.1283,"pe_lyr":16.2036,"pb":2.2457,"ps":3.0028,"pcf":13.658,"iop":51.2532}