{"code":"600287","atr10":0.15,"close":8.08,"close_count":60,"l_pvalue":0.0000000342,"l_slop":11.9555974834,"l_stderror":1.3459371454,"ma120":8.014,"ma250":9.44792,"ma42":8.1597619048,"max10":8.51,"min10":8.02,"name":"江苏舜天","stat_date":"2017-06-30","mc":35.2931,"cmc":35.2931,"pe":64.1102,"pe_lyr":75.0979,"pb":1.8496,"ps":0.6844,"pcf":-45.3118,"iop":-15.6846}