{"code":"600273","atr10":0.084,"close":8.96,"close_count":60,"l_pvalue":0.0000001172,"l_slop":3.3486319324,"l_stderror":0.4086689878,"ma120":9.0520833333,"ma250":9.19136,"ma42":8.885952381,"max10":9.0,"min10":8.83,"name":"嘉化能源","stat_date":"2017-06-30","mc":133.8618,"cmc":117.0432,"pe":16.607,"pe_lyr":18.0778,"pb":2.2337,"ps":2.5993,"pcf":83936.5234,"iop":6.1115}