{"code":"600285","atr10":0.201,"close":11.7,"close_count":60,"l_pvalue":2.452366863e-21,"l_slop":24.9451556499,"l_stderror":0.5171851399,"ma120":10.9905,"ma250":11.6078,"ma42":11.2904761905,"max10":11.88,"min10":11.57,"name":"羚锐制药","stat_date":"2017-06-30","mc":69.3015,"cmc":62.6458,"pe":18.173,"pe_lyr":20.0425,"pb":3.2582,"ps":4.3087,"pcf":-124.5374,"iop":49.2365}