{"code":"600261","atr10":0.057,"close":6.17,"close_count":60,"l_pvalue":0.0,"l_slop":-10.8377228079,"l_stderror":0.667269083,"ma120":6.4665833333,"ma250":6.95684,"ma42":6.3897619048,"max10":6.32,"min10":6.17,"name":"阳光照明","stat_date":"2017-06-30","mc":89.5948,"cmc":89.5948,"pe":19.1926,"pe_lyr":19.813,"pb":2.8325,"ps":1.9187,"pcf":-43.7926,"iop":0.1293}