{"code":"600282","atr10":0.268,"close":5.54,"close_count":60,"l_pvalue":0.0014485102,"l_slop":34.5408383206,"l_stderror":9.2825356274,"ma120":4.2838333333,"ma250":3.69924,"ma42":5.5121428571,"max10":6.04,"min10":5.2,"name":"南钢股份","stat_date":"2017-06-30","mc":244.2574,"cmc":214.7167,"pe":17.2457,"pe_lyr":69.0509,"pb":2.5865,"ps":0.8073,"pcf":38.0783,"iop":302.9251}