{"code":"600281","atr10":0.192,"close":6.99,"close_count":60,"l_pvalue":0.0,"l_slop":37.5418194192,"l_stderror":2.5300282724,"ma120":6.6821666667,"ma250":7.1438,"ma42":6.8335714286,"max10":7.44,"min10":6.86,"name":"太化股份","stat_date":"2017-06-30","mc":35.9567,"cmc":35.9567,"pe":37.096,"pe_lyr":109.1847,"pb":6.9138,"ps":2.4111,"pcf":50.284,"iop":80.3319}