{"code":"600259","atr10":1.645,"close":44.3,"close_count":60,"l_pvalue":0.0000049204,"l_slop":-20.6925952343,"l_stderror":3.291947945,"ma120":43.9860833333,"ma250":46.47548,"ma42":50.1404761905,"max10":50.82,"min10":43.51,"name":"广晟有色","stat_date":"2017-06-30","mc":133.6984,"cmc":114.4295,"pe":140.8107,"pe_lyr":507.9734,"pb":7.0381,"ps":2.4166,"pcf":42.0091,"iop":11.2506}