{"code":"600206","atr10":0.568,"close":11.39,"close_count":60,"l_pvalue":0.0,"l_slop":27.8989491824,"l_stderror":1.5880128332,"ma120":9.6066666667,"ma250":9.9928,"ma42":10.7023809524,"max10":11.88,"min10":10.43,"name":"有研新材","stat_date":"2017-06-30","mc":95.5369,"cmc":95.5369,"pe":150.2382,"pe_lyr":199.4765,"pb":3.3577,"ps":2.3769,"pcf":-11.7314,"iop":108.4304}