{"code":"600251","atr10":0.657,"close":9.52,"close_count":60,"l_pvalue":0.0000000002,"l_slop":74.2327000149,"l_stderror":6.0795938085,"ma120":7.935,"ma250":8.102,"ma42":8.545,"max10":10.61,"min10":8.59,"name":"冠农股份","stat_date":"2017-06-30","mc":74.717,"cmc":74.717,"pe":79.9733,"pe_lyr":282.3993,"pb":3.8265,"ps":4.6659,"pcf":48.4856,"iop":140.8795}