{"code":"600299","atr10":0.234,"close":11.56,"close_count":60,"l_pvalue":0.0003075436,"l_slop":9.0390661739,"l_stderror":2.0542160517,"ma120":12.1845833333,"ma250":13.17912,"ma42":11.7842857143,"max10":12.34,"min10":11.53,"name":"安迪苏","stat_date":"2017-06-30","mc":310.0278,"cmc":66.4191,"pe":23.1161,"pe_lyr":16.6204,"pb":2.5,"ps":3.0438,"pcf":26.7215,"iop":-50.7343}