{"code":"600246","atr10":0.132,"close":4.76,"close_count":60,"l_pvalue":0.3009148565,"l_slop":-1.0992193235,"l_stderror":1.0336507787,"ma120":4.9341666667,"ma250":5.3904,"ma42":4.7002380952,"max10":4.84,"min10":4.65,"name":"万通地产","stat_date":"2017-06-30","mc":97.7708,"cmc":57.9197,"pe":-94.5077,"pe_lyr":88.6354,"pb":1.4708,"ps":4.6472,"pcf":4.9061,"iop":-104.4801}