{"code":"600260","atr10":1.469,"close":31.88,"close_count":60,"l_pvalue":0.0,"l_slop":59.1971192817,"l_stderror":4.4028739697,"ma120":25.9030833333,"ma250":21.05072,"ma42":30.4452380952,"max10":35.0,"min10":30.04,"name":"凯乐科技","stat_date":"2017-06-30","mc":225.9809,"cmc":171.9509,"pe":50.0115,"pe_lyr":124.0089,"pb":5.2412,"ps":1.8408,"pcf":26.2664,"iop":740.227}