{"code":"600256","atr10":0.047,"close":4.17,"close_count":60,"l_pvalue":0.000000291,"l_slop":-8.1491369112,"l_stderror":1.0575129916,"ma120":4.2500833333,"ma250":4.3628,"ma42":4.3135714286,"max10":4.25,"min10":4.12,"name":"广汇能源","stat_date":"2017-06-30","mc":217.7334,"cmc":217.7334,"pe":87.9715,"pe_lyr":105.9021,"pb":1.966,"ps":4.3575,"pcf":-9.9851,"iop":304.9106}