{"code":"600267","atr10":0.224,"close":12.53,"close_count":60,"l_pvalue":0.0000000001,"l_slop":-12.2898256399,"l_stderror":0.9720200242,"ma120":12.0520833333,"ma250":12.8782,"ma42":12.4788095238,"max10":12.53,"min10":12.1,"name":"海正药业","stat_date":"2017-06-30","mc":120.9811,"cmc":120.9811,"pe":-119.469,"pe_lyr":-128.1199,"pb":1.813,"ps":1.1512,"pcf":-27.0381,"iop":48.4208}