{"code":"600284","atr10":0.122,"close":10.53,"close_count":60,"l_pvalue":0.0058011242,"l_slop":-2.934110635,"l_stderror":0.9442911587,"ma120":10.8838333333,"ma250":11.40516,"ma42":10.8469047619,"max10":10.83,"min10":10.47,"name":"浦东建设","stat_date":"2017-06-30","mc":72.9771,"cmc":72.9771,"pe":20.1033,"pe_lyr":20.3215,"pb":1.3763,"ps":2.8105,"pcf":9.987,"iop":-28.4592}