{"code":"600222","atr10":0.11,"close":6.36,"close_count":60,"l_pvalue":0.0,"l_slop":5.5551560013,"l_stderror":0.3952468557,"ma120":6.3990833333,"ma250":7.449,"ma42":6.3323809524,"max10":6.5,"min10":6.32,"name":"太龙药业","stat_date":"2017-06-30","mc":36.4992,"cmc":34.1952,"pe":812.577,"pe_lyr":908.9375,"pb":2.4545,"ps":3.5144,"pcf":-521.7965,"iop":114.1232}