{"code":"600218","atr10":0.154,"close":8.98,"close_count":60,"l_pvalue":0.0468605266,"l_slop":1.2834882367,"l_stderror":0.6037926849,"ma120":9.1165833333,"ma250":9.96488,"ma42":9.135,"max10":9.34,"min10":8.92,"name":"全柴动力","stat_date":"2017-06-30","mc":33.1142,"cmc":33.1142,"pe":40.6667,"pe_lyr":34.8969,"pb":1.7446,"ps":1.0794,"pcf":-28.7162,"iop":-75.9434}