{"code":"600229","atr10":0.156,"close":9.34,"close_count":60,"l_pvalue":0.0000000018,"l_slop":12.6560140171,"l_stderror":1.1836847647,"ma120":9.4205,"ma250":10.49752,"ma42":9.4233333333,"max10":9.84,"min10":9.34,"name":"城市传媒","stat_date":"2017-06-30","mc":65.5758,"cmc":40.1407,"pe":22.3874,"pe_lyr":24.1007,"pb":3.0211,"ps":3.5319,"pcf":73.2125,"iop":29.9939}