{"code":"600241","atr10":0.335,"close":12.71,"close_count":60,"l_pvalue":0.0,"l_slop":36.3721139012,"l_stderror":1.7623986704,"ma120":13.2933333333,"ma250":14.89732,"ma42":12.2283333333,"max10":13.2,"min10":12.5,"name":"时代万恒","stat_date":"2017-06-30","mc":28.749,"cmc":24.5251,"pe":-46.1109,"pe_lyr":-36.5619,"pb":4.5475,"ps":1.7263,"pcf":-11.2331,"iop":343.3069}