{"code":"600276","atr10":0.834,"close":58.44,"close_count":60,"l_pvalue":0.0,"l_slop":40.1115091496,"l_stderror":1.8673612859,"ma120":50.9395833333,"ma250":45.10396,"ma42":55.4323809524,"max10":58.88,"min10":57.75,"name":"恒瑞医药","stat_date":"2017-06-30","mc":1646.1864,"cmc":1645.8507,"pe":57.8003,"pe_lyr":63.585,"pb":12.0518,"ps":13.5386,"pcf":-151.4231,"iop":25.9518}