{"code":"600226","atr10":0.223,"close":6.84,"close_count":60,"l_pvalue":0.0000000041,"l_slop":15.542111385,"l_stderror":1.531338465,"ma120":6.6713333333,"ma250":7.04064,"ma42":6.4828571429,"max10":6.95,"min10":6.54,"name":"瀚叶股份","stat_date":"2017-06-30","mc":165.1408,"cmc":104.8556,"pe":59.8041,"pe_lyr":70.0906,"pb":3.9588,"ps":13.0142,"pcf":-40.2196,"iop":32.2251}