{"code":"600219","atr10":0.131,"close":4.02,"close_count":60,"l_pvalue":0.0,"l_slop":30.3704842316,"l_stderror":1.5367003624,"ma120":3.5539166667,"ma250":3.38172,"ma42":3.9883333333,"max10":4.29,"min10":3.97,"name":"南山铝业","stat_date":"2017-06-30","mc":371.8943,"cmc":284.936,"pe":24.9382,"pe_lyr":28.3299,"pb":1.1819,"ps":2.546,"pcf":42.8799,"iop":24.6857}