{"code":"600223","atr10":0.181,"close":4.7,"close_count":60,"l_pvalue":0.0,"l_slop":21.5881622842,"l_stderror":1.3253974589,"ma120":4.7089166667,"ma250":5.19028,"ma42":4.6802380952,"max10":5.05,"min10":4.7,"name":"鲁商置业","stat_date":"2017-06-30","mc":47.0455,"cmc":47.0455,"pe":47.8867,"pe_lyr":50.9304,"pb":2.0772,"ps":0.5949,"pcf":-1.9762,"iop":785.246}