{"code":"600207","atr10":0.168,"close":7.13,"close_count":60,"l_pvalue":0.0000003706,"l_slop":6.4645777312,"l_stderror":0.8529626511,"ma120":7.6875833333,"ma250":8.79852,"ma42":7.334047619,"max10":7.59,"min10":7.1,"name":"安彩高科","stat_date":"2017-06-30","mc":61.5288,"cmc":49.197,"pe":-933.2385,"pe_lyr":644.8451,"pb":3.2679,"ps":3.3265,"pcf":119.8826,"iop":246.8392}