{"code":"600232","atr10":0.445,"close":9.83,"close_count":60,"l_pvalue":0.0,"l_slop":86.0753715487,"l_stderror":5.325261264,"ma120":8.6416666667,"ma250":10.30644,"ma42":8.9052380952,"max10":10.83,"min10":9.53,"name":"金鹰股份","stat_date":"2017-06-30","mc":35.8518,"cmc":35.8518,"pe":112.672,"pe_lyr":123.3872,"pb":3.1167,"ps":3.2247,"pcf":35.7142,"iop":57.2059}