{"code":"600237","atr10":0.26,"close":6.87,"close_count":60,"l_pvalue":6.881648967e-16,"l_slop":33.5022097934,"l_stderror":1.3588102721,"ma120":6.2545833333,"ma250":7.32156,"ma42":6.5240476191,"max10":7.13,"min10":6.57,"name":"铜峰电子","stat_date":"2017-06-30","mc":38.7722,"cmc":38.7722,"pe":-22.3927,"pe_lyr":-18.477,"pb":3.158,"ps":5.6977,"pcf":-12.3888,"iop":103.0843}