{"code":"600255","atr10":0.295,"close":5.4,"close_count":60,"l_pvalue":0.0000000018,"l_slop":112.44249647,"l_stderror":10.5179872282,"ma120":4.4388333333,"ma250":4.31232,"ma42":4.4083333333,"max10":5.79,"min10":5.09,"name":"梦舟股份","stat_date":"2017-06-30","mc":95.5581,"cmc":95.5581,"pe":36.8901,"pe_lyr":49.8297,"pb":2.8749,"ps":1.7707,"pcf":4301.2749,"iop":76.9996}