{"code":"600298","atr10":0.597,"close":24.75,"close_count":60,"l_pvalue":0.7627487742,"l_slop":-0.4546732338,"l_stderror":1.4846726954,"ma120":23.7910833333,"ma250":20.72408,"ma42":23.8861904762,"max10":24.75,"min10":23.78,"name":"安琪酵母","stat_date":"2017-06-30","mc":203.96,"cmc":203.96,"pe":29.2926,"pe_lyr":38.1168,"pb":5.9704,"ps":3.782,"pcf":162.411,"iop":47.8908}