{"code":"600200","atr10":0.294,"close":13.85,"close_count":60,"l_pvalue":0.0000000197,"l_slop":28.1570456202,"l_stderror":3.0597679817,"ma120":13.6934166667,"ma250":15.98548,"ma42":13.9192857143,"max10":14.76,"min10":13.85,"name":"江苏吴中","stat_date":"2017-06-30","mc":99.982,"cmc":93.294,"pe":74.5249,"pe_lyr":138.8714,"pb":3.3582,"ps":2.2268,"pcf":92.7283,"iop":197.3199}