{"code":"600290","atr10":0.356,"close":12.62,"close_count":60,"l_pvalue":0.0000099556,"l_slop":11.2776740879,"l_stderror":1.8949473439,"ma120":11.99,"ma250":12.0732,"ma42":12.3397619048,"max10":12.91,"min10":12.3,"name":"华仪电气","stat_date":"2017-06-30","mc":95.8998,"cmc":66.4927,"pe":-106.4169,"pe_lyr":-198.0516,"pb":2.3284,"ps":6.0572,"pcf":-7.8824,"iop":-44.9931}