{"code":"600293","atr10":0.411,"close":9.87,"close_count":60,"l_pvalue":0.8304750542,"l_slop":-0.7404187693,"l_stderror":3.4111183207,"ma120":10.1451666667,"ma250":10.84328,"ma42":10.5564285714,"max10":11.52,"min10":9.7,"name":"三峡新材","stat_date":"2017-06-30","mc":114.7024,"cmc":51.0036,"pe":32.1315,"pe_lyr":63.9337,"pb":3.2408,"ps":1.2972,"pcf":34.4884,"iop":7329.7231}