{"code":"600225","atr10":0.099,"close":5.7,"close_count":60,"l_pvalue":0.8723804255,"l_slop":-0.0737606758,"l_stderror":0.4530233999,"ma120":5.678,"ma250":5.88876,"ma42":5.7083333333,"max10":5.82,"min10":5.63,"name":"*ST松江","stat_date":"2017-06-30","mc":53.3231,"cmc":48.4757,"pe":11.1376,"pe_lyr":-11.7194,"pb":2.8405,"ps":2.5442,"pcf":-16.4671,"iop":106.2535}