{"code":"600240","atr10":0.329,"close":10.38,"close_count":60,"l_pvalue":1.741393167e-20,"l_slop":56.1441605882,"l_stderror":1.2916877549,"ma120":9.4996666667,"ma250":10.27012,"ma42":9.6461904762,"max10":10.99,"min10":10.07,"name":"华业资本","stat_date":"2017-06-30","mc":147.8375,"cmc":147.8375,"pe":8.5488,"pe_lyr":12.1328,"pb":2.323,"ps":2.8925,"pcf":25.4438,"iop":508.9436}