{"code":"600249","atr10":0.203,"close":8.14,"close_count":60,"l_pvalue":0.7252429168,"l_slop":-0.8580910934,"l_stderror":2.4055994234,"ma120":8.193,"ma250":8.93924,"ma42":8.4857142857,"max10":8.71,"min10":8.1,"name":"两面针","stat_date":"2017-06-30","mc":44.77,"cmc":36.63,"pe":97.3141,"pe_lyr":166.4129,"pb":2.3145,"ps":3.0582,"pcf":-18.8557,"iop":-21.8015}