{"code":"600212","atr10":0.546,"close":11.92,"close_count":60,"l_pvalue":0.0000000002,"l_slop":63.119071281,"l_stderror":5.1907516418,"ma120":9.8150833333,"ma250":9.9836,"ma42":11.2226190476,"max10":12.91,"min10":11.29,"name":"江泉实业","stat_date":"2017-06-30","mc":60.9943,"cmc":60.9943,"pe":134.9728,"pe_lyr":136.9085,"pb":8.0655,"ps":23.385,"pcf":-216.4213,"iop":-31.9199}