{"code":"600239","atr10":0.223,"close":5.22,"close_count":60,"l_pvalue":1.0,"l_slop":0.0,"l_stderror":0.0,"ma120":3.9956666667,"ma250":3.55864,"ma42":4.4052380952,"max10":5.22,"min10":5.22,"name":"云南城投","stat_date":"2017-06-30","mc":83.8169,"cmc":83.8169,"pe":29.6117,"pe_lyr":34.3316,"pb":1.981,"ps":0.7999,"pcf":2.5422,"iop":-3.8451}