{"code":"600221","atr10":0.027,"close":3.24,"close_count":60,"l_pvalue":0.8012810689,"l_slop":0.1293700546,"l_stderror":0.5068585862,"ma120":3.2634166667,"ma250":3.26764,"ma42":3.2966666667,"max10":3.32,"min10":3.24,"name":"海航控股","stat_date":"2017-06-30","mc":546.4139,"cmc":532.5265,"pe":20.8448,"pe_lyr":17.351,"pb":1.059,"ps":1.0845,"pcf":3.8849,"iop":889.3064}