{"code":"600213","atr10":1.004,"close":13.21,"close_count":60,"l_pvalue":0.0,"l_slop":96.4022848055,"l_stderror":6.409207812,"ma120":11.4055833333,"ma250":13.45992,"ma42":11.4723809524,"max10":14.63,"min10":12.66,"name":"亚星客车","stat_date":"2017-06-30","mc":29.062,"cmc":29.062,"pe":46.9828,"pe_lyr":46.6427,"pb":20.0568,"ps":0.8876,"pcf":-81.1459,"iop":-68.1483}