{"code":"600280","atr10":0.236,"close":8.53,"close_count":60,"l_pvalue":2.216678364e-19,"l_slop":37.5997656191,"l_stderror":0.9904327849,"ma120":7.8379166667,"ma250":7.94264,"ma42":8.0088095238,"max10":8.63,"min10":8.2,"name":"中央商场","stat_date":"2017-06-30","mc":97.953,"cmc":97.953,"pe":34.1609,"pe_lyr":82.7952,"pb":5.1819,"ps":1.2716,"pcf":41.6104,"iop":390.6365}