{"code":"600209","atr10":0.621,"close":13.28,"close_count":60,"l_pvalue":0.0,"l_slop":-0.2372636891,"l_stderror":0.0131896203,"ma120":12.8920833333,"ma250":11.42496,"ma42":12.0847619048,"max10":13.28,"min10":13.28,"name":"罗顿发展","stat_date":"2017-06-30","mc":58.3007,"cmc":56.6186,"pe":-257.7955,"pe_lyr":-126.9028,"pb":8.9942,"ps":34.3958,"pcf":2923.4128,"iop":67.3855}