{"code":"600217","atr10":0.162,"close":7.11,"close_count":60,"l_pvalue":0.0013399813,"l_slop":-5.9712719666,"l_stderror":1.5901332072,"ma120":7.1543333333,"ma250":7.8496,"ma42":7.3376190476,"max10":7.46,"min10":7.06,"name":"中再资环","stat_date":"2017-06-30","mc":100.346,"cmc":51.2061,"pe":44.0464,"pe_lyr":67.0961,"pb":6.3331,"ps":5.7995,"pcf":29.0778,"iop":180.1177}