{"code":"600266","atr10":0.615,"close":15.99,"close_count":60,"l_pvalue":0.0000000811,"l_slop":18.9705805186,"l_stderror":2.2593990182,"ma120":14.5280833333,"ma250":13.9254,"ma42":14.3835714286,"max10":15.99,"min10":14.43,"name":"北京城建","stat_date":"2017-06-30","mc":250.5697,"cmc":250.5697,"pe":19.684,"pe_lyr":17.3577,"pb":1.3658,"ps":1.997,"pcf":14.9563,"iop":0.3327}