{"code":"600269","atr10":0.057,"close":5.33,"close_count":60,"l_pvalue":0.0000023403,"l_slop":-6.7165798609,"l_stderror":1.0106018071,"ma120":5.3163333333,"ma250":5.13316,"ma42":5.4854761905,"max10":5.48,"min10":5.28,"name":"赣粤高速","stat_date":"2017-06-30","mc":124.4772,"cmc":124.4772,"pe":14.0165,"pe_lyr":11.998,"pb":0.8863,"ps":2.8165,"pcf":214.3309,"iop":-72.5373}