{"code":"600243","atr10":0.234,"close":8.36,"close_count":60,"l_pvalue":0.0,"l_slop":18.533653063,"l_stderror":1.2679402652,"ma120":9.0636666667,"ma250":10.09696,"ma42":8.3061904762,"max10":8.9,"min10":8.34,"name":"青海华鼎","stat_date":"2017-06-30","mc":36.6879,"cmc":19.8007,"pe":175.1965,"pe_lyr":-55.5439,"pb":2.0626,"ps":3.6528,"pcf":-16.7951,"iop":60.844}