{"code":"600216","atr10":0.252,"close":10.57,"close_count":60,"l_pvalue":0.0,"l_slop":9.5019486169,"l_stderror":0.707597171,"ma120":10.0559166667,"ma250":11.50624,"ma42":10.4183333333,"max10":10.8,"min10":10.34,"name":"浙江医药","stat_date":"2017-06-30","mc":101.773,"cmc":98.9462,"pe":29.2319,"pe_lyr":22.6111,"pb":1.4908,"ps":1.987,"pcf":106.2862,"iop":-52.7479}