{"code":"600291","atr10":1.004,"close":27.87,"close_count":60,"l_pvalue":0.0002362057,"l_slop":-10.6608864104,"l_stderror":2.3604600848,"ma120":24.0109166667,"ma250":21.21392,"ma42":30.2961904762,"max10":31.02,"min10":27.29,"name":"西水股份","stat_date":"2017-06-30","mc":304.637,"cmc":272.8169,"pe":12.7694,"pe_lyr":846.3162,"pb":2.4685,"ps":0.9488,"pcf":-16.2971,"iop":-674.7142}