{"code":"600295","atr10":0.824,"close":15.15,"close_count":60,"l_pvalue":0.701678842,"l_slop":-3.3778455081,"l_stderror":8.6857864244,"ma120":12.6913333333,"ma250":11.3528,"ma42":16.6276190476,"max10":17.36,"min10":14.53,"name":"鄂尔多斯","stat_date":"2017-06-30","mc":123.1597,"cmc":92.718,"pe":48.488,"pe_lyr":58.8589,"pb":2.1311,"ps":0.8204,"pcf":11.9413,"iop":132.459}