{"code":"600271","atr10":0.25,"close":18.85,"close_count":60,"l_pvalue":0.5842484841,"l_slop":1.1468008742,"l_stderror":2.0600958164,"ma120":19.3794166667,"ma250":20.31052,"ma42":19.4088095238,"max10":19.71,"min10":18.85,"name":"航天信息","stat_date":"2017-06-30","mc":351.1476,"cmc":348.124,"pe":23.4132,"pe_lyr":22.8621,"pb":3.8588,"ps":1.2427,"pcf":-18.0492,"iop":1.1574}