{"code":"600234","atr10":0.462,"close":15.68,"close_count":60,"l_pvalue":0.0000000515,"l_slop":10.711105497,"l_stderror":1.2381734608,"ma120":14.4130833333,"ma250":16.3898,"ma42":15.3883333333,"max10":15.8,"min10":15.16,"name":"ST山水","stat_date":"2017-06-30","mc":31.7435,"cmc":31.7435,"pe":5246.4697,"pe_lyr":222.4534,"pb":37.2679,"ps":155.9299,"pcf":-643.6582,"iop":-145.1693}