{"code":"600247","atr10":0.236,"close":8.63,"close_count":60,"l_pvalue":0.0015254223,"l_slop":10.1126807412,"l_stderror":2.7343660317,"ma120":10.3161666667,"ma250":12.54712,"ma42":9.0066666667,"max10":9.42,"min10":8.58,"name":"ST成城","stat_date":"2017-06-30","mc":29.0349,"cmc":29.0349,"pe":-5.5548,"pe_lyr":-13.5375,"pb":-11.3885,"ps":3.5477,"pcf":7160.2881,"iop":100.6899}