{"code":"600238","atr10":0.444,"close":9.97,"close_count":60,"l_pvalue":0.0,"l_slop":27.8219177982,"l_stderror":2.0903444434,"ma120":9.9350833333,"ma250":11.39324,"ma42":9.7078571429,"max10":10.78,"min10":9.82,"name":"海南椰岛","stat_date":"2017-06-30","mc":44.6855,"cmc":44.3667,"pe":1574.6108,"pe_lyr":-126.7672,"pb":5.2138,"ps":4.55,"pcf":37.6521,"iop":172.0438}