{"code":"600203","atr10":0.237,"close":8.91,"close_count":60,"l_pvalue":0.0,"l_slop":30.4155232986,"l_stderror":1.6489728964,"ma120":8.5550833333,"ma250":10.23376,"ma42":8.4785714286,"max10":9.17,"min10":8.77,"name":"福日电子","stat_date":"2017-06-30","mc":40.6694,"cmc":27.0125,"pe":85.052,"pe_lyr":63.783,"pb":1.8521,"ps":0.5118,"pcf":-108.5404,"iop":69.133}