{"code":"600250","atr10":0.23,"close":13.72,"close_count":60,"l_pvalue":0.0000009328,"l_slop":-3.7958634242,"l_stderror":0.534309249,"ma120":13.4820833333,"ma250":14.5124,"ma42":13.8235714286,"max10":13.92,"min10":13.65,"name":"南纺股份","stat_date":"2017-06-30","mc":35.4926,"cmc":35.4926,"pe":315.9305,"pe_lyr":206.4465,"pb":10.8832,"ps":4.7902,"pcf":55.6816,"iop":341.9336}