{"code":"600210","atr10":0.125,"close":6.13,"close_count":60,"l_pvalue":0.1191578241,"l_slop":4.0498552834,"l_stderror":2.4816336345,"ma120":5.8925,"ma250":5.64656,"ma42":6.3192857143,"max10":6.42,"min10":5.99,"name":"紫江企业","stat_date":"2017-06-30","mc":92.9759,"cmc":88.0719,"pe":15.1909,"pe_lyr":41.5283,"pb":2.2431,"ps":1.1215,"pcf":10.9637,"iop":2.4555}