{"code":"600248","atr10":0.124,"close":5.54,"close_count":60,"l_pvalue":0.0,"l_slop":-2.3331841436,"l_stderror":0.1297030034,"ma120":6.7841666667,"ma250":7.00512,"ma42":6.0721428571,"max10":5.54,"min10":5.54,"name":"延长化建","stat_date":"2017-06-30","mc":34.1151,"cmc":33.6614,"pe":26.2451,"pe_lyr":27.7773,"pb":1.7226,"ps":0.8637,"pcf":-11.8549,"iop":21.7797}