{"code":"600289","atr10":0.258,"close":11.59,"close_count":60,"l_pvalue":0.0000000506,"l_slop":6.7028527528,"l_stderror":0.7739369202,"ma120":12.2835,"ma250":13.35336,"ma42":11.4302380952,"max10":11.95,"min10":11.29,"name":"亿阳信通","stat_date":"2017-06-30","mc":73.1389,"cmc":65.5904,"pe":53.411,"pe_lyr":56.3402,"pb":2.2759,"ps":5.2914,"pcf":7.673,"iop":34.8601}