{"code":"600230","atr10":2.668,"close":55.15,"close_count":60,"l_pvalue":0.0000000002,"l_slop":74.0550129903,"l_stderror":6.0910003236,"ma120":38.5101666667,"ma250":29.8252,"ma42":53.2038095238,"max10":59.52,"min10":53.24,"name":"沧州大化","stat_date":"2017-06-30","mc":162.2448,"cmc":162.2448,"pe":15.4553,"pe_lyr":43.7242,"pb":7.6127,"ps":4.1738,"pcf":205.802,"iop":1038.8003}