{"code":"600292","atr10":0.138,"close":10.39,"close_count":60,"l_pvalue":0.1933875672,"l_slop":1.2563427957,"l_stderror":0.9317337658,"ma120":10.9075833333,"ma250":11.69636,"ma42":10.540952381,"max10":10.72,"min10":10.32,"name":"远达环保","stat_date":"2017-06-30","mc":81.1269,"cmc":81.1269,"pe":65.7683,"pe_lyr":53.5218,"pb":1.6778,"ps":2.6493,"pcf":311.9106,"iop":380.3175}