{"code":"600236","atr10":0.137,"close":5.99,"close_count":60,"l_pvalue":0.0,"l_slop":43.6040946743,"l_stderror":2.7899524094,"ma120":5.7464166667,"ma250":6.06268,"ma42":5.7661904762,"max10":6.17,"min10":5.93,"name":"桂冠电力","stat_date":"2017-06-30","mc":363.1957,"cmc":215.9078,"pe":24.0002,"pe_lyr":13.9984,"pb":2.9481,"ps":5.0244,"pcf":65.6299,"iop":-49.4677}