{"code":"600275","atr10":0.379,"close":8.22,"close_count":60,"l_pvalue":1.810850298e-16,"l_slop":117.602905609,"l_stderror":4.4375410389,"ma120":7.03075,"ma250":11.36504,"ma42":7.215,"max10":8.92,"min10":8.22,"name":"*ST昌鱼","stat_date":"2017-06-30","mc":41.8264,"cmc":41.8264,"pe":-100.2758,"pe_lyr":-101.631,"pb":32.7948,"ps":282.5756,"pcf":-836.6432,"iop":11.3885}