{"code":"600201","atr10":0.489,"close":33.22,"close_count":60,"l_pvalue":0.0000037947,"l_slop":-5.9623495522,"l_stderror":0.930043306,"ma120":33.5865833333,"ma250":32.7264,"ma42":33.4545238095,"max10":33.92,"min10":32.76,"name":"生物股份","stat_date":"2017-06-30","mc":213.3563,"cmc":203.6892,"pe":28.523,"pe_lyr":33.102,"pb":4.9168,"ps":12.9267,"pcf":24.8638,"iop":39.2992}