{"code":"600283","atr10":0.251,"close":11.13,"close_count":60,"l_pvalue":0.0,"l_slop":8.4291076612,"l_stderror":0.5992815792,"ma120":11.27575,"ma250":12.02516,"ma42":10.9076190476,"max10":11.4,"min10":10.78,"name":"钱江水利","stat_date":"2017-06-30","mc":39.2884,"cmc":37.3875,"pe":41.6504,"pe_lyr":66.649,"pb":2.2174,"ps":4.4977,"pcf":-64.9246,"iop":364.6548}