{"code":"600279","atr10":0.087,"close":6.7,"close_count":60,"l_pvalue":0.0000008771,"l_slop":-6.7836220671,"l_stderror":0.9506930576,"ma120":6.9969166667,"ma250":7.19568,"ma42":6.9354761905,"max10":6.88,"min10":6.68,"name":"重庆港九","stat_date":"2017-06-30","mc":46.4282,"cmc":46.4282,"pe":43.5445,"pe_lyr":59.1741,"pb":1.4138,"ps":0.9824,"pcf":64.4426,"iop":153.6278}