{"code":"600252","atr10":0.069,"close":4.36,"close_count":60,"l_pvalue":0.0,"l_slop":18.3057645439,"l_stderror":1.089905515,"ma120":4.1593333333,"ma250":4.39928,"ma42":4.2407142857,"max10":4.42,"min10":4.33,"name":"中恒集团","stat_date":"2017-06-30","mc":151.5147,"cmc":142.8006,"pe":25.4155,"pe_lyr":30.962,"pb":2.7927,"ps":8.0611,"pcf":-36.033,"iop":59.3281}