{"code":"600228","atr10":0.436,"close":11.78,"close_count":60,"l_pvalue":0.0098717059,"l_slop":8.2232288907,"l_stderror":2.8684060582,"ma120":13.6630833333,"ma250":13.56932,"ma42":10.89,"max10":11.78,"min10":10.21,"name":"*ST昌九","stat_date":"2017-06-30","mc":28.4275,"cmc":28.4275,"pe":-79.9877,"pe_lyr":-76.6431,"pb":242.6679,"ps":5.8277,"pcf":-100.3061,"iop":28.1818}