{"code":"600262","atr10":0.473,"close":26.42,"close_count":60,"l_pvalue":0.0000000022,"l_slop":-8.2208167422,"l_stderror":0.7786051342,"ma120":27.5554166667,"ma250":29.80936,"ma42":27.1142857143,"max10":27.3,"min10":26.42,"name":"北方股份","stat_date":"2017-06-30","mc":44.914,"cmc":44.914,"pe":97.4935,"pe_lyr":258.5594,"pb":4.3344,"ps":5.1599,"pcf":-21.0416,"iop":2572.1133}