{"code":"600202","atr10":0.195,"close":10.41,"close_count":60,"l_pvalue":0.0003962746,"l_slop":-7.0125619779,"l_stderror":1.6350492929,"ma120":12.4674166667,"ma250":12.44876,"ma42":10.8197619048,"max10":10.9,"min10":10.22,"name":"哈空调","stat_date":"2017-06-30","mc":39.9058,"cmc":39.9058,"pe":-23.5766,"pe_lyr":-22.0256,"pb":6.1368,"ps":19.2394,"pcf":-27.4658,"iop":54.1398}