{"code":"600233","atr10":1.115,"close":21.23,"close_count":60,"l_pvalue":0.00002876,"l_slop":26.1668930042,"l_stderror":4.7925246427,"ma120":19.471,"ma250":23.11668,"ma42":18.8869047619,"max10":22.09,"min10":18.39,"name":"圆通速递","stat_date":"2017-06-30","mc":598.947,"cmc":166.309,"pe":42.4098,"pe_lyr":43.6571,"pb":7.0668,"ps":3.4026,"pcf":31.5779,"iop":7.7774}