{"code":"600211","atr10":1.284,"close":41.08,"close_count":60,"l_pvalue":0.000013993,"l_slop":14.5192557274,"l_stderror":2.5066626046,"ma120":44.3414166667,"ma250":48.4162,"ma42":39.829047619,"max10":42.22,"min10":40.73,"name":"西藏药业","stat_date":"2017-06-30","mc":74.3624,"cmc":60.2738,"pe":38.1827,"pe_lyr":37.5019,"pb":3.8223,"ps":7.5879,"pcf":-152.2975,"iop":-61.9244}