{"code":"600297","atr10":0.299,"close":8.37,"close_count":60,"l_pvalue":1.076759462e-19,"l_slop":46.3030374049,"l_stderror":1.1736688698,"ma120":7.4874166667,"ma250":7.14432,"ma42":7.8133333333,"max10":8.6,"min10":8.22,"name":"广汇汽车","stat_date":"2017-06-30","mc":598.4986,"cmc":200.1917,"pe":17.4741,"pe_lyr":21.3528,"pb":2.4388,"ps":0.3938,"pcf":15.2363,"iop":68.069}