{"code":"600265","atr10":0.544,"close":24.37,"close_count":60,"l_pvalue":0.1305160353,"l_slop":3.8470015798,"l_stderror":2.4341721349,"ma120":28.6226666667,"ma250":29.42244,"ma42":25.6935714286,"max10":26.54,"min10":24.37,"name":"ST景谷","stat_date":"2017-06-30","mc":31.6323,"cmc":31.6323,"pe":82.6344,"pe_lyr":93.8378,"pb":193.4141,"ps":49.9955,"pcf":-2428.5647,"iop":-12.2859}