{"code":"600278","atr10":0.168,"close":13.16,"close_count":60,"l_pvalue":0.2178469532,"l_slop":-1.911086621,"l_stderror":1.4994559913,"ma120":12.9271666667,"ma250":15.45496,"ma42":13.2,"max10":13.44,"min10":13.02,"name":"东方创业","stat_date":"2017-06-30","mc":68.727,"cmc":68.727,"pe":44.4385,"pe_lyr":46.1685,"pb":1.7632,"ps":0.4276,"pcf":12.0352,"iop":4.8436}