{"code":"600258","atr10":0.904,"close":28.71,"close_count":60,"l_pvalue":0.0,"l_slop":39.2806028044,"l_stderror":2.1784937562,"ma120":24.9431666667,"ma250":22.77372,"ma42":28.4971428571,"max10":30.97,"min10":28.71,"name":"首旅酒店","stat_date":"2017-06-30","mc":234.1997,"cmc":79.7219,"pe":53.5056,"pe_lyr":111.0275,"pb":3.3698,"ps":2.862,"pcf":84.4732,"iop":176.5305}