{"code":"600235","atr10":0.189,"close":8.68,"close_count":60,"l_pvalue":0.000000031,"l_slop":25.3068631055,"l_stderror":2.8307888728,"ma120":8.2536666667,"ma250":9.79692,"ma42":8.5045238095,"max10":8.85,"min10":8.52,"name":"民丰特纸","stat_date":"2017-06-30","mc":30.4928,"cmc":30.4928,"pe":145.8587,"pe_lyr":242.958,"pb":2.3994,"ps":2.0119,"pcf":62.3772,"iop":-10.5915}