{"code":"600208","atr10":0.102,"close":4.35,"close_count":60,"l_pvalue":0.0000000011,"l_slop":12.6051185839,"l_stderror":1.1459194865,"ma120":4.59625,"ma250":4.5658,"ma42":4.3726190476,"max10":4.59,"min10":4.35,"name":"新湖中宝","stat_date":"2017-06-30","mc":374.0714,"cmc":374.0205,"pe":6.2314,"pe_lyr":6.407,"pb":1.27,"ps":2.7552,"pcf":5.6157,"iop":608.9577}