{"code":"600231","atr10":0.357,"close":6.05,"close_count":60,"l_pvalue":0.0000000038,"l_slop":103.361892624,"l_stderror":10.1249076293,"ma120":3.91175,"ma250":3.4156,"ma42":5.2919047619,"max10":6.38,"min10":5.4,"name":"凌钢股份","stat_date":"2017-06-30","mc":152.4096,"cmc":97.2843,"pe":24.6312,"pe_lyr":113.7909,"pb":2.7282,"ps":0.9114,"pcf":35.6154,"iop":388.4357}