{"code":"600288","atr10":0.326,"close":11.54,"close_count":60,"l_pvalue":0.0,"l_slop":28.9735048243,"l_stderror":2.0494713238,"ma120":10.9704166667,"ma250":12.7258,"ma42":11.2204761905,"max10":11.82,"min10":11.49,"name":"大恒科技","stat_date":"2017-06-30","mc":50.4067,"cmc":50.4067,"pe":155.6907,"pe_lyr":171.6108,"pb":3.3962,"ps":1.7919,"pcf":70.5626,"iop":-31.3276}