{"code":"600215","atr10":0.128,"close":10.01,"close_count":60,"l_pvalue":0.0000001679,"l_slop":-9.2479431205,"l_stderror":1.1561522333,"ma120":10.6911666667,"ma250":10.37836,"ma42":10.1666666667,"max10":10.14,"min10":9.96,"name":"长春经开","stat_date":"2017-06-30","mc":46.5498,"cmc":46.5498,"pe":-1028.5408,"pe_lyr":603.2365,"pb":1.9101,"ps":14.3501,"pcf":97.7843,"iop":-59.241}