{"code":"600220","atr10":0.159,"close":3.63,"close_count":60,"l_pvalue":0.0,"l_slop":31.8746571562,"l_stderror":1.4833530312,"ma120":3.5805833333,"ma250":3.99776,"ma42":3.5178571429,"max10":3.9,"min10":3.61,"name":"江苏阳光","stat_date":"2017-06-30","mc":64.7353,"cmc":64.7353,"pe":62.0688,"pe_lyr":42.3437,"pb":3.2545,"ps":3.136,"pcf":319.8965,"iop":-28.0913}