{"code":"600339","atr10":0.151,"close":6.99,"close_count":60,"l_pvalue":0.9331953631,"l_slop":-0.1829673709,"l_stderror":2.1540011011,"ma120":7.19575,"ma250":7.01472,"ma42":7.0880952381,"max10":7.17,"min10":6.83,"name":"中油工程","stat_date":"2017-06-30","mc":390.262,"cmc":40.413,"pe":22.4345,"pe_lyr":30.3107,"pb":1.7046,"ps":0.7523,"pcf":-36.2428,"iop":72.2084}