{"code":"600360","atr10":0.443,"close":8.81,"close_count":60,"l_pvalue":4.187177767e-18,"l_slop":75.7689271222,"l_stderror":2.3350186687,"ma120":7.5695,"ma250":8.5044,"ma42":7.8702380952,"max10":9.38,"min10":8.52,"name":"华微电子","stat_date":"2017-06-30","mc":65.0423,"cmc":65.0423,"pe":132.9937,"pe_lyr":160.1291,"pb":3.171,"ps":4.415,"pcf":26.1397,"iop":118.5513}