{"code":"600359","atr10":0.205,"close":7.71,"close_count":60,"l_pvalue":0.0,"l_slop":23.7430219792,"l_stderror":1.510699316,"ma120":7.7261666667,"ma250":8.72272,"ma42":7.7133333333,"max10":8.25,"min10":7.69,"name":"新农开发","stat_date":"2017-06-30","mc":29.4146,"cmc":29.4146,"pe":-64.5081,"pe_lyr":-19.423,"pb":4.1828,"ps":1.5783,"pcf":668.577,"iop":-126.0155}