{"code":"600382","atr10":0.212,"close":14.23,"close_count":60,"l_pvalue":0.591380925,"l_slop":0.3184039306,"l_stderror":0.5830956066,"ma120":14.7698333333,"ma250":16.2074,"ma42":14.5230952381,"max10":14.5,"min10":14.23,"name":"广东明珠","stat_date":"2017-06-30","mc":66.4292,"cmc":48.6305,"pe":29.8768,"pe_lyr":37.4877,"pb":1.3464,"ps":16.7963,"pcf":14.546,"iop":24.5903}