{"code":"600305","atr10":0.317,"close":11.07,"close_count":60,"l_pvalue":5.20385396e-21,"l_slop":33.8704897385,"l_stderror":0.7308315952,"ma120":10.24425,"ma250":10.87716,"ma42":10.4935714286,"max10":11.31,"min10":10.62,"name":"恒顺醋业","stat_date":"2017-06-30","mc":66.7231,"cmc":66.7231,"pe":35.433,"pe_lyr":39.1542,"pb":4.1337,"ps":4.4881,"pcf":-91.8145,"iop":37.9832}