{"code":"600366","atr10":1.025,"close":21.04,"close_count":60,"l_pvalue":0.0,"l_slop":56.6133961337,"l_stderror":2.9360366278,"ma120":18.50975,"ma250":19.50588,"ma42":20.225,"max10":22.69,"min10":20.7,"name":"宁波韵升","stat_date":"2017-06-30","mc":117.2079,"cmc":112.6196,"pe":53.433,"pe_lyr":14.6561,"pb":2.6387,"ps":7.1528,"pcf":31.1071,"iop":-0.2733}