{"code":"600328","atr10":0.63,"close":12.59,"close_count":60,"l_pvalue":0.0,"l_slop":-0.3008605319,"l_stderror":0.0167250042,"ma120":11.98225,"ma250":12.83508,"ma42":11.3911904762,"max10":12.59,"min10":12.59,"name":"兰太实业","stat_date":"2017-06-30","mc":55.1481,"cmc":55.1481,"pe":35.1069,"pe_lyr":66.2205,"pb":2.6188,"ps":1.8579,"pcf":-14.2403,"iop":234.6496}