{"code":"600370","atr10":0.043,"close":3.98,"close_count":60,"l_pvalue":0.0000137588,"l_slop":-3.9784522377,"l_stderror":0.6859253579,"ma120":4.3375833333,"ma250":5.54456,"ma42":4.05,"max10":4.05,"min10":3.95,"name":"三房巷","stat_date":"2017-06-30","mc":31.7303,"cmc":31.7303,"pe":73.9619,"pe_lyr":68.1837,"pb":2.5276,"ps":3.0979,"pcf":43.513,"iop":-7.9254}