{"code":"600322","atr10":0.279,"close":6.63,"close_count":60,"l_pvalue":0.0,"l_slop":39.1298455015,"l_stderror":2.03648401,"ma120":5.5009166667,"ma250":5.9848,"ma42":5.6126190476,"max10":6.63,"min10":5.73,"name":"天房发展","stat_date":"2017-06-30","mc":73.3079,"cmc":73.3079,"pe":-64.2262,"pe_lyr":-19.4571,"pb":1.69,"ps":1.6356,"pcf":103.9033,"iop":267.305}