{"code":"600365","atr10":0.19,"close":8.38,"close_count":60,"l_pvalue":0.0000130989,"l_slop":-5.2409463973,"l_stderror":0.9000379613,"ma120":9.20875,"ma250":10.54772,"ma42":8.4383333333,"max10":8.52,"min10":8.25,"name":"通葡股份","stat_date":"2017-06-30","mc":33.52,"cmc":33.52,"pe":3748.791,"pe_lyr":1618.7791,"pb":4.9556,"ps":4.0283,"pcf":1736.9034,"iop":-21.3646}