{"code":"600372","atr10":0.318,"close":16.28,"close_count":60,"l_pvalue":0.2347457017,"l_slop":-1.2567543104,"l_stderror":1.0241032697,"ma120":16.7901666667,"ma250":18.15896,"ma42":16.640952381,"max10":16.64,"min10":16.27,"name":"中航电子","stat_date":"2017-06-30","mc":286.3917,"cmc":286.3917,"pe":59.873,"pe_lyr":62.2031,"pb":4.7732,"ps":3.9713,"pcf":-261.8944,"iop":96.344}