{"code":"600323","atr10":0.235,"close":14.46,"close_count":60,"l_pvalue":0.0000000002,"l_slop":14.8800634485,"l_stderror":1.205852954,"ma120":14.1913333333,"ma250":14.40628,"ma42":14.3083333333,"max10":14.89,"min10":14.39,"name":"瀚蓝环境","stat_date":"2017-06-30","mc":110.8018,"cmc":90.9115,"pe":19.7508,"pe_lyr":21.787,"pb":2.2928,"ps":2.8208,"pcf":-62.7089,"iop":17.6518}