{"code":"600386","atr10":0.2,"close":6.8,"close_count":60,"l_pvalue":0.0000000012,"l_slop":28.9192386431,"l_stderror":2.6444729617,"ma120":6.60175,"ma250":6.91196,"ma42":6.6554761905,"max10":7.24,"min10":6.73,"name":"北巴传媒","stat_date":"2017-06-30","mc":54.8352,"cmc":54.8352,"pe":48.8967,"pe_lyr":46.5754,"pb":3.1285,"ps":1.4617,"pcf":-1208.9628,"iop":2.7814}