{"code":"600301","atr10":0.177,"close":9.2,"close_count":60,"l_pvalue":0.0000004587,"l_slop":13.3135024705,"l_stderror":1.782787995,"ma120":9.4715,"ma250":11.06616,"ma42":9.2978571429,"max10":9.59,"min10":9.09,"name":"ST南化","stat_date":"2017-06-30","mc":21.6336,"cmc":21.6336,"pe":191.5707,"pe_lyr":359.7073,"pb":8.3305,"ps":40.2485,"pcf":-30.0411,"iop":-77.892}