{"code":"600371","atr10":0.524,"close":12.36,"close_count":60,"l_pvalue":0.0000000014,"l_slop":33.3213215675,"l_stderror":3.0761918389,"ma120":11.9116666667,"ma250":14.36044,"ma42":11.9171428571,"max10":13.48,"min10":12.19,"name":"万向德农","stat_date":"2017-06-30","mc":27.8174,"cmc":27.8174,"pe":53.1626,"pe_lyr":50.6608,"pb":6.3555,"ps":9.2844,"pcf":30.9475,"iop":-17.0455}