{"code":"600387","atr10":0.297,"close":11.8,"close_count":60,"l_pvalue":0.9589940821,"l_slop":0.0708085144,"l_stderror":1.3591283743,"ma120":13.238,"ma250":12.82044,"ma42":12.0788095238,"max10":12.34,"min10":11.67,"name":"海越股份","stat_date":"2017-06-30","mc":45.5598,"cmc":45.5138,"pe":43.9878,"pe_lyr":113.8258,"pb":4.0696,"ps":0.4333,"pcf":-20.5184,"iop":-8.0625}