{"code":"600396","atr10":0.044,"close":3.91,"close_count":60,"l_pvalue":0.000033619,"l_slop":6.4311098233,"l_stderror":1.1934481062,"ma120":3.9839166667,"ma250":4.64216,"ma42":3.9673809524,"max10":4.05,"min10":3.9,"name":"金山股份","stat_date":"2017-06-30","mc":57.5828,"cmc":45.5376,"pe":-20.2849,"pe_lyr":268.5455,"pb":1.6495,"ps":0.8512,"pcf":-16.4227,"iop":-152.909}