{"code":"600312","atr10":0.126,"close":11.68,"close_count":60,"l_pvalue":0.0,"l_slop":-12.0639091366,"l_stderror":0.8386779879,"ma120":13.31025,"ma250":14.68616,"ma42":12.2542857143,"max10":12.15,"min10":11.65,"name":"平高电气","stat_date":"2017-06-30","mc":158.4884,"cmc":132.8583,"pe":15.4092,"pe_lyr":12.9919,"pb":1.8508,"ps":1.6705,"pcf":95.1706,"iop":-42.5974}