{"code":"600343","atr10":0.213,"close":16.68,"close_count":60,"l_pvalue":0.0,"l_slop":-14.8708098707,"l_stderror":0.6339325116,"ma120":17.8129166667,"ma250":20.80764,"ma42":17.3645238095,"max10":17.13,"min10":16.63,"name":"航天动力","stat_date":"2017-06-30","mc":106.4528,"cmc":106.4528,"pe":371.2143,"pe_lyr":358.9384,"pb":4.8233,"ps":5.7805,"pcf":-174.3228,"iop":1.123}