{"code":"600395","atr10":0.225,"close":8.13,"close_count":60,"l_pvalue":0.0035223199,"l_slop":10.6269168301,"l_stderror":3.1916502795,"ma120":7.5388333333,"ma250":7.969,"ma42":8.2909523809,"max10":8.51,"min10":7.97,"name":"盘江股份","stat_date":"2017-06-30","mc":134.5557,"cmc":134.5557,"pe":20.4847,"pe_lyr":68.6429,"pb":2.2462,"ps":2.5484,"pcf":46.8612,"iop":227.198}