{"code":"600385","atr10":0.324,"close":14.05,"close_count":60,"l_pvalue":0.4437493828,"l_slop":-2.1076911767,"l_stderror":2.6946445349,"ma120":14.76175,"ma250":18.41548,"ma42":14.8785714286,"max10":15.0,"min10":14.05,"name":"山东金泰","stat_date":"2017-06-30","mc":20.8091,"cmc":20.0597,"pe":-593.7971,"pe_lyr":891.9458,"pb":28.8549,"ps":223.5638,"pcf":74.4009,"iop":-70.2774}