{"code":"600310","atr10":0.111,"close":6.66,"close_count":60,"l_pvalue":0.0001095357,"l_slop":10.1954285961,"l_stderror":2.0991801663,"ma120":6.9619166667,"ma250":8.68592,"ma42":6.6416666667,"max10":6.86,"min10":6.57,"name":"桂东电力","stat_date":"2017-06-30","mc":55.1298,"cmc":55.1298,"pe":54.0404,"pe_lyr":26.3275,"pb":2.4259,"ps":0.7817,"pcf":-3.9578,"iop":-15.7159}