{"code":"600377","atr10":0.122,"close":9.82,"close_count":60,"l_pvalue":0.0000000016,"l_slop":10.5332087936,"l_stderror":0.9780019434,"ma120":9.392,"ma250":8.96064,"ma42":9.7245238095,"max10":9.95,"min10":9.76,"name":"宁沪高速","stat_date":"2017-06-30","mc":499.9854,"cmc":372.9618,"pe":13.4216,"pe_lyr":14.7847,"pb":2.49,"ps":5.0455,"pcf":771.8502,"iop":25.5769}