{"code":"600300","atr10":0.094,"close":5.15,"close_count":60,"l_pvalue":0.0000000003,"l_slop":-11.6499833454,"l_stderror":0.9719680863,"ma120":5.4720833333,"ma250":6.17168,"ma42":5.4433333333,"max10":5.46,"min10":5.15,"name":"维维股份","stat_date":"2017-06-30","mc":86.108,"cmc":86.108,"pe":94.5124,"pe_lyr":122.7916,"pb":3.1531,"ps":1.907,"pcf":26.1724,"iop":-67.6446}