{"code":"600389","atr10":0.975,"close":21.05,"close_count":60,"l_pvalue":0.0,"l_slop":10.441395509,"l_stderror":0.5804429798,"ma120":17.7090833333,"ma250":18.18032,"ma42":16.6126190476,"max10":21.05,"min10":21.05,"name":"江山股份","stat_date":"2017-06-30","mc":62.5185,"cmc":62.5185,"pe":54.4875,"pe_lyr":119.3548,"pb":4.396,"ps":1.9257,"pcf":25.7164,"iop":612.1704}