{"code":"600329","atr10":0.301,"close":17.07,"close_count":60,"l_pvalue":0.0211125589,"l_slop":-4.4189351338,"l_stderror":1.7578083724,"ma120":17.4346666667,"ma250":17.64104,"ma42":17.4211904762,"max10":17.48,"min10":16.95,"name":"中新药业","stat_date":"2017-06-30","mc":107.9779,"cmc":96.5766,"pe":29.7366,"pe_lyr":31.07,"pb":3.1404,"ps":2.229,"pcf":141.4754,"iop":10.2521}