{"code":"600346","atr10":0.321,"close":8.82,"close_count":60,"l_pvalue":0.0034887081,"l_slop":-17.4327335712,"l_stderror":5.2290096372,"ma120":8.46225,"ma250":7.51292,"ma42":9.634047619,"max10":10.06,"min10":8.65,"name":"恒力股份","stat_date":"2017-06-30","mc":249.2256,"cmc":81.0875,"pe":18.8974,"pe_lyr":21.1238,"pb":4.155,"ps":1.192,"pcf":-37.4902,"iop":-12.4216}