{"code":"600303","atr10":0.444,"close":11.64,"close_count":60,"l_pvalue":0.0,"l_slop":21.8642864681,"l_stderror":1.2050101544,"ma120":10.4139166667,"ma250":10.46072,"ma42":10.9914285714,"max10":11.64,"min10":10.86,"name":"曙光股份","stat_date":"2017-06-30","mc":78.6403,"cmc":72.2057,"pe":21.0367,"pe_lyr":129.5778,"pb":2.4729,"ps":1.9273,"pcf":10.5972,"iop":-31.346}