{"code":"600316","atr10":0.481,"close":17.15,"close_count":60,"l_pvalue":0.0000009836,"l_slop":-6.9977298247,"l_stderror":0.9887364064,"ma120":17.54625,"ma250":18.87972,"ma42":18.024047619,"max10":18.25,"min10":17.0,"name":"洪都航空","stat_date":"2017-06-30","mc":122.9851,"cmc":122.9851,"pe":-248.6991,"pe_lyr":1113.9561,"pb":2.4816,"ps":3.6581,"pcf":-25.0165,"iop":-157.0959}