{"code":"600325","atr10":0.209,"close":7.82,"close_count":60,"l_pvalue":0.9772771413,"l_slop":0.0494925921,"l_stderror":1.7149128931,"ma120":8.0391666667,"ma250":7.56616,"ma42":7.9630952381,"max10":8.32,"min10":7.78,"name":"华发股份","stat_date":"2017-06-30","mc":165.6521,"cmc":149.6906,"pe":13.3287,"pe_lyr":16.2662,"pb":1.3467,"ps":1.0811,"pcf":-6.0808,"iop":-9.9666}