{"code":"600392","atr10":1.147,"close":20.73,"close_count":60,"l_pvalue":0.2010449459,"l_slop":11.1273404576,"l_stderror":8.4010852716,"ma120":16.85375,"ma250":15.1286,"ma42":23.6264285714,"max10":23.79,"min10":20.3,"name":"盛和资源","stat_date":"2017-06-30","mc":279.8816,"cmc":195.0775,"pe":224.2079,"pe_lyr":-851.9391,"pb":5.8062,"ps":8.7998,"pcf":169.6663,"iop":1792.1412}