{"code":"600345","atr10":0.932,"close":24.97,"close_count":60,"l_pvalue":9.014829008e-20,"l_slop":46.3561213534,"l_stderror":1.1639527022,"ma120":20.1343333333,"ma250":21.57572,"ma42":21.174047619,"max10":24.97,"min10":22.36,"name":"长江通信","stat_date":"2017-06-30","mc":49.4406,"cmc":49.4406,"pe":31.2668,"pe_lyr":77.8205,"pb":3.5384,"ps":9.7882,"pcf":-48.6981,"iop":479.2839}