{"code":"600354","atr10":0.34,"close":8.54,"close_count":60,"l_pvalue":0.0000099123,"l_slop":13.5105588338,"l_stderror":2.2693513836,"ma120":8.0801666667,"ma250":8.32616,"ma42":8.8980952381,"max10":9.38,"min10":8.49,"name":"敦煌种业","stat_date":"2017-06-30","mc":45.0743,"cmc":38.2423,"pe":104.2952,"pe_lyr":-17.7431,"pb":4.1363,"ps":6.8015,"pcf":-58.9767,"iop":-53.5447}