{"code":"600318","atr10":0.609,"close":13.59,"close_count":60,"l_pvalue":2.651180502e-17,"l_slop":75.1968908669,"l_stderror":2.5584988237,"ma120":14.1623333333,"ma250":14.3934,"ma42":12.750952381,"max10":14.59,"min10":13.58,"name":"新力金融","stat_date":"2017-06-30","mc":65.7756,"cmc":65.7756,"pe":53.7231,"pe_lyr":40.4386,"pb":5.0099,"ps":9.3737,"pcf":-40.3223,"iop":52.5263}