{"code":"600350","atr10":0.067,"close":6.01,"close_count":60,"l_pvalue":1.709910103e-21,"l_slop":-16.8981950104,"l_stderror":0.3437118539,"ma120":6.1460833333,"ma250":6.28044,"ma42":6.1535714286,"max10":6.06,"min10":5.86,"name":"山东高速","stat_date":"2017-06-30","mc":289.1511,"cmc":289.1511,"pe":9.3468,"pe_lyr":9.3596,"pb":1.1898,"ps":3.2878,"pcf":-16.452,"iop":0.4395}