{"code":"600358","atr10":0.326,"close":7.0,"close_count":60,"l_pvalue":1.0,"l_slop":0.0,"l_stderror":0.0,"ma120":9.6575833333,"ma250":11.40692,"ma42":8.1771428571,"max10":7.0,"min10":7.0,"name":"国旅联合","stat_date":"2017-06-30","mc":35.3456,"cmc":30.24,"pe":-23.0838,"pe_lyr":-21.6706,"pb":7.5298,"ps":22.4389,"pcf":-19.6795,"iop":33.5824}