{"code":"600399","atr10":0.16,"close":6.78,"close_count":60,"l_pvalue":0.8413720928,"l_slop":-0.5387024703,"l_stderror":2.65504632,"ma120":6.76975,"ma250":7.01812,"ma42":6.9626190476,"max10":7.0,"min10":6.63,"name":"抚顺特钢","stat_date":"2017-06-30","mc":88.14,"cmc":76.5884,"pe":131.8906,"pe_lyr":79.236,"pb":4.3108,"ps":1.7429,"pcf":61.0133,"iop":-42.8153}