{"code":"600381","atr10":0.314,"close":12.82,"close_count":60,"l_pvalue":0.0,"l_slop":10.8112631733,"l_stderror":0.6989165789,"ma120":12.8939166667,"ma250":14.25772,"ma42":12.8797619048,"max10":13.4,"min10":12.82,"name":"青海春天","stat_date":"2017-06-30","mc":80.8627,"cmc":27.1669,"pe":29.3738,"pe_lyr":33.0104,"pb":3.8796,"ps":12.0576,"pcf":-19.2511,"iop":43.7876}