{"code":"600397","atr10":0.107,"close":4.52,"close_count":60,"l_pvalue":0.7013284776,"l_slop":0.8445393386,"l_stderror":2.1689605707,"ma120":4.5354166667,"ma250":4.92952,"ma42":4.7688095238,"max10":4.88,"min10":4.51,"name":"安源煤业","stat_date":"2017-06-30","mc":44.7462,"cmc":44.7462,"pe":-2.4552,"pe_lyr":-2.1762,"pb":3.0618,"ps":1.2538,"pcf":-23.2386,"iop":148.714}