{"code":"600331","atr10":0.247,"close":6.6,"close_count":60,"l_pvalue":4.54518481e-20,"l_slop":49.6143793439,"l_stderror":1.201187283,"ma120":5.77475,"ma250":5.97216,"ma42":6.0107142857,"max10":6.6,"min10":6.6,"name":"宏达股份","stat_date":"2017-06-30","mc":134.3152,"cmc":134.3152,"pe":58.8334,"pe_lyr":104.5701,"pb":2.7718,"ps":2.8396,"pcf":42.5498,"iop":113.6856}