{"code":"600332","atr10":0.433,"close":27.72,"close_count":60,"l_pvalue":0.0556344525,"l_slop":1.037680914,"l_stderror":0.5089767876,"ma120":27.4879166667,"ma250":26.21316,"ma42":27.2002380952,"max10":27.72,"min10":27.08,"name":"白云山","stat_date":"2017-06-30","mc":427.0691,"cmc":296.9309,"pe":24.5681,"pe_lyr":29.8846,"pb":2.5618,"ps":2.2207,"pcf":6.7617,"iop":103.7485}