{"code":"600337","atr10":0.188,"close":6.54,"close_count":60,"l_pvalue":4.162671336e-19,"l_slop":36.0161533324,"l_stderror":0.9811328191,"ma120":5.6790833333,"ma250":5.83916,"ma42":6.0130952381,"max10":6.54,"min10":6.15,"name":"美克家居","stat_date":"2017-06-30","mc":118.119,"cmc":97.0149,"pe":33.6671,"pe_lyr":35.707,"pb":2.4815,"ps":3.126,"pcf":-120.7985,"iop":22.0703}