{"code":"600352","atr10":0.181,"close":10.27,"close_count":60,"l_pvalue":0.0075121929,"l_slop":-7.8420940401,"l_stderror":2.6220208205,"ma120":9.9361666667,"ma250":9.58228,"ma42":10.8435714286,"max10":10.7,"min10":10.21,"name":"浙江龙盛","stat_date":"2017-06-30","mc":334.1172,"cmc":314.255,"pe":16.0965,"pe_lyr":16.467,"pb":2.0914,"ps":2.46,"pcf":1551.4727,"iop":-30.078}