{"code":"600356","atr10":0.212,"close":10.04,"close_count":60,"l_pvalue":0.000000003,"l_slop":18.844421117,"l_stderror":1.8207687381,"ma120":10.1073333333,"ma250":11.193,"ma42":10.0880952381,"max10":10.65,"min10":9.94,"name":"恒丰纸业","stat_date":"2017-06-30","mc":29.9926,"cmc":29.9926,"pe":29.3992,"pe_lyr":31.6812,"pb":1.4837,"ps":2.1545,"pcf":53.4798,"iop":41.2696}