{"code":"600390","atr10":0.789,"close":14.66,"close_count":60,"l_pvalue":0.0000000514,"l_slop":57.4438229853,"l_stderror":6.6397884451,"ma120":13.2986666667,"ma250":13.6904,"ma42":13.8538095238,"max10":16.29,"min10":14.24,"name":"五矿资本","stat_date":"2017-06-30","mc":549.5137,"cmc":66.1542,"pe":34.541,"pe_lyr":35.2918,"pb":1.8418,"ps":4.9031,"pcf":7.7814,"iop":51.9511}