{"code":"600380","atr10":0.173,"close":9.75,"close_count":60,"l_pvalue":0.0000000006,"l_slop":32.5388787074,"l_stderror":2.853074073,"ma120":9.0228333333,"ma250":9.49572,"ma42":9.4452380952,"max10":9.93,"min10":9.69,"name":"健康元","stat_date":"2017-06-30","mc":153.4434,"cmc":152.317,"pe":29.4462,"pe_lyr":33.9916,"pb":2.8598,"ps":1.4964,"pcf":8.4324,"iop":24.9436}