{"code":"600335","atr10":0.472,"close":13.71,"close_count":60,"l_pvalue":0.0,"l_slop":34.4213046183,"l_stderror":1.8981622312,"ma120":12.2186666667,"ma250":12.51428,"ma42":12.8266666667,"max10":13.77,"min10":13.27,"name":"国机汽车","stat_date":"2017-06-30","mc":141.1769,"cmc":141.1769,"pe":20.3629,"pe_lyr":22.9983,"pb":1.9263,"ps":0.2832,"pcf":18.9476,"iop":11.3717}