{"code":"600321","atr10":0.199,"close":4.94,"close_count":60,"l_pvalue":0.0,"l_slop":35.6318177122,"l_stderror":2.4609137641,"ma120":4.4731666667,"ma250":5.48536,"ma42":4.4888095238,"max10":5.07,"min10":4.62,"name":"国栋建设","stat_date":"2017-06-30","mc":74.6212,"cmc":58.3355,"pe":54.9225,"pe_lyr":1795.4619,"pb":2.7844,"ps":11.0704,"pcf":71.9641,"iop":111.6782}