{"code":"600315","atr10":0.57,"close":32.17,"close_count":60,"l_pvalue":0.0160826762,"l_slop":6.1219352151,"l_stderror":2.3173713398,"ma120":30.0526666667,"ma250":28.82628,"ma42":30.815,"max10":32.17,"min10":30.32,"name":"上海家化","stat_date":"2017-06-30","mc":216.6381,"cmc":215.9406,"pe":361.6227,"pe_lyr":100.2877,"pb":3.9937,"ps":4.4146,"pcf":-30.4914,"iop":-38.6047}