{"code":"600361","atr10":0.103,"close":5.73,"close_count":60,"l_pvalue":0.4460992467,"l_slop":-0.78414728,"l_stderror":1.0077879113,"ma120":5.9974166667,"ma250":6.5296,"ma42":5.8357142857,"max10":5.93,"min10":5.65,"name":"华联综超","stat_date":"2017-06-30","mc":38.1508,"cmc":38.1508,"pe":-31.5676,"pe_lyr":-14.6487,"pb":1.4174,"ps":0.318,"pcf":-2.0465,"iop":10965.5986}