{"code":"600320","atr10":0.073,"close":5.44,"close_count":60,"l_pvalue":0.0609749406,"l_slop":-0.6556660613,"l_stderror":0.3291972349,"ma120":5.36975,"ma250":5.20316,"ma42":5.5085714286,"max10":5.55,"min10":5.44,"name":"振华重工","stat_date":"2017-06-30","mc":207.8206,"cmc":150.5972,"pe":110.7972,"pe_lyr":112.4339,"pb":1.654,"ps":1.0311,"pcf":-214.7161,"iop":-8.0429}