{"code":"600326","atr10":0.47,"close":10.9,"close_count":60,"l_pvalue":0.0981753188,"l_slop":4.260233943,"l_stderror":2.4495304355,"ma120":10.1404166667,"ma250":8.70916,"ma42":11.530952381,"max10":12.31,"min10":10.69,"name":"西藏天路","stat_date":"2017-06-30","mc":94.3269,"cmc":94.3269,"pe":25.2036,"pe_lyr":37.2708,"pb":3.7973,"ps":3.4119,"pcf":15.1532,"iop":97.4717}