{"code":"600376","atr10":0.314,"close":11.42,"close_count":60,"l_pvalue":0.0096072222,"l_slop":3.2633659396,"l_stderror":1.1334218184,"ma120":11.3751666667,"ma250":11.57704,"ma42":11.1973809524,"max10":11.6,"min10":11.04,"name":"首开股份","stat_date":"2017-06-30","mc":294.5864,"cmc":290.7315,"pe":23.0264,"pe_lyr":15.493,"pb":1.4691,"ps":1.03,"pcf":-4.6562,"iop":-44.0038}