{"code":"600330","atr10":0.411,"close":10.9,"close_count":60,"l_pvalue":1.002772781e-18,"l_slop":37.0024733712,"l_stderror":1.0564290024,"ma120":9.2898333333,"ma250":10.4198,"ma42":9.9711904762,"max10":10.9,"min10":10.04,"name":"天通股份","stat_date":"2017-06-30","mc":90.5214,"cmc":89.3769,"pe":76.803,"pe_lyr":82.0448,"pb":2.4414,"ps":4.7712,"pcf":-32.1884,"iop":20.9284}