{"code":"600317","atr10":0.034,"close":3.43,"close_count":60,"l_pvalue":0.0001405653,"l_slop":-4.2427841928,"l_stderror":0.8939750557,"ma120":3.4915,"ma250":3.51116,"ma42":3.5152380952,"max10":3.53,"min10":3.41,"name":"营口港","stat_date":"2017-06-30","mc":222.0233,"cmc":222.0233,"pe":42.2543,"pe_lyr":45.1657,"pb":2.1111,"ps":5.7754,"pcf":43.9909,"iop":-21.1876}