{"code":"600398","atr10":0.206,"close":10.02,"close_count":60,"l_pvalue":4.198950977e-16,"l_slop":35.5006291516,"l_stderror":1.4018526133,"ma120":9.6343333333,"ma250":9.9722,"ma42":9.654047619,"max10":10.27,"min10":10.0,"name":"海澜之家","stat_date":"2017-06-30","mc":450.1743,"cmc":450.1743,"pe":13.9589,"pe_lyr":14.4164,"pb":4.6351,"ps":2.5739,"pcf":-96.5145,"iop":2.767}