{"code":"600368","atr10":0.103,"close":6.08,"close_count":60,"l_pvalue":0.702223385,"l_slop":0.5697162887,"l_stderror":1.467792444,"ma120":6.1636666667,"ma250":6.04044,"ma42":6.295,"max10":6.43,"min10":6.04,"name":"五洲交通","stat_date":"2017-06-30","mc":50.6951,"cmc":50.6951,"pe":16.4772,"pe_lyr":22.8194,"pb":1.6057,"ps":3.4195,"pcf":-4.802,"iop":120.8306}