{"code":"600307","atr10":0.201,"close":3.73,"close_count":60,"l_pvalue":0.0000000077,"l_slop":31.493225092,"l_stderror":3.2253650166,"ma120":3.0398333333,"ma250":2.98664,"ma42":3.3138095238,"max10":3.73,"min10":3.23,"name":"酒钢宏兴","stat_date":"2017-06-30","mc":233.6232,"cmc":233.6232,"pe":113.4914,"pe_lyr":283.4489,"pb":2.4472,"ps":0.6491,"pcf":43.0119,"iop":-84.7405}