{"code":"600362","atr10":0.463,"close":18.39,"close_count":60,"l_pvalue":0.7813258727,"l_slop":1.1480495192,"l_stderror":4.0774845245,"ma120":17.238,"ma250":17.3974,"ma42":19.0019047619,"max10":19.11,"min10":18.05,"name":"江西铜业","stat_date":"2017-06-30","mc":525.2929,"cmc":381.638,"pe":55.6458,"pe_lyr":80.8591,"pb":1.3704,"ps":0.3027,"pcf":-11.4849,"iop":31.8559}