{"code":"600393","atr10":0.15,"close":6.91,"close_count":60,"l_pvalue":0.0,"l_slop":-9.7439024692,"l_stderror":0.7079096902,"ma120":8.1065,"ma250":7.56968,"ma42":7.2121428571,"max10":7.3,"min10":6.91,"name":"粤泰股份","stat_date":"2017-06-30","mc":175.2547,"cmc":68.285,"pe":17.7147,"pe_lyr":120.7469,"pb":3.0727,"ps":4.1174,"pcf":203.6327,"iop":355.1018}