{"code":"600379","atr10":0.247,"close":12.03,"close_count":60,"l_pvalue":0.0,"l_slop":20.564014942,"l_stderror":1.2106816452,"ma120":13.0839166667,"ma250":17.61524,"ma42":11.614047619,"max10":12.15,"min10":11.85,"name":"宝光股份","stat_date":"2017-06-30","mc":28.3737,"cmc":28.3737,"pe":80.5517,"pe_lyr":78.5009,"pb":5.9925,"ps":3.8905,"pcf":-26.389,"iop":-8.5192}