{"code":"600306","atr10":0.3,"close":13.68,"close_count":60,"l_pvalue":8.537252326e-19,"l_slop":-16.3918815462,"l_stderror":0.4639877221,"ma120":14.183,"ma250":14.90936,"ma42":14.2569047619,"max10":14.2,"min10":13.51,"name":"商业城","stat_date":"2017-06-30","mc":24.3694,"cmc":24.2691,"pe":7.358,"pe_lyr":22.012,"pb":11.6488,"ps":2.6848,"pcf":2427.2341,"iop":36.1246}