{"code":"600378","atr10":0.344,"close":13.65,"close_count":60,"l_pvalue":0.0,"l_slop":39.0918243399,"l_stderror":2.4546810543,"ma120":12.342,"ma250":13.87944,"ma42":12.209047619,"max10":13.65,"min10":13.65,"name":"天科股份","stat_date":"2017-06-30","mc":40.5669,"cmc":40.5669,"pe":105.9813,"pe_lyr":149.6315,"pb":5.3341,"ps":9.7381,"pcf":-72.7915,"iop":22.8173}