{"code":"600308","atr10":0.251,"close":7.47,"close_count":60,"l_pvalue":0.0,"l_slop":34.4967444144,"l_stderror":1.637565627,"ma120":6.0979166667,"ma250":5.8018,"ma42":7.1126190476,"max10":7.54,"min10":7.15,"name":"华泰股份","stat_date":"2017-06-30","mc":87.2168,"cmc":87.2168,"pe":21.4267,"pe_lyr":47.9121,"pb":1.2919,"ps":0.7098,"pcf":14.1213,"iop":410.7543}