{"code":"600313","atr10":0.091,"close":3.98,"close_count":60,"l_pvalue":0.0000001253,"l_slop":11.0095520367,"l_stderror":1.3496366016,"ma120":4.4068333333,"ma250":5.3606,"ma42":4.0764285714,"max10":4.24,"min10":3.97,"name":"农发种业","stat_date":"2017-06-30","mc":43.0715,"cmc":39.5451,"pe":253.8909,"pe_lyr":96.2616,"pb":2.6016,"ps":1.0657,"pcf":-17.1863,"iop":-441.2375}