{"code":"600375","atr10":0.128,"close":6.78,"close_count":60,"l_pvalue":0.0000000013,"l_slop":-17.4740485836,"l_stderror":1.6069131531,"ma120":6.9845,"ma250":6.51696,"ma42":6.9633333333,"max10":6.94,"min10":6.71,"name":"华菱星马","stat_date":"2017-06-30","mc":37.6792,"cmc":37.6792,"pe":12.1871,"pe_lyr":49.8744,"pb":1.384,"ps":0.6871,"pcf":-10.2366,"iop":124.3752}