{"code":"600348","atr10":0.261,"close":8.31,"close_count":60,"l_pvalue":0.0001771759,"l_slop":18.0198623698,"l_stderror":3.8807256805,"ma120":7.3219166667,"ma250":7.22792,"ma42":8.2161904762,"max10":8.52,"min10":8.07,"name":"阳泉煤业","stat_date":"2017-06-30","mc":199.8555,"cmc":199.8555,"pe":16.6982,"pe_lyr":46.5811,"pb":1.3632,"ps":0.7765,"pcf":27.5805,"iop":10997.1172}