{"code":"600340","atr10":0.763,"close":31.12,"close_count":60,"l_pvalue":0.3136920806,"l_slop":-0.9955199723,"l_stderror":0.9619137316,"ma120":33.2216666667,"ma250":29.3524,"ma42":32.4173809524,"max10":33.38,"min10":31.12,"name":"华夏幸福","stat_date":"2017-06-30","mc":919.5794,"cmc":919.5794,"pe":11.637,"pe_lyr":14.1657,"pb":3.4658,"ps":1.5726,"pcf":4.9844,"iop":42.8599}