{"code":"600338","atr10":2.21,"close":48.92,"close_count":60,"l_pvalue":0.0000000002,"l_slop":29.2845881232,"l_stderror":2.4045978172,"ma120":39.9935,"ma250":35.33544,"ma42":47.3847619048,"max10":50.89,"min10":46.39,"name":"西藏珠峰","stat_date":"2017-06-30","mc":319.4512,"cmc":77.4567,"pe":33.3973,"pe_lyr":49.1269,"pb":26.3167,"ps":15.9832,"pcf":49.3308,"iop":98.416}