{"code":"600355","atr10":0.205,"close":8.87,"close_count":60,"l_pvalue":0.0,"l_slop":11.4556396835,"l_stderror":0.6844660071,"ma120":8.4691666667,"ma250":9.1864,"ma42":8.6488095238,"max10":8.99,"min10":8.71,"name":"精伦电子","stat_date":"2017-06-30","mc":43.6483,"cmc":43.6483,"pe":8258.8691,"pe_lyr":386.459,"pb":10.8807,"ps":14.3009,"pcf":-294.9918,"iop":41.5214}