{"code":"600391","atr10":0.548,"close":28.08,"close_count":60,"l_pvalue":0.0,"l_slop":18.8042576097,"l_stderror":1.3935789234,"ma120":28.14325,"ma250":32.99056,"ma42":26.9928571429,"max10":28.08,"min10":27.23,"name":"航发科技","stat_date":"2017-06-30","mc":92.7003,"cmc":92.7003,"pe":240.7776,"pe_lyr":217.8624,"pb":5.253,"ps":4.5095,"pcf":-2944.2263,"iop":40.1375}