{"code":"600336","atr10":0.118,"close":5.95,"close_count":60,"l_pvalue":0.0000016095,"l_slop":9.1923322005,"l_stderror":1.3457040714,"ma120":6.0356666667,"ma250":6.96852,"ma42":6.030952381,"max10":6.19,"min10":5.89,"name":"澳柯玛","stat_date":"2017-06-30","mc":46.2168,"cmc":40.4643,"pe":765.9367,"pe_lyr":192.9276,"pb":2.5554,"ps":1.1726,"pcf":8.1892,"iop":-41.2353}