{"code":"600388","atr10":0.551,"close":17.07,"close_count":60,"l_pvalue":1.270117364e-18,"l_slop":61.3312840045,"l_stderror":1.7732682257,"ma120":14.6158333333,"ma250":13.64744,"ma42":15.4357142857,"max10":17.36,"min10":16.43,"name":"龙净环保","stat_date":"2017-06-30","mc":182.4868,"cmc":182.4868,"pe":26.3419,"pe_lyr":27.4868,"pb":4.7727,"ps":2.2665,"pcf":-70.1317,"iop":22.2621}