{"code":"600302","atr10":0.177,"close":8.02,"close_count":60,"l_pvalue":0.0000051224,"l_slop":14.4060501928,"l_stderror":2.2988835489,"ma120":8.12575,"ma250":9.3274,"ma42":8.1635714286,"max10":8.42,"min10":7.98,"name":"标准股份","stat_date":"2017-06-30","mc":27.75,"cmc":27.75,"pe":31.1171,"pe_lyr":47.0709,"pb":2.2802,"ps":4.1436,"pcf":43.0227,"iop":28.2056}