{"code":"600373","atr10":0.381,"close":22.44,"close_count":60,"l_pvalue":4.576839462e-17,"l_slop":-18.1701822334,"l_stderror":0.6366400423,"ma120":22.13375,"ma250":22.00024,"ma42":23.5573809524,"max10":23.23,"min10":22.44,"name":"中文传媒","stat_date":"2017-06-30","mc":309.2097,"cmc":287.697,"pe":21.2422,"pe_lyr":23.8705,"pb":2.6872,"ps":2.4407,"pcf":-43.0737,"iop":24.443}