{"code":"600367","atr10":0.948,"close":14.2,"close_count":60,"l_pvalue":0.0,"l_slop":88.068805925,"l_stderror":4.9219466893,"ma120":11.9099166667,"ma250":12.8886,"ma42":13.1719047619,"max10":15.97,"min10":13.93,"name":"红星发展","stat_date":"2017-06-30","mc":41.3504,"cmc":41.3504,"pe":73.3772,"pe_lyr":90.1675,"pb":3.7405,"ps":3.2441,"pcf":182.2452,"iop":-22.0144}