{"code":"600311","atr10":0.188,"close":5.74,"close_count":60,"l_pvalue":0.0,"l_slop":15.4196978982,"l_stderror":0.78765472,"ma120":5.5521666667,"ma250":6.34072,"ma42":5.7326190476,"max10":5.99,"min10":5.66,"name":"荣华实业","stat_date":"2017-06-30","mc":38.2054,"cmc":38.2054,"pe":-194.3214,"pe_lyr":-58.8177,"pb":4.6008,"ps":21.3469,"pcf":-8.1165,"iop":155.8713}