{"code":"600353","atr10":0.221,"close":7.56,"close_count":60,"l_pvalue":1.0,"l_slop":0.0,"l_stderror":0.0,"ma120":9.4639166667,"ma250":9.54976,"ma42":8.8257142857,"max10":7.56,"min10":7.56,"name":"旭光股份","stat_date":"2017-06-30","mc":41.1052,"cmc":41.1052,"pe":92.6198,"pe_lyr":94.3315,"pb":3.8348,"ps":3.9987,"pcf":67.2022,"iop":2.9358}