{"code":"600363","atr10":0.362,"close":14.56,"close_count":60,"l_pvalue":0.0001092566,"l_slop":5.5450425945,"l_stderror":1.1414253491,"ma120":13.7798333333,"ma250":15.6904,"ma42":13.9302380952,"max10":14.61,"min10":13.73,"name":"联创光电","stat_date":"2017-06-30","mc":64.5702,"cmc":64.5702,"pe":37.1523,"pe_lyr":41.0164,"pb":3.0141,"ps":2.4118,"pcf":81.1796,"iop":4.1697}