{"code":"600309","atr10":1.244,"close":40.94,"close_count":60,"l_pvalue":0.0,"l_slop":74.2143885993,"l_stderror":3.4960853938,"ma120":29.7651666667,"ma250":24.13932,"ma42":37.0369047619,"max10":42.18,"min10":38.71,"name":"万华化学","stat_date":"2017-06-30","mc":1119.3048,"cmc":1062.3118,"pe":15.6055,"pe_lyr":30.4207,"pb":5.328,"ps":2.6616,"pcf":281.1293,"iop":208.2879}