{"code":"600369","atr10":0.079,"close":5.81,"close_count":60,"l_pvalue":0.051726255,"l_slop":3.6700566379,"l_stderror":1.7679900303,"ma120":5.7629166667,"ma250":6.4098,"ma42":5.9464285714,"max10":6.0,"min10":5.79,"name":"西南证券","stat_date":"2017-06-30","mc":327.9808,"cmc":327.9808,"pe":77.3697,"pe_lyr":35.7444,"pb":1.7776,"ps":10.9523,"pcf":-20.9732,"iop":-13.078}