{"code":"600333","atr10":0.093,"close":6.96,"close_count":60,"l_pvalue":0.380872296,"l_slop":1.0168412526,"l_stderror":1.1334270765,"ma120":7.0105833333,"ma250":7.74108,"ma42":7.1173809524,"max10":7.2,"min10":6.95,"name":"长春燃气","stat_date":"2017-06-30","mc":42.3885,"cmc":36.8615,"pe":57.0141,"pe_lyr":67.5454,"pb":1.9784,"ps":3.0293,"pcf":7.9927,"iop":53.8518}