{"code":"600383","atr10":0.454,"close":11.67,"close_count":60,"l_pvalue":0.0000000009,"l_slop":24.5064157733,"l_stderror":2.1960173943,"ma120":11.4729166667,"ma250":11.50056,"ma42":11.8728571429,"max10":12.95,"min10":11.63,"name":"金地集团","stat_date":"2017-06-30","mc":526.7408,"cmc":526.7408,"pe":7.8915,"pe_lyr":8.3604,"pb":1.4826,"ps":0.9731,"pcf":436.3207,"iop":-5.7958}