{"code":"600351","atr10":0.118,"close":7.89,"close_count":60,"l_pvalue":0.0004379939,"l_slop":-5.5326359079,"l_stderror":1.3033347588,"ma120":7.9106666667,"ma250":8.79428,"ma42":8.0683333333,"max10":8.1,"min10":7.77,"name":"亚宝药业","stat_date":"2017-06-30","mc":62.0976,"cmc":54.5988,"pe":153.623,"pe_lyr":275.7213,"pb":2.2866,"ps":3.015,"pcf":-20.6602,"iop":340.5151}