{"code":"600319","atr10":0.26,"close":10.34,"close_count":60,"l_pvalue":0.0001093523,"l_slop":12.547390203,"l_stderror":2.5830385492,"ma120":10.3823333333,"ma250":10.21528,"ma42":10.3754761905,"max10":10.72,"min10":10.34,"name":"亚星化学","stat_date":"2017-06-30","mc":32.6324,"cmc":32.6324,"pe":30.9659,"pe_lyr":121.8461,"pb":212.3538,"ps":1.864,"pcf":-988.807,"iop":115.109}