{"code":"600327","atr10":0.13,"close":8.36,"close_count":60,"l_pvalue":0.0,"l_slop":11.1215722978,"l_stderror":0.6240456476,"ma120":8.2493333333,"ma250":8.77008,"ma42":8.3638095238,"max10":8.59,"min10":8.36,"name":"大东方","stat_date":"2017-06-30","mc":47.4151,"cmc":47.4151,"pe":19.7605,"pe_lyr":23.2296,"pb":1.6231,"ps":0.5283,"pcf":25.44,"iop":32.7905}