{"code":"600403","atr10":0.089,"close":5.16,"close_count":60,"l_pvalue":0.0000007679,"l_slop":14.7694501496,"l_stderror":2.0504570449,"ma120":4.9115,"ma250":5.29552,"ma42":5.1385714286,"max10":5.26,"min10":5.11,"name":"*ST大有","stat_date":"2017-06-30","mc":123.3659,"cmc":123.3659,"pe":-17.2962,"pe_lyr":-6.2857,"pb":1.7816,"ps":1.7767,"pcf":10.7543,"iop":131.8216}