{"code":"600460","atr10":0.601,"close":9.25,"close_count":60,"l_pvalue":0.0000000013,"l_slop":107.081844199,"l_stderror":9.8474938191,"ma120":6.5248333333,"ma250":6.78236,"ma42":7.0483333333,"max10":9.86,"min10":6.92,"name":"士兰微","stat_date":"2017-06-30","mc":115.363,"cmc":115.363,"pe":74.0654,"pe_lyr":120.306,"pb":4.5438,"ps":4.4084,"pcf":-85.1158,"iop":1678.8123}