{"code":"600479","atr10":0.114,"close":13.43,"close_count":60,"l_pvalue":8.204220088e-17,"l_slop":-7.0354185786,"l_stderror":0.2543728537,"ma120":14.1785,"ma250":15.13524,"ma42":13.6504761905,"max10":13.57,"min10":13.36,"name":"千金药业","stat_date":"2017-06-30","mc":46.8379,"cmc":40.9372,"pe":29.7551,"pe_lyr":31.3447,"pb":2.7193,"ps":1.5113,"pcf":-157.7033,"iop":43.5863}