{"code":"600481","atr10":0.071,"close":4.91,"close_count":60,"l_pvalue":0.1171921701,"l_slop":2.3000677956,"l_stderror":1.4014000825,"ma120":5.8099166667,"ma250":6.06612,"ma42":5.0595238095,"max10":5.16,"min10":4.89,"name":"双良节能","stat_date":"2017-06-30","mc":79.5663,"cmc":79.5663,"pe":69.952,"pe_lyr":49.3098,"pb":4.0071,"ps":4.0599,"pcf":32.9438,"iop":34.3205}