{"code":"600487","atr10":1.698,"close":34.94,"close_count":60,"l_pvalue":0.0000000001,"l_slop":44.4172611316,"l_stderror":3.4569829437,"ma120":26.44675,"ma250":23.2916,"ma42":28.8892857143,"max10":34.94,"min10":30.29,"name":"亨通光电","stat_date":"2017-06-30","mc":475.1056,"cmc":433.6994,"pe":27.9248,"pe_lyr":36.0915,"pb":5.1337,"ps":2.0958,"pcf":-700.9269,"iop":61.0035}