{"code":"600476","atr10":0.82,"close":22.58,"close_count":60,"l_pvalue":0.0020637278,"l_slop":-6.2026016675,"l_stderror":1.7395650828,"ma120":22.7990833333,"ma250":26.94236,"ma42":23.2004761905,"max10":23.61,"min10":21.89,"name":"湘邮科技","stat_date":"2017-06-30","mc":36.3696,"cmc":36.3696,"pe":460.3317,"pe_lyr":1573.3804,"pb":18.2384,"ps":15.3855,"pcf":101.13,"iop":-6.9763}