{"code":"600416","atr10":0.212,"close":11.83,"close_count":60,"l_pvalue":0.0000000546,"l_slop":-12.2914090834,"l_stderror":1.4264104713,"ma120":13.1975,"ma250":14.19148,"ma42":12.4011904762,"max10":12.34,"min10":11.81,"name":"湘电股份","stat_date":"2017-06-30","mc":111.8922,"cmc":99.4862,"pe":126.1379,"pe_lyr":80.6264,"pb":1.7456,"ps":1.0484,"pcf":-36.205,"iop":8620.3105}