{"code":"600498","atr10":1.223,"close":31.35,"close_count":60,"l_pvalue":3.191825007e-16,"l_slop":29.1324155568,"l_stderror":1.1334444384,"ma120":24.6626666667,"ma250":25.52748,"ma42":27.1083333333,"max10":31.35,"min10":27.18,"name":"烽火通信","stat_date":"2017-06-30","mc":349.3165,"cmc":316.441,"pe":42.4555,"pe_lyr":45.9365,"pb":3.9726,"ps":1.8035,"pcf":48.0996,"iop":11.0821}