{"code":"600458","atr10":0.203,"close":11.02,"close_count":60,"l_pvalue":0.0,"l_slop":-12.1869208297,"l_stderror":0.5796923276,"ma120":11.83875,"ma250":13.377,"ma42":11.4788095238,"max10":11.46,"min10":10.96,"name":"时代新材","stat_date":"2017-06-30","mc":88.4684,"cmc":72.8887,"pe":97.6163,"pe_lyr":36.5588,"pb":1.8319,"ps":0.8077,"pcf":-19.9676,"iop":-113.1728}