{"code":"600466","atr10":0.45,"close":9.11,"close_count":60,"l_pvalue":0.0,"l_slop":51.2371522866,"l_stderror":2.921530063,"ma120":8.7729166667,"ma250":8.69012,"ma42":9.3757142857,"max10":10.57,"min10":9.11,"name":"蓝光发展","stat_date":"2017-06-30","mc":194.4345,"cmc":80.4007,"pe":16.7847,"pe_lyr":21.7058,"pb":2.1531,"ps":0.8494,"pcf":2.6137,"iop":6.5688}