{"code":"600467","atr10":0.072,"close":3.56,"close_count":60,"l_pvalue":0.0,"l_slop":21.6384233896,"l_stderror":1.1559288811,"ma120":3.5290833333,"ma250":3.94376,"ma42":3.5416666667,"max10":3.7,"min10":3.55,"name":"好当家","stat_date":"2017-06-30","mc":52.0114,"cmc":52.0114,"pe":106.4208,"pe_lyr":120.6305,"pb":1.7392,"ps":4.5636,"pcf":49.0152,"iop":-25.5493}