{"code":"600485","atr10":0.429,"close":14.6,"close_count":60,"l_pvalue":1.0,"l_slop":0.0,"l_stderror":0.0,"ma120":17.5288333333,"ma250":20.54912,"ma42":17.0588095238,"max10":14.6,"min10":14.6,"name":"信威集团","stat_date":"2017-06-30","mc":426.5741,"cmc":238.0276,"pe":50.563,"pe_lyr":27.9362,"pb":3.4117,"ps":16.3302,"pcf":-127.6766,"iop":18.4247}