{"code":"600452","atr10":0.969,"close":40.28,"close_count":60,"l_pvalue":5.837814274e-16,"l_slop":-17.0202680781,"l_stderror":0.6841965168,"ma120":44.4879166667,"ma250":43.13896,"ma42":40.6583333333,"max10":40.67,"min10":38.94,"name":"涪陵电力","stat_date":"2017-06-30","mc":64.448,"cmc":64.448,"pe":31.6316,"pe_lyr":38.3741,"pb":6.4027,"ps":3.2459,"pcf":40.4789,"iop":7.501}