{"code":"600488","atr10":0.065,"close":5.44,"close_count":60,"l_pvalue":0.0391303324,"l_slop":3.0887822165,"l_stderror":1.3941156813,"ma120":5.4570833333,"ma250":5.9056,"ma42":5.4802380952,"max10":5.56,"min10":5.41,"name":"天药股份","stat_date":"2017-06-30","mc":59.3986,"cmc":52.2705,"pe":83.2618,"pe_lyr":93.093,"pb":2.2349,"ps":4.4051,"pcf":-588.7167,"iop":43.9858}