{"code":"600459","atr10":1.235,"close":24.45,"close_count":60,"l_pvalue":0.0000000002,"l_slop":44.6771242521,"l_stderror":3.6381911404,"ma120":22.5383333333,"ma250":23.69612,"ma42":24.3504761905,"max10":26.6,"min10":24.01,"name":"贵研铂业","stat_date":"2017-06-30","mc":63.8091,"cmc":63.8091,"pe":61.8661,"pe_lyr":76.8593,"pb":3.3826,"ps":0.4711,"pcf":58.68,"iop":120.0407}