{"code":"600491","atr10":0.402,"close":11.21,"close_count":60,"l_pvalue":0.0000000079,"l_slop":33.5521368512,"l_stderror":3.4405009339,"ma120":10.3099166667,"ma250":11.06944,"ma42":10.4114285714,"max10":11.44,"min10":10.84,"name":"龙元建设","stat_date":"2017-06-30","mc":141.4814,"cmc":106.226,"pe":31.4315,"pe_lyr":40.6061,"pb":2.5956,"ps":0.9072,"pcf":12.5843,"iop":81.0429}