{"code":"600401","atr10":0.036,"close":1.47,"close_count":60,"l_pvalue":0.0000644242,"l_slop":12.6516217551,"l_stderror":2.4834630668,"ma120":1.6585833333,"ma250":2.01652,"ma42":1.475,"max10":1.6,"min10":1.47,"name":"*ST海润","stat_date":"2017-06-30","mc":69.4565,"cmc":69.4565,"pe":-4.0303,"pe_lyr":-5.8894,"pb":2.1314,"ps":1.8314,"pcf":55.6308,"iop":-713.8703}