{"code":"600400","atr10":0.155,"close":7.04,"close_count":60,"l_pvalue":0.0000000004,"l_slop":28.4980113075,"l_stderror":2.4516542103,"ma120":6.9366666667,"ma250":7.57012,"ma42":6.7414285714,"max10":7.09,"min10":6.88,"name":"红豆股份","stat_date":"2017-06-30","mc":127.3866,"cmc":102.0744,"pe":21.238,"pe_lyr":79.9075,"pb":2.8715,"ps":3.8584,"pcf":14.1553,"iop":1450.9098}