{"code":"600496","atr10":0.296,"close":5.75,"close_count":60,"l_pvalue":1.253399378e-17,"l_slop":86.8971616063,"l_stderror":2.8400299558,"ma120":4.8645833333,"ma250":4.66836,"ma42":5.1947619048,"max10":6.11,"min10":5.65,"name":"精工钢构","stat_date":"2017-06-30","mc":86.8506,"cmc":86.8506,"pe":123.3221,"pe_lyr":79.2627,"pb":2.2855,"ps":1.3358,"pcf":-96.6069,"iop":-100.9968}