{"code":"600435","atr10":0.278,"close":14.53,"close_count":60,"l_pvalue":0.0,"l_slop":-16.6579235716,"l_stderror":0.7799075559,"ma120":14.9004166667,"ma250":14.94044,"ma42":15.1121428571,"max10":15.01,"min10":14.38,"name":"北方导航","stat_date":"2017-06-30","mc":216.3982,"cmc":216.3982,"pe":495.4967,"pe_lyr":504.4425,"pb":10.5722,"ps":10.9152,"pcf":271.1992,"iop":-53.7244}