{"code":"600490","atr10":0.44,"close":10.27,"close_count":60,"l_pvalue":0.0000000001,"l_slop":59.2794393823,"l_stderror":4.7481587187,"ma120":8.1860833333,"ma250":8.09056,"ma42":8.5619047619,"max10":10.27,"min10":8.98,"name":"鹏欣资源","stat_date":"2017-06-30","mc":194.2434,"cmc":151.8933,"pe":133.2816,"pe_lyr":377.2239,"pb":3.4902,"ps":6.2329,"pcf":603.5445,"iop":582.4081}