{"code":"600429","atr10":0.116,"close":6.73,"close_count":60,"l_pvalue":0.0,"l_slop":15.3291714567,"l_stderror":0.6437840222,"ma120":7.08125,"ma250":7.60704,"ma42":6.6907142857,"max10":6.97,"min10":6.72,"name":"三元股份","stat_date":"2017-06-30","mc":100.7856,"cmc":59.5605,"pe":-253.302,"pe_lyr":95.6034,"pb":2.1127,"ps":1.6543,"pcf":-5.6868,"iop":-46.8289}