{"code":"600409","atr10":0.463,"close":11.65,"close_count":60,"l_pvalue":0.8564786096,"l_slop":1.0016623506,"l_stderror":5.4636074217,"ma120":10.5788333333,"ma250":9.77172,"ma42":12.3783333333,"max10":12.62,"min10":11.07,"name":"三友化工","stat_date":"2017-06-30","mc":240.4967,"cmc":215.5699,"pe":16.8039,"pe_lyr":31.5257,"pb":2.6471,"ps":1.307,"pcf":20.6866,"iop":122.5166}