{"code":"600448","atr10":0.117,"close":6.02,"close_count":60,"l_pvalue":3.739065581e-17,"l_slop":23.2046570855,"l_stderror":0.8042428091,"ma120":5.9894166667,"ma250":6.85244,"ma42":5.8666666667,"max10":6.2,"min10":6.0,"name":"华纺股份","stat_date":"2017-06-30","mc":25.4263,"cmc":25.4263,"pe":212.9034,"pe_lyr":247.3382,"pb":2.9731,"ps":0.9813,"pcf":54.1583,"iop":-61.6879}