{"code":"600444","atr10":0.756,"close":19.02,"close_count":60,"l_pvalue":0.0000003862,"l_slop":11.1958503597,"l_stderror":1.4814348177,"ma120":17.27675,"ma250":19.5838,"ma42":16.9304761905,"max10":19.02,"min10":16.71,"name":"国机通用","stat_date":"2017-06-30","mc":27.8495,"cmc":19.971,"pe":72.8957,"pe_lyr":181.1166,"pb":7.898,"ps":4.2592,"pcf":-131.5246,"iop":-24.7407}