{"code":"600446","atr10":0.654,"close":19.75,"close_count":60,"l_pvalue":0.0,"l_slop":49.8459020616,"l_stderror":3.5156872497,"ma120":18.4525,"ma250":22.50896,"ma42":18.34,"max10":20.37,"min10":19.03,"name":"金证股份","stat_date":"2017-06-30","mc":164.9144,"cmc":148.4369,"pe":75.7414,"pe_lyr":70.1528,"pb":11.7192,"ps":4.1016,"pcf":-271.4553,"iop":4721.1494}