{"code":"600436","atr10":1.113,"close":57.84,"close_count":60,"l_pvalue":0.7469876995,"l_slop":0.429596241,"l_stderror":1.3123737909,"ma120":55.849,"ma250":51.15664,"ma42":55.6085714286,"max10":58.24,"min10":54.85,"name":"片仔癀","stat_date":"2017-06-30","mc":348.9587,"cmc":348.9587,"pe":52.5623,"pe_lyr":65.0882,"pb":9.2747,"ps":11.2518,"pcf":69.1736,"iop":35.0313}