{"code":"600433","atr10":0.16,"close":6.07,"close_count":60,"l_pvalue":0.0000000025,"l_slop":17.8475041906,"l_stderror":1.7061275792,"ma120":6.00375,"ma250":7.0822,"ma42":6.1171428571,"max10":6.51,"min10":6.04,"name":"冠豪高新","stat_date":"2017-06-30","mc":77.1688,"cmc":72.25,"pe":76.2687,"pe_lyr":71.1069,"pb":3.0675,"ps":4.253,"pcf":52.6115,"iop":-45.707}