{"code":"600449","atr10":0.55,"close":13.15,"close_count":60,"l_pvalue":3.303089638e-16,"l_slop":22.2165085812,"l_stderror":0.8659727785,"ma120":11.3410833333,"ma250":11.46216,"ma42":12.2642857143,"max10":13.15,"min10":12.44,"name":"宁夏建材","stat_date":"2017-06-30","mc":62.8808,"cmc":62.8808,"pe":29.6286,"pe_lyr":109.0736,"pb":1.4539,"ps":1.4634,"pcf":10.3631,"iop":428.8019}