{"code":"600428","atr10":0.188,"close":6.88,"close_count":60,"l_pvalue":0.6575887988,"l_slop":0.4091183413,"l_stderror":0.9085425615,"ma120":6.76825,"ma250":6.6728,"ma42":7.1635714286,"max10":7.31,"min10":6.88,"name":"中远海特","stat_date":"2017-06-30","mc":147.6896,"cmc":116.3027,"pe":125.0607,"pe_lyr":293.8456,"pb":1.5758,"ps":2.3237,"pcf":-10.9388,"iop":25332.3418}