{"code":"600419","atr10":3.085,"close":55.86,"close_count":60,"l_pvalue":0.0000000994,"l_slop":44.2179499186,"l_stderror":5.3375658902,"ma120":48.2556666667,"ma250":53.22464,"ma42":49.2016666667,"max10":57.69,"min10":48.68,"name":"天润乳业","stat_date":"2017-06-30","mc":57.8471,"cmc":49.9941,"pe":66.4352,"pe_lyr":73.9039,"pb":7.2533,"ps":5.5435,"pcf":71.922,"iop":37.8006}