{"code":"600468","atr10":0.353,"close":9.78,"close_count":60,"l_pvalue":1.0,"l_slop":0.0,"l_stderror":0.0,"ma120":12.6255833333,"ma250":13.25588,"ma42":11.8330952381,"max10":9.78,"min10":9.78,"name":"百利电气","stat_date":"2017-06-30","mc":52.7224,"cmc":51.898,"pe":84.5614,"pe_lyr":98.9996,"pb":2.9825,"ps":5.4431,"pcf":23.6107,"iop":55.1749}