{"code":"600410","atr10":0.388,"close":10.65,"close_count":60,"l_pvalue":0.0,"l_slop":44.276946441,"l_stderror":2.5857989482,"ma120":9.2454166667,"ma250":10.43364,"ma42":9.4611904762,"max10":10.65,"min10":9.75,"name":"华胜天成","stat_date":"2017-06-30","mc":117.4525,"cmc":95.0431,"pe":75.3929,"pe_lyr":328.0871,"pb":2.4011,"ps":2.2351,"pcf":11.0922,"iop":499.3712}