{"code":"600486","atr10":1.087,"close":39.49,"close_count":60,"l_pvalue":0.0,"l_slop":-26.9678490827,"l_stderror":1.3025214617,"ma120":38.3803333333,"ma250":36.60176,"ma42":40.505,"max10":39.6,"min10":37.2,"name":"扬农化工","stat_date":"2017-06-30","mc":122.3791,"cmc":122.3791,"pe":25.504,"pe_lyr":27.8602,"pb":3.5556,"ps":3.6691,"pcf":39.7208,"iop":5.7005}