{"code":"600489","atr10":0.183,"close":10.69,"close_count":60,"l_pvalue":0.7810659582,"l_slop":0.6593626416,"l_stderror":2.3389749532,"ma120":10.803,"ma250":11.62228,"ma42":11.1488095238,"max10":11.17,"min10":10.67,"name":"中金黄金","stat_date":"2017-06-30","mc":368.9266,"cmc":368.9266,"pe":96.9104,"pe_lyr":101.8096,"pb":2.7791,"ps":0.8881,"pcf":-76.8464,"iop":10.5135}