{"code":"600478","atr10":0.358,"close":10.11,"close_count":60,"l_pvalue":1.108392258e-17,"l_slop":65.3335518521,"l_stderror":2.121237853,"ma120":8.8896666667,"ma250":9.59716,"ma42":9.0061904762,"max10":10.19,"min10":9.62,"name":"科力远","stat_date":"2017-06-30","mc":140.6372,"cmc":128.906,"pe":-62.6197,"pe_lyr":-66.4612,"pb":11.4195,"ps":8.5813,"pcf":2054.0088,"iop":-47.3922}