{"code":"600432","atr10":0.286,"close":6.74,"close_count":60,"l_pvalue":1.0,"l_slop":0.0,"l_stderror":0.0,"ma120":6.7418333333,"ma250":7.73772,"ma42":6.7469047619,"max10":6.74,"min10":6.74,"name":"*ST吉恩","stat_date":"2017-06-30","mc":108.091,"cmc":108.091,"pe":-4.7428,"pe_lyr":-4.9447,"pb":6.8418,"ps":3.7534,"pcf":-20.1773,"iop":-6.0708}