{"code":"600499","atr10":0.859,"close":12.08,"close_count":60,"l_pvalue":8.86114449e-16,"l_slop":127.968565365,"l_stderror":5.2618883846,"ma120":8.7481666667,"ma250":8.43128,"ma42":10.309047619,"max10":13.72,"min10":11.84,"name":"科达洁能","stat_date":"2017-06-30","mc":170.5049,"cmc":170.5049,"pe":54.6551,"pe_lyr":56.2185,"pb":4.0494,"ps":3.6455,"pcf":-416.9557,"iop":-19.3369}