{"code":"600493","atr10":0.174,"close":10.12,"close_count":60,"l_pvalue":0.0013925519,"l_slop":-4.5883914497,"l_stderror":1.2273900415,"ma120":10.7735,"ma250":13.26116,"ma42":10.3852380952,"max10":10.42,"min10":10.06,"name":"凤竹纺织","stat_date":"2017-06-30","mc":27.5264,"cmc":27.5264,"pe":44.9653,"pe_lyr":48.7876,"pb":4.0379,"ps":3.4599,"pcf":242.6306,"iop":209.3519}