{"code":"600477","atr10":0.433,"close":12.67,"close_count":60,"l_pvalue":0.0023146368,"l_slop":15.6715910875,"l_stderror":4.4583622639,"ma120":11.3048333333,"ma250":9.53056,"ma42":12.8057142857,"max10":13.63,"min10":12.16,"name":"杭萧钢构","stat_date":"2017-06-30","mc":174.1391,"cmc":159.6422,"pe":29.7274,"pe_lyr":38.8046,"pb":7.3032,"ps":3.6509,"pcf":108.853,"iop":25.457}