{"code":"600406","atr10":0.231,"close":16.43,"close_count":60,"l_pvalue":2.709257082e-18,"l_slop":-18.2630090252,"l_stderror":0.5498617053,"ma120":16.5161666667,"ma250":15.35644,"ma42":16.689047619,"max10":16.43,"min10":16.17,"name":"国电南瑞","stat_date":"2017-06-30","mc":399.077,"cmc":362.4053,"pe":26.3177,"pe_lyr":27.5763,"pb":4.7109,"ps":3.3832,"pcf":40.9485,"iop":34.4747}