{"code":"600418","atr10":0.4,"close":10.83,"close_count":60,"l_pvalue":0.0,"l_slop":37.723464004,"l_stderror":2.6338265259,"ma120":10.20075,"ma250":11.24496,"ma42":10.0026190476,"max10":10.95,"min10":10.38,"name":"江淮汽车","stat_date":"2017-06-30","mc":205.0457,"cmc":156.7575,"pe":22.0676,"pe_lyr":17.6465,"pb":1.4873,"ps":0.3985,"pcf":-8.593,"iop":119.0044}