{"code":"600483","atr10":0.071,"close":9.21,"close_count":60,"l_pvalue":4.971427277e-24,"l_slop":-14.2222449712,"l_stderror":0.212362419,"ma120":10.02075,"ma250":10.6568,"ma42":9.4964285714,"max10":9.34,"min10":9.21,"name":"福能股份","stat_date":"2017-06-30","mc":142.9231,"cmc":115.8938,"pe":16.0679,"pe_lyr":14.0866,"pb":1.4808,"ps":2.3263,"pcf":28.9486,"iop":-65.4944}