{"code":"600475","atr10":0.294,"close":18.08,"close_count":60,"l_pvalue":4.31653538e-21,"l_slop":-21.4678593421,"l_stderror":0.4586440888,"ma120":19.7255,"ma250":19.76144,"ma42":19.0576190476,"max10":18.8,"min10":17.97,"name":"华光股份","stat_date":"2017-06-30","mc":101.1381,"cmc":25.4016,"pe":-720.8299,"pe_lyr":93.7411,"pb":2.2623,"ps":2.3594,"pcf":-17.4908,"iop":-67.3689}