{"code":"600495","atr10":0.11,"close":7.02,"close_count":60,"l_pvalue":0.0015112342,"l_slop":3.5453390866,"l_stderror":0.9575622574,"ma120":7.1878333333,"ma250":7.54856,"ma42":7.1283333333,"max10":7.3,"min10":6.99,"name":"晋西车轴","stat_date":"2017-06-30","mc":84.815,"cmc":84.815,"pe":316.5211,"pe_lyr":314.7927,"pb":2.7206,"ps":7.4073,"pcf":43.6707,"iop":173.1636}