{"code":"600439","atr10":0.114,"close":5.94,"close_count":60,"l_pvalue":2.432193031e-18,"l_slop":19.668966079,"l_stderror":0.5887847895,"ma120":5.7579166667,"ma250":6.21788,"ma42":5.7654761905,"max10":6.09,"min10":5.79,"name":"瑞贝卡","stat_date":"2017-06-30","mc":67.2399,"cmc":67.2399,"pe":33.5196,"pe_lyr":39.1826,"pb":2.8302,"ps":3.6797,"pcf":30.515,"iop":51.988}