{"code":"600438","atr10":0.549,"close":9.19,"close_count":60,"l_pvalue":2.403854331e-16,"l_slop":113.311036865,"l_stderror":4.3415096893,"ma120":6.571,"ma250":6.37532,"ma42":7.8326190476,"max10":9.59,"min10":8.89,"name":"通威股份","stat_date":"2017-06-30","mc":356.79,"cmc":209.9127,"pe":27.1367,"pe_lyr":34.8181,"pb":2.9362,"ps":1.5462,"pcf":-24.8059,"iop":71.0807}