{"code":"600482","atr10":0.466,"close":25.16,"close_count":60,"l_pvalue":0.0005084568,"l_slop":-4.821616158,"l_stderror":1.1536113271,"ma120":26.7879166667,"ma250":29.53108,"ma42":25.495,"max10":25.72,"min10":24.7,"name":"中国动力","stat_date":"2017-06-30","mc":437.5804,"cmc":228.6801,"pe":37.3178,"pe_lyr":40.7716,"pb":1.7245,"ps":2.0061,"pcf":-34.0501,"iop":65.79}