{"code":"600480","atr10":0.445,"close":18.59,"close_count":60,"l_pvalue":0.0,"l_slop":-17.5138905781,"l_stderror":0.8449519142,"ma120":20.9610833333,"ma250":17.76244,"ma42":20.3471428571,"max10":19.99,"min10":18.59,"name":"凌云股份","stat_date":"2017-06-30","mc":83.8287,"cmc":67.2428,"pe":28.1791,"pe_lyr":39.3498,"pb":2.2794,"ps":0.8017,"pcf":67.0246,"iop":42.9443}