{"code":"600463","atr10":0.251,"close":14.9,"close_count":60,"l_pvalue":0.0000000012,"l_slop":-13.6577084923,"l_stderror":1.250241898,"ma120":16.6255833333,"ma250":15.92428,"ma42":15.5371428571,"max10":15.37,"min10":14.83,"name":"空港股份","stat_date":"2017-06-30","mc":44.7,"cmc":37.548,"pe":64.9326,"pe_lyr":158.7998,"pb":3.0893,"ps":3.0184,"pcf":305.7582,"iop":152.2304}