{"code":"600497","atr10":0.277,"close":7.43,"close_count":60,"l_pvalue":0.5647244509,"l_slop":-2.4041922238,"l_stderror":4.1022055261,"ma120":6.8844166667,"ma250":7.1158,"ma42":7.9588095238,"max10":8.17,"min10":7.21,"name":"驰宏锌锗","stat_date":"2017-06-30","mc":320.2254,"cmc":320.2254,"pe":-28.4633,"pe_lyr":-19.3734,"pb":3.4184,"ps":1.8607,"pcf":135.1362,"iop":290.2307}