{"code":"600461","atr10":0.069,"close":6.74,"close_count":60,"l_pvalue":0.0002749741,"l_slop":-3.9248319485,"l_stderror":0.8820841416,"ma120":7.0326666667,"ma250":7.36388,"ma42":6.920952381,"max10":6.9,"min10":6.73,"name":"洪城水业","stat_date":"2017-06-30","mc":53.2186,"cmc":40.0356,"pe":24.1065,"pe_lyr":22.9021,"pb":1.7399,"ps":1.6862,"pcf":-33.7742,"iop":26.4126}