{"code":"600470","atr10":0.181,"close":6.74,"close_count":60,"l_pvalue":0.000000008,"l_slop":15.6470106001,"l_stderror":1.6062097194,"ma120":6.5894166667,"ma250":7.33068,"ma42":6.9164285714,"max10":7.21,"min10":6.67,"name":"六国化工","stat_date":"2017-06-30","mc":35.1558,"cmc":35.1558,"pe":-34.8112,"pe_lyr":-28.2094,"pb":1.7673,"ps":0.7952,"pcf":60.729,"iop":64.2218}