{"code":"600462","atr10":0.182,"close":5.8,"close_count":60,"l_pvalue":0.0000030491,"l_slop":15.5049013613,"l_stderror":2.3791919214,"ma120":7.4896666667,"ma250":7.59736,"ma42":6.1069047619,"max10":6.46,"min10":5.73,"name":"九有股份","stat_date":"2017-06-30","mc":30.9592,"cmc":30.9592,"pe":378.2753,"pe_lyr":459.4857,"pb":10.5619,"ps":6.1864,"pcf":-20.6435,"iop":-29.2395}