{"code":"600408","atr10":0.123,"close":4.31,"close_count":60,"l_pvalue":0.0000000206,"l_slop":31.7102711188,"l_stderror":3.455792041,"ma120":3.9375,"ma250":4.55404,"ma42":4.3002380952,"max10":4.54,"min10":4.22,"name":"安泰集团","stat_date":"2017-06-30","mc":43.3931,"cmc":43.3931,"pe":-14.7354,"pe_lyr":-7.4564,"pb":4.8364,"ps":0.8713,"pcf":11.6185,"iop":103.8869}