{"code":"600423","atr10":0.178,"close":5.25,"close_count":60,"l_pvalue":0.4833479547,"l_slop":2.4257581409,"l_stderror":3.3930227051,"ma120":5.52325,"ma250":7.15684,"ma42":5.5626190476,"max10":5.69,"min10":5.2,"name":"*ST柳化","stat_date":"2017-06-30","mc":20.9657,"cmc":20.9657,"pe":-3.1541,"pe_lyr":-2.5686,"pb":-19.5494,"ps":1.1394,"pcf":-6.7636,"iop":9.0504}