{"code":"600405","atr10":0.286,"close":8.64,"close_count":60,"l_pvalue":0.0,"l_slop":52.70093971,"l_stderror":3.4200355475,"ma120":8.25175,"ma250":9.27196,"ma42":8.1842857143,"max10":9.09,"min10":8.38,"name":"动力源","stat_date":"2017-06-30","mc":48.6087,"cmc":47.803,"pe":242.4506,"pe_lyr":178.9511,"pb":3.702,"ps":3.9021,"pcf":13.8138,"iop":191.5052}