{"code":"600415","atr10":0.094,"close":7.05,"close_count":60,"l_pvalue":0.0000003249,"l_slop":-2.2176537832,"l_stderror":0.289967471,"ma120":7.2894166667,"ma250":7.67324,"ma42":7.1471428571,"max10":7.24,"min10":7.05,"name":"小商品城","stat_date":"2017-06-30","mc":383.7466,"cmc":383.7466,"pe":25.2271,"pe_lyr":36.1931,"pb":3.5572,"ps":3.7099,"pcf":83.9283,"iop":1.5043}