{"code":"600426","atr10":0.423,"close":12.85,"close_count":60,"l_pvalue":0.0,"l_slop":27.2860226091,"l_stderror":1.8648010274,"ma120":11.0891666667,"ma250":10.33236,"ma42":11.6423809524,"max10":12.85,"min10":11.78,"name":"华鲁恒升","stat_date":"2017-06-30","mc":208.2319,"cmc":207.094,"pe":22.3663,"pe_lyr":23.7846,"pb":2.4255,"ps":2.4397,"pcf":-520.0452,"iop":-14.2279}