{"code":"600469","atr10":0.211,"close":8.05,"close_count":60,"l_pvalue":0.0000314168,"l_slop":2.2244228705,"l_stderror":0.4104423624,"ma120":8.49225,"ma250":9.42044,"ma42":8.0485714286,"max10":8.12,"min10":7.88,"name":"风神股份","stat_date":"2017-06-30","mc":45.2743,"cmc":45.2743,"pe":-36.8027,"pe_lyr":53.5465,"pb":1.9843,"ps":0.6049,"pcf":-11.793,"iop":-96.658}