{"code":"600456","atr10":1.343,"close":25.26,"close_count":60,"l_pvalue":9.804555932e-20,"l_slop":56.7192063014,"l_stderror":1.4305395466,"ma120":21.1085,"ma250":20.42392,"ma42":22.8280952381,"max10":26.38,"min10":22.92,"name":"宝钛股份","stat_date":"2017-06-30","mc":108.6851,"cmc":108.6851,"pe":144.9333,"pe_lyr":294.8422,"pb":3.2426,"ps":3.9596,"pcf":-46.537,"iop":86.0173}