{"code":"600455","atr10":0.821,"close":37.4,"close_count":60,"l_pvalue":0.0025081166,"l_slop":5.3437946521,"l_stderror":1.5356960077,"ma120":40.78025,"ma250":48.66804,"ma42":37.6673809524,"max10":38.22,"min10":36.53,"name":"博通股份","stat_date":"2017-06-30","mc":23.3593,"cmc":18.5944,"pe":-449.4906,"pe_lyr":-233.8209,"pb":19.0277,"ps":13.8246,"pcf":-140.877,"iop":191.1843}