{"code":"600425","atr10":0.08,"close":3.82,"close_count":60,"l_pvalue":0.0000000001,"l_slop":7.6060985929,"l_stderror":0.5826538822,"ma120":3.7865833333,"ma250":4.61024,"ma42":3.7947619048,"max10":3.92,"min10":3.77,"name":"*ST青松","stat_date":"2017-06-30","mc":52.6698,"cmc":52.6698,"pe":-9.9904,"pe_lyr":-9.1513,"pb":1.3597,"ps":2.9168,"pcf":-114.9673,"iop":67.3544}