{"code":"600422","atr10":0.25,"close":11.74,"close_count":60,"l_pvalue":0.0,"l_slop":40.9710912919,"l_stderror":3.0634387548,"ma120":11.192,"ma250":12.2204,"ma42":11.115,"max10":12.12,"min10":11.71,"name":"昆药集团","stat_date":"2017-06-30","mc":92.592,"cmc":80.0974,"pe":24.7303,"pe_lyr":22.7356,"pb":2.5462,"ps":1.7371,"pcf":29.976,"iop":-13.4485}