{"code":"600420","atr10":0.163,"close":15.02,"close_count":60,"l_pvalue":1.63706211e-18,"l_slop":-18.0282237226,"l_stderror":0.528366564,"ma120":16.01525,"ma250":15.7112,"ma42":15.5157142857,"max10":15.23,"min10":14.91,"name":"现代制药","stat_date":"2017-06-30","mc":166.7909,"cmc":86.4351,"pe":30.6392,"pe_lyr":34.9715,"pb":2.8189,"ps":1.8281,"pcf":32.2208,"iop":-0.6505}