{"code":"600421","atr10":0.451,"close":14.76,"close_count":60,"l_pvalue":0.0000633192,"l_slop":6.0235875109,"l_stderror":1.1806034484,"ma120":16.73825,"ma250":19.03304,"ma42":15.0835714286,"max10":15.93,"min10":14.67,"name":"仰帆控股","stat_date":"2017-06-30","mc":28.8706,"cmc":28.8706,"pe":979.2792,"pe_lyr":899.3878,"pb":371.8675,"ps":90.2658,"pcf":-6991.168,"iop":-45.8717}