{"code":"600503","atr10":0.383,"close":7.92,"close_count":60,"l_pvalue":0.0,"l_slop":49.8486789928,"l_stderror":2.7171823704,"ma120":7.0018333333,"ma250":7.92608,"ma42":7.6466666667,"max10":8.7,"min10":7.72,"name":"华丽家族","stat_date":"2017-06-30","mc":126.9014,"cmc":126.9014,"pe":117.2914,"pe_lyr":98.5211,"pb":3.6851,"ps":10.2708,"pcf":-28.05,"iop":-129.991}