{"code":"600531","atr10":0.291,"close":8.2,"close_count":60,"l_pvalue":0.000000015,"l_slop":13.2277914274,"l_stderror":1.412510841,"ma120":7.8160833333,"ma250":8.35176,"ma42":8.3923809524,"max10":8.85,"min10":8.14,"name":"豫光金铅","stat_date":"2017-06-30","mc":89.3999,"cmc":72.6317,"pe":39.5333,"pe_lyr":50.6738,"pb":2.9257,"ps":0.5832,"pcf":11.3403,"iop":596.6313}