{"code":"600549","atr10":1.58,"close":31.88,"close_count":60,"l_pvalue":0.0000176871,"l_slop":28.975738803,"l_stderror":5.0981833501,"ma120":25.7429166667,"ma250":24.92176,"ma42":33.0830952381,"max10":34.82,"min10":30.85,"name":"厦门钨业","stat_date":"2017-06-30","mc":346.4172,"cmc":282.6398,"pe":65.162,"pe_lyr":235.6526,"pb":5.1044,"ps":3.0904,"pcf":101.8223,"iop":440.1573}