{"code":"600589","atr10":0.094,"close":7.18,"close_count":60,"l_pvalue":0.002139229,"l_slop":4.7363031597,"l_stderror":1.3342465358,"ma120":7.3976666667,"ma250":8.17732,"ma42":7.3521428571,"max10":7.5,"min10":7.16,"name":"广东榕泰","stat_date":"2017-06-30","mc":50.641,"cmc":45.0247,"pe":43.5882,"pe_lyr":50.2051,"pb":1.7062,"ps":3.331,"pcf":42.6246,"iop":53.1593}