{"code":"600588","atr10":0.92,"close":23.41,"close_count":60,"l_pvalue":0.0,"l_slop":95.9784507751,"l_stderror":6.6847221157,"ma120":18.3024166667,"ma250":19.77748,"ma42":21.5966666667,"max10":25.98,"min10":23.32,"name":"用友网络","stat_date":"2017-06-30","mc":347.2345,"cmc":341.8717,"pe":110.7333,"pe_lyr":173.6513,"pb":6.6328,"ps":6.2386,"pcf":-23.654,"iop":1841.4803}