{"code":"600558","atr10":0.553,"close":7.89,"close_count":60,"l_pvalue":2.368235527e-18,"l_slop":145.208638838,"l_stderror":4.3405877127,"ma120":5.7255,"ma250":5.61028,"ma42":6.3361904762,"max10":8.34,"min10":7.45,"name":"大西洋","stat_date":"2017-06-30","mc":70.821,"cmc":70.821,"pe":184.6419,"pe_lyr":159.3533,"pb":3.8544,"ps":3.7691,"pcf":-23.3793,"iop":-54.7374}