{"code":"600545","atr10":0.184,"close":10.62,"close_count":60,"l_pvalue":0.0006351785,"l_slop":7.6148280681,"l_stderror":1.865417035,"ma120":11.3703333333,"ma250":10.82448,"ma42":10.6161904762,"max10":10.91,"min10":10.42,"name":"新疆城建","stat_date":"2017-06-30","mc":201.2929,"cmc":71.7684,"pe":-122.5829,"pe_lyr":-88.2887,"pb":2.1996,"ps":7.1124,"pcf":-59.7895,"iop":257.004}