{"code":"600522","atr10":0.713,"close":14.47,"close_count":60,"l_pvalue":0.0000000001,"l_slop":42.0292129768,"l_stderror":3.2750152784,"ma120":11.4299166667,"ma250":11.23904,"ma42":11.7828571429,"max10":14.47,"min10":12.29,"name":"中天科技","stat_date":"2017-06-30","mc":443.6607,"cmc":329.3146,"pe":24.4988,"pe_lyr":27.9375,"pb":2.6543,"ps":1.8329,"pcf":24.3264,"iop":11.428}