{"code":"600566","atr10":0.757,"close":37.11,"close_count":60,"l_pvalue":0.0000001196,"l_slop":8.2663539093,"l_stderror":1.0101782384,"ma120":35.1490833333,"ma250":32.80412,"ma42":35.3864285714,"max10":37.11,"min10":35.89,"name":"济川药业","stat_date":"2017-06-30","mc":300.4515,"cmc":300.4515,"pe":27.9343,"pe_lyr":32.162,"pb":8.3487,"ps":5.8519,"pcf":194.1064,"iop":27.0199}