{"code":"600525","atr10":0.785,"close":19.83,"close_count":60,"l_pvalue":0.0,"l_slop":70.8728400253,"l_stderror":4.9001365257,"ma120":15.2646666667,"ma250":14.88148,"ma42":17.8157142857,"max10":19.85,"min10":18.7,"name":"长园集团","stat_date":"2017-06-30","mc":261.2228,"cmc":246.9974,"pe":41.1536,"pe_lyr":40.8124,"pb":3.5358,"ps":4.0095,"pcf":-82.1244,"iop":48.4133}