{"code":"600511","atr10":0.428,"close":29.55,"close_count":60,"l_pvalue":0.0,"l_slop":-12.788856429,"l_stderror":0.6527222691,"ma120":33.1485,"ma250":32.46892,"ma42":31.1504761905,"max10":30.92,"min10":29.55,"name":"国药股份","stat_date":"2017-06-30","mc":226.6289,"cmc":82.0436,"pe":37.6676,"pe_lyr":41.3853,"pb":2.9789,"ps":1.5831,"pcf":37.5556,"iop":5.2949}