{"code":"600508","atr10":0.303,"close":13.14,"close_count":60,"l_pvalue":0.197793754,"l_slop":3.5989298859,"l_stderror":2.6967124145,"ma120":12.1181666667,"ma250":11.56344,"ma42":13.4326190476,"max10":13.6,"min10":12.85,"name":"上海能源","stat_date":"2017-06-30","mc":94.9651,"cmc":94.9651,"pe":17.4621,"pe_lyr":21.0254,"pb":1.0793,"ps":1.6169,"pcf":-27.0433,"iop":-40.7472}