{"code":"600548","atr10":0.128,"close":9.66,"close_count":60,"l_pvalue":6.864053323e-18,"l_slop":9.6078992718,"l_stderror":0.3040358152,"ma120":8.9579166667,"ma250":8.72768,"ma42":9.4992857143,"max10":9.82,"min10":9.55,"name":"深高速","stat_date":"2017-06-30","mc":186.5873,"cmc":138.4539,"pe":16.2526,"pe_lyr":18.0153,"pb":1.6289,"ps":4.6022,"pcf":-16.0115,"iop":1.2935}