{"code":"600505","atr10":0.193,"close":8.54,"close_count":60,"l_pvalue":0.4201660917,"l_slop":0.628022514,"l_stderror":0.7621675925,"ma120":8.6835833333,"ma250":9.60004,"ma42":8.7528571429,"max10":9.04,"min10":8.51,"name":"西昌电力","stat_date":"2017-06-30","mc":31.1341,"cmc":31.1341,"pe":50.1589,"pe_lyr":55.5648,"pb":3.027,"ps":3.3477,"pcf":-197.975,"iop":76.7213}