{"code":"600526","atr10":0.36,"close":10.77,"close_count":60,"l_pvalue":0.0000000001,"l_slop":30.0938516719,"l_stderror":2.3122436617,"ma120":10.59525,"ma250":11.67984,"ma42":10.4904761905,"max10":11.67,"min10":10.52,"name":"菲达环保","stat_date":"2017-06-30","mc":58.9555,"cmc":43.822,"pe":104.8067,"pe_lyr":132.6882,"pb":2.3184,"ps":1.5066,"pcf":41.1191,"iop":11.0879}