{"code":"600536","atr10":0.486,"close":19.01,"close_count":60,"l_pvalue":0.0000000004,"l_slop":29.3782436078,"l_stderror":2.5212918755,"ma120":19.7166666667,"ma250":23.00252,"ma42":18.7157142857,"max10":20.07,"min10":18.73,"name":"中国软件","stat_date":"2017-06-30","mc":94.0164,"cmc":94.0164,"pe":-737.9561,"pe_lyr":91.8965,"pb":5.0457,"ps":1.9265,"pcf":34.539,"iop":4.3697}