{"code":"600550","atr10":0.186,"close":8.89,"close_count":60,"l_pvalue":1.682027919e-23,"l_slop":-28.3800656075,"l_stderror":0.4519636238,"ma120":10.0434166667,"ma250":8.29696,"ma42":9.4330952381,"max10":9.2,"min10":8.87,"name":"保变电气","stat_date":"2017-06-30","mc":136.4266,"cmc":122.0589,"pe":118.9324,"pe_lyr":125.0151,"pb":27.8759,"ps":3.6965,"pcf":304.0968,"iop":497.6866}