{"code":"600563","atr10":1.861,"close":56.24,"close_count":60,"l_pvalue":0.0000013258,"l_slop":15.0226472051,"l_stderror":2.168562969,"ma120":50.4811666667,"ma250":43.7748,"ma42":57.369047619,"max10":60.74,"min10":56.17,"name":"法拉电子","stat_date":"2017-06-30","mc":126.54,"cmc":126.54,"pe":31.5638,"pe_lyr":32.4833,"pb":6.2028,"ps":7.877,"pcf":-42.2188,"iop":13.6387}