{"code":"600538","atr10":0.218,"close":6.55,"close_count":60,"l_pvalue":4.807538684e-16,"l_slop":32.7827667025,"l_stderror":1.3040478306,"ma120":7.4616666667,"ma250":10.37164,"ma42":6.2907142857,"max10":6.8,"min10":6.54,"name":"国发股份","stat_date":"2017-06-30","mc":30.4183,"cmc":30.4183,"pe":-93.5837,"pe_lyr":-95.469,"pb":4.773,"ps":7.4059,"pcf":122.0431,"iop":-41.2451}