{"code":"600510","atr10":0.131,"close":7.69,"close_count":60,"l_pvalue":0.0000000014,"l_slop":-5.660073052,"l_stderror":0.5217434578,"ma120":7.9459166667,"ma250":8.465,"ma42":7.9088095238,"max10":7.99,"min10":7.68,"name":"黑牡丹","stat_date":"2017-06-30","mc":80.5216,"cmc":61.1757,"pe":24.1493,"pe_lyr":21.6731,"pb":1.1085,"ps":1.3438,"pcf":19.6715,"iop":-39.4305}