{"code":"600573","atr10":0.219,"close":10.25,"close_count":60,"l_pvalue":0.3960066218,"l_slop":-1.8323188683,"l_stderror":2.1099685973,"ma120":10.5398333333,"ma250":12.87096,"ma42":10.735952381,"max10":10.79,"min10":10.06,"name":"惠泉啤酒","stat_date":"2017-06-30","mc":25.625,"cmc":25.625,"pe":127.852,"pe_lyr":1525.7238,"pb":2.3457,"ps":4.2532,"pcf":-125.7102,"iop":-265.7057}