{"code":"600578","atr10":0.041,"close":4.15,"close_count":60,"l_pvalue":0.0000012587,"l_slop":-5.5965553788,"l_stderror":0.8048594137,"ma120":4.2215833333,"ma250":4.19148,"ma42":4.2502380952,"max10":4.24,"min10":4.12,"name":"京能电力","stat_date":"2017-06-30","mc":279.9895,"cmc":191.6188,"pe":35.8555,"pe_lyr":16.6113,"pb":1.2752,"ps":2.4872,"pcf":36.3053,"iop":-96.6553}