{"code":"600579","atr10":0.296,"close":14.65,"close_count":60,"l_pvalue":1.0,"l_slop":0.0,"l_stderror":0.0,"ma120":14.5714166667,"ma250":14.5764,"ma42":14.4576190476,"max10":14.65,"min10":14.65,"name":"天华院","stat_date":"2017-06-30","mc":60.1582,"cmc":60.1582,"pe":688.8062,"pe_lyr":957.9482,"pb":4.9826,"ps":12.1658,"pcf":127.8784,"iop":-237.904}