{"code":"600571","atr10":0.284,"close":13.93,"close_count":60,"l_pvalue":0.0007092455,"l_slop":11.8055194235,"l_stderror":2.9266413821,"ma120":14.5030833333,"ma250":17.67336,"ma42":14.0442857143,"max10":14.42,"min10":13.81,"name":"信雅达","stat_date":"2017-06-30","mc":61.2473,"cmc":59.0997,"pe":58.8184,"pe_lyr":49.9516,"pb":5.2741,"ps":4.2489,"pcf":-55.5556,"iop":-27.9529}