{"code":"600543","atr10":0.258,"close":11.55,"close_count":60,"l_pvalue":0.0000000001,"l_slop":6.0286450666,"l_stderror":0.4836229416,"ma120":12.0499166667,"ma250":13.40108,"ma42":11.6228571429,"max10":11.99,"min10":11.51,"name":"莫高股份","stat_date":"2017-06-30","mc":37.0894,"cmc":37.0894,"pe":168.4634,"pe_lyr":182.4493,"pb":3.3276,"ps":16.5127,"pcf":-74.9385,"iop":92.8821}