{"code":"600582","atr10":0.11,"close":4.99,"close_count":60,"l_pvalue":0.0000000169,"l_slop":22.0012018476,"l_stderror":2.3676015701,"ma120":4.7876666667,"ma250":4.93696,"ma42":4.9473809524,"max10":5.19,"min10":4.94,"name":"天地科技","stat_date":"2017-06-30","mc":206.5156,"cmc":138.4394,"pe":21.1146,"pe_lyr":22.1612,"pb":1.4646,"ps":1.4887,"pcf":26.8768,"iop":107.2455}