{"code":"600585","atr10":0.961,"close":25.44,"close_count":60,"l_pvalue":0.0000012146,"l_slop":19.2666558353,"l_stderror":2.7636948989,"ma120":22.4013333333,"ma250":20.25384,"ma42":24.0002380952,"max10":25.73,"min10":24.24,"name":"海螺水泥","stat_date":"2017-06-30","mc":1366.5769,"cmc":1017.5243,"pe":11.3368,"pe_lyr":15.8049,"pb":1.6771,"ps":2.1109,"pcf":-122.329,"iop":120.4914}