{"code":"600567","atr10":0.214,"close":5.37,"close_count":60,"l_pvalue":0.0,"l_slop":67.0099595177,"l_stderror":3.1200620438,"ma120":4.0694166667,"ma250":3.75672,"ma42":4.9578571429,"max10":5.5,"min10":5.15,"name":"山鹰纸业","stat_date":"2017-06-30","mc":244.4023,"cmc":244.4023,"pe":23.7498,"pe_lyr":69.2742,"pb":2.7189,"ps":1.7219,"pcf":18.4071,"iop":1093.5565}