{"code":"600507","atr10":0.678,"close":13.44,"close_count":60,"l_pvalue":0.0192361902,"l_slop":20.4305928393,"l_stderror":7.9874307191,"ma120":9.7899166667,"ma250":8.26792,"ma42":13.5804761905,"max10":14.87,"min10":12.49,"name":"方大特钢","stat_date":"2017-06-30","mc":178.2269,"cmc":178.0125,"pe":16.0343,"pe_lyr":26.7673,"pb":5.9006,"ps":1.563,"pcf":17.9607,"iop":117.6884}