{"code":"600569","atr10":0.309,"close":5.45,"close_count":60,"l_pvalue":0.0000000185,"l_slop":76.5524938026,"l_stderror":8.2844615656,"ma120":3.5176666667,"ma250":3.33776,"ma42":4.6830952381,"max10":5.45,"min10":4.82,"name":"安阳钢铁","stat_date":"2017-06-30","mc":130.4558,"cmc":130.4558,"pe":230.5199,"pe_lyr":105.8575,"pb":2.6787,"ps":0.5906,"pcf":-523.3934,"iop":-17.9916}