{"code":"600592","atr10":0.575,"close":11.99,"close_count":60,"l_pvalue":4.372901794e-16,"l_slop":51.4221929688,"l_stderror":2.0350305874,"ma120":11.6729166667,"ma250":13.01828,"ma42":11.0057142857,"max10":12.51,"min10":11.67,"name":"龙溪股份","stat_date":"2017-06-30","mc":47.9065,"cmc":47.9065,"pe":52.9873,"pe_lyr":77.5882,"pb":2.5711,"ps":6.428,"pcf":42.0345,"iop":323.1936}