{"code":"600597","atr10":0.22,"close":12.77,"close_count":60,"l_pvalue":0.0000005862,"l_slop":13.0165844512,"l_stderror":1.7730891588,"ma120":12.4525833333,"ma250":12.89344,"ma42":12.7776190476,"max10":13.26,"min10":12.74,"name":"光明乳业","stat_date":"2017-06-30","mc":157.1523,"cmc":156.3434,"pe":22.8163,"pe_lyr":27.9042,"pb":3.0046,"ps":0.7534,"pcf":20.1871,"iop":17.2166}