{"code":"600598","atr10":0.322,"close":11.75,"close_count":60,"l_pvalue":0.0000306176,"l_slop":9.5790050197,"l_stderror":1.7636547577,"ma120":11.0710833333,"ma250":11.24676,"ma42":11.4864285714,"max10":11.9,"min10":11.6,"name":"北大荒","stat_date":"2017-06-30","mc":208.8774,"cmc":208.8774,"pe":31.3203,"pe_lyr":28.4146,"pb":3.5762,"ps":7.157,"pcf":-120.479,"iop":-43.2527}