{"code":"600520","atr10":0.732,"close":17.69,"close_count":60,"l_pvalue":0.0000000001,"l_slop":36.0334277639,"l_stderror":2.7767496199,"ma120":17.53875,"ma250":19.72464,"ma42":16.9111904762,"max10":18.7,"min10":17.07,"name":"中发科技","stat_date":"2017-06-30","mc":28.0263,"cmc":28.0263,"pe":177.0781,"pe_lyr":226.9146,"pb":6.5729,"ps":10.8902,"pcf":157.2069,"iop":-50592.457}