{"code":"600584","atr10":0.562,"close":17.3,"close_count":60,"l_pvalue":0.0,"l_slop":35.2846933243,"l_stderror":1.9941010528,"ma120":16.4745,"ma250":17.56124,"ma42":16.1297619048,"max10":17.68,"min10":16.97,"name":"长电科技","stat_date":"2017-06-30","mc":235.253,"cmc":170.3306,"pe":127.4299,"pe_lyr":221.2388,"pb":2.6741,"ps":1.071,"pcf":27.5162,"iop":64.8443}