{"code":"600517","atr10":0.083,"close":7.06,"close_count":60,"l_pvalue":0.0016404949,"l_slop":2.1445210049,"l_stderror":0.5849038678,"ma120":7.6295,"ma250":8.93732,"ma42":7.1326190476,"max10":7.26,"min10":7.05,"name":"置信电气","stat_date":"2017-06-30","mc":95.7454,"cmc":87.8633,"pe":28.0814,"pe_lyr":20.2516,"pb":2.8391,"ps":1.4432,"pcf":-56.329,"iop":-57.7126}