{"code":"600528","atr10":0.204,"close":14.0,"close_count":60,"l_pvalue":0.0000000002,"l_slop":-8.332499112,"l_stderror":0.6873641204,"ma120":14.7843333333,"ma250":14.5232,"ma42":14.4026190476,"max10":14.5,"min10":14.0,"name":"中铁工业","stat_date":"2017-06-30","mc":311.0172,"cmc":204.288,"pe":168.5541,"pe_lyr":185.2784,"pb":2.2257,"ps":0.9837,"pcf":17.4355,"iop":62.8515}