{"code":"600516","atr10":1.526,"close":31.53,"close_count":60,"l_pvalue":0.0000013434,"l_slop":46.4543369688,"l_stderror":6.712201239,"ma120":19.7230833333,"ma250":14.57712,"ma42":32.4802380952,"max10":36.83,"min10":29.91,"name":"方大炭素","stat_date":"2017-06-30","mc":564.0069,"cmc":542.0513,"pe":121.4711,"pe_lyr":836.1987,"pb":8.6146,"ps":17.9783,"pcf":314.3373,"iop":9167.4678}