{"code":"600501","atr10":0.255,"close":14.15,"close_count":60,"l_pvalue":0.0000000002,"l_slop":-14.1994360076,"l_stderror":1.1790691814,"ma120":14.8839166667,"ma250":16.98596,"ma42":14.4345238095,"max10":14.29,"min10":14.01,"name":"航天晨光","stat_date":"2017-06-30","mc":59.6116,"cmc":57.574,"pe":610.6651,"pe_lyr":407.8341,"pb":2.7251,"ps":1.8975,"pcf":-34.5358,"iop":-115.1708}