{"code":"600586","atr10":0.13,"close":5.13,"close_count":60,"l_pvalue":0.6780591365,"l_slop":-1.0481918856,"l_stderror":2.4863110474,"ma120":4.98875,"ma250":4.83684,"ma42":5.3080952381,"max10":5.35,"min10":5.06,"name":"金晶科技","stat_date":"2017-06-30","mc":74.8109,"cmc":73.5387,"pe":61.8241,"pe_lyr":197.7783,"pb":1.8059,"ps":2.062,"pcf":-25.9262,"iop":255.1003}