{"code":"600581","atr10":0.925,"close":13.14,"close_count":60,"l_pvalue":0.0,"l_slop":0.0619902215,"l_stderror":0.0034460709,"ma120":8.41425,"ma250":6.82536,"ma42":9.61,"max10":13.14,"min10":13.14,"name":"八一钢铁","stat_date":"2017-06-30","mc":100.7114,"cmc":100.7114,"pe":13.3861,"pe_lyr":271.4355,"pb":3.8695,"ps":0.7572,"pcf":22.2953,"iop":131.4702}