{"code":"600533","atr10":0.246,"close":5.98,"close_count":60,"l_pvalue":0.0,"l_slop":20.6864801776,"l_stderror":1.3392666365,"ma120":5.9394166667,"ma250":5.72712,"ma42":6.0188095238,"max10":6.49,"min10":5.89,"name":"栖霞建设","stat_date":"2017-06-30","mc":62.79,"cmc":62.79,"pe":26.2261,"pe_lyr":32.1362,"pb":1.5873,"ps":1.8837,"pcf":19.3478,"iop":11031.3535}