{"code":"600596","atr10":0.594,"close":12.24,"close_count":60,"l_pvalue":0.0,"l_slop":66.602014155,"l_stderror":3.7447313015,"ma120":9.4279166667,"ma250":9.49824,"ma42":11.5595238095,"max10":12.89,"min10":11.8,"name":"新安股份","stat_date":"2017-06-30","mc":86.3428,"cmc":83.1322,"pe":28.2232,"pe_lyr":111.3241,"pb":2.0054,"ps":1.2366,"pcf":20.0439,"iop":78.8779}