{"code":"600537","atr10":0.157,"close":5.2,"close_count":60,"l_pvalue":6.401838021e-16,"l_slop":40.4789257455,"l_stderror":1.6353602522,"ma120":5.2346666667,"ma250":6.34172,"ma42":5.0473809524,"max10":5.46,"min10":5.2,"name":"亿晶光电","stat_date":"2017-06-30","mc":61.1707,"cmc":61.1707,"pe":55.3603,"pe_lyr":17.0294,"pb":1.8004,"ps":1.4005,"pcf":13.3556,"iop":-90.1786}