{"code":"600580","atr10":0.202,"close":8.09,"close_count":60,"l_pvalue":0.0,"l_slop":43.3423937512,"l_stderror":1.9146159199,"ma120":7.4545,"ma250":8.3714,"ma42":7.645,"max10":8.27,"min10":7.88,"name":"卧龙电气","stat_date":"2017-06-30","mc":104.272,"cmc":89.8417,"pe":43.4374,"pe_lyr":41.1478,"pb":2.0019,"ps":1.0843,"pcf":42.0248,"iop":5.0377}