{"code":"600556","atr10":0.3,"close":8.31,"close_count":60,"l_pvalue":0.0000000007,"l_slop":-102.108829131,"l_stderror":9.0458530716,"ma120":13.0611666667,"ma250":15.11684,"ma42":11.105952381,"max10":9.71,"min10":8.26,"name":"慧球科技","stat_date":"2017-06-30","mc":32.8074,"cmc":32.8074,"pe":-129.5551,"pe_lyr":-124.4642,"pb":52.1189,"ps":83.7973,"pcf":580.121,"iop":27.4032}