{"code":"600570","atr10":1.66,"close":51.28,"close_count":60,"l_pvalue":0.0000000042,"l_slop":55.1288532201,"l_stderror":5.4339590168,"ma120":43.6956666667,"ma250":47.144,"ma42":49.4473809524,"max10":54.55,"min10":50.55,"name":"恒生电子","stat_date":"2017-06-30","mc":316.8105,"cmc":316.8105,"pe":382.3204,"pe_lyr":1732.0216,"pb":12.2096,"ps":13.0381,"pcf":201.2279,"iop":306.2599}