{"code":"600560","atr10":0.355,"close":12.9,"close_count":60,"l_pvalue":0.0,"l_slop":23.1157074379,"l_stderror":1.0687452957,"ma120":12.8465,"ma250":14.66716,"ma42":12.4714285714,"max10":13.17,"min10":12.68,"name":"金自天正","stat_date":"2017-06-30","mc":28.8503,"cmc":28.8503,"pe":173.4964,"pe_lyr":145.3115,"pb":3.9297,"ps":6.3943,"pcf":-271.1807,"iop":-31.3618}