{"code":"600572","atr10":0.104,"close":7.08,"close_count":60,"l_pvalue":0.0,"l_slop":14.325520037,"l_stderror":0.7246404208,"ma120":6.7888333333,"ma250":6.90336,"ma42":6.9835714286,"max10":7.23,"min10":7.04,"name":"康恩贝","stat_date":"2017-06-30","mc":177.7597,"cmc":145.6879,"pe":34.2787,"pe_lyr":40.302,"pb":4.0513,"ps":3.3472,"pcf":104.4325,"iop":45.8424}