{"code":"600521","atr10":0.592,"close":22.24,"close_count":60,"l_pvalue":8.218408161e-17,"l_slop":42.7666887943,"l_stderror":1.5464179265,"ma120":20.37275,"ma250":21.65096,"ma42":20.9057142857,"max10":22.65,"min10":21.88,"name":"华海药业","stat_date":"2017-06-30","mc":231.8498,"cmc":228.3616,"pe":43.1435,"pe_lyr":46.293,"pb":5.1487,"ps":5.1981,"pcf":950.8225,"iop":51.9598}