{"code":"600518","atr10":0.235,"close":20.15,"close_count":60,"l_pvalue":3.485468008e-17,"l_slop":-14.8063822541,"l_stderror":0.511235369,"ma120":20.5985,"ma250":18.90748,"ma42":20.6580952381,"max10":20.35,"min10":19.99,"name":"康美药业","stat_date":"2017-06-30","mc":996.7689,"cmc":887.0686,"pe":26.7523,"pe_lyr":29.8398,"pb":3.686,"ps":4.2056,"pcf":15.2583,"iop":22.2643}