{"code":"600594","atr10":0.167,"close":13.07,"close_count":60,"l_pvalue":0.0031601313,"l_slop":-5.6954303129,"l_stderror":1.6862069902,"ma120":14.7776666667,"ma250":15.94588,"ma42":13.675,"max10":13.76,"min10":13.07,"name":"益佰制药","stat_date":"2017-06-30","mc":103.5049,"cmc":103.5049,"pe":26.129,"pe_lyr":26.894,"pb":2.5391,"ps":2.6454,"pcf":307.3859,"iop":-25.0088}