{"code":"600535","atr10":0.725,"close":35.3,"close_count":60,"l_pvalue":0.0,"l_slop":-23.1654369347,"l_stderror":1.7306223299,"ma120":38.9499166667,"ma250":39.46192,"ma42":37.4002380952,"max10":37.44,"min10":34.82,"name":"天士力","stat_date":"2017-06-30","mc":381.408,"cmc":364.5935,"pe":30.5648,"pe_lyr":32.4209,"pb":4.698,"ps":2.5752,"pcf":159.5227,"iop":-0.4751}