{"code":"600577","atr10":0.069,"close":4.31,"close_count":60,"l_pvalue":0.000000092,"l_slop":12.5421388983,"l_stderror":1.5062606144,"ma120":4.7365,"ma250":4.88632,"ma42":4.3585714286,"max10":4.52,"min10":4.3,"name":"精达股份","stat_date":"2017-06-30","mc":84.2745,"cmc":84.2745,"pe":29.6899,"pe_lyr":37.6361,"pb":2.9711,"ps":0.8928,"pcf":-223.349,"iop":46.7632}