{"code":"600506","atr10":0.524,"close":18.0,"close_count":60,"l_pvalue":0.0019752903,"l_slop":7.9345157154,"l_stderror":2.2133364643,"ma120":17.9908333333,"ma250":22.81544,"ma42":18.8357142857,"max10":19.75,"min10":17.97,"name":"香梨股份","stat_date":"2017-06-30","mc":26.5872,"cmc":26.5872,"pe":-515.7486,"pe_lyr":-308.2249,"pb":9.9804,"ps":33.6426,"pcf":95.6668,"iop":77.3773}