{"code":"600587","atr10":0.24,"close":17.59,"close_count":60,"l_pvalue":0.5332740058,"l_slop":-0.6770061192,"l_stderror":1.0668683518,"ma120":18.352,"ma250":21.55408,"ma42":18.2661904762,"max10":18.4,"min10":17.58,"name":"新华医疗","stat_date":"2017-06-30","mc":71.4907,"cmc":70.9698,"pe":291.7524,"pe_lyr":206.404,"pb":2.1545,"ps":0.7864,"pcf":31.8393,"iop":-26.9498}