{"code":"600547","atr10":0.57,"close":31.38,"close_count":60,"l_pvalue":0.2653955418,"l_slop":-2.9201046455,"l_stderror":2.5446224134,"ma120":32.188,"ma250":35.7938,"ma42":32.7661904762,"max10":32.68,"min10":31.36,"name":"山东黄金","stat_date":"2017-06-30","mc":582.7639,"cmc":446.5601,"pe":41.8556,"pe_lyr":45.0785,"pb":3.6529,"ps":1.1428,"pcf":30.3106,"iop":-0.2896}