{"code":"600513","atr10":0.232,"close":10.41,"close_count":60,"l_pvalue":0.0,"l_slop":11.4910945508,"l_stderror":0.6523448448,"ma120":10.2815,"ma250":11.49608,"ma42":10.33,"max10":10.8,"min10":10.38,"name":"联环药业","stat_date":"2017-06-30","mc":29.716,"cmc":29.716,"pe":43.2089,"pe_lyr":47.4014,"pb":3.525,"ps":5.0391,"pcf":102.208,"iop":32.0359}