{"code":"600509","atr10":0.158,"close":7.65,"close_count":60,"l_pvalue":0.0000013903,"l_slop":-5.3169293548,"l_stderror":0.7701519202,"ma120":7.80975,"ma250":7.7374,"ma42":7.99,"max10":8.13,"min10":7.65,"name":"天富能源","stat_date":"2017-06-30","mc":69.2858,"cmc":69.2858,"pe":20.839,"pe_lyr":22.1631,"pb":1.4417,"ps":1.8172,"pcf":6.1712,"iop":-50.5017}