{"code":"600562","atr10":0.432,"close":26.45,"close_count":60,"l_pvalue":1.509469499e-20,"l_slop":-10.5673103562,"l_stderror":0.2412789298,"ma120":27.1224166667,"ma250":30.03976,"ma42":26.4545238095,"max10":26.45,"min10":25.67,"name":"国睿科技","stat_date":"2017-06-30","mc":126.6244,"cmc":86.6624,"pe":56.5225,"pe_lyr":55.4451,"pb":7.4561,"ps":10.0638,"pcf":-54.0551,"iop":-9.707}