{"code":"600530","atr10":0.191,"close":6.43,"close_count":60,"l_pvalue":0.0015557074,"l_slop":8.0744725395,"l_stderror":2.1883587703,"ma120":5.7995833333,"ma250":6.82384,"ma42":5.9804761905,"max10":6.62,"min10":5.89,"name":"交大昂立","stat_date":"2017-06-30","mc":50.154,"cmc":50.154,"pe":36.0906,"pe_lyr":36.5551,"pb":3.2066,"ps":18.6762,"pcf":63.1117,"iop":2.0366}