{"code":"600529","atr10":0.317,"close":21.41,"close_count":60,"l_pvalue":1.085205663e-20,"l_slop":-16.9605470286,"l_stderror":0.3805240814,"ma120":21.8123333333,"ma250":21.02156,"ma42":21.824047619,"max10":21.59,"min10":21.01,"name":"山东药玻","stat_date":"2017-06-30","mc":64.9911,"cmc":55.1051,"pe":27.5913,"pe_lyr":34.2771,"pb":2.1259,"ps":2.906,"pcf":7.9852,"iop":4.5588}