{"code":"600576","atr10":0.363,"close":10.35,"close_count":60,"l_pvalue":4.964763703e-16,"l_slop":18.8838840295,"l_stderror":0.7524815936,"ma120":10.59875,"ma250":14.73564,"ma42":10.4461904762,"max10":11.17,"min10":10.35,"name":"祥源文化","stat_date":"2017-06-30","mc":67.4873,"cmc":49.6598,"pe":60.8394,"pe_lyr":62.0487,"pb":3.4502,"ps":8.9377,"pcf":-51.5599,"iop":-46.0565}