{"code":"600519","atr10":6.242,"close":508.21,"close_count":60,"l_pvalue":0.0002946755,"l_slop":6.2132636843,"l_stderror":1.406018243,"ma120":456.736333333,"ma250":391.95156,"ma42":490.737380952,"max10":509.29,"min10":489.84,"name":"贵州茅台","stat_date":"2017-06-30","mc":6384.1226,"cmc":6384.1226,"pe":33.3086,"pe_lyr":38.1863,"pb":9.5148,"ps":13.6089,"pcf":26.2186,"iop":31.9575}