{"code":"600546","atr10":0.177,"close":5.57,"close_count":60,"l_pvalue":0.1411797575,"l_slop":6.1028618239,"l_stderror":3.9748654728,"ma120":5.0463333333,"ma250":4.69036,"ma42":5.745,"max10":5.98,"min10":5.41,"name":"山煤国际","stat_date":"2017-06-30","mc":110.4228,"cmc":110.4228,"pe":12.9901,"pe_lyr":35.8888,"pb":2.6531,"ps":0.2172,"pcf":6.7859,"iop":248.9511}