{"code":"600515","atr10":0.604,"close":14.1,"close_count":60,"l_pvalue":7.20850288e-18,"l_slop":58.8903379113,"l_stderror":1.8684429747,"ma120":11.44125,"ma250":11.82444,"ma42":12.8723809524,"max10":14.61,"min10":13.95,"name":"海航基础","stat_date":"2017-06-30","mc":550.9705,"cmc":59.6112,"pe":36.7911,"pe_lyr":57.4072,"pb":1.6914,"ps":4.3575,"pcf":3.5097,"iop":90.9324}