{"code":"600512","atr10":0.117,"close":4.89,"close_count":60,"l_pvalue":0.0,"l_slop":23.2900516513,"l_stderror":1.1115038072,"ma120":4.8744166667,"ma250":5.11644,"ma42":4.8080952381,"max10":4.98,"min10":4.89,"name":"腾达建设","stat_date":"2017-06-30","mc":78.1863,"cmc":72.8692,"pe":62.4857,"pe_lyr":92.5566,"pb":1.6735,"ps":2.5508,"pcf":14.1436,"iop":22.2905}