{"code":"600583","atr10":0.078,"close":6.22,"close_count":60,"l_pvalue":0.0018434229,"l_slop":-3.7695037944,"l_stderror":1.042672191,"ma120":6.4165,"ma250":6.9444,"ma42":6.345952381,"max10":6.32,"min10":6.14,"name":"海油工程","stat_date":"2017-06-30","mc":275.0083,"cmc":275.0083,"pe":42.6392,"pe_lyr":20.9083,"pb":1.2031,"ps":2.4833,"pcf":16.0577,"iop":-9.9344}