{"code":"600552","atr10":0.305,"close":9.3,"close_count":60,"l_pvalue":0.0000244744,"l_slop":13.3401003475,"l_stderror":2.4106300232,"ma120":7.8461666667,"ma250":8.35236,"ma42":8.4328571429,"max10":9.3,"min10":8.19,"name":"凯盛科技","stat_date":"2017-06-30","mc":71.3356,"cmc":68.9031,"pe":86.026,"pe_lyr":94.4128,"pb":3.059,"ps":1.9623,"pcf":23.4446,"iop":37.9058}