{"code":"600575","atr10":0.12,"close":4.48,"close_count":60,"l_pvalue":0.1155319004,"l_slop":1.4554615224,"l_stderror":0.8824983679,"ma120":4.4768333333,"ma250":4.92516,"ma42":4.470952381,"max10":4.62,"min10":4.38,"name":"皖江物流","stat_date":"2017-06-30","mc":174.1045,"cmc":140.0059,"pe":39.302,"pe_lyr":36.8259,"pb":2.1098,"ps":2.0369,"pcf":-21.1663,"iop":57.1082}