{"code":"600540","atr10":0.087,"close":5.35,"close_count":60,"l_pvalue":0.1859612005,"l_slop":2.9956279685,"l_stderror":2.1829568752,"ma120":5.7355,"ma250":6.89496,"ma42":5.5221428571,"max10":5.59,"min10":5.3,"name":"*ST新赛","stat_date":"2017-06-30","mc":25.1944,"cmc":24.7771,"pe":-5.4701,"pe_lyr":-5.3176,"pb":4.0642,"ps":1.6052,"pcf":-67.3233,"iop":91.7685}