{"code":"600500","atr10":0.215,"close":10.33,"close_count":60,"l_pvalue":0.0041892491,"l_slop":-5.1688956968,"l_stderror":1.5891623322,"ma120":10.2621666667,"ma250":10.64572,"ma42":10.639047619,"max10":10.72,"min10":10.19,"name":"中化国际","stat_date":"2017-06-30","mc":215.1752,"cmc":215.1752,"pe":74.76,"pe_lyr":375.8747,"pb":1.8838,"ps":0.4686,"pcf":13.4104,"iop":187.4268}