{"code":"600557","atr10":0.171,"close":15.26,"close_count":60,"l_pvalue":0.0000000144,"l_slop":-7.4710613609,"l_stderror":0.7958448231,"ma120":16.1825,"ma250":17.01284,"ma42":15.8102380952,"max10":15.93,"min10":15.23,"name":"康缘药业","stat_date":"2017-06-30","mc":94.0701,"cmc":91.3359,"pe":25.142,"pe_lyr":25.1699,"pb":2.8526,"ps":2.976,"pcf":-133.4956,"iop":-1.6581}