{"code":"600590","atr10":0.386,"close":14.03,"close_count":60,"l_pvalue":0.0,"l_slop":26.9471988636,"l_stderror":1.2226938712,"ma120":14.9954166667,"ma250":15.65568,"ma42":13.19,"max10":14.24,"min10":13.55,"name":"泰豪科技","stat_date":"2017-06-30","mc":93.5746,"cmc":73.5753,"pe":60.514,"pe_lyr":75.5674,"pb":2.5143,"ps":2.3087,"pcf":41.577,"iop":172.1797}