{"code":"600527","atr10":0.125,"close":5.58,"close_count":60,"l_pvalue":0.0000000028,"l_slop":13.7893240369,"l_stderror":1.3276348172,"ma120":5.19575,"ma250":5.85152,"ma42":5.2895238095,"max10":5.58,"min10":5.3,"name":"江南高纤","stat_date":"2017-06-30","mc":44.7566,"cmc":44.7566,"pe":102.5277,"pe_lyr":163.0532,"pb":2.7681,"ps":3.603,"pcf":180.3119,"iop":130.5476}