{"code":"600593","atr10":0.523,"close":24.37,"close_count":60,"l_pvalue":0.0000094686,"l_slop":11.2081961434,"l_stderror":1.8758421804,"ma120":26.7065,"ma250":32.74808,"ma42":24.8421428571,"max10":25.71,"min10":24.37,"name":"大连圣亚","stat_date":"2017-06-30","mc":22.4204,"cmc":22.4204,"pe":60.2943,"pe_lyr":66.8297,"pb":5.761,"ps":6.7002,"pcf":88.2005,"iop":30.3648}