{"code":"600559","atr10":0.436,"close":22.69,"close_count":60,"l_pvalue":1.0,"l_slop":0.0,"l_stderror":0.0,"ma120":24.0503333333,"ma250":22.28488,"ma42":23.570952381,"max10":22.69,"min10":22.69,"name":"老白干酒","stat_date":"2017-06-30","mc":98.7388,"cmc":78.89,"pe":73.8811,"pe_lyr":89.0796,"pb":6.1982,"ps":3.9461,"pcf":16.5267,"iop":611.0076}