{"code":"600502","atr10":0.235,"close":8.35,"close_count":60,"l_pvalue":2.394028439e-16,"l_slop":33.2454977929,"l_stderror":1.2735186061,"ma120":7.8511666667,"ma250":8.90336,"ma42":8.0580952381,"max10":8.69,"min10":8.34,"name":"安徽水利","stat_date":"2017-06-30","mc":119.7641,"cmc":63.3716,"pe":28.7983,"pe_lyr":39.1844,"pb":2.0703,"ps":1.3609,"pcf":9.8516,"iop":34.2013}