{"code":"600599","atr10":0.622,"close":24.53,"close_count":60,"l_pvalue":0.0507602973,"l_slop":3.1880742965,"l_stderror":1.5287674776,"ma120":23.7688333333,"ma250":26.54848,"ma42":23.2142857143,"max10":24.53,"min10":22.66,"name":"熊猫金控","stat_date":"2017-06-30","mc":40.7198,"cmc":40.7198,"pe":95.9086,"pe_lyr":196.5774,"pb":5.7919,"ps":10.3116,"pcf":-104.6099,"iop":4.9855}