{"code":"600539","atr10":0.264,"close":17.74,"close_count":60,"l_pvalue":0.0,"l_slop":8.6152294395,"l_stderror":0.5742880483,"ma120":17.8575,"ma250":16.98676,"ma42":17.5919047619,"max10":17.82,"min10":17.74,"name":"狮头股份","stat_date":"2017-06-30","mc":40.802,"cmc":40.802,"pe":225.4304,"pe_lyr":-389.3489,"pb":8.6398,"ps":23.5488,"pcf":10.998,"iop":103.8877}