{"code":"600551","atr10":0.206,"close":14.27,"close_count":60,"l_pvalue":0.0000000001,"l_slop":-6.7297889839,"l_stderror":0.5126230027,"ma120":16.6736666667,"ma250":17.79304,"ma42":14.9178571429,"max10":14.94,"min10":14.27,"name":"时代出版","stat_date":"2017-06-30","mc":72.1813,"cmc":72.1813,"pe":22.4865,"pe_lyr":17.9292,"pb":1.4263,"ps":1.019,"pcf":16.2881,"iop":-36.2916}