{"code":"600561","atr10":0.204,"close":9.53,"close_count":60,"l_pvalue":0.0000017197,"l_slop":19.498254937,"l_stderror":2.8682245972,"ma120":9.6653333333,"ma250":11.74744,"ma42":9.6095238095,"max10":9.95,"min10":9.46,"name":"江西长运","stat_date":"2017-06-30","mc":22.5922,"cmc":22.5922,"pe":-25.518,"pe_lyr":-23.139,"pb":1.6074,"ps":0.8305,"pcf":-24.1877,"iop":326.6853}