{"code":"600523","atr10":0.419,"close":19.12,"close_count":60,"l_pvalue":0.0000002535,"l_slop":-7.3375193777,"l_stderror":0.9432625284,"ma120":19.2426666667,"ma250":20.85144,"ma42":19.8276190476,"max10":20.13,"min10":18.83,"name":"贵航股份","stat_date":"2017-06-30","mc":55.2174,"cmc":55.181,"pe":28.0937,"pe_lyr":31.8734,"pb":2.5728,"ps":1.5847,"pcf":25163.4863,"iop":0.5098}