{"code":"600565","atr10":0.152,"close":5.6,"close_count":60,"l_pvalue":2.998833006e-17,"l_slop":26.9083163058,"l_stderror":0.9216110391,"ma120":5.6108333333,"ma250":6.30252,"ma42":5.3528571429,"max10":5.74,"min10":5.4,"name":"迪马股份","stat_date":"2017-06-30","mc":135.6904,"cmc":132.5021,"pe":17.8197,"pe_lyr":17.4689,"pb":2.0396,"ps":0.993,"pcf":-60.5871,"iop":-35.6195}