{"code":"600532","atr10":0.283,"close":11.53,"close_count":60,"l_pvalue":0.199201127,"l_slop":-1.805739453,"l_stderror":1.3574990005,"ma120":12.2855,"ma250":14.45928,"ma42":12.1004761905,"max10":12.34,"min10":11.46,"name":"宏达矿业","stat_date":"2017-06-30","mc":59.5024,"cmc":45.6858,"pe":37.2,"pe_lyr":51.9077,"pb":3.162,"ps":12.0387,"pcf":16.9568,"iop":41.9959}