{"code":"600595","atr10":0.403,"close":7.3,"close_count":60,"l_pvalue":0.0,"l_slop":61.3033511845,"l_stderror":3.2082923577,"ma120":5.7158333333,"ma250":5.80624,"ma42":6.9516666667,"max10":8.01,"min10":7.03,"name":"中孚实业","stat_date":"2017-06-30","mc":127.1324,"cmc":127.1324,"pe":-561.5922,"pe_lyr":219.197,"pb":2.5999,"ps":1.0103,"pcf":-60.7084,"iop":-179.0198}