{"code":"600568","atr10":0.263,"close":6.99,"close_count":60,"l_pvalue":0.9609269375,"l_slop":-0.0664722741,"l_stderror":1.339071181,"ma120":7.2818333333,"ma250":7.61024,"ma42":7.3219047619,"max10":7.46,"min10":6.99,"name":"中珠医疗","stat_date":"2017-06-30","mc":139.3016,"cmc":116.6678,"pe":40.4217,"pe_lyr":47.3535,"pb":2.3368,"ps":20.3075,"pcf":16.3048,"iop":34.5521}