{"code":"600555","atr10":0.226,"close":5.77,"close_count":60,"l_pvalue":0.0,"l_slop":49.8337394591,"l_stderror":2.272016738,"ma120":5.0394166667,"ma250":5.7264,"ma42":5.2147619048,"max10":5.83,"min10":5.65,"name":"海航创新","stat_date":"2017-06-30","mc":67.8353,"cmc":56.1709,"pe":-27.2778,"pe_lyr":-39.0418,"pb":5.1921,"ps":197.8617,"pcf":-28.9573,"iop":14.41}