{"code":"600618","atr10":0.279,"close":11.7,"close_count":60,"l_pvalue":0.4950869211,"l_slop":1.4731543956,"l_stderror":2.1177518494,"ma120":11.2813333333,"ma250":12.42404,"ma42":12.0221428571,"max10":12.55,"min10":11.49,"name":"氯碱化工","stat_date":"2017-06-30","mc":108.4528,"cmc":87.7313,"pe":-150.5532,"pe_lyr":-41.2381,"pb":6.177,"ps":1.8587,"pcf":415.1375,"iop":19580.8145}