{"code":"600650","atr10":0.306,"close":16.69,"close_count":60,"l_pvalue":0.0201831607,"l_slop":-3.9430517722,"l_stderror":1.5553347428,"ma120":17.6650833333,"ma250":20.75484,"ma42":17.410952381,"max10":17.63,"min10":16.54,"name":"锦江投资","stat_date":"2017-06-30","mc":79.8423,"cmc":65.1845,"pe":38.5391,"pe_lyr":38.8446,"pb":2.8778,"ps":3.8652,"pcf":-172.4372,"iop":-16.2198}