{"code":"600626","atr10":0.193,"close":9.41,"close_count":60,"l_pvalue":0.4731873917,"l_slop":-1.4078111956,"l_stderror":1.923616263,"ma120":9.6655,"ma250":10.80644,"ma42":9.6492857143,"max10":9.96,"min10":9.4,"name":"申达股份","stat_date":"2017-06-30","mc":66.8338,"cmc":66.8338,"pe":38.1749,"pe_lyr":34.4177,"pb":2.712,"ps":0.7656,"pcf":12.4107,"iop":7.088}