{"code":"600658","atr10":0.257,"close":11.02,"close_count":60,"l_pvalue":0.0000904777,"l_slop":-10.6230413127,"l_stderror":2.149483197,"ma120":12.5089166667,"ma250":12.8432,"ma42":11.5828571429,"max10":11.54,"min10":11.02,"name":"电子城","stat_date":"2017-06-30","mc":88.0486,"cmc":88.0486,"pe":22.6416,"pe_lyr":20.9662,"pb":1.4876,"ps":6.2521,"pcf":6.9088,"iop":-35.2791}