{"code":"600606","atr10":0.233,"close":7.66,"close_count":60,"l_pvalue":0.0000000193,"l_slop":15.1865537481,"l_stderror":1.647922819,"ma120":7.6141666667,"ma250":8.15792,"ma42":7.6921428571,"max10":8.23,"min10":7.59,"name":"绿地控股","stat_date":"2017-06-30","mc":932.0806,"cmc":246.91,"pe":12.8276,"pe_lyr":12.9325,"pb":1.6636,"ps":0.3512,"pcf":6.2575,"iop":43.6076}