{"code":"600603","atr10":0.254,"close":9.08,"close_count":60,"l_pvalue":0.0,"l_slop":33.1233201733,"l_stderror":1.4038647536,"ma120":9.7689166667,"ma250":9.87876,"ma42":8.8902380952,"max10":9.56,"min10":9.08,"name":"广汇物流","stat_date":"2017-06-30","mc":79.8018,"cmc":24.7429,"pe":30.4426,"pe_lyr":32.3253,"pb":1.406,"ps":11.4918,"pcf":21.8848,"iop":11.5809}