{"code":"600639","atr10":0.232,"close":17.73,"close_count":60,"l_pvalue":0.0,"l_slop":-2.6494822084,"l_stderror":0.1966500575,"ma120":17.7399166667,"ma250":18.2546,"ma42":17.8971428571,"max10":17.92,"min10":17.71,"name":"浦东金桥","stat_date":"2017-06-30","mc":176.7259,"cmc":124.6714,"pe":31.0858,"pe_lyr":32.2666,"pb":2.3553,"ps":13.2441,"pcf":-50.2237,"iop":-29.3016}