{"code":"600679","atr10":0.406,"close":22.67,"close_count":60,"l_pvalue":9.326510622e-16,"l_slop":-18.3676558134,"l_stderror":0.7573521694,"ma120":25.08,"ma250":27.1264,"ma42":23.8019047619,"max10":23.6,"min10":22.53,"name":"上海凤凰","stat_date":"2017-06-30","mc":63.3854,"cmc":42.3112,"pe":115.761,"pe_lyr":172.4055,"pb":6.9838,"ps":7.9774,"pcf":168.9893,"iop":164.9707}