{"code":"600683","atr10":0.319,"close":8.25,"close_count":60,"l_pvalue":1.628478016e-16,"l_slop":28.683510642,"l_stderror":1.0761385818,"ma120":7.8238333333,"ma250":8.457,"ma42":7.6333333333,"max10":8.29,"min10":7.78,"name":"京投发展","stat_date":"2017-06-30","mc":61.1142,"cmc":61.1142,"pe":20.6252,"pe_lyr":21.0402,"pb":2.9452,"ps":0.9181,"pcf":5.6802,"iop":3023.658}