{"code":"600664","atr10":0.082,"close":5.81,"close_count":60,"l_pvalue":0.0,"l_slop":9.0049710798,"l_stderror":0.5630555862,"ma120":5.8521666667,"ma250":7.13988,"ma42":5.85,"max10":6.0,"min10":5.81,"name":"哈药股份","stat_date":"2017-06-30","mc":147.6462,"cmc":144.8275,"pe":19.5042,"pe_lyr":18.7344,"pb":2.1307,"ps":1.1202,"pcf":-88.7463,"iop":4.7747}