{"code":"600688","atr10":0.073,"close":6.41,"close_count":60,"l_pvalue":0.0,"l_slop":-18.8485524829,"l_stderror":0.7851508776,"ma120":6.4385833333,"ma250":6.27212,"ma42":6.5657142857,"max10":6.43,"min10":6.29,"name":"上海石化","stat_date":"2017-06-30","mc":607.7234,"cmc":468.2505,"pe":12.7389,"pe_lyr":11.6241,"pb":3.1532,"ps":0.8241,"pcf":19.7534,"iop":-71.2971}