{"code":"600660","atr10":0.428,"close":25.34,"close_count":60,"l_pvalue":0.0000068285,"l_slop":15.0683230628,"l_stderror":2.4583332956,"ma120":23.6809166667,"ma250":20.80792,"ma42":23.5319047619,"max10":25.34,"min10":24.04,"name":"福耀玻璃","stat_date":"2017-06-30","mc":628.5815,"cmc":507.5567,"pe":20.682,"pe_lyr":20.2175,"pb":3.6455,"ps":3.5811,"pcf":-212.2253,"iop":-21.2217}