{"code":"600648","atr10":0.24,"close":17.68,"close_count":60,"l_pvalue":0.0000000699,"l_slop":-2.5978479579,"l_stderror":0.3063851076,"ma120":18.12975,"ma250":19.15184,"ma42":17.9138095238,"max10":18.07,"min10":17.68,"name":"外高桥","stat_date":"2017-06-30","mc":186.1001,"cmc":165.2712,"pe":31.814,"pe_lyr":27.7806,"pb":2.1787,"ps":2.5289,"pcf":29.621,"iop":-53.6666}