{"code":"600673","atr10":0.285,"close":7.29,"close_count":60,"l_pvalue":1.0,"l_slop":0.0,"l_stderror":0.0,"ma120":6.4431666667,"ma250":7.2782,"ma42":6.4857142857,"max10":7.29,"min10":7.29,"name":"东阳光科","stat_date":"2017-06-30","mc":179.9809,"cmc":179.1456,"pe":63.7649,"pe_lyr":164.3903,"pb":4.6501,"ps":2.9222,"pcf":57.1373,"iop":348.7057}