{"code":"600662","atr10":0.121,"close":7.38,"close_count":60,"l_pvalue":0.0000642273,"l_slop":-6.8776770764,"l_stderror":1.3496960633,"ma120":7.98425,"ma250":9.62016,"ma42":7.6869047619,"max10":7.65,"min10":7.35,"name":"强生控股","stat_date":"2017-06-30","mc":77.7381,"cmc":77.7381,"pe":64.4577,"pe_lyr":42.1763,"pb":2.443,"ps":1.67,"pcf":-23.0519,"iop":-80.5206}