{"code":"600643","atr10":0.243,"close":13.98,"close_count":60,"l_pvalue":0.0000001467,"l_slop":-9.204027154,"l_stderror":1.1402372412,"ma120":13.7296666667,"ma250":12.4824,"ma42":14.39,"max10":14.2,"min10":13.73,"name":"爱建集团","stat_date":"2017-06-30","mc":200.9122,"cmc":200.4771,"pe":30.0846,"pe_lyr":32.379,"pb":2.9765,"ps":11.2724,"pcf":-50.9089,"iop":20.2902}