{"code":"600654","atr10":0.514,"close":7.67,"close_count":60,"l_pvalue":0.0000003016,"l_slop":-87.4542717755,"l_stderror":11.3767777114,"ma120":19.83975,"ma250":21.6026,"ma42":16.4642857143,"max10":12.17,"min10":7.67,"name":"*ST中安","stat_date":"2017-06-30","mc":98.4077,"cmc":57.9118,"pe":641.3347,"pe_lyr":35.9015,"pb":3.3506,"ps":2.7393,"pcf":-79.9193,"iop":-115.6952}