{"code":"600697","atr10":0.424,"close":27.75,"close_count":60,"l_pvalue":0.000003415,"l_slop":2.8759940172,"l_stderror":0.4450730549,"ma120":28.1625,"ma250":30.75984,"ma42":27.95,"max10":28.45,"min10":27.75,"name":"欧亚集团","stat_date":"2017-06-30","mc":44.1469,"cmc":43.0558,"pe":13.4603,"pe_lyr":13.4888,"pb":2.0195,"ps":0.3368,"pcf":38.0112,"iop":19.4414}