{"code":"600622","atr10":0.867,"close":18.9,"close_count":60,"l_pvalue":0.0,"l_slop":37.2112211674,"l_stderror":1.8964832534,"ma120":15.9771666667,"ma250":14.15996,"ma42":16.8947619048,"max10":18.9,"min10":17.31,"name":"嘉宝集团","stat_date":"2017-06-30","mc":167.7163,"cmc":126.3644,"pe":38.6858,"pe_lyr":56.708,"pb":3.2327,"ps":7.0871,"pcf":-19.8228,"iop":441.5621}