{"code":"600623","atr10":0.249,"close":10.77,"close_count":60,"l_pvalue":0.0,"l_slop":-16.7336051788,"l_stderror":0.9065028504,"ma120":10.9726666667,"ma250":13.07556,"ma42":11.4042857143,"max10":11.19,"min10":10.73,"name":"华谊集团","stat_date":"2017-06-30","mc":217.6027,"cmc":100.5429,"pe":42.4441,"pe_lyr":54.5181,"pb":1.3891,"ps":0.5214,"pcf":27.6402,"iop":14.8397}