{"code":"600645","atr10":1.257,"close":26.95,"close_count":60,"l_pvalue":0.0000000025,"l_slop":41.370386732,"l_stderror":3.9488727185,"ma120":23.7518333333,"ma250":29.47112,"ma42":24.0171428571,"max10":27.49,"min10":25.39,"name":"中源协和","stat_date":"2017-06-30","mc":104.0516,"cmc":95.5273,"pe":343.9427,"pe_lyr":274.826,"pb":6.9242,"ps":11.7761,"pcf":-39.1424,"iop":-125.3042}