{"code":"600691","atr10":0.125,"close":3.73,"close_count":60,"l_pvalue":0.0,"l_slop":30.0324351504,"l_stderror":1.5270677502,"ma120":3.1099166667,"ma250":3.33752,"ma42":3.3783333333,"max10":3.77,"min10":3.35,"name":"阳煤化工","stat_date":"2017-06-30","mc":65.5282,"cmc":65.5134,"pe":-12.9394,"pe_lyr":-7.2127,"pb":1.744,"ps":0.3678,"pcf":-269.2129,"iop":105.4483}