{"code":"600620","atr10":0.294,"close":12.77,"close_count":60,"l_pvalue":0.0001374852,"l_slop":-11.4778139034,"l_stderror":2.4134301329,"ma120":12.6128333333,"ma250":14.38504,"ma42":13.4157142857,"max10":13.39,"min10":12.67,"name":"天宸股份","stat_date":"2017-06-30","mc":87.6887,"cmc":87.6887,"pe":127.2193,"pe_lyr":145.6982,"pb":3.4462,"ps":173.6599,"pcf":-211.4122,"iop":16.7439}