{"code":"600665","atr10":0.152,"close":4.94,"close_count":60,"l_pvalue":0.0000000099,"l_slop":12.5586315326,"l_stderror":1.3068056465,"ma120":4.9225,"ma250":5.12664,"ma42":4.984047619,"max10":5.25,"min10":4.87,"name":"天地源","stat_date":"2017-06-30","mc":42.6877,"cmc":42.6877,"pe":10.8479,"pe_lyr":18.5334,"pb":1.4738,"ps":0.9228,"pcf":9.397,"iop":289.3047}