{"code":"600675","atr10":0.136,"close":6.54,"close_count":60,"l_pvalue":0.0000000001,"l_slop":-8.5919951236,"l_stderror":0.6753464753,"ma120":6.8955833333,"ma250":6.7348,"ma42":6.835,"max10":6.9,"min10":6.5,"name":"中华企业","stat_date":"2017-06-30","mc":122.1057,"cmc":122.1057,"pe":11.1064,"pe_lyr":18.6291,"pb":3.3625,"ps":1.1131,"pcf":4.4832,"iop":-35.6713}