{"code":"600614","atr10":0.323,"close":12.09,"close_count":60,"l_pvalue":0.3285926564,"l_slop":2.7466857934,"l_stderror":2.7392149735,"ma120":11.8941666667,"ma250":11.70228,"ma42":12.6233333333,"max10":12.7,"min10":12.09,"name":"鹏起科技","stat_date":"2017-06-30","mc":197.2088,"cmc":142.6085,"pe":122.7239,"pe_lyr":231.1102,"pb":4.422,"ps":9.4127,"pcf":39.2037,"iop":47.1097}