{"code":"600661","atr10":0.49,"close":21.7,"close_count":60,"l_pvalue":7.582036258e-17,"l_slop":38.3897692242,"l_stderror":1.3821373317,"ma120":21.6058333333,"ma250":25.533,"ma42":20.8992857143,"max10":22.58,"min10":21.7,"name":"新南洋","stat_date":"2017-06-30","mc":62.1811,"cmc":56.2196,"pe":33.2895,"pe_lyr":34.0037,"pb":4.1745,"ps":4.0664,"pcf":11.5725,"iop":18.0151}