{"code":"600687","atr10":0.36,"close":13.61,"close_count":60,"l_pvalue":0.0000000001,"l_slop":14.6339035591,"l_stderror":1.1510758765,"ma120":12.94425,"ma250":14.62264,"ma42":13.4721428571,"max10":14.28,"min10":13.56,"name":"刚泰控股","stat_date":"2017-06-30","mc":202.6142,"cmc":146.7892,"pe":40.2879,"pe_lyr":40.8441,"pb":3.5148,"ps":2.1191,"pcf":-35.1559,"iop":249.5032}