{"code":"600692","atr10":0.253,"close":13.08,"close_count":60,"l_pvalue":0.3113286597,"l_slop":1.5832414277,"l_stderror":1.5221358028,"ma120":13.5329166667,"ma250":15.31864,"ma42":13.4847619048,"max10":13.74,"min10":13.0,"name":"亚通股份","stat_date":"2017-06-30","mc":46.0107,"cmc":33.3554,"pe":79.2019,"pe_lyr":97.6433,"pb":7.0148,"ps":3.6312,"pcf":220.457,"iop":286.3161}