{"code":"600630","atr10":0.243,"close":11.93,"close_count":60,"l_pvalue":0.0000000075,"l_slop":15.1533669775,"l_stderror":1.5494730244,"ma120":11.8928333333,"ma250":13.87824,"ma42":11.800952381,"max10":12.44,"min10":11.78,"name":"龙头股份","stat_date":"2017-06-30","mc":50.686,"cmc":50.686,"pe":691.2577,"pe_lyr":243.9386,"pb":2.9271,"ps":1.2053,"pcf":792.3555,"iop":124.737}