{"code":"600634","atr10":0.311,"close":18.61,"close_count":60,"l_pvalue":0.0000030248,"l_slop":8.2231813635,"l_stderror":1.2610727022,"ma120":18.3263333333,"ma250":17.07044,"ma42":17.895,"max10":18.61,"min10":17.85,"name":"富控互动","stat_date":"2017-06-30","mc":107.1437,"cmc":107.1437,"pe":54.3415,"pe_lyr":62.1807,"pb":3.6323,"ps":5.0966,"pcf":17.4228,"iop":123.5061}