{"code":"600678","atr10":0.241,"close":12.19,"close_count":60,"l_pvalue":0.0000000001,"l_slop":-9.8726753895,"l_stderror":0.7848650113,"ma120":12.45,"ma250":13.8984,"ma42":12.5288095238,"max10":12.75,"min10":12.14,"name":"四川金顶","stat_date":"2017-06-30","mc":42.5419,"cmc":42.5419,"pe":-252.4129,"pe_lyr":-150.6079,"pb":-1127.8,"ps":36.9428,"pcf":-5664.209,"iop":144.8479}