{"code":"600649","atr10":0.154,"close":10.03,"close_count":60,"l_pvalue":0.0,"l_slop":-6.7962591278,"l_stderror":0.3665918861,"ma120":10.7581666667,"ma250":13.37052,"ma42":10.3033333333,"max10":10.35,"min10":10.03,"name":"城投控股","stat_date":"2017-06-30","mc":253.7164,"cmc":242.8055,"pe":16.8809,"pe_lyr":12.1121,"pb":1.3902,"ps":4.2925,"pcf":348.6547,"iop":-63.4896}