{"code":"600641","atr10":0.449,"close":13.27,"close_count":60,"l_pvalue":0.0000000023,"l_slop":54.9898607411,"l_stderror":5.2236062328,"ma120":11.8039166667,"ma250":12.15416,"ma42":12.76,"max10":14.44,"min10":13.02,"name":"万业企业","stat_date":"2017-06-30","mc":106.9773,"cmc":106.9773,"pe":4.7899,"pe_lyr":14.8906,"pb":1.8644,"ps":2.5824,"pcf":5.0124,"iop":20155.6074}