{"code":"600637","atr10":0.22,"close":20.31,"close_count":60,"l_pvalue":0.0502697153,"l_slop":1.7504517541,"l_stderror":0.837415145,"ma120":20.8654166667,"ma250":22.1736,"ma42":20.7361904762,"max10":21.08,"min10":20.27,"name":"东方明珠","stat_date":"2017-06-30","mc":536.5364,"cmc":325.3351,"pe":18.6363,"pe_lyr":18.2868,"pb":2.0697,"ps":2.6378,"pcf":-9.6587,"iop":-10.0877}