{"code":"600608","atr10":0.168,"close":7.94,"close_count":60,"l_pvalue":0.0004787753,"l_slop":6.4930288143,"l_stderror":1.5437728082,"ma120":8.3391666667,"ma250":11.29632,"ma42":7.9442857143,"max10":8.23,"min10":7.86,"name":"*ST沪科","stat_date":"2017-06-30","mc":26.1116,"cmc":25.2787,"pe":-121.3147,"pe_lyr":-109.7295,"pb":-99.3617,"ps":8.7326,"pcf":-30.3331,"iop":12.7402}