{"code":"600611","atr10":0.057,"close":5.37,"close_count":60,"l_pvalue":0.9589056628,"l_slop":-0.0196989269,"l_stderror":0.3772951557,"ma120":5.5053333333,"ma250":6.03456,"ma42":5.4776190476,"max10":5.52,"min10":5.37,"name":"大众交通","stat_date":"2017-06-30","mc":120.4719,"cmc":83.9501,"pe":22.1659,"pe_lyr":22.7168,"pb":1.3888,"ps":3.8652,"pcf":-39.4507,"iop":-36.1625}