{"code":"600640","atr10":0.486,"close":18.44,"close_count":60,"l_pvalue":0.8819891034,"l_slop":0.2732380827,"l_stderror":1.8160422813,"ma120":17.4783333333,"ma250":18.97424,"ma42":18.7321428571,"max10":19.35,"min10":18.28,"name":"号百控股","stat_date":"2017-06-30","mc":146.7263,"cmc":98.7212,"pe":160.3964,"pe_lyr":821.0427,"pb":3.4003,"ps":5.7298,"pcf":-70.3077,"iop":177.9439}