{"code":"600690","atr10":0.352,"close":14.8,"close_count":60,"l_pvalue":9.312560357e-20,"l_slop":21.4536933947,"l_stderror":0.5396118906,"ma120":13.57925,"ma250":11.83252,"ma42":13.7778571429,"max10":14.8,"min10":14.08,"name":"青岛海尔","stat_date":"2017-06-30","mc":902.4156,"cmc":902.4156,"pe":14.6769,"pe_lyr":17.917,"pb":3.2425,"ps":0.6103,"pcf":13.1222,"iop":53.6318}