{"code":"600602","atr10":0.183,"close":8.23,"close_count":60,"l_pvalue":0.0000000099,"l_slop":8.5673271833,"l_stderror":0.8913136149,"ma120":7.9323333333,"ma250":9.35372,"ma42":7.8892857143,"max10":8.3,"min10":7.8,"name":"云赛智联","stat_date":"2017-06-30","mc":102.6103,"cmc":72.3888,"pe":37.8399,"pe_lyr":47.3495,"pb":2.8911,"ps":2.713,"pcf":32.3163,"iop":15.537}