{"code":"600681","atr10":0.615,"close":15.03,"close_count":60,"l_pvalue":0.0,"l_slop":-22.8625951589,"l_stderror":1.3258465134,"ma120":15.0323333333,"ma250":13.52568,"ma42":15.3311904762,"max10":15.15,"min10":14.66,"name":"百川能源","stat_date":"2017-06-30","mc":144.9129,"cmc":49.2091,"pe":24.2762,"pe_lyr":26.2917,"pb":6.1998,"ps":7.5316,"pcf":-49.3382,"iop":34.3497}