{"code":"600601","atr10":0.069,"close":4.02,"close_count":60,"l_pvalue":0.0,"l_slop":30.3653330701,"l_stderror":1.7455512403,"ma120":3.8614166667,"ma250":4.33696,"ma42":3.9271428571,"max10":4.16,"min10":4.01,"name":"方正科技","stat_date":"2017-06-30","mc":88.2346,"cmc":88.2346,"pe":475.6186,"pe_lyr":134.6506,"pb":2.3495,"ps":1.4208,"pcf":-124.9323,"iop":-0.5084}