{"code":"600616","atr10":0.157,"close":10.98,"close_count":60,"l_pvalue":0.0000000379,"l_slop":9.1600645296,"l_stderror":1.038040245,"ma120":10.8136666667,"ma250":11.37868,"ma42":10.9295238095,"max10":11.19,"min10":10.93,"name":"金枫酒业","stat_date":"2017-06-30","mc":56.5052,"cmc":56.5052,"pe":87.6381,"pe_lyr":83.9658,"pb":2.8545,"ps":5.5099,"pcf":358.3362,"iop":20.95}