{"code":"600686","atr10":0.762,"close":16.23,"close_count":60,"l_pvalue":4.51824138e-24,"l_slop":75.967969436,"l_stderror":1.1286166009,"ma120":13.0340833333,"ma250":13.5412,"ma42":13.9866666667,"max10":16.23,"min10":14.78,"name":"金龙汽车","stat_date":"2017-06-30","mc":98.4737,"cmc":71.8335,"pe":-11.6611,"pe_lyr":-13.7037,"pb":3.179,"ps":0.5971,"pcf":-118.0187,"iop":27.1535}