{"code":"600624","atr10":0.252,"close":7.75,"close_count":60,"l_pvalue":2.740947684e-16,"l_slop":20.2329580673,"l_stderror":0.7807422935,"ma120":7.2900833333,"ma250":8.00464,"ma42":7.659047619,"max10":8.24,"min10":7.66,"name":"复旦复华","stat_date":"2017-06-30","mc":53.0652,"cmc":53.0652,"pe":159.1248,"pe_lyr":139.078,"pb":4.9424,"ps":7.575,"pcf":51.5095,"iop":-4.6435}