{"code":"600638","atr10":0.695,"close":17.88,"close_count":60,"l_pvalue":0.0,"l_slop":25.1559700092,"l_stderror":1.3364405278,"ma120":17.0793333333,"ma250":17.31496,"ma42":17.4104761905,"max10":18.97,"min10":17.6,"name":"新黄浦","stat_date":"2017-06-30","mc":100.3361,"cmc":100.3361,"pe":15.6756,"pe_lyr":98.1476,"pb":2.3897,"ps":5.8585,"pcf":8.0547,"iop":2080.8379}