{"code":"600651","atr10":0.222,"close":9.23,"close_count":60,"l_pvalue":0.0000000002,"l_slop":19.528126184,"l_stderror":1.5900636036,"ma120":8.8421666667,"ma250":9.87788,"ma42":9.1554761905,"max10":9.58,"min10":9.16,"name":"飞乐音响","stat_date":"2017-06-30","mc":91.5232,"cmc":70.9438,"pe":15.5448,"pe_lyr":26.0681,"pb":2.5015,"ps":1.2166,"pcf":-148.8525,"iop":1597.5931}