{"code":"600693","atr10":0.248,"close":11.12,"close_count":60,"l_pvalue":0.0,"l_slop":-16.7087483157,"l_stderror":0.8208998341,"ma120":12.2769166667,"ma250":11.42184,"ma42":11.1021428571,"max10":11.17,"min10":10.85,"name":"东百集团","stat_date":"2017-06-30","mc":99.8831,"cmc":76.2236,"pe":54.2717,"pe_lyr":98.8485,"pb":4.9773,"ps":2.4316,"pcf":32.8758,"iop":660.774}