{"code":"600642","atr10":0.052,"close":5.97,"close_count":60,"l_pvalue":0.0,"l_slop":-7.4981312322,"l_stderror":0.350883221,"ma120":6.0161666667,"ma250":5.93472,"ma42":6.1242857143,"max10":6.12,"min10":5.95,"name":"申能股份","stat_date":"2017-06-30","mc":271.7567,"cmc":271.7567,"pe":11.9671,"pe_lyr":11.0429,"pb":1.1244,"ps":0.9198,"pcf":51.5042,"iop":-25.9441}