{"code":"600613","atr10":0.212,"close":10.35,"close_count":60,"l_pvalue":0.0290495947,"l_slop":1.2696092165,"l_stderror":0.5376897282,"ma120":10.8339166667,"ma250":12.98884,"ma42":10.4035714286,"max10":10.72,"min10":10.28,"name":"神奇制药","stat_date":"2017-06-30","mc":54.4551,"cmc":49.6096,"pe":33.6923,"pe_lyr":30.3617,"pb":2.3255,"ps":3.3492,"pcf":107.6218,"iop":-24.5936}