{"code":"600647","atr10":0.445,"close":22.56,"close_count":60,"l_pvalue":0.0156106411,"l_slop":2.9275568087,"l_stderror":1.1023908882,"ma120":23.78975,"ma250":29.8698,"ma42":23.0154761905,"max10":23.71,"min10":22.53,"name":"同达创业","stat_date":"2017-06-30","mc":31.3908,"cmc":31.3908,"pe":167.3937,"pe_lyr":38.9405,"pb":9.0838,"ps":49.4404,"pcf":524.5512,"iop":-102.2774}