{"code":"600680","atr10":0.417,"close":13.41,"close_count":60,"l_pvalue":0.0000000001,"l_slop":36.44913156,"l_stderror":2.7870092354,"ma120":14.0100833333,"ma250":23.94504,"ma42":13.6038095238,"max10":14.8,"min10":13.33,"name":"*ST上普","stat_date":"2017-06-30","mc":41.1459,"cmc":34.5207,"pe":-8.3804,"pe_lyr":-10.857,"pb":7.7501,"ps":9.4592,"pcf":-68.9104,"iop":-2185.531}