{"code":"600629","atr10":0.376,"close":20.01,"close_count":60,"l_pvalue":0.0,"l_slop":-21.9871557096,"l_stderror":1.0346644752,"ma120":20.7975833333,"ma250":20.28904,"ma42":20.7595238095,"max10":20.57,"min10":19.67,"name":"华建集团","stat_date":"2017-06-30","mc":86.4848,"cmc":69.6348,"pe":39.1894,"pe_lyr":35.8269,"pb":3.748,"ps":1.7546,"pcf":20.1933,"iop":-7.0319}