{"code":"600600","atr10":0.342,"close":30.56,"close_count":60,"l_pvalue":0.0,"l_slop":-15.1183485959,"l_stderror":0.6598405877,"ma120":32.5045833333,"ma250":31.85812,"ma42":31.9580952381,"max10":31.63,"min10":30.51,"name":"青岛啤酒","stat_date":"2017-06-30","mc":381.9524,"cmc":212.6712,"pe":36.7665,"pe_lyr":39.5655,"pb":2.4988,"ps":1.5625,"pcf":24.0855,"iop":28.5414}