{"code":"600685","atr10":0.396,"close":26.66,"close_count":60,"l_pvalue":0.0,"l_slop":-15.1589938979,"l_stderror":0.9025319139,"ma120":28.5073333333,"ma250":29.65072,"ma42":26.9366666667,"max10":26.8,"min10":26.33,"name":"中船防务","stat_date":"2017-06-30","mc":289.7264,"cmc":146.4529,"pe":482.364,"pe_lyr":529.0906,"pb":3.641,"ps":1.6818,"pcf":-15.3086,"iop":191.0317}