{"code":"600653","atr10":0.05,"close":3.33,"close_count":60,"l_pvalue":0.0000006096,"l_slop":4.8707378023,"l_stderror":0.6653071974,"ma120":3.72,"ma250":3.9274,"ma42":3.4354761905,"max10":3.46,"min10":3.31,"name":"申华控股","stat_date":"2017-06-30","mc":64.8145,"cmc":58.1545,"pe":-245.0069,"pe_lyr":97.3149,"pb":2.9346,"ps":1.0301,"pcf":-774.4826,"iop":-91.4885}