{"code":"600677","atr10":0.394,"close":14.88,"close_count":60,"l_pvalue":0.0000000002,"l_slop":-13.829448125,"l_stderror":1.1420797044,"ma120":14.4121666667,"ma250":16.44956,"ma42":14.455952381,"max10":14.88,"min10":13.85,"name":"航天通信","stat_date":"2017-06-30","mc":77.6426,"cmc":61.9645,"pe":432.38,"pe_lyr":305.4563,"pb":2.4987,"ps":0.5757,"pcf":616.9361,"iop":-30.9849}