{"code":"600667","atr10":0.295,"close":7.55,"close_count":60,"l_pvalue":0.0,"l_slop":38.6502406471,"l_stderror":2.2962306012,"ma120":6.9444166667,"ma250":7.51484,"ma42":7.0073809524,"max10":8.04,"min10":7.04,"name":"太极实业","stat_date":"2017-06-30","mc":159.0174,"cmc":89.9412,"pe":49.5679,"pe_lyr":68.3884,"pb":2.6734,"ps":1.469,"pcf":22.4875,"iop":114.1523}