{"code":"600615","atr10":0.399,"close":15.59,"close_count":60,"l_pvalue":0.0159743363,"l_slop":-2.5494886653,"l_stderror":0.9639224137,"ma120":15.632,"ma250":18.01444,"ma42":15.9130952381,"max10":16.17,"min10":15.27,"name":"丰华股份","stat_date":"2017-06-30","mc":29.3124,"cmc":29.2507,"pe":28.4537,"pe_lyr":316.6504,"pb":5.0009,"ps":28.2375,"pcf":-76.008,"iop":1594.3466}