{"code":"600609","atr10":0.261,"close":6.43,"close_count":60,"l_pvalue":0.0000000001,"l_slop":-67.2857095474,"l_stderror":5.3579817957,"ma120":7.2706666667,"ma250":6.12356,"ma42":6.8642857143,"max10":6.58,"min10":6.19,"name":"金杯汽车","stat_date":"2017-06-30","mc":70.2585,"cmc":70.2585,"pe":-13.9995,"pe_lyr":-33.7108,"pb":-27.4228,"ps":1.394,"pcf":9.163,"iop":-933.3726}