{"code":"600635","atr10":0.048,"close":5.16,"close_count":60,"l_pvalue":0.0,"l_slop":-7.6885960014,"l_stderror":0.5029508619,"ma120":5.5036666667,"ma250":5.86484,"ma42":5.3245238095,"max10":5.32,"min10":5.15,"name":"大众公用","stat_date":"2017-06-30","mc":141.0867,"cmc":124.8097,"pe":34.8101,"pe_lyr":27.8184,"pb":2.1874,"ps":3.4103,"pcf":13.2545,"iop":-23.5226}