{"code":"600633","atr10":0.242,"close":17.56,"close_count":60,"l_pvalue":1.240123055e-21,"l_slop":-29.1718770933,"l_stderror":0.5833403124,"ma120":18.9125,"ma250":17.59256,"ma42":18.5628571429,"max10":18.07,"min10":17.38,"name":"浙数文化","stat_date":"2017-06-30","mc":228.6178,"cmc":208.6633,"pe":14.059,"pe_lyr":37.3783,"pb":3.0152,"ps":7.8157,"pcf":30.3741,"iop":-37.9915}