{"code":"600666","atr10":0.288,"close":27.84,"close_count":60,"l_pvalue":1.0,"l_slop":0.0,"l_stderror":0.0,"ma120":28.3275,"ma250":29.80508,"ma42":28.2680952381,"max10":27.84,"min10":27.84,"name":"奥瑞德","stat_date":"2017-06-30","mc":213.5548,"cmc":139.8361,"pe":45.0372,"pe_lyr":45.8943,"pb":8.0433,"ps":13.1894,"pcf":-7336.2334,"iop":-98.7197}