{"code":"600644","atr10":0.1,"close":7.38,"close_count":60,"l_pvalue":0.0001775594,"l_slop":-2.887639818,"l_stderror":0.6220051262,"ma120":7.6786666667,"ma250":8.43504,"ma42":7.5021428571,"max10":7.64,"min10":7.32,"name":"乐山电力","stat_date":"2017-06-30","mc":39.734,"cmc":24.0942,"pe":37.1693,"pe_lyr":18.7892,"pb":3.099,"ps":1.9997,"pcf":109.7359,"iop":-64.8293}