{"code":"600628","atr10":0.146,"close":11.6,"close_count":60,"l_pvalue":0.0000000076,"l_slop":-8.1869764469,"l_stderror":0.8373820035,"ma120":11.7989166667,"ma250":12.93324,"ma42":11.9802380952,"max10":11.94,"min10":11.53,"name":"新世界","stat_date":"2017-06-30","mc":75.0375,"cmc":61.6887,"pe":12.8834,"pe_lyr":29.6919,"pb":1.7607,"ps":2.528,"pcf":8.1259,"iop":79311.9609}