{"code":"600655","atr10":0.28,"close":11.42,"close_count":60,"l_pvalue":1.0,"l_slop":0.0,"l_stderror":0.0,"ma120":11.60425,"ma250":11.95872,"ma42":11.2457142857,"max10":11.42,"min10":11.42,"name":"豫园股份","stat_date":"2017-06-30","mc":162.7048,"cmc":162.7048,"pe":24.4936,"pe_lyr":33.9786,"pb":1.4822,"ps":1.0143,"pcf":116.8038,"iop":29.9518}