{"code":"600604","atr10":0.353,"close":8.49,"close_count":60,"l_pvalue":0.0549103089,"l_slop":-8.1301441703,"l_stderror":3.9747504532,"ma120":8.0795,"ma250":9.04724,"ma42":9.3564285714,"max10":9.29,"min10":8.4,"name":"市北高新","stat_date":"2017-06-30","mc":137.4084,"cmc":88.5108,"pe":107.0919,"pe_lyr":103.6336,"pb":2.7749,"ps":15.0989,"pcf":15.4796,"iop":66.2849}