{"code":"600698","atr10":0.194,"close":9.6,"close_count":60,"l_pvalue":1.084577425e-17,"l_slop":-42.8877066448,"l_stderror":1.3908490625,"ma120":10.29175,"ma250":9.61024,"ma42":10.5514285714,"max10":10.25,"min10":9.59,"name":"湖南天雁","stat_date":"2017-06-30","mc":79.3137,"cmc":70.7425,"pe":1098.907,"pe_lyr":933.2926,"pb":13.9851,"ps":15.1524,"pcf":-1584.6147,"iop":-154.5599}