{"code":"600684","atr10":0.196,"close":6.99,"close_count":60,"l_pvalue":0.0000041236,"l_slop":7.4055937668,"l_stderror":1.1624407274,"ma120":7.1045833333,"ma250":6.95612,"ma42":7.0733333333,"max10":7.42,"min10":6.9,"name":"珠江实业","stat_date":"2017-06-30","mc":59.6569,"cmc":59.6569,"pe":14.7496,"pe_lyr":17.9058,"pb":2.1552,"ps":1.3029,"pcf":4.0843,"iop":4.3588}