{"code":"600619","atr10":0.965,"close":16.93,"close_count":60,"l_pvalue":0.0,"l_slop":93.2991414785,"l_stderror":5.861230816,"ma120":11.46675,"ma250":12.39004,"ma42":12.1233333333,"max10":17.22,"min10":13.86,"name":"海立股份","stat_date":"2017-06-30","mc":115.4853,"cmc":77.9746,"pe":57.7117,"pe_lyr":83.2558,"pb":3.7247,"ps":1.6466,"pcf":-249.1242,"iop":246.482}