{"code":"600695","atr10":0.31,"close":8.07,"close_count":60,"l_pvalue":0.0000000007,"l_slop":57.7819287467,"l_stderror":5.1236293482,"ma120":7.14475,"ma250":8.29928,"ma42":7.1007142857,"max10":8.11,"min10":7.64,"name":"绿庭投资","stat_date":"2017-06-30","mc":42.8061,"cmc":29.5739,"pe":72.1046,"pe_lyr":108.1373,"pb":8.1549,"ps":144.1851,"pcf":57.3513,"iop":-330.4541}