{"code":"600617","atr10":0.193,"close":9.05,"close_count":60,"l_pvalue":0.0001004781,"l_slop":4.0595234502,"l_stderror":0.8292638295,"ma120":9.60675,"ma250":10.40024,"ma42":8.9802380952,"max10":9.13,"min10":8.7,"name":"国新能源","stat_date":"2017-06-30","mc":95.6323,"cmc":81.3065,"pe":52.7676,"pe_lyr":26.4216,"pb":2.5791,"ps":1.1423,"pcf":-26.3453,"iop":-85.2714}