{"code":"600610","atr10":0.188,"close":7.2,"close_count":60,"l_pvalue":0.0000000013,"l_slop":-17.7188607664,"l_stderror":1.627174061,"ma120":8.19025,"ma250":10.08236,"ma42":7.5869047619,"max10":7.49,"min10":7.16,"name":"中毅达","stat_date":"2017-06-30","mc":61.5619,"cmc":27.0414,"pe":366.5328,"pe_lyr":1645.2212,"pb":6.622,"ps":8.4446,"pcf":116.3726,"iop":264.1923}