{"code":"600657","atr10":0.322,"close":6.24,"close_count":60,"l_pvalue":0.0,"l_slop":50.1333710834,"l_stderror":3.1459572182,"ma120":6.1996666667,"ma250":5.65256,"ma42":5.9042857143,"max10":7.11,"min10":6.1,"name":"信达地产","stat_date":"2017-06-30","mc":95.1139,"cmc":95.1139,"pe":9.5499,"pe_lyr":10.7962,"pb":1.0475,"ps":0.6536,"pcf":-79.9978,"iop":39.7336}