{"code":"600689","atr10":0.559,"close":14.31,"close_count":60,"l_pvalue":0.0000002573,"l_slop":39.927637802,"l_stderror":5.1380362858,"ma120":13.99975,"ma250":16.37556,"ma42":14.3842857143,"max10":15.92,"min10":14.13,"name":"上海三毛","stat_date":"2017-06-30","mc":25.6621,"cmc":21.7804,"pe":19.9169,"pe_lyr":31.0973,"pb":6.0943,"ps":2.4258,"pcf":30.986,"iop":65.4631}