{"code":"600676","atr10":0.112,"close":7.53,"close_count":60,"l_pvalue":0.0000000007,"l_slop":10.2860724872,"l_stderror":0.9101716395,"ma120":7.5086666667,"ma250":8.26828,"ma42":7.4985714286,"max10":7.68,"min10":7.45,"name":"交运股份","stat_date":"2017-06-30","mc":77.4455,"cmc":64.9368,"pe":23.9381,"pe_lyr":25.1716,"pb":1.4374,"ps":0.8909,"pcf":6.2503,"iop":5.7503}