{"code":"600652","atr10":0.226,"close":9.65,"close_count":60,"l_pvalue":0.0003272767,"l_slop":8.9699901493,"l_stderror":2.0512622936,"ma120":10.0004166667,"ma250":11.51996,"ma42":9.9509523809,"max10":10.21,"min10":9.56,"name":"游久游戏","stat_date":"2017-06-30","mc":80.3559,"cmc":65.1169,"pe":58.9767,"pe_lyr":68.4929,"pb":3.7397,"ps":31.1658,"pcf":-212.7983,"iop":87.8938}