{"code":"600699","atr10":0.975,"close":34.47,"close_count":60,"l_pvalue":0.0,"l_slop":41.3649626283,"l_stderror":1.9001489388,"ma120":31.4598333333,"ma250":32.21784,"ma42":32.5635714286,"max10":35.28,"min10":33.61,"name":"均胜电子","stat_date":"2017-06-30","mc":327.2199,"cmc":237.6258,"pe":39.695,"pe_lyr":72.1235,"pb":2.4533,"ps":1.2736,"pcf":21.4654,"iop":198.2203}