{"code":"600668","atr10":0.377,"close":17.99,"close_count":60,"l_pvalue":0.0030721519,"l_slop":-3.0244042486,"l_stderror":0.8921155198,"ma120":17.5316666667,"ma250":17.147,"ma42":18.6357142857,"max10":19.11,"min10":17.99,"name":"尖峰集团","stat_date":"2017-06-30","mc":61.9007,"cmc":61.9007,"pe":14.6637,"pe_lyr":21.7021,"pb":2.5521,"ps":2.3972,"pcf":106.4914,"iop":80.5313}