{"code":"600636","atr10":0.212,"close":14.04,"close_count":60,"l_pvalue":0.0000000005,"l_slop":-7.4916357751,"l_stderror":0.6524200274,"ma120":13.3465,"ma250":14.377,"ma42":14.4330952381,"max10":14.38,"min10":13.81,"name":"*ST爱富","stat_date":"2017-06-30","mc":62.7506,"cmc":59.8289,"pe":-25.4507,"pe_lyr":-20.3818,"pb":2.4284,"ps":1.1813,"pcf":93.9097,"iop":94.9041}