{"code":"600605","atr10":0.269,"close":15.52,"close_count":60,"l_pvalue":0.0000102631,"l_slop":8.4659644789,"l_stderror":1.4259286488,"ma120":16.1530833333,"ma250":19.6872,"ma42":15.704047619,"max10":16.15,"min10":15.39,"name":"汇通能源","stat_date":"2017-06-30","mc":22.8679,"cmc":22.8679,"pe":105.2072,"pe_lyr":92.1253,"pb":3.9369,"ps":0.9342,"pcf":29.5709,"iop":-49.702}