{"code":"600612","atr10":0.727,"close":41.13,"close_count":60,"l_pvalue":0.0000005945,"l_slop":-12.5388267563,"l_stderror":1.7096983034,"ma120":43.0440833333,"ma250":41.11364,"ma42":43.0276190476,"max10":42.74,"min10":40.61,"name":"老凤祥","stat_date":"2017-06-30","mc":182.8443,"cmc":130.4272,"pe":19.259,"pe_lyr":20.3462,"pb":4.2157,"ps":0.5718,"pcf":20.3872,"iop":12.9472}