{"code":"600621","atr10":0.331,"close":12.21,"close_count":60,"l_pvalue":0.0000000037,"l_slop":44.3134778761,"l_stderror":4.3322479409,"ma120":11.8540833333,"ma250":12.58804,"ma42":12.0097619048,"max10":13.1,"min10":12.08,"name":"华鑫股份","stat_date":"2017-06-30","mc":129.5358,"cmc":63.9905,"pe":-352.8537,"pe_lyr":83.9966,"pb":2.2886,"ps":61.8123,"pcf":16.4482,"iop":-64.6371}