{"code":"600694","atr10":0.375,"close":37.9,"close_count":60,"l_pvalue":0.0,"l_slop":-10.1267418082,"l_stderror":0.4477045517,"ma120":38.6810833333,"ma250":40.1668,"ma42":39.0692857143,"max10":38.71,"min10":37.73,"name":"大商股份","stat_date":"2017-06-30","mc":111.3194,"cmc":111.3194,"pe":15.6681,"pe_lyr":15.8351,"pb":1.5566,"ps":0.4113,"pcf":-6.4447,"iop":-10.4665}