{"code":"600674","atr10":0.074,"close":9.48,"close_count":60,"l_pvalue":0.0,"l_slop":-7.8678640435,"l_stderror":0.4573698521,"ma120":9.4731666667,"ma250":9.01724,"ma42":9.7092857143,"max10":9.62,"min10":9.46,"name":"川投能源","stat_date":"2017-06-30","mc":417.3229,"cmc":417.3229,"pe":12.4604,"pe_lyr":11.8676,"pb":2.1829,"ps":49.3007,"pcf":33.5836,"iop":-14.1731}