{"code":"600663","atr10":0.382,"close":22.68,"close_count":60,"l_pvalue":4.212284275e-17,"l_slop":-19.7400812977,"l_stderror":0.688564177,"ma120":23.4800833333,"ma250":23.27296,"ma42":24.0264285714,"max10":23.48,"min10":22.68,"name":"陆家嘴","stat_date":"2017-06-30","mc":651.0243,"cmc":554.4242,"pe":26.9615,"pe_lyr":28.7859,"pb":5.6476,"ps":5.4728,"pcf":-12.8034,"iop":-6.8677}