{"code":"600696","atr10":0.145,"close":6.89,"close_count":60,"l_pvalue":0.0000002781,"l_slop":17.7067862624,"l_stderror":2.2907052633,"ma120":7.1654166667,"ma250":9.82912,"ma42":6.9378571429,"max10":7.25,"min10":6.88,"name":"*ST匹凸","stat_date":"2017-06-30","mc":23.465,"cmc":23.465,"pe":-5.6463,"pe_lyr":-5.1036,"pb":47.0515,"ps":19.0728,"pcf":27.8406,"iop":118.1739}