{"code":"600682","atr10":0.627,"close":38.55,"close_count":60,"l_pvalue":0.0182946742,"l_slop":2.5043139109,"l_stderror":0.970121045,"ma120":36.7441666667,"ma250":34.76152,"ma42":37.935,"max10":38.55,"min10":38.55,"name":"南京新百","stat_date":"2017-06-30","mc":428.6662,"cmc":279.8109,"pe":58.6,"pe_lyr":107.2053,"pb":6.0487,"ps":2.5036,"pcf":-338.5998,"iop":490.8184}