{"code":"600671","atr10":0.762,"close":27.35,"close_count":60,"l_pvalue":0.0000000014,"l_slop":-35.36122861,"l_stderror":3.2666933443,"ma120":29.8811666667,"ma250":29.96212,"ma42":27.7292857143,"max10":27.35,"min10":25.74,"name":"天目药业","stat_date":"2017-06-30","mc":33.3065,"cmc":33.2906,"pe":1486.1781,"pe_lyr":2736.3577,"pb":64.3706,"ps":28.1689,"pcf":-2078.918,"iop":2.9407}