{"code":"600743","atr10":0.202,"close":4.48,"close_count":60,"l_pvalue":0.0000000055,"l_slop":23.3653654083,"l_stderror":2.3424729418,"ma120":4.3434166667,"ma250":4.4622,"ma42":4.2804761905,"max10":4.83,"min10":4.27,"name":"华远地产","stat_date":"2017-06-30","mc":105.1053,"cmc":105.1053,"pe":13.1627,"pe_lyr":14.1781,"pb":1.5499,"ps":1.406,"pcf":3.1111,"iop":51.851}