{"code":"600703","atr10":0.725,"close":22.14,"close_count":60,"l_pvalue":0.0,"l_slop":39.5297930054,"l_stderror":1.8866134484,"ma120":18.944,"ma250":16.10804,"ma42":20.3042857143,"max10":22.14,"min10":21.18,"name":"三安光电","stat_date":"2017-06-30","mc":902.9633,"cmc":902.9633,"pe":33.2564,"pe_lyr":41.6755,"pb":4.9705,"ps":11.9426,"pcf":-60.2951,"iop":83.7671}