{"code":"600768","atr10":0.413,"close":15.66,"close_count":60,"l_pvalue":0.0103057049,"l_slop":10.3723930083,"l_stderror":3.6430439195,"ma120":16.1253333333,"ma250":18.27032,"ma42":15.9157142857,"max10":16.26,"min10":15.52,"name":"宁波富邦","stat_date":"2017-06-30","mc":20.9448,"cmc":20.9448,"pe":122.9085,"pe_lyr":114.366,"pb":41.0536,"ps":2.5712,"pcf":26.1142,"iop":-105.8501}