{"code":"600765","atr10":0.296,"close":14.14,"close_count":60,"l_pvalue":0.0000003568,"l_slop":-7.3402343033,"l_stderror":0.9659722857,"ma120":14.5979166667,"ma250":14.88792,"ma42":14.6547619048,"max10":14.84,"min10":13.95,"name":"中航重机","stat_date":"2017-06-30","mc":110.0097,"cmc":110.0097,"pe":39.641,"pe_lyr":45.3717,"pb":3.0599,"ps":2.0463,"pcf":-392.5696,"iop":-24.0576}