{"code":"600719","atr10":0.156,"close":7.29,"close_count":60,"l_pvalue":0.2292826457,"l_slop":3.2235571165,"l_stderror":2.5950692676,"ma120":7.9894166667,"ma250":8.1418,"ma42":7.5011904762,"max10":7.65,"min10":7.21,"name":"大连热电","stat_date":"2017-06-30","mc":29.4953,"cmc":29.4953,"pe":928.2726,"pe_lyr":216.9862,"pb":3.9855,"ps":3.6756,"pcf":-96.8494,"iop":27.3422}