{"code":"600740","atr10":0.543,"close":10.88,"close_count":60,"l_pvalue":0.0000000163,"l_slop":70.8288145753,"l_stderror":7.6045393556,"ma120":8.02675,"ma250":8.15748,"ma42":10.1604761905,"max10":11.53,"min10":10.42,"name":"山西焦化","stat_date":"2017-06-30","mc":83.3082,"cmc":71.4634,"pe":55.3611,"pe_lyr":188.4099,"pb":4.0435,"ps":1.5792,"pcf":20.6538,"iop":-51.4377}