{"code":"600770","atr10":0.337,"close":8.22,"close_count":60,"l_pvalue":8.794866323e-20,"l_slop":41.3113386905,"l_stderror":1.0359205196,"ma120":7.6724166667,"ma250":9.14912,"ma42":7.8152380952,"max10":8.69,"min10":7.98,"name":"综艺股份","stat_date":"2017-06-30","mc":106.86,"cmc":106.86,"pe":273.504,"pe_lyr":208.5783,"pb":3.0603,"ps":13.8289,"pcf":218.7589,"iop":5.0869}