{"code":"600733","atr10":2.015,"close":50.18,"close_count":60,"l_pvalue":1.0,"l_slop":0.0,"l_stderror":0.0,"ma120":41.6025833333,"ma250":37.14972,"ma42":48.4795238095,"max10":50.18,"min10":50.18,"name":"S*ST前锋","stat_date":"2017-06-30","mc":100.2796,"cmc":37.9361,"pe":-320.2295,"pe_lyr":-296.8336,"pb":54.1258,"ps":924.6128,"pcf":-791.263,"iop":-35.4544}