{"code":"600779","atr10":1.617,"close":39.47,"close_count":60,"l_pvalue":0.0,"l_slop":61.8263702903,"l_stderror":3.6522691404,"ma120":28.0598333333,"ma250":23.54208,"ma42":34.6630952381,"max10":39.47,"min10":35.67,"name":"水井坊","stat_date":"2017-06-30","mc":192.829,"cmc":192.829,"pe":77.6991,"pe_lyr":85.7811,"pb":16.9959,"ps":12.6506,"pcf":149.0848,"iop":71.3528}