{"code":"600727","atr10":0.222,"close":10.4,"close_count":60,"l_pvalue":0.0025533542,"l_slop":-12.0289598621,"l_stderror":3.4647230833,"ma120":10.46175,"ma250":10.28264,"ma42":10.9597619048,"max10":10.88,"min10":10.25,"name":"鲁北化工","stat_date":"2017-06-30","mc":36.5026,"cmc":36.4964,"pe":82.6568,"pe_lyr":121.0363,"pb":3.284,"ps":6.948,"pcf":16.2328,"iop":187.4038}