{"code":"600738","atr10":0.269,"close":9.3,"close_count":60,"l_pvalue":0.0,"l_slop":30.8482796736,"l_stderror":1.9341754505,"ma120":8.52825,"ma250":9.048,"ma42":8.8964285714,"max10":9.43,"min10":9.11,"name":"兰州民百","stat_date":"2017-06-30","mc":72.8279,"cmc":34.2425,"pe":70.3418,"pe_lyr":116.6387,"pb":4.1138,"ps":6.0739,"pcf":12.667,"iop":298.4505}