{"code":"600777","atr10":0.149,"close":4.22,"close_count":60,"l_pvalue":0.000024195,"l_slop":6.3290335064,"l_stderror":1.142602864,"ma120":3.7635833333,"ma250":3.91296,"ma42":4.1164285714,"max10":4.26,"min10":4.03,"name":"新潮能源","stat_date":"2017-06-30","mc":286.9809,"cmc":100.2929,"pe":-276.1329,"pe_lyr":-158.156,"pb":2.109,"ps":110.2505,"pcf":16.5724,"iop":157.8079}