{"code":"600773","atr10":1.233,"close":15.19,"close_count":60,"l_pvalue":0.0,"l_slop":108.975847785,"l_stderror":7.1580999332,"ma120":12.43425,"ma250":13.23144,"ma42":13.475952381,"max10":17.84,"min10":14.95,"name":"西藏城投","stat_date":"2017-06-30","mc":110.7676,"cmc":110.7676,"pe":146.3068,"pe_lyr":150.9465,"pb":4.2776,"ps":5.7022,"pcf":59.9968,"iop":-16.5812}