{"code":"600704","atr10":0.174,"close":7.94,"close_count":60,"l_pvalue":0.0,"l_slop":28.8102540603,"l_stderror":1.3963194167,"ma120":7.2019166667,"ma250":6.95624,"ma42":7.545,"max10":7.94,"min10":7.71,"name":"物产中大","stat_date":"2017-06-30","mc":341.9506,"cmc":106.213,"pe":14.4665,"pe_lyr":15.8728,"pb":2.1717,"ps":0.1393,"pcf":14.7736,"iop":20.3658}