{"code":"600730","atr10":0.144,"close":8.07,"close_count":60,"l_pvalue":0.0048496283,"l_slop":6.2433071043,"l_stderror":1.9587703971,"ma120":8.6498333333,"ma250":10.65024,"ma42":8.2538095238,"max10":8.43,"min10":8.01,"name":"中国高科","stat_date":"2017-06-30","mc":47.3431,"cmc":47.3431,"pe":7.1906,"pe_lyr":8.4016,"pb":2.3243,"ps":16.3478,"pcf":-16.4238,"iop":775.5964}