{"code":"600708","atr10":0.207,"close":7.13,"close_count":60,"l_pvalue":0.0000012602,"l_slop":9.4159782437,"l_stderror":1.3542589897,"ma120":6.7993333333,"ma250":6.88044,"ma42":7.2826190476,"max10":7.59,"min10":7.12,"name":"光明地产","stat_date":"2017-06-30","mc":122.2322,"cmc":70.5079,"pe":10.8255,"pe_lyr":12.0891,"pb":1.3758,"ps":0.5571,"pcf":21.3262,"iop":72.8803}