{"code":"600764","atr10":1.188,"close":37.69,"close_count":60,"l_pvalue":0.0,"l_slop":58.5689023251,"l_stderror":3.9694233456,"ma120":32.82675,"ma250":29.25876,"ma42":35.6221428571,"max10":39.01,"min10":36.53,"name":"中电广通","stat_date":"2017-06-30","mc":124.2741,"cmc":124.2741,"pe":265.7638,"pe_lyr":1710.0833,"pb":22.9694,"ps":45.2147,"pcf":32.4617,"iop":95.8589}