{"code":"600713","atr10":0.086,"close":7.02,"close_count":60,"l_pvalue":0.0000000205,"l_slop":6.2302494983,"l_stderror":0.6787317208,"ma120":7.02175,"ma250":7.6726,"ma42":7.0464285714,"max10":7.17,"min10":7.02,"name":"南京医药","stat_date":"2017-06-30","mc":62.9993,"cmc":48.6894,"pe":29.8239,"pe_lyr":34.9468,"pb":2.3345,"ps":0.2312,"pcf":-98.3281,"iop":17.9281}