{"code":"600716","atr10":0.148,"close":5.39,"close_count":60,"l_pvalue":0.0,"l_slop":26.5279106609,"l_stderror":1.6127016915,"ma120":5.3283333333,"ma250":6.44144,"ma42":5.2095238095,"max10":5.7,"min10":5.31,"name":"凤凰股份","stat_date":"2017-06-30","mc":50.4537,"cmc":49.0609,"pe":-193.2598,"pe_lyr":96.2243,"pb":1.5102,"ps":3.4545,"pcf":-14.5996,"iop":-1213.5608}