{"code":"600746","atr10":0.575,"close":11.81,"close_count":60,"l_pvalue":0.0000023886,"l_slop":27.808504224,"l_stderror":4.1904945409,"ma120":10.9591666667,"ma250":12.00544,"ma42":11.6716666667,"max10":12.96,"min10":11.56,"name":"江苏索普","stat_date":"2017-06-30","mc":36.1884,"cmc":35.9805,"pe":52.7141,"pe_lyr":166.1338,"pb":7.3964,"ps":4.9936,"pcf":-192.9511,"iop":71.1368}