{"code":"600767","atr10":0.173,"close":7.6,"close_count":60,"l_pvalue":0.0000013796,"l_slop":14.3114441491,"l_stderror":2.071839437,"ma120":7.8556666667,"ma250":11.71772,"ma42":7.7504761905,"max10":8.11,"min10":7.58,"name":"*ST运盛","stat_date":"2017-06-30","mc":25.9168,"cmc":25.9092,"pe":-44.0315,"pe_lyr":-45.5635,"pb":13.5085,"ps":25.1212,"pcf":-1910.1292,"iop":-38.7665}