{"code":"600793","atr10":1.653,"close":32.1,"close_count":60,"l_pvalue":0.0000105973,"l_slop":-19.1049293766,"l_stderror":3.2260242265,"ma120":36.4705833333,"ma250":34.20592,"ma42":33.4347619048,"max10":32.98,"min10":29.62,"name":"宜宾纸业","stat_date":"2017-06-30","mc":33.8013,"cmc":33.8013,"pe":21.5203,"pe_lyr":1063.5222,"pb":18.253,"ps":4.1362,"pcf":201.3648,"iop":-135.3282}