{"code":"600758","atr10":0.206,"close":9.1,"close_count":60,"l_pvalue":0.0000708157,"l_slop":-8.5905315663,"l_stderror":1.7004697524,"ma120":9.1996666667,"ma250":11.26344,"ma42":9.5876190476,"max10":9.71,"min10":8.97,"name":"红阳能源","stat_date":"2017-06-30","mc":121.1582,"cmc":51.269,"pe":14.2799,"pe_lyr":69.7853,"pb":2.1574,"ps":1.438,"pcf":38.3164,"iop":129.0598}