{"code":"600725","atr10":0.235,"close":5.7,"close_count":60,"l_pvalue":1.0,"l_slop":0.0,"l_stderror":0.0,"ma120":5.36575,"ma250":5.67868,"ma42":5.6247619048,"max10":5.7,"min10":5.7,"name":"ST云维","stat_date":"2017-06-30","mc":35.1254,"cmc":35.1254,"pe":1.9203,"pe_lyr":2.2741,"pb":13.0381,"ps":2.7774,"pcf":24.8937,"iop":100.6213}