{"code":"600711","atr10":0.58,"close":9.96,"close_count":60,"l_pvalue":4.221868795e-17,"l_slop":102.968519715,"l_stderror":3.59213831,"ma120":7.4254166667,"ma250":7.40456,"ma42":8.6026190476,"max10":10.28,"min10":9.37,"name":"盛屯矿业","stat_date":"2017-06-30","mc":149.1064,"cmc":149.1064,"pe":41.8356,"pe_lyr":79.0743,"pb":3.5477,"ps":0.9612,"pcf":256.5707,"iop":155.1056}