{"code":"600785","atr10":0.81,"close":23.64,"close_count":60,"l_pvalue":0.0000754109,"l_slop":11.5907100004,"l_stderror":2.3072250371,"ma120":23.208,"ma250":24.91292,"ma42":23.4669047619,"max10":24.82,"min10":22.9,"name":"新华百货","stat_date":"2017-06-30","mc":53.3392,"cmc":53.3392,"pe":39.9224,"pe_lyr":84.7215,"pb":2.7378,"ps":0.7556,"pcf":106.8281,"iop":306.8553}