{"code":"600742","atr10":0.731,"close":21.81,"close_count":60,"l_pvalue":0.0,"l_slop":48.6751565746,"l_stderror":3.2023655107,"ma120":18.9339166667,"ma250":17.47232,"ma42":20.8602380952,"max10":22.61,"min10":21.53,"name":"一汽富维","stat_date":"2017-06-30","mc":92.2665,"cmc":92.2665,"pe":16.9819,"pe_lyr":21.5945,"pb":2.108,"ps":0.7417,"pcf":130.926,"iop":48.8275}