{"code":"600717","atr10":0.133,"close":11.71,"close_count":60,"l_pvalue":3.263496542e-26,"l_slop":-23.1116231468,"l_stderror":0.2646648578,"ma120":12.9226666667,"ma250":11.57748,"ma42":12.4107142857,"max10":11.98,"min10":11.63,"name":"天津港","stat_date":"2017-06-30","mc":196.1155,"cmc":196.1155,"pe":16.6747,"pe_lyr":15.5193,"pb":1.2568,"ps":1.4122,"pcf":-100.3438,"iop":-26.4833}