{"code":"600774","atr10":0.486,"close":18.09,"close_count":60,"l_pvalue":0.0,"l_slop":30.3760944606,"l_stderror":2.1297120419,"ma120":17.6331666667,"ma250":19.40072,"ma42":16.8754761905,"max10":18.09,"min10":18.09,"name":"汉商集团","stat_date":"2017-06-30","mc":31.5807,"cmc":31.5542,"pe":232.3236,"pe_lyr":271.2267,"pb":5.4956,"ps":3.296,"pcf":-765.8969,"iop":-73.1379}