{"code":"600754","atr10":0.894,"close":30.09,"close_count":60,"l_pvalue":0.0,"l_slop":31.3139013414,"l_stderror":1.7052558825,"ma120":27.7191666667,"ma250":28.79288,"ma42":30.1071428571,"max10":31.76,"min10":30.09,"name":"锦江股份","stat_date":"2017-06-30","mc":265.7339,"cmc":134.5747,"pe":35.6791,"pe_lyr":41.4989,"pb":2.2757,"ps":2.2956,"pcf":-35.8767,"iop":87.6824}