{"code":"600778","atr10":0.232,"close":7.67,"close_count":60,"l_pvalue":0.000000002,"l_slop":12.7752862836,"l_stderror":1.2026047504,"ma120":8.1535,"ma250":9.6068,"ma42":7.4080952381,"max10":8.23,"min10":7.48,"name":"友好集团","stat_date":"2017-06-30","mc":23.8914,"cmc":23.8604,"pe":-4.7665,"pe_lyr":-5.977,"pb":2.3812,"ps":0.3996,"pcf":3.9193,"iop":-82.4108}