{"code":"600748","atr10":0.16,"close":7.01,"close_count":60,"l_pvalue":0.0000000001,"l_slop":12.1138498562,"l_stderror":0.961166401,"ma120":7.2241666667,"ma250":7.7742,"ma42":7.0695238095,"max10":7.38,"min10":6.98,"name":"上实发展","stat_date":"2017-06-30","mc":129.3039,"cmc":98.7276,"pe":20.955,"pe_lyr":21.847,"pb":1.3963,"ps":1.9528,"pcf":4.9529,"iop":-44.862}