{"code":"600726","atr10":0.057,"close":4.33,"close_count":60,"l_pvalue":0.0000000002,"l_slop":-7.0668787513,"l_stderror":0.5717014107,"ma120":4.52825,"ma250":4.81828,"ma42":4.4523809524,"max10":4.48,"min10":4.31,"name":"华电能源","stat_date":"2017-06-30","mc":80.4916,"cmc":66.4514,"pe":-113.2658,"pe_lyr":57.3795,"pb":2.4233,"ps":0.9554,"pcf":-135.0898,"iop":-43.27}