{"code":"600714","atr10":0.449,"close":12.3,"close_count":60,"l_pvalue":0.0000037322,"l_slop":11.8001292948,"l_stderror":1.8383527041,"ma120":12.1889166667,"ma250":13.86496,"ma42":12.9661904762,"max10":13.61,"min10":12.21,"name":"金瑞矿业","stat_date":"2017-06-30","mc":35.4457,"cmc":35.0683,"pe":31.2965,"pe_lyr":61.5128,"pb":5.9231,"ps":42.5034,"pcf":14.9678,"iop":96.9877}