{"code":"600735","atr10":0.307,"close":12.09,"close_count":60,"l_pvalue":0.000023929,"l_slop":-5.7306154857,"l_stderror":1.0336211793,"ma120":13.7068333333,"ma250":14.40176,"ma42":12.6723809524,"max10":12.57,"min10":12.07,"name":"新华锦","stat_date":"2017-06-30","mc":45.4575,"cmc":45.4575,"pe":69.8837,"pe_lyr":81.6803,"pb":5.7127,"ps":3.4646,"pcf":117.0386,"iop":25.1057}