{"code":"600712","atr10":0.33,"close":9.08,"close_count":60,"l_pvalue":0.6615532344,"l_slop":-0.6558888418,"l_stderror":1.4748660227,"ma120":8.2415833333,"ma250":9.41468,"ma42":8.929047619,"max10":9.16,"min10":8.5,"name":"南宁百货","stat_date":"2017-06-30","mc":49.4547,"cmc":48.8467,"pe":-118.8113,"pe_lyr":-144.2821,"pb":4.7129,"ps":2.3005,"pcf":-125.7751,"iop":-144.2993}