{"code":"600791","atr10":0.637,"close":10.83,"close_count":60,"l_pvalue":0.0000000269,"l_slop":15.9607250925,"l_stderror":1.7692690237,"ma120":9.6119166667,"ma250":8.94664,"ma42":11.050952381,"max10":11.87,"min10":10.32,"name":"京能置业","stat_date":"2017-06-30","mc":49.0469,"cmc":48.9856,"pe":347.7029,"pe_lyr":106.3221,"pb":3.1962,"ps":9.1092,"pcf":-14.3919,"iop":-115.9828}