{"code":"600715","atr10":0.245,"close":22.47,"close_count":60,"l_pvalue":1.0,"l_slop":0.0,"l_stderror":0.0,"ma120":22.4470833333,"ma250":22.34448,"ma42":22.2595238095,"max10":22.47,"min10":22.47,"name":"文投控股","stat_date":"2017-06-30","mc":416.7856,"cmc":100.7806,"pe":58.6975,"pe_lyr":69.3387,"pb":5.8319,"ps":15.5784,"pcf":17.6915,"iop":99.8298}