{"code":"600763","atr10":0.443,"close":23.56,"close_count":60,"l_pvalue":0.0,"l_slop":24.8214184954,"l_stderror":1.5815277808,"ma120":23.93775,"ma250":27.79836,"ma42":23.475,"max10":24.76,"min10":23.56,"name":"通策医疗","stat_date":"2017-06-30","mc":75.5428,"cmc":75.5428,"pe":49.5115,"pe_lyr":55.479,"pb":9.1831,"ps":7.5076,"pcf":135.9407,"iop":17.3272}