{"code":"600796","atr10":0.138,"close":8.74,"close_count":60,"l_pvalue":0.0206711833,"l_slop":5.7871479723,"l_stderror":2.2929502385,"ma120":8.7200833333,"ma250":10.28816,"ma42":8.9385714286,"max10":9.08,"min10":8.65,"name":"钱江生化","stat_date":"2017-06-30","mc":26.3425,"cmc":26.3425,"pe":59.5026,"pe_lyr":80.2342,"pb":4.2091,"ps":5.8243,"pcf":-96.2544,"iop":185.6417}