{"code":"600776","atr10":0.284,"close":7.63,"close_count":60,"l_pvalue":0.0000004509,"l_slop":12.1158244299,"l_stderror":1.6204616842,"ma120":6.8893333333,"ma250":7.89292,"ma42":6.9314285714,"max10":7.63,"min10":6.92,"name":"东方通信","stat_date":"2017-06-30","mc":86.6048,"cmc":72.9428,"pe":98.1088,"pe_lyr":104.5924,"pb":3.323,"ps":5.4579,"pcf":1026.9218,"iop":-1.8106}