{"code":"600734","atr10":0.361,"close":11.61,"close_count":60,"l_pvalue":0.0000005813,"l_slop":35.7993041034,"l_stderror":4.8736344494,"ma120":13.91025,"ma250":14.26312,"ma42":11.7695238095,"max10":12.5,"min10":11.38,"name":"实达集团","stat_date":"2017-06-30","mc":72.3902,"cmc":40.7637,"pe":48.3535,"pe_lyr":39.3959,"pb":2.6102,"ps":1.2005,"pcf":-18.7556,"iop":0.7657}