{"code":"600771","atr10":0.741,"close":37.53,"close_count":60,"l_pvalue":0.000019305,"l_slop":7.0093879636,"l_stderror":1.242119074,"ma120":38.1940833333,"ma250":36.40056,"ma42":37.1869047619,"max10":38.39,"min10":37.53,"name":"广誉远","stat_date":"2017-06-30","mc":132.5227,"cmc":91.5013,"pe":73.6403,"pe_lyr":107.9086,"pb":7.4162,"ps":12.6948,"pcf":52.8162,"iop":92.8619}