{"code":"600757","atr10":0.1,"close":7.58,"close_count":60,"l_pvalue":0.0000012576,"l_slop":13.1969135732,"l_stderror":1.8977700816,"ma120":7.5091666667,"ma250":8.04828,"ma42":7.5611904762,"max10":7.78,"min10":7.49,"name":"长江传媒","stat_date":"2017-06-30","mc":91.9947,"cmc":91.9831,"pe":13.6896,"pe_lyr":15.5351,"pb":1.5863,"ps":0.8313,"pcf":-20.6232,"iop":56.7275}