{"code":"600795","atr10":0.041,"close":3.4,"close_count":60,"l_pvalue":0.0000148278,"l_slop":-12.6661471178,"l_stderror":2.1969571843,"ma120":3.25575,"ma250":3.09256,"ma42":3.3769047619,"max10":3.41,"min10":3.37,"name":"国电电力","stat_date":"2017-06-30","mc":668.1135,"cmc":668.1135,"pe":24.2665,"pe_lyr":14.1331,"pb":1.4278,"ps":1.1337,"pcf":276.7718,"iop":-60.4905}