{"code":"600705","atr10":0.064,"close":5.91,"close_count":60,"l_pvalue":0.0011577084,"l_slop":5.4595268173,"l_stderror":1.4294681155,"ma120":5.9163333333,"ma250":6.15092,"ma42":5.9764285714,"max10":6.06,"min10":5.91,"name":"中航资本","stat_date":"2017-06-30","mc":530.5009,"cmc":450.2564,"pe":21.4739,"pe_lyr":22.8256,"pb":2.4453,"ps":5.5817,"pcf":-13.5227,"iop":25.0451}