{"code":"600781","atr10":0.793,"close":21.78,"close_count":60,"l_pvalue":0.0000011128,"l_slop":-16.0399210781,"l_stderror":2.2864287155,"ma120":22.0520833333,"ma250":20.21192,"ma42":24.2295238095,"max10":24.13,"min10":21.35,"name":"辅仁药业","stat_date":"2017-06-30","mc":38.6797,"cmc":38.6797,"pe":285.522,"pe_lyr":219.0656,"pb":10.2272,"ps":7.1906,"pcf":62.707,"iop":-17.7839}