{"code":"600750","atr10":0.316,"close":29.9,"close_count":60,"l_pvalue":0.0000000076,"l_slop":-9.0703414919,"l_stderror":0.9280830986,"ma120":32.60775,"ma250":32.80172,"ma42":30.4292857143,"max10":30.3,"min10":29.53,"name":"江中药业","stat_date":"2017-06-30","mc":89.7,"cmc":89.7,"pe":22.7874,"pe_lyr":23.6199,"pb":3.3147,"ps":5.7174,"pcf":66.8612,"iop":10.8824}