{"code":"600756","atr10":0.559,"close":20.24,"close_count":60,"l_pvalue":0.0000000149,"l_slop":27.5331117749,"l_stderror":2.9390587507,"ma120":20.0018333333,"ma250":22.0702,"ma42":20.2021428571,"max10":21.7,"min10":19.89,"name":"浪潮软件","stat_date":"2017-06-30","mc":65.5976,"cmc":65.5976,"pe":60.8728,"pe_lyr":56.8048,"pb":3.2291,"ps":4.4961,"pcf":65.2601,"iop":-202.1306}