{"code":"600737","atr10":0.22,"close":9.49,"close_count":60,"l_pvalue":0.0001216956,"l_slop":6.2466836954,"l_stderror":1.298684212,"ma120":9.5376666667,"ma250":10.72876,"ma42":9.6364285714,"max10":10.04,"min10":9.49,"name":"中粮糖业","stat_date":"2017-06-30","mc":194.723,"cmc":194.723,"pe":25.2695,"pe_lyr":37.8068,"pb":2.8442,"ps":1.1147,"pcf":31.3784,"iop":72.2239}