{"code":"600731","atr10":0.152,"close":8.19,"close_count":60,"l_pvalue":0.0000000152,"l_slop":12.1184521012,"l_stderror":1.2954640034,"ma120":8.6373333333,"ma250":9.6768,"ma42":8.3466666667,"max10":8.59,"min10":8.19,"name":"湖南海利","stat_date":"2017-06-30","mc":26.807,"cmc":26.7529,"pe":151.8911,"pe_lyr":189.382,"pb":3.4297,"ps":2.1726,"pcf":137.4611,"iop":-0.2739}