{"code":"600724","atr10":0.097,"close":4.62,"close_count":60,"l_pvalue":0.0000010341,"l_slop":-5.8409959062,"l_stderror":0.8282492261,"ma120":4.8798333333,"ma250":5.39656,"ma42":4.750952381,"max10":4.86,"min10":4.6,"name":"宁波富达","stat_date":"2017-06-30","mc":66.7701,"cmc":66.7564,"pe":-39.6885,"pe_lyr":52.4269,"pb":2.5068,"ps":1.6168,"pcf":-10.585,"iop":-29.0859}