{"code":"600721","atr10":0.272,"close":12.86,"close_count":60,"l_pvalue":0.0000000111,"l_slop":-20.0805976788,"l_stderror":2.1039777646,"ma120":14.0328333333,"ma250":16.23624,"ma42":13.8066666667,"max10":13.82,"min10":12.82,"name":"百花村","stat_date":"2017-06-30","mc":51.4897,"cmc":31.9602,"pe":15.6783,"pe_lyr":37.0072,"pb":2.2101,"ps":7.1987,"pcf":27.9792,"iop":124.3773}