{"code":"600798","atr10":0.23,"close":5.95,"close_count":60,"l_pvalue":0.0000000001,"l_slop":19.7840715158,"l_stderror":1.5590188358,"ma120":5.7374166667,"ma250":5.66516,"ma42":5.9552380952,"max10":6.36,"min10":5.93,"name":"宁波海运","stat_date":"2017-06-30","mc":61.3356,"cmc":61.3356,"pe":43.9042,"pe_lyr":69.407,"pb":2.2379,"ps":4.3226,"pcf":-1305.4326,"iop":374.6157}