{"code":"600729","atr10":0.516,"close":26.93,"close_count":60,"l_pvalue":0.0000000001,"l_slop":19.3128680929,"l_stderror":1.5251596561,"ma120":25.5744166667,"ma250":25.01756,"ma42":26.490952381,"max10":27.67,"min10":26.55,"name":"重庆百货","stat_date":"2017-06-30","mc":109.4781,"cmc":109.4506,"pe":21.7546,"pe_lyr":26.1465,"pb":2.3483,"ps":0.3356,"pcf":24.0512,"iop":106.5847}