{"code":"600753","atr10":0.859,"close":27.55,"close_count":60,"l_pvalue":0.0000000497,"l_slop":14.6201196762,"l_stderror":1.6860896418,"ma120":27.1688333333,"ma250":30.25976,"ma42":26.7776190476,"max10":27.55,"min10":26.8,"name":"东方银星","stat_date":"2017-06-30","mc":35.264,"cmc":35.264,"pe":428.8427,"pe_lyr":1344.484,"pb":24.3833,"ps":51.1657,"pcf":-18.6424,"iop":198.3479}