{"code":"600751","atr10":0.125,"close":6.14,"close_count":60,"l_pvalue":3.014033875e-19,"l_slop":-19.2010072599,"l_stderror":0.5141347036,"ma120":6.40075,"ma250":7.6946,"ma42":6.330952381,"max10":6.23,"min10":5.91,"name":"天海投资","stat_date":"2017-06-30","mc":169.5436,"cmc":121.0306,"pe":69.5926,"pe_lyr":55.3701,"pb":1.3917,"ps":0.0977,"pcf":-15.1198,"iop":4.5729}