{"code":"600769","atr10":0.197,"close":8.23,"close_count":60,"l_pvalue":0.0024112551,"l_slop":-2.2015970768,"l_stderror":0.6295524301,"ma120":8.6800833333,"ma250":10.09076,"ma42":8.3657142857,"max10":8.68,"min10":8.23,"name":"祥龙电业","stat_date":"2017-06-30","mc":30.8606,"cmc":30.8606,"pe":1776.9896,"pe_lyr":1722.1827,"pb":65.7388,"ps":59.5859,"pcf":-236.7829,"iop":-41.7785}