{"code":"600744","atr10":0.074,"close":4.82,"close_count":60,"l_pvalue":0.0,"l_slop":-14.1764934255,"l_stderror":0.591969223,"ma120":5.114,"ma250":5.2632,"ma42":5.0583333333,"max10":5.03,"min10":4.82,"name":"华银电力","stat_date":"2017-06-30","mc":85.8502,"cmc":39.892,"pe":-611.1771,"pe_lyr":45.6587,"pb":2.3297,"ps":1.135,"pcf":-121.0521,"iop":7.8691}