{"code":"600702","atr10":1.627,"close":37.85,"close_count":60,"l_pvalue":9.013194098e-16,"l_slop":71.4378650852,"l_stderror":2.9401370821,"ma120":28.8159166667,"ma250":26.14504,"ma42":34.3366666667,"max10":39.41,"min10":37.27,"name":"沱牌舍得","stat_date":"2017-06-30","mc":127.668,"cmc":127.668,"pe":106.9584,"pe_lyr":159.1892,"pb":5.4019,"ps":8.1796,"pcf":134.0388,"iop":62.0732}