{"code":"600761","atr10":0.154,"close":10.18,"close_count":60,"l_pvalue":0.0,"l_slop":-12.0849008928,"l_stderror":0.7449934608,"ma120":10.6256666667,"ma250":10.54664,"ma42":10.7238095238,"max10":10.73,"min10":10.18,"name":"安徽合力","stat_date":"2017-06-30","mc":75.3504,"cmc":75.3504,"pe":17.7164,"pe_lyr":19.0431,"pb":1.8096,"ps":1.0293,"pcf":28.8504,"iop":43.0745}