{"code":"600707","atr10":0.282,"close":8.77,"close_count":60,"l_pvalue":0.0,"l_slop":15.9778050325,"l_stderror":1.0803836029,"ma120":8.1599166667,"ma250":8.69048,"ma42":8.7428571429,"max10":9.29,"min10":8.68,"name":"彩虹股份","stat_date":"2017-06-30","mc":64.6136,"cmc":64.5505,"pe":-27.1531,"pe_lyr":-23.7103,"pb":5.2731,"ps":17.282,"pcf":-11.0251,"iop":31.6273}