{"code":"600718","atr10":0.588,"close":17.19,"close_count":60,"l_pvalue":0.0000001914,"l_slop":35.1413982978,"l_stderror":4.4322768565,"ma120":16.2436666667,"ma250":17.50128,"ma42":16.8854761905,"max10":18.15,"min10":16.82,"name":"东软集团","stat_date":"2017-06-30","mc":213.7057,"cmc":211.8622,"pe":11.3708,"pe_lyr":11.5456,"pb":2.7258,"ps":3.0264,"pcf":-159.0652,"iop":228.9246}