{"code":"600728","atr10":0.475,"close":10.94,"close_count":60,"l_pvalue":0.0000000016,"l_slop":68.4968421765,"l_stderror":6.360132306,"ma120":8.6349166667,"ma250":8.86048,"ma42":10.2166666667,"max10":11.34,"min10":10.5,"name":"佳都科技","stat_date":"2017-06-30","mc":176.937,"cmc":145.3684,"pe":126.0597,"pe_lyr":163.931,"pb":5.7191,"ps":5.3325,"pcf":56.0595,"iop":106.2246}