{"code":"600789","atr10":0.17,"close":8.74,"close_count":60,"l_pvalue":0.6371341133,"l_slop":0.3141484697,"l_stderror":0.6553113612,"ma120":8.3539166667,"ma250":9.1888,"ma42":8.6404761905,"max10":8.96,"min10":8.47,"name":"鲁抗医药","stat_date":"2017-06-30","mc":50.8297,"cmc":50.8297,"pe":105.3399,"pe_lyr":174.6605,"pb":2.7099,"ps":1.9999,"pcf":19.8478,"iop":190.8833}