{"code":"600780","atr10":0.11,"close":5.5,"close_count":60,"l_pvalue":0.000000002,"l_slop":-8.5014603905,"l_stderror":0.8014529698,"ma120":5.75175,"ma250":5.73228,"ma42":5.6523809524,"max10":5.66,"min10":5.34,"name":"通宝能源","stat_date":"2017-06-30","mc":63.0576,"cmc":63.0576,"pe":144.6302,"pe_lyr":61.8304,"pb":1.3327,"ps":1.317,"pcf":21.6167,"iop":12.3637}