{"code":"600755","atr10":0.286,"close":9.98,"close_count":60,"l_pvalue":0.000000232,"l_slop":-20.4739642193,"l_stderror":2.6161930723,"ma120":9.6524166667,"ma250":9.10284,"ma42":11.0826190476,"max10":10.87,"min10":9.95,"name":"厦门国贸","stat_date":"2017-06-30","mc":166.1631,"cmc":166.1631,"pe":13.6158,"pe_lyr":15.9282,"pb":1.8647,"ps":0.1322,"pcf":31.4438,"iop":348.4973}