{"code":"600787","atr10":0.213,"close":9.5,"close_count":60,"l_pvalue":0.0000000005,"l_slop":19.0316307272,"l_stderror":1.6570936871,"ma120":8.5625833333,"ma250":8.71856,"ma42":9.0852380952,"max10":9.5,"min10":9.14,"name":"中储股份","stat_date":"2017-06-30","mc":208.9811,"cmc":176.6837,"pe":45.8506,"pe_lyr":27.2308,"pb":2.2246,"ps":0.978,"pcf":27.9867,"iop":129.3928}