{"code":"600784","atr10":0.121,"close":6.57,"close_count":60,"l_pvalue":0.460128927,"l_slop":1.4927617409,"l_stderror":1.9799538757,"ma120":6.85725,"ma250":8.33312,"ma42":6.8516666667,"max10":6.89,"min10":6.52,"name":"鲁银投资","stat_date":"2017-06-30","mc":37.3293,"cmc":37.3293,"pe":-193.2852,"pe_lyr":89.4829,"pb":2.3517,"ps":1.6858,"pcf":-12.1315,"iop":101.9669}