{"code":"600736","atr10":0.248,"close":7.46,"close_count":60,"l_pvalue":0.0000001808,"l_slop":18.4149775228,"l_stderror":2.3137043061,"ma120":7.2724166667,"ma250":8.24836,"ma42":7.224047619,"max10":8.01,"min10":7.18,"name":"苏州高新","stat_date":"2017-06-30","mc":89.0943,"cmc":84.9657,"pe":29.5055,"pe_lyr":29.0103,"pb":1.5532,"ps":2.6048,"pcf":21.9307,"iop":-117.5713}