{"code":"600723","atr10":0.177,"close":9.55,"close_count":60,"l_pvalue":2.90569583e-21,"l_slop":30.3465524428,"l_stderror":0.6348581346,"ma120":8.8979166667,"ma250":9.27272,"ma42":9.1261904762,"max10":9.72,"min10":9.41,"name":"首商股份","stat_date":"2017-06-30","mc":62.8779,"cmc":62.8456,"pe":19.7124,"pe_lyr":21.2556,"pb":1.8198,"ps":0.6258,"pcf":-8.0656,"iop":2.4095}