{"code":"600701","atr10":0.54,"close":11.12,"close_count":60,"l_pvalue":1.0,"l_slop":0.0,"l_stderror":0.0,"ma120":14.2651666667,"ma250":14.15944,"ma42":13.1702380952,"max10":11.12,"min10":11.12,"name":"工大高新","stat_date":"2017-06-30","mc":115.0626,"cmc":55.4646,"pe":58.4896,"pe_lyr":150.2511,"pb":2.6319,"ps":3.9379,"pcf":34.5395,"iop":804.9311}