{"code":"600747","atr10":0.055,"close":2.64,"close_count":60,"l_pvalue":0.0767532416,"l_slop":-4.3052334912,"l_stderror":2.30040417,"ma120":2.8655,"ma250":3.76812,"ma42":2.789047619,"max10":2.82,"min10":2.63,"name":"*ST大控","stat_date":"2017-06-30","mc":38.6583,"cmc":28.0983,"pe":-48.7792,"pe_lyr":-39.2611,"pb":2.006,"ps":10.1152,"pcf":-46.0039,"iop":57.2174}