{"code":"600797","atr10":0.529,"close":15.14,"close_count":60,"l_pvalue":0.00000006,"l_slop":49.9474177237,"l_stderror":5.8318934586,"ma120":13.4120833333,"ma250":14.35672,"ma42":14.7207142857,"max10":16.23,"min10":14.94,"name":"浙大网新","stat_date":"2017-06-30","mc":159.8766,"cmc":125.7751,"pe":42.3054,"pe_lyr":65.1957,"pb":3.7299,"ps":4.3194,"pcf":-190.3582,"iop":215.6462}