{"code":"600739","atr10":0.211,"close":18.03,"close_count":60,"l_pvalue":0.0000019014,"l_slop":-7.2237747079,"l_stderror":1.0704506478,"ma120":17.9289166667,"ma250":18.17212,"ma42":18.5216666667,"max10":18.34,"min10":17.97,"name":"辽宁成大","stat_date":"2017-06-30","mc":275.8067,"cmc":246.0572,"pe":25.2616,"pe_lyr":29.0995,"pb":1.4118,"ps":2.4318,"pcf":-57.5718,"iop":-27.2448}