{"code":"600775","atr10":0.445,"close":11.62,"close_count":60,"l_pvalue":0.0000000001,"l_slop":30.7558601003,"l_stderror":2.4409624754,"ma120":11.11,"ma250":13.08076,"ma42":10.7338095238,"max10":11.91,"min10":10.74,"name":"南京熊猫","stat_date":"2017-06-30","mc":88.1966,"cmc":78.0676,"pe":97.0003,"pe_lyr":89.0537,"pb":3.2802,"ps":2.6985,"pcf":97.942,"iop":512.0332}