{"code":"600745","atr10":0.995,"close":26.46,"close_count":60,"l_pvalue":3.32970279e-17,"l_slop":54.9035256904,"l_stderror":1.8910572143,"ma120":22.136,"ma250":21.80392,"ma42":24.465,"max10":27.36,"min10":25.65,"name":"闻泰科技","stat_date":"2017-06-30","mc":168.6207,"cmc":127.8866,"pe":81.8963,"pe_lyr":351.4284,"pb":4.9841,"ps":1.019,"pcf":36.1634,"iop":10.1392}