{"code":"600741","atr10":0.466,"close":22.08,"close_count":60,"l_pvalue":0.0020000735,"l_slop":-6.6180487588,"l_stderror":1.8489351192,"ma120":20.51625,"ma250":18.03036,"ma42":20.92,"max10":22.08,"min10":20.31,"name":"华域汽车","stat_date":"2017-06-30","mc":696.1215,"cmc":632.9252,"pe":11.147,"pe_lyr":11.4574,"pb":2.0015,"ps":0.53,"pcf":11.6644,"iop":8.2422}