{"code":"600782","atr10":0.388,"close":6.4,"close_count":60,"l_pvalue":0.0000112969,"l_slop":64.5201295481,"l_stderror":10.9501447997,"ma120":4.425,"ma250":3.96956,"ma42":5.975952381,"max10":6.79,"min10":5.85,"name":"新钢股份","stat_date":"2017-06-30","mc":178.3614,"cmc":178.3614,"pe":18.5018,"pe_lyr":35.465,"pb":1.9632,"ps":0.4375,"pcf":13.421,"iop":32.552}