{"code":"600732","atr10":0.148,"close":6.97,"close_count":60,"l_pvalue":5.962382415e-17,"l_slop":20.3616463042,"l_stderror":0.7236500331,"ma120":6.6036666667,"ma250":7.51616,"ma42":6.7283333333,"max10":7.13,"min10":6.91,"name":"ST新梅","stat_date":"2017-06-30","mc":31.1129,"cmc":31.1129,"pe":25.5719,"pe_lyr":159.1646,"pb":6.7878,"ps":15.967,"pcf":39.8977,"iop":356.8426}