{"code":"600749","atr10":1.192,"close":23.38,"close_count":60,"l_pvalue":0.0,"l_slop":104.374296952,"l_stderror":5.0764337248,"ma120":18.51475,"ma250":21.02804,"ma42":20.0642857143,"max10":24.51,"min10":23.38,"name":"西藏旅游","stat_date":"2017-06-30","mc":44.2204,"cmc":44.2204,"pe":-54.3618,"pe_lyr":-46.4871,"pb":8.6015,"ps":32.1691,"pcf":-19.2151,"iop":109.0832}