{"code":"600722","atr10":0.272,"close":9.63,"close_count":60,"l_pvalue":0.0000000169,"l_slop":-16.4126436783,"l_stderror":1.7663152677,"ma120":10.6134166667,"ma250":10.4584,"ma42":10.4028571429,"max10":10.49,"min10":9.45,"name":"金牛化工","stat_date":"2017-06-30","mc":65.5148,"cmc":65.5148,"pe":157.9809,"pe_lyr":252.7872,"pb":7.2551,"ps":8.4468,"pcf":53.5183,"iop":124.1184}