{"code":"600792","atr10":0.276,"close":5.7,"close_count":60,"l_pvalue":0.0,"l_slop":38.5511280426,"l_stderror":1.9264656296,"ma120":5.0084166667,"ma250":5.42152,"ma42":5.5066666667,"max10":6.08,"min10":5.46,"name":"云煤能源","stat_date":"2017-06-30","mc":56.4256,"cmc":56.4256,"pe":246.8228,"pe_lyr":116.2394,"pb":1.9482,"ps":1.5022,"pcf":-165.9651,"iop":-48.0697}