{"code":"600720","atr10":0.488,"close":10.84,"close_count":60,"l_pvalue":0.0,"l_slop":18.9332016231,"l_stderror":1.4280434267,"ma120":9.14975,"ma250":8.75736,"ma42":10.4069047619,"max10":11.3,"min10":10.54,"name":"祁连山","stat_date":"2017-06-30","mc":84.1499,"cmc":84.136,"pe":22.7317,"pe_lyr":50.5164,"pb":1.6832,"ps":1.4846,"pcf":-92.108,"iop":109.6722}