{"code":"600706","atr10":0.415,"close":20.36,"close_count":60,"l_pvalue":0.0000019117,"l_slop":10.1221758474,"l_stderror":1.5005419156,"ma120":20.1331666667,"ma250":19.93408,"ma42":20.2083333333,"max10":21.18,"min10":19.93,"name":"曲江文旅","stat_date":"2017-06-30","mc":36.5482,"cmc":36.2222,"pe":59.3789,"pe_lyr":68.441,"pb":3.9015,"ps":3.4101,"pcf":-487.5634,"iop":-30.7586}