{"code":"600760","atr10":1.273,"close":33.67,"close_count":60,"l_pvalue":0.1510748376,"l_slop":-4.0727845699,"l_stderror":2.7224131723,"ma120":31.63025,"ma250":24.93096,"ma42":32.4823809524,"max10":34.19,"min10":31.34,"name":"中航黑豹","stat_date":"2017-06-30","mc":116.1414,"cmc":116.1414,"pe":275.9753,"pe_lyr":418.2992,"pb":28.1849,"ps":9.8389,"pcf":-140.7825,"iop":36.4552}