{"code":"600710","atr10":0.117,"close":6.7,"close_count":60,"l_pvalue":1.236581924e-22,"l_slop":-32.1643929565,"l_stderror":0.5692431821,"ma120":7.6019166667,"ma250":6.67224,"ma42":6.92,"max10":6.94,"min10":6.65,"name":"ST常林","stat_date":"2017-06-30","mc":87.5522,"cmc":42.899,"pe":24.0759,"pe_lyr":42.3662,"pb":2.3008,"ps":0.1393,"pcf":17.6589,"iop":60.1449}