{"code":"600766","atr10":0.176,"close":11.89,"close_count":60,"l_pvalue":0.000000021,"l_slop":-10.0702838994,"l_stderror":1.098652002,"ma120":12.5043333333,"ma250":14.67432,"ma42":12.3347619048,"max10":12.23,"min10":11.71,"name":"园城黄金","stat_date":"2017-06-30","mc":26.6606,"cmc":26.6255,"pe":994.775,"pe_lyr":847.4749,"pb":47.7346,"ps":250.597,"pcf":10834.6436,"iop":-25.2901}