{"code":"600759","atr10":0.157,"close":5.47,"close_count":60,"l_pvalue":0.0,"l_slop":46.620674952,"l_stderror":3.2055449033,"ma120":5.9804166667,"ma250":7.39068,"ma42":5.2695238095,"max10":5.78,"min10":5.43,"name":"洲际油气","stat_date":"2017-06-30","mc":123.8139,"cmc":86.4714,"pe":-565.3429,"pe_lyr":287.221,"pb":2.3996,"ps":6.1688,"pcf":96.628,"iop":-409.2644}