{"code":"600794","atr10":0.144,"close":4.67,"close_count":60,"l_pvalue":0.0,"l_slop":58.0395557488,"l_stderror":2.7273971335,"ma120":4.3434166667,"ma250":5.17036,"ma42":4.2838095238,"max10":4.67,"min10":4.45,"name":"保税科技","stat_date":"2017-06-30","mc":56.6075,"cmc":55.6465,"pe":-63.4391,"pe_lyr":229.5237,"pb":2.9288,"ps":5.975,"pcf":-82.5085,"iop":-252.4463}