{"code":"600790","atr10":0.063,"close":6.59,"close_count":60,"l_pvalue":0.0420504809,"l_slop":-2.2738604634,"l_stderror":1.0431159747,"ma120":6.7011666667,"ma250":6.79404,"ma42":6.7978571429,"max10":6.82,"min10":6.59,"name":"轻纺城","stat_date":"2017-06-30","mc":68.9969,"cmc":68.9969,"pe":18.1229,"pe_lyr":19.4497,"pb":1.4089,"ps":8.246,"pcf":-268042.1875,"iop":12.2582}