{"code":"600783","atr10":0.719,"close":17.98,"close_count":60,"l_pvalue":0.0,"l_slop":43.1785790266,"l_stderror":2.0388018463,"ma120":17.531,"ma250":20.93044,"ma42":16.7516666667,"max10":18.9,"min10":17.22,"name":"鲁信创投","stat_date":"2017-06-30","mc":133.8358,"cmc":133.8358,"pe":52.9501,"pe_lyr":35.9475,"pb":3.5667,"ps":66.7377,"pcf":38.4666,"iop":-46.023}