{"code":"600895","atr10":0.214,"close":16.75,"close_count":60,"l_pvalue":0.0000054156,"l_slop":-3.0499512575,"l_stderror":0.4887806666,"ma120":16.6441666667,"ma250":17.3182,"ma42":16.9411904762,"max10":16.97,"min10":16.75,"name":"张江高科","stat_date":"2017-06-30","mc":259.4055,"cmc":259.4055,"pe":34.7525,"pe_lyr":35.7004,"pb":3.1262,"ps":18.4567,"pcf":-128.042,"iop":9.9894}