{"code":"600883","atr10":0.292,"close":11.37,"close_count":60,"l_pvalue":0.0000000001,"l_slop":4.6123099349,"l_stderror":0.3573745397,"ma120":11.8238333333,"ma250":13.96364,"ma42":11.3011904762,"max10":11.73,"min10":11.37,"name":"博闻科技","stat_date":"2017-06-30","mc":26.8432,"cmc":26.8432,"pe":46.1312,"pe_lyr":188.6691,"pb":3.9798,"ps":155.032,"pcf":918.0662,"iop":160.597}