{"code":"600854","atr10":0.158,"close":6.84,"close_count":60,"l_pvalue":0.0,"l_slop":11.5912159345,"l_stderror":0.7382175834,"ma120":7.1364166667,"ma250":7.48564,"ma42":6.7897619048,"max10":7.07,"min10":6.74,"name":"春兰股份","stat_date":"2017-06-30","mc":35.531,"cmc":35.531,"pe":89.8628,"pe_lyr":293.9076,"pb":1.7634,"ps":12.0233,"pcf":16.0362,"iop":698.8294}