{"code":"600841","atr10":0.215,"close":12.9,"close_count":60,"l_pvalue":0.1911468032,"l_slop":-1.9979415949,"l_stderror":1.4739277944,"ma120":13.867,"ma250":14.31752,"ma42":13.2616666667,"max10":13.41,"min10":12.84,"name":"上柴股份","stat_date":"2017-06-30","mc":85.5596,"cmc":67.3241,"pe":101.8412,"pe_lyr":114.2505,"pb":3.1638,"ps":3.6885,"pcf":113.104,"iop":57.6874}