{"code":"600839","atr10":0.041,"close":3.5,"close_count":60,"l_pvalue":0.0,"l_slop":-10.0424922615,"l_stderror":0.6891711959,"ma120":3.6044166667,"ma250":3.96368,"ma42":3.6257142857,"max10":3.58,"min10":3.5,"name":"四川长虹","stat_date":"2017-06-30","mc":161.5685,"cmc":161.3722,"pe":65.3082,"pe_lyr":29.1227,"pb":1.2776,"ps":0.2336,"pcf":12.2936,"iop":-22.3973}