{"code":"600876","atr10":1.131,"close":22.92,"close_count":60,"l_pvalue":0.0003169516,"l_slop":27.4416510937,"l_stderror":6.2552161556,"ma120":20.3873333333,"ma250":23.779,"ma42":22.8388095238,"max10":24.79,"min10":22.61,"name":"洛阳玻璃","stat_date":"2017-06-30","mc":73.0091,"cmc":59.997,"pe":314.0899,"pe_lyr":1048.4048,"pb":23.0214,"ps":29.4601,"pcf":496.5603,"iop":113.6863}