{"code":"600882","atr10":0.143,"close":9.49,"close_count":60,"l_pvalue":0.0000000709,"l_slop":11.048239955,"l_stderror":1.3041838297,"ma120":9.5145,"ma250":10.33556,"ma42":9.3478571429,"max10":9.49,"min10":9.33,"name":"广泽股份","stat_date":"2017-06-30","mc":38.7703,"cmc":37.8877,"pe":68.5095,"pe_lyr":120.3669,"pb":3.3656,"ps":4.971,"pcf":6.3363,"iop":-85.6393}