{"code":"600887","atr10":0.591,"close":25.44,"close_count":60,"l_pvalue":0.0,"l_slop":37.5125853808,"l_stderror":1.6408036373,"ma120":20.7989166667,"ma250":19.01548,"ma42":23.2769047619,"max10":25.8,"min10":23.58,"name":"伊利股份","stat_date":"2017-06-30","mc":1546.4976,"cmc":1534.8892,"pe":26.5976,"pe_lyr":27.3146,"pb":6.7966,"ps":2.4158,"pcf":20.427,"iop":31.1967}