{"code":"600856","atr10":0.178,"close":11.09,"close_count":60,"l_pvalue":0.0000009394,"l_slop":-6.490523975,"l_stderror":0.9140700849,"ma120":10.95775,"ma250":11.67348,"ma42":11.1257142857,"max10":11.16,"min10":10.96,"name":"中天能源","stat_date":"2017-06-30","mc":151.562,"cmc":85.5073,"pe":30.0303,"pe_lyr":34.8545,"pb":3.1184,"ps":2.5035,"pcf":-41.6901,"iop":52.361}