{"code":"600825","atr10":0.189,"close":7.29,"close_count":60,"l_pvalue":0.0,"l_slop":2.3282827729,"l_stderror":0.1294305334,"ma120":7.8901666667,"ma250":8.36768,"ma42":7.0209523809,"max10":7.29,"min10":7.29,"name":"新华传媒","stat_date":"2017-06-30","mc":76.0678,"cmc":76.0678,"pe":173.3419,"pe_lyr":157.1423,"pb":2.9292,"ps":5.1666,"pcf":-48.6486,"iop":-38.035}