{"code":"600868","atr10":0.062,"close":4.71,"close_count":60,"l_pvalue":0.0000186099,"l_slop":3.4931971852,"l_stderror":0.6171699432,"ma120":4.8656666667,"ma250":5.37452,"ma42":4.7711904762,"max10":4.89,"min10":4.7,"name":"梅雁吉祥","stat_date":"2017-06-30","mc":89.4028,"cmc":89.4028,"pe":64.4772,"pe_lyr":131.0762,"pb":3.8882,"ps":29.9771,"pcf":87.5034,"iop":161.512}