{"code":"600821","atr10":0.203,"close":9.2,"close_count":60,"l_pvalue":0.0,"l_slop":-13.8253459289,"l_stderror":0.6919123223,"ma120":8.9999166667,"ma250":10.4236,"ma42":9.1061904762,"max10":9.2,"min10":8.68,"name":"津劝业","stat_date":"2017-06-30","mc":38.2967,"cmc":38.2967,"pe":-21.1856,"pe_lyr":-38.7744,"pb":9.0109,"ps":16.589,"pcf":-26.4711,"iop":-64248.7344}