{"code":"600891","atr10":0.176,"close":8.45,"close_count":60,"l_pvalue":0.0065061158,"l_slop":-4.2369682315,"l_stderror":1.3865816329,"ma120":8.0866666667,"ma250":8.98928,"ma42":8.5471428571,"max10":8.77,"min10":8.31,"name":"秋林集团","stat_date":"2017-06-30","mc":52.186,"cmc":32.4527,"pe":36.5523,"pe_lyr":25.4054,"pb":1.7716,"ps":0.7863,"pcf":25.6769,"iop":-39.1252}