{"code":"600853","atr10":0.083,"close":5.89,"close_count":60,"l_pvalue":0.7799388963,"l_slop":-0.1916375938,"l_stderror":0.676220822,"ma120":6.1740833333,"ma250":6.53448,"ma42":6.000952381,"max10":6.12,"min10":5.87,"name":"龙建股份","stat_date":"2017-06-30","mc":31.618,"cmc":31.618,"pe":68.2402,"pe_lyr":107.8845,"pb":3.7878,"ps":0.3802,"pcf":3.3797,"iop":148.0299}