{"code":"600802","atr10":0.271,"close":9.15,"close_count":60,"l_pvalue":0.0,"l_slop":-15.5486570539,"l_stderror":0.9953499692,"ma120":9.6164166667,"ma250":10.14348,"ma42":9.6295238095,"max10":9.88,"min10":9.08,"name":"福建水泥","stat_date":"2017-06-30","mc":34.9414,"cmc":34.9414,"pe":43.5681,"pe_lyr":252.9601,"pb":4.936,"ps":2.2292,"pcf":293.8038,"iop":87.1896}