{"code":"600804","atr10":0.626,"close":20.03,"close_count":60,"l_pvalue":5.541118275e-16,"l_slop":49.4364456209,"l_stderror":1.9816854795,"ma120":17.6886666667,"ma250":19.6972,"ma42":17.7621428571,"max10":20.03,"min10":18.9,"name":"鹏博士","stat_date":"2017-06-30","mc":286.7648,"cmc":286.0124,"pe":38.0832,"pe_lyr":37.4067,"pb":4.2667,"ps":3.2906,"pcf":10.924,"iop":1.2491}