{"code":"600807","atr10":0.418,"close":10.41,"close_count":60,"l_pvalue":0.0000000087,"l_slop":39.941087855,"l_stderror":4.1221955139,"ma120":10.4301666667,"ma250":11.80152,"ma42":10.3326190476,"max10":11.29,"min10":10.29,"name":"天业股份","stat_date":"2017-06-30","mc":92.0905,"cmc":81.9286,"pe":69.0664,"pe_lyr":68.0274,"pb":4.542,"ps":4.1932,"pcf":10.3812,"iop":-38.0159}