{"code":"600818","atr10":0.565,"close":22.04,"close_count":60,"l_pvalue":0.1723514479,"l_slop":-1.8191210592,"l_stderror":1.2827758953,"ma120":22.5894166667,"ma250":26.09196,"ma42":22.0892857143,"max10":22.57,"min10":21.76,"name":"中路股份","stat_date":"2017-06-30","mc":60.8902,"cmc":52.4459,"pe":65.8238,"pe_lyr":78.4011,"pb":10.829,"ps":10.2056,"pcf":3873.3401,"iop":97.4065}