{"code":"600819","atr10":0.119,"close":6.75,"close_count":60,"l_pvalue":0.0,"l_slop":-14.0717259563,"l_stderror":0.6300359554,"ma120":6.9535833333,"ma250":7.53436,"ma42":7.0166666667,"max10":6.95,"min10":6.73,"name":"耀皮玻璃","stat_date":"2017-06-30","mc":59.2376,"cmc":50.4506,"pe":27.0567,"pe_lyr":27.9513,"pb":2.1288,"ps":2.0655,"pcf":55.4888,"iop":560.8598}