{"code":"600812","atr10":0.065,"close":5.86,"close_count":60,"l_pvalue":0.0,"l_slop":-6.4224869546,"l_stderror":0.3461055536,"ma120":6.0280833333,"ma250":6.20932,"ma42":5.9814285714,"max10":5.94,"min10":5.83,"name":"华北制药","stat_date":"2017-06-30","mc":95.5652,"cmc":95.5652,"pe":173.4765,"pe_lyr":175.6226,"pb":1.8075,"ps":1.1759,"pcf":-34.2649,"iop":261.8027}