{"code":"600890","atr10":0.311,"close":11.27,"close_count":60,"l_pvalue":1.0,"l_slop":0.0,"l_stderror":0.0,"ma120":10.32875,"ma250":10.05028,"ma42":10.860952381,"max10":11.27,"min10":11.27,"name":"中房股份","stat_date":"2017-06-30","mc":65.2753,"cmc":65.2753,"pe":-150.3907,"pe_lyr":-155.3477,"pb":24.3882,"ps":661.8609,"pcf":-158.4939,"iop":-14.6102}