{"code":"600859","atr10":0.353,"close":16.84,"close_count":60,"l_pvalue":1.511547487e-20,"l_slop":21.5367822808,"l_stderror":0.491776186,"ma120":15.9585,"ma250":15.42428,"ma42":16.2192857143,"max10":17.17,"min10":16.63,"name":"王府井","stat_date":"2017-06-30","mc":130.7206,"cmc":101.3092,"pe":19.4945,"pe_lyr":22.7406,"pb":1.3331,"ps":0.6798,"pcf":14.7541,"iop":31.6028}