{"code":"600835","atr10":0.159,"close":19.74,"close_count":60,"l_pvalue":0.0000003761,"l_slop":-3.8635372703,"l_stderror":0.5102892732,"ma120":20.32575,"ma250":20.2846,"ma42":19.9257142857,"max10":19.9,"min10":19.59,"name":"上海机电","stat_date":"2017-06-30","mc":188.4312,"cmc":159.2039,"pe":15.094,"pe_lyr":13.9321,"pb":2.145,"ps":1.0471,"pcf":16.4531,"iop":-15.2103}