{"code":"600834","atr10":0.113,"close":11.31,"close_count":60,"l_pvalue":0.8233749071,"l_slop":-0.1672822566,"l_stderror":0.7391635093,"ma120":12.8935,"ma250":13.53868,"ma42":11.5480952381,"max10":11.62,"min10":11.25,"name":"申通地铁","stat_date":"2017-06-30","mc":53.9919,"cmc":53.9919,"pe":86.1935,"pe_lyr":103.9462,"pb":3.6975,"ps":7.1519,"pcf":1322.1392,"iop":184.265}