{"code":"600898","atr10":0.33,"close":12.91,"close_count":60,"l_pvalue":0.8061836435,"l_slop":-0.1936598754,"l_stderror":0.7783699106,"ma120":13.9735,"ma250":15.89912,"ma42":12.6019047619,"max10":12.97,"min10":12.4,"name":"国美通讯","stat_date":"2017-06-30","mc":32.6008,"cmc":32.6008,"pe":-579.4956,"pe_lyr":201.3235,"pb":9.2594,"ps":2.4304,"pcf":67.0817,"iop":-341.4298}