{"code":"600897","atr10":0.272,"close":24.65,"close_count":60,"l_pvalue":0.0000000898,"l_slop":-13.9595593134,"l_stderror":1.6737273189,"ma120":24.3849166667,"ma250":23.30576,"ma42":25.2907142857,"max10":25.09,"min10":24.46,"name":"厦门空港","stat_date":"2017-06-30","mc":73.4102,"cmc":73.4102,"pe":18.06,"pe_lyr":18.4202,"pb":2.5152,"ps":4.6541,"pcf":37.1131,"iop":10.3419}