{"code":"600803","atr10":0.331,"close":13.54,"close_count":60,"l_pvalue":1.048011051e-19,"l_slop":-24.321164586,"l_stderror":0.6155944895,"ma120":14.0744166667,"ma250":13.53152,"ma42":14.1904761905,"max10":13.77,"min10":13.01,"name":"新奥股份","stat_date":"2017-06-30","mc":133.4753,"cmc":133.4753,"pe":30.1018,"pe_lyr":25.733,"pb":2.9428,"ps":1.5892,"pcf":23.4359,"iop":101.4584}