{"code":"600836","atr10":0.223,"close":6.31,"close_count":60,"l_pvalue":0.0066606318,"l_slop":-3.4322455418,"l_stderror":1.1271264095,"ma120":6.9525833333,"ma250":8.17528,"ma42":6.5692857143,"max10":6.78,"min10":6.23,"name":"界龙实业","stat_date":"2017-06-30","mc":41.8197,"cmc":41.2058,"pe":-155.0999,"pe_lyr":-380.7529,"pb":4.9358,"ps":3.0278,"pcf":53.0684,"iop":-239.8389}