{"code":"600828","atr10":0.099,"close":6.88,"close_count":60,"l_pvalue":3.692497283e-19,"l_slop":-22.2183907499,"l_stderror":0.60140491,"ma120":7.9135833333,"ma250":7.99236,"ma42":7.2707142857,"max10":7.12,"min10":6.84,"name":"茂业商业","stat_date":"2017-06-30","mc":119.1604,"cmc":44.0713,"pe":19.4827,"pe_lyr":20.9779,"pb":3.1671,"ps":1.0429,"pcf":-52.5889,"iop":30.8461}