{"code":"600855","atr10":0.447,"close":18.9,"close_count":60,"l_pvalue":0.0000000001,"l_slop":-9.5281596495,"l_stderror":0.7442920765,"ma120":20.8211666667,"ma250":26.01476,"ma42":19.5547619048,"max10":19.55,"min10":18.63,"name":"航天长峰","stat_date":"2017-06-30","mc":62.6757,"cmc":62.3916,"pe":133.1132,"pe_lyr":108.539,"pb":7.2458,"ps":5.2107,"pcf":-515.4002,"iop":-1.0764}