{"code":"600827","atr10":0.29,"close":15.28,"close_count":60,"l_pvalue":0.0,"l_slop":8.9408996338,"l_stderror":0.3736286383,"ma120":15.12575,"ma250":14.77128,"ma42":15.0716666667,"max10":15.8,"min10":15.17,"name":"百联股份","stat_date":"2017-06-30","mc":263.2536,"cmc":235.7364,"pe":32.342,"pe_lyr":30.2792,"pb":1.661,"ps":0.5853,"pcf":52.8314,"iop":-1.6981}