{"code":"600884","atr10":0.924,"close":24.23,"close_count":60,"l_pvalue":0.0,"l_slop":73.327146882,"l_stderror":4.7465668652,"ma120":18.45425,"ma250":16.47188,"ma42":22.1492857143,"max10":24.89,"min10":22.5,"name":"杉杉股份","stat_date":"2017-06-30","mc":272.046,"cmc":199.1019,"pe":61.0778,"pe_lyr":82.3975,"pb":3.162,"ps":3.9509,"pcf":-140.5145,"iop":10.4827}