{"code":"600874","atr10":0.509,"close":16.51,"close_count":60,"l_pvalue":0.000000929,"l_slop":-16.4866967257,"l_stderror":2.3200043256,"ma120":17.8275833333,"ma250":12.99972,"ma42":17.719047619,"max10":17.64,"min10":16.51,"name":"创业环保","stat_date":"2017-06-30","mc":193.7034,"cmc":179.5014,"pe":51.0538,"pe_lyr":53.1707,"pb":4.9836,"ps":11.6782,"pcf":118.8002,"iop":53.5808}