{"code":"600823","atr10":0.147,"close":5.38,"close_count":60,"l_pvalue":0.0,"l_slop":37.1041556301,"l_stderror":2.1332859369,"ma120":5.0869166667,"ma250":5.16276,"ma42":5.3023809524,"max10":5.78,"min10":5.33,"name":"世茂股份","stat_date":"2017-06-30","mc":201.8129,"cmc":201.8129,"pe":9.4961,"pe_lyr":9.5247,"pb":0.9633,"ps":1.1698,"pcf":4.1997,"iop":36.8476}