{"code":"600808","atr10":0.206,"close":4.68,"close_count":60,"l_pvalue":0.3255672304,"l_slop":-6.6082906275,"l_stderror":6.5481612166,"ma120":4.0235,"ma250":3.52724,"ma42":4.9295238095,"max10":5.11,"min10":4.42,"name":"马钢股份","stat_date":"2017-06-30","mc":336.2592,"cmc":279.2908,"pe":14.8951,"pe_lyr":29.3266,"pb":1.682,"ps":0.577,"pcf":55.7169,"iop":42.4138}