{"code":"600801","atr10":0.935,"close":15.38,"close_count":60,"l_pvalue":0.0000000018,"l_slop":47.6769276302,"l_stderror":4.4648641976,"ma120":10.801,"ma250":9.55864,"ma42":13.3073809524,"max10":15.67,"min10":13.9,"name":"华新水泥","stat_date":"2017-06-30","mc":194.0763,"cmc":149.6122,"pe":19.6547,"pe_lyr":50.9639,"pb":2.1808,"ps":1.3421,"pcf":26.0922,"iop":293.6333}