{"code":"600857","atr10":0.225,"close":12.3,"close_count":60,"l_pvalue":0.0004364014,"l_slop":-4.0153752326,"l_stderror":0.9455545949,"ma120":13.1500833333,"ma250":15.59992,"ma42":12.8657142857,"max10":13.04,"min10":12.22,"name":"宁波中百","stat_date":"2017-06-30","mc":27.5914,"cmc":27.5914,"pe":73.9035,"pe_lyr":64.9222,"pb":4.2863,"ps":3.0227,"pcf":-66.801,"iop":-14.3094}