{"code":"600845","atr10":0.371,"close":17.01,"close_count":60,"l_pvalue":0.0000101665,"l_slop":15.0280290951,"l_stderror":2.5292894116,"ma120":16.47775,"ma250":18.05848,"ma42":16.8738095238,"max10":17.28,"min10":16.83,"name":"宝信软件","stat_date":"2017-06-30","mc":117.2409,"cmc":89.1208,"pe":38.6906,"pe_lyr":39.6923,"pb":3.1335,"ps":3.1177,"pcf":87.4861,"iop":27.8755}