{"code":"600805","atr10":0.156,"close":7.64,"close_count":60,"l_pvalue":0.0000000005,"l_slop":8.7538063931,"l_stderror":0.7568420769,"ma120":7.5878333333,"ma250":8.09056,"ma42":7.6516666667,"max10":7.88,"min10":7.6,"name":"悦达投资","stat_date":"2017-06-30","mc":65.0083,"cmc":64.961,"pe":171.8929,"pe_lyr":59.0155,"pb":1.0045,"ps":4.2734,"pcf":-37.4802,"iop":-135.902}