{"code":"600870","atr10":0.286,"close":7.54,"close_count":60,"l_pvalue":0.0,"l_slop":1.1145503961,"l_stderror":0.061958476,"ma120":8.3779166667,"ma250":9.2796,"ma42":7.5138095238,"max10":7.54,"min10":7.54,"name":"厦华电子","stat_date":"2017-06-30","mc":39.4493,"cmc":39.4493,"pe":-439.8024,"pe_lyr":-773.1972,"pb":317.2915,"ps":23.3279,"pcf":-590.4139,"iop":-2211.718}