{"code":"600881","atr10":0.12,"close":5.41,"close_count":60,"l_pvalue":8.52519619e-17,"l_slop":14.6586852709,"l_stderror":0.5310969743,"ma120":5.43675,"ma250":5.55264,"ma42":5.389047619,"max10":5.57,"min10":5.4,"name":"亚泰集团","stat_date":"2017-06-30","mc":175.7662,"cmc":102.505,"pe":102.0232,"pe_lyr":115.6872,"pb":1.2151,"ps":1.5767,"pcf":7.8081,"iop":28.4006}