{"code":"600809","atr10":2.403,"close":55.8,"close_count":60,"l_pvalue":0.0,"l_slop":80.0501878102,"l_stderror":4.4542100131,"ma120":37.6248333333,"ma250":30.88996,"ma42":47.3435714286,"max10":56.59,"min10":50.36,"name":"山西汾酒","stat_date":"2017-06-30","mc":483.1433,"cmc":483.1433,"pe":56.9825,"pe_lyr":79.8418,"pb":10.9456,"ps":8.9425,"pcf":428.5931,"iop":74.3208}