{"code":"600838","atr10":0.256,"close":12.2,"close_count":60,"l_pvalue":0.2595365941,"l_slop":1.3604230759,"l_stderror":1.1705358598,"ma120":12.50925,"ma250":14.69328,"ma42":12.5107142857,"max10":12.8,"min10":12.14,"name":"上海九百","stat_date":"2017-06-30","mc":48.9076,"cmc":48.9076,"pe":53.9668,"pe_lyr":26.7351,"pb":4.239,"ps":51.1637,"pcf":474.6647,"iop":-77.8863}