{"code":"600816","atr10":0.231,"close":12.54,"close_count":60,"l_pvalue":5.891884409e-19,"l_slop":-25.5825518031,"l_stderror":0.709943966,"ma120":12.4530833333,"ma250":11.47944,"ma42":13.1973809524,"max10":12.74,"min10":12.31,"name":"安信信托","stat_date":"2017-06-30","mc":571.5249,"cmc":313.1995,"pe":17.5688,"pe_lyr":18.8377,"pb":4.0512,"ps":10.3131,"pcf":116.3506,"iop":-40.5539}