{"code":"600848","atr10":1.564,"close":28.26,"close_count":60,"l_pvalue":0.0,"l_slop":64.6096230856,"l_stderror":2.7086667337,"ma120":21.70675,"ma250":21.37968,"ma42":24.1352380952,"max10":28.26,"min10":24.91,"name":"上海临港","stat_date":"2017-06-30","mc":298.8056,"cmc":112.9138,"pe":62.5462,"pe_lyr":78.4622,"pb":5.0321,"ps":14.7889,"pcf":39.1421,"iop":61.4218}