{"code":"600811","atr10":0.068,"close":5.09,"close_count":60,"l_pvalue":0.0000000024,"l_slop":6.0260087642,"l_stderror":0.5740762137,"ma120":5.0930833333,"ma250":5.33332,"ma42":5.1119047619,"max10":5.26,"min10":5.08,"name":"东方集团","stat_date":"2017-06-30","mc":189.0719,"cmc":166.6198,"pe":25.761,"pe_lyr":24.8038,"pb":0.9581,"ps":2.5704,"pcf":-20.7331,"iop":61.9829}