{"code":"600879","atr10":0.158,"close":8.78,"close_count":60,"l_pvalue":0.0000000009,"l_slop":-13.0995200864,"l_stderror":1.1778094317,"ma120":8.5534166667,"ma250":8.41308,"ma42":9.1280952381,"max10":9.03,"min10":8.68,"name":"航天电子","stat_date":"2017-06-30","mc":238.752,"cmc":140.1032,"pe":45.2654,"pe_lyr":49.9092,"pb":2.1568,"ps":1.9222,"pcf":351.4028,"iop":20.5679}