{"code":"600860","atr10":0.11,"close":7.5,"close_count":60,"l_pvalue":0.0,"l_slop":33.1426492913,"l_stderror":2.0892130569,"ma120":7.226,"ma250":8.7346,"ma42":7.2523809524,"max10":7.72,"min10":7.39,"name":"*ST京城","stat_date":"2017-06-30","mc":26.3529,"cmc":24.15,"pe":-24.2207,"pe_lyr":-21.2719,"pb":6.0789,"ps":3.3661,"pcf":-80.9822,"iop":49.8222}