{"code":"600880","atr10":0.117,"close":6.21,"close_count":60,"l_pvalue":0.0000031097,"l_slop":6.279785576,"l_stderror":0.9650346271,"ma120":6.5351666667,"ma250":7.50028,"ma42":6.364047619,"max10":6.55,"min10":6.21,"name":"博瑞传播","stat_date":"2017-06-30","mc":67.8959,"cmc":45.542,"pe":286.6179,"pe_lyr":112.9038,"pb":1.904,"ps":7.2985,"pcf":-23.7024,"iop":-494.294}