{"code":"600865","atr10":0.295,"close":10.34,"close_count":60,"l_pvalue":0.8079273114,"l_slop":0.3587595181,"l_stderror":1.4553251382,"ma120":10.5501666667,"ma250":12.12776,"ma42":10.3561904762,"max10":11.0,"min10":10.21,"name":"百大集团","stat_date":"2017-06-30","mc":38.9032,"cmc":38.9032,"pe":56.7206,"pe_lyr":42.0858,"pb":2.2351,"ps":3.6359,"pcf":-144.1483,"iop":-6.7115}