{"code":"600824","atr10":0.088,"close":5.73,"close_count":60,"l_pvalue":1.120775868e-16,"l_slop":11.8196942928,"l_stderror":0.4345993015,"ma120":5.7539166667,"ma250":6.35596,"ma42":5.6695238095,"max10":5.86,"min10":5.7,"name":"益民集团","stat_date":"2017-06-30","mc":60.3958,"cmc":60.3958,"pe":38.5776,"pe_lyr":40.0406,"pb":2.937,"ps":2.4802,"pcf":83.3982,"iop":9.7109}