{"code":"600843","atr10":0.229,"close":13.26,"close_count":60,"l_pvalue":0.0002313745,"l_slop":-5.3378618344,"l_stderror":1.1794931391,"ma120":13.7415,"ma250":15.54384,"ma42":13.749047619,"max10":13.78,"min10":13.2,"name":"上工申贝","stat_date":"2017-06-30","mc":57.0276,"cmc":40.396,"pe":43.0311,"pe_lyr":50.4349,"pb":3.5223,"ps":2.4801,"pcf":132.2167,"iop":8.3795}