{"code":"600833","atr10":0.253,"close":16.86,"close_count":60,"l_pvalue":0.0109379119,"l_slop":4.6825939124,"l_stderror":1.6605360888,"ma120":17.4523333333,"ma250":18.70136,"ma42":17.2411904762,"max10":17.53,"min10":16.86,"name":"第一医药","stat_date":"2017-06-30","mc":37.6124,"cmc":37.6124,"pe":80.9736,"pe_lyr":81.7053,"pb":5.3694,"ps":2.4501,"pcf":176.8674,"iop":7.4206}