{"code":"600877","atr10":0.181,"close":6.32,"close_count":60,"l_pvalue":0.0,"l_slop":26.197398266,"l_stderror":1.6759204445,"ma120":6.3311666667,"ma250":7.88688,"ma42":6.195,"max10":6.57,"min10":6.24,"name":"*ST嘉陵","stat_date":"2017-06-30","mc":43.4362,"cmc":43.4362,"pe":-28.872,"pe_lyr":-14.1124,"pb":-17.753,"ps":6.433,"pcf":70.627,"iop":-1163.7787}