{"code":"600864","atr10":0.134,"close":8.62,"close_count":60,"l_pvalue":0.0001481822,"l_slop":9.1076117286,"l_stderror":1.9285293809,"ma120":8.67425,"ma250":9.81656,"ma42":8.8569047619,"max10":9.09,"min10":8.62,"name":"哈投股份","stat_date":"2017-06-30","mc":181.7539,"cmc":90.3458,"pe":43.7535,"pe_lyr":53.0582,"pb":1.3101,"ps":7.6744,"pcf":-10.7826,"iop":-12.3684}