{"code":"600893","atr10":0.683,"close":31.06,"close_count":60,"l_pvalue":8.609973363e-17,"l_slop":26.7097272975,"l_stderror":0.9682328442,"ma120":29.552,"ma250":32.00128,"ma42":29.8328571429,"max10":31.72,"min10":30.29,"name":"航发动力","stat_date":"2017-06-30","mc":605.272,"cmc":604.9639,"pe":62.7833,"pe_lyr":67.955,"pb":3.9025,"ps":2.6856,"pcf":-74.3717,"iop":40.1408}