{"code":"600806","atr10":0.353,"close":6.44,"close_count":60,"l_pvalue":1.0,"l_slop":0.0,"l_stderror":0.0,"ma120":7.84775,"ma250":7.5176,"ma42":7.5261904762,"max10":6.44,"min10":6.44,"name":"*ST昆机","stat_date":"2017-06-30","mc":28.1005,"cmc":25.128,"pe":-13.4103,"pe_lyr":-16.3413,"pb":12.9805,"ps":5.3488,"pcf":291.5605,"iop":-1.4053}