{"code":"600866","atr10":0.143,"close":5.4,"close_count":60,"l_pvalue":0.0000000013,"l_slop":20.1537808162,"l_stderror":1.8479565343,"ma120":5.3600833333,"ma250":6.1122,"ma42":5.3285714286,"max10":5.6,"min10":5.34,"name":"星湖科技","stat_date":"2017-06-30","mc":34.8512,"cmc":29.7212,"pe":2367.6914,"pe_lyr":143.3842,"pb":3.3791,"ps":5.4943,"pcf":59.8739,"iop":-348.6525}