{"code":"600869","atr10":0.193,"close":7.31,"close_count":60,"l_pvalue":0.0,"l_slop":27.7425213835,"l_stderror":1.6313021088,"ma120":7.0095,"ma250":7.62848,"ma42":7.0485714286,"max10":7.62,"min10":7.17,"name":"智慧能源","stat_date":"2017-06-30","mc":162.2347,"cmc":159.2258,"pe":86.8561,"pe_lyr":56.5824,"pb":2.9218,"ps":1.1216,"pcf":-18.8154,"iop":-5.6547}