{"code":"600817","atr10":0.327,"close":14.13,"close_count":60,"l_pvalue":0.0010224638,"l_slop":2.8937347249,"l_stderror":0.74702503,"ma120":16.0010833333,"ma250":16.82408,"ma42":13.5104761905,"max10":14.33,"min10":13.7,"name":"*ST宏盛","stat_date":"2017-06-30","mc":22.7366,"cmc":21.9975,"pe":875.6104,"pe_lyr":686.845,"pb":23.4536,"ps":443.5803,"pcf":95.687,"iop":-510.6764}