{"code":"600886","atr10":0.091,"close":7.37,"close_count":60,"l_pvalue":0.0,"l_slop":-14.7610140213,"l_stderror":0.6706992948,"ma120":7.5839166667,"ma250":7.13144,"ma42":7.5423809524,"max10":7.43,"min10":7.35,"name":"国投电力","stat_date":"2017-06-30","mc":500.1299,"cmc":500.1299,"pe":13.4438,"pe_lyr":12.77,"pb":1.7495,"ps":1.6618,"pcf":1852.8488,"iop":-47.3355}