{"code":"600822","atr10":0.246,"close":11.77,"close_count":60,"l_pvalue":0.0000115288,"l_slop":-10.9864653452,"l_stderror":1.8676006487,"ma120":12.73875,"ma250":15.06408,"ma42":12.3995238095,"max10":12.58,"min10":11.73,"name":"上海物贸","stat_date":"2017-06-30","mc":52.4942,"cmc":46.6266,"pe":232.0273,"pe_lyr":396.7301,"pb":10.7798,"ps":0.9711,"pcf":-179.3663,"iop":223.9507}