{"code":"600810","atr10":0.2,"close":8.22,"close_count":60,"l_pvalue":0.0009894555,"l_slop":-6.4756533588,"l_stderror":1.6655284127,"ma120":8.2935833333,"ma250":9.03424,"ma42":8.6840476191,"max10":8.76,"min10":8.13,"name":"神马股份","stat_date":"2017-06-30","mc":36.3554,"cmc":36.3554,"pe":37.8047,"pe_lyr":42.8275,"pb":1.4469,"ps":0.329,"pcf":-12.8968,"iop":-70.0567}