{"code":"600858","atr10":0.112,"close":8.23,"close_count":60,"l_pvalue":0.3769267154,"l_slop":-1.4896002335,"l_stderror":1.6464186122,"ma120":8.4458333333,"ma250":9.04424,"ma42":8.3833333333,"max10":8.4,"min10":8.17,"name":"银座股份","stat_date":"2017-06-30","mc":42.8015,"cmc":42.5942,"pe":253.6153,"pe_lyr":193.8846,"pb":1.423,"ps":0.3341,"pcf":-35.964,"iop":36.3689}