{"code":"600896","atr10":0.212,"close":8.04,"close_count":60,"l_pvalue":3.465743787e-18,"l_slop":-12.5429433583,"l_stderror":0.3826509859,"ma120":8.5983333333,"ma250":10.28152,"ma42":8.0673809524,"max10":8.11,"min10":7.81,"name":"览海投资","stat_date":"2017-06-30","mc":69.8756,"cmc":46.4011,"pe":89.483,"pe_lyr":-15.2113,"pb":3.1914,"ps":13.9132,"pcf":-12.6277,"iop":101.8677}