{"code":"600850","atr10":0.386,"close":20.8,"close_count":60,"l_pvalue":0.0000000896,"l_slop":13.6831428761,"l_stderror":1.640338793,"ma120":21.1135,"ma250":23.225,"ma42":20.5483333333,"max10":21.15,"min10":20.66,"name":"华东电脑","stat_date":"2017-06-30","mc":87.5447,"cmc":87.5447,"pe":29.8136,"pe_lyr":31.83,"pb":4.5117,"ps":1.379,"pcf":-34.516,"iop":18.1818}