{"code":"600889","atr10":0.194,"close":10.17,"close_count":60,"l_pvalue":0.0756036483,"l_slop":-1.728501047,"l_stderror":0.9196642686,"ma120":10.1975833333,"ma250":11.4892,"ma42":10.4142857143,"max10":10.49,"min10":10.03,"name":"南京化纤","stat_date":"2017-06-30","mc":31.2289,"cmc":31.2289,"pe":26.9134,"pe_lyr":34.3812,"pb":2.105,"ps":1.7175,"pcf":-496.5896,"iop":141.6775}