{"code":"600846","atr10":0.98,"close":13.97,"close_count":60,"l_pvalue":4.951594651e-16,"l_slop":87.5657387029,"l_stderror":3.4888019787,"ma120":10.005,"ma250":9.676,"ma42":13.0119047619,"max10":15.64,"min10":13.41,"name":"同济科技","stat_date":"2017-06-30","mc":87.2792,"cmc":87.2792,"pe":45.8503,"pe_lyr":48.0579,"pb":4.7666,"ps":2.7823,"pcf":8.109,"iop":-27.5988}