{"code":"600814","atr10":0.502,"close":10.33,"close_count":60,"l_pvalue":0.0,"l_slop":29.5255159797,"l_stderror":1.9156883207,"ma120":9.8866666667,"ma250":10.48444,"ma42":10.4730952381,"max10":11.44,"min10":10.33,"name":"杭州解百","stat_date":"2017-06-30","mc":73.8623,"cmc":73.8623,"pe":42.6728,"pe_lyr":37.7375,"pb":3.3744,"ps":1.3489,"pcf":37.9516,"iop":0.8929}