{"code":"600829","atr10":0.28,"close":12.24,"close_count":60,"l_pvalue":3.707770972e-17,"l_slop":-19.2480436585,"l_stderror":0.6668103649,"ma120":12.8516666667,"ma250":13.84932,"ma42":12.9085714286,"max10":12.62,"min10":12.07,"name":"人民同泰","stat_date":"2017-06-30","mc":70.9784,"cmc":70.9784,"pe":29.8157,"pe_lyr":31.6148,"pb":4.7416,"ps":0.8358,"pcf":-82.0866,"iop":18.6707}