{"code":"600885","atr10":0.933,"close":41.19,"close_count":60,"l_pvalue":0.0011013288,"l_slop":7.5522860389,"l_stderror":1.9661577972,"ma120":39.4231666667,"ma250":35.99044,"ma42":40.8280952381,"max10":42.21,"min10":40.05,"name":"宏发股份","stat_date":"2017-06-30","mc":219.1195,"cmc":219.1195,"pe":33.2568,"pe_lyr":37.6644,"pb":5.9421,"ps":3.8808,"pcf":702.0387,"iop":20.0945}