{"code":"600872","atr10":0.722,"close":22.2,"close_count":60,"l_pvalue":0.000000002,"l_slop":20.5017276674,"l_stderror":1.930745382,"ma120":18.6675,"ma250":16.90908,"ma42":21.139047619,"max10":22.79,"min10":21.24,"name":"中炬高新","stat_date":"2017-06-30","mc":176.8535,"cmc":176.8535,"pe":41.1138,"pe_lyr":48.8048,"pb":6.3462,"ps":5.0938,"pcf":306.1546,"iop":18.056}