{"code":"600847","atr10":0.299,"close":15.04,"close_count":60,"l_pvalue":0.0000003049,"l_slop":-8.3543065943,"l_stderror":1.0876046401,"ma120":15.8818333333,"ma250":21.71432,"ma42":15.6826190476,"max10":15.66,"min10":14.91,"name":"*ST万里","stat_date":"2017-06-30","mc":23.0544,"cmc":23.0544,"pe":-62.4929,"pe_lyr":-53.9913,"pb":3.4539,"ps":5.4645,"pcf":-26.6519,"iop":103.5001}