{"code":"600892","atr10":0.243,"close":11.06,"close_count":60,"l_pvalue":0.0001376441,"l_slop":-7.2960842631,"l_stderror":1.5343068402,"ma120":12.3665833333,"ma250":14.28256,"ma42":11.3657142857,"max10":11.42,"min10":11.06,"name":"大晟文化","stat_date":"2017-06-30","mc":61.8767,"cmc":27.8267,"pe":40.6827,"pe_lyr":40.5262,"pb":3.6301,"ps":17.3829,"pcf":-22.0919,"iop":23.9183}