{"code":"600888","atr10":0.298,"close":7.57,"close_count":60,"l_pvalue":0.0000001505,"l_slop":17.6570584511,"l_stderror":2.1912650696,"ma120":7.301,"ma250":6.61136,"ma42":7.9826190476,"max10":8.47,"min10":7.46,"name":"新疆众和","stat_date":"2017-06-30","mc":63.103,"cmc":63.103,"pe":69.3931,"pe_lyr":160.6156,"pb":1.9054,"ps":1.4312,"pcf":-20.1587,"iop":488.2227}