{"code":"600826","atr10":0.303,"close":16.75,"close_count":60,"l_pvalue":0.0000025069,"l_slop":13.1535712686,"l_stderror":1.9892221038,"ma120":18.4199166667,"ma250":23.03464,"ma42":17.189047619,"max10":17.91,"min10":16.75,"name":"兰生股份","stat_date":"2017-06-30","mc":70.4576,"cmc":70.4576,"pe":39.1024,"pe_lyr":8.3835,"pb":1.9973,"ps":2.43,"pcf":-6.8409,"iop":-38.4842}