{"code":"600837","atr10":0.199,"close":14.74,"close_count":60,"l_pvalue":0.0015420507,"l_slop":2.9818800977,"l_stderror":0.8073083403,"ma120":14.7206666667,"ma250":15.26756,"ma42":14.9192857143,"max10":15.12,"min10":14.74,"name":"海通证券","stat_date":"2017-06-30","mc":1561.972,"cmc":1192.7802,"pe":21.7283,"pe_lyr":21.0777,"pb":1.5421,"ps":5.8977,"pcf":-5.9253,"iop":-10.2954}