{"code":"600863","atr10":0.038,"close":3.11,"close_count":60,"l_pvalue":0.1821600416,"l_slop":-1.21636117,"l_stderror":0.8783644126,"ma120":3.1471666667,"ma250":3.16144,"ma42":3.1907142857,"max10":3.21,"min10":3.1,"name":"内蒙华电","stat_date":"2017-06-30","mc":180.6209,"cmc":180.6209,"pe":84.6962,"pe_lyr":54.2871,"pb":1.7529,"ps":1.8434,"pcf":94.2848,"iop":-14.1071}