{"code":"600820","atr10":0.137,"close":9.67,"close_count":60,"l_pvalue":0.000011044,"l_slop":-6.8032998333,"l_stderror":1.1525598007,"ma120":9.8686666667,"ma250":10.26164,"ma42":9.8488095238,"max10":9.99,"min10":9.65,"name":"隧道股份","stat_date":"2017-06-30","mc":304.0341,"cmc":304.0341,"pe":17.7372,"pe_lyr":18.393,"pb":1.7271,"ps":1.0319,"pcf":13.9979,"iop":16.2992}