{"code":"600871","atr10":0.105,"close":3.15,"close_count":60,"l_pvalue":0.0104117139,"l_slop":1.4527364264,"l_stderror":0.5110772938,"ma120":3.4876666667,"ma250":3.74576,"ma42":3.2447619048,"max10":3.37,"min10":3.15,"name":"石化油服","stat_date":"2017-06-30","mc":402.6522,"cmc":88.7775,"pe":-3.2071,"pe_lyr":-2.7645,"pb":7.0492,"ps":1.0107,"pcf":-114.2635,"iop":70.2087}