{"code":"600844","atr10":0.136,"close":6.69,"close_count":60,"l_pvalue":0.0000000004,"l_slop":-17.6591944807,"l_stderror":1.5152402517,"ma120":7.0139166667,"ma250":7.6272,"ma42":7.2419047619,"max10":7.15,"min10":6.69,"name":"*ST丹科","stat_date":"2017-06-30","mc":61.1338,"cmc":55.0407,"pe":-143.0424,"pe_lyr":-41.3897,"pb":3.5731,"ps":7.3096,"pcf":65.4792,"iop":102.4488}