{"code":"600894","atr10":0.099,"close":11.44,"close_count":60,"l_pvalue":0.0,"l_slop":-5.4318739334,"l_stderror":0.3197785837,"ma120":11.9204166667,"ma250":12.79736,"ma42":11.6592857143,"max10":11.67,"min10":11.39,"name":"广日股份","stat_date":"2017-06-30","mc":98.3779,"cmc":98.3779,"pe":9.9649,"pe_lyr":9.2095,"pb":1.469,"ps":2.0285,"pcf":-49.2137,"iop":-31.2623}