{"code":"600800","atr10":0.247,"close":8.26,"close_count":60,"l_pvalue":0.0000000002,"l_slop":36.2052197743,"l_stderror":2.9937894601,"ma120":8.3755,"ma250":9.40012,"ma42":7.9730952381,"max10":8.75,"min10":8.03,"name":"天津磁卡","stat_date":"2017-06-30","mc":50.491,"cmc":50.465,"pe":232.65,"pe_lyr":260.7528,"pb":59.3359,"ps":37.2093,"pcf":-81.8796,"iop":23.8805}