{"code":"600830","atr10":0.23,"close":9.45,"close_count":60,"l_pvalue":0.000000218,"l_slop":12.7491018487,"l_stderror":1.6222041793,"ma120":9.6329166667,"ma250":10.70292,"ma42":9.5361904762,"max10":9.98,"min10":9.36,"name":"香溢融通","stat_date":"2017-06-30","mc":42.9335,"cmc":42.9335,"pe":50.9964,"pe_lyr":39.7391,"pb":2.0986,"ps":2.2562,"pcf":58.3459,"iop":-44.3878}