{"code":"600831","atr10":0.201,"close":10.11,"close_count":60,"l_pvalue":0.0000000172,"l_slop":14.9803547119,"l_stderror":1.6138936134,"ma120":10.275,"ma250":11.97856,"ma42":10.2428571429,"max10":10.61,"min10":10.09,"name":"广电网络","stat_date":"2017-06-30","mc":61.1622,"cmc":56.9636,"pe":43.8092,"pe_lyr":45.8922,"pb":2.1124,"ps":2.2935,"pcf":14.5977,"iop":21.8861}