{"code":"600851","atr10":0.226,"close":9.38,"close_count":60,"l_pvalue":0.0,"l_slop":-26.1990389125,"l_stderror":1.4467125183,"ma120":9.6893333333,"ma250":11.236,"ma42":10.2311904762,"max10":10.14,"min10":9.36,"name":"海欣股份","stat_date":"2017-06-30","mc":90.5642,"cmc":69.2437,"pe":364.9969,"pe_lyr":125.8507,"pb":2.8037,"ps":11.1845,"pcf":-259.2968,"iop":-53.7963}