{"code":"600867","atr10":0.406,"close":18.68,"close_count":60,"l_pvalue":0.0,"l_slop":21.0028035169,"l_stderror":1.1116020131,"ma120":17.7703333333,"ma250":17.99904,"ma42":18.4742857143,"max10":19.48,"min10":18.45,"name":"通化东宝","stat_date":"2017-06-30","mc":319.6702,"cmc":307.1784,"pe":43.4252,"pe_lyr":49.8765,"pb":7.7978,"ps":13.7109,"pcf":113.3004,"iop":32.1014}