{"code":"600815","atr10":0.064,"close":4.81,"close_count":60,"l_pvalue":0.0000028464,"l_slop":-7.2525803285,"l_stderror":1.1071991412,"ma120":4.935,"ma250":5.93032,"ma42":4.9621428571,"max10":4.94,"min10":4.75,"name":"*ST厦工","stat_date":"2017-06-30","mc":46.1265,"cmc":46.1265,"pe":-1.9929,"pe_lyr":-1.7148,"pb":8.2226,"ps":1.3081,"pcf":-14.4173,"iop":146.1774}