{"code":"600875","atr10":0.187,"close":10.42,"close_count":60,"l_pvalue":0.000002287,"l_slop":13.1595093628,"l_stderror":1.9766690821,"ma120":9.9994166667,"ma250":9.96344,"ma42":10.6035714286,"max10":10.95,"min10":10.28,"name":"东方电气","stat_date":"2017-06-30","mc":230.5754,"cmc":208.077,"pe":-22.8522,"pe_lyr":-13.647,"pb":1.1305,"ps":0.8214,"pcf":6.6833,"iop":183.3546}