{"code":"600861","atr10":0.214,"close":12.16,"close_count":60,"l_pvalue":0.0074739738,"l_slop":2.5211557158,"l_stderror":0.842304635,"ma120":12.64325,"ma250":14.07196,"ma42":12.2426190476,"max10":12.59,"min10":12.11,"name":"北京城乡","stat_date":"2017-06-30","mc":38.5235,"cmc":38.5235,"pe":41.1611,"pe_lyr":43.4185,"pb":1.6797,"ps":1.5908,"pcf":68.6029,"iop":-26.1803}