{"code":"600873","atr10":0.13,"close":6.33,"close_count":60,"l_pvalue":0.0000000593,"l_slop":31.6029176947,"l_stderror":3.6869660434,"ma120":6.1535,"ma250":6.30444,"ma42":6.2947619048,"max10":6.71,"min10":6.33,"name":"梅花生物","stat_date":"2017-06-30","mc":196.7507,"cmc":196.7507,"pe":15.6395,"pe_lyr":18.8876,"pb":2.2481,"ps":1.7446,"pcf":14.2772,"iop":46.515}