{"code":"600862","atr10":0.477,"close":11.79,"close_count":60,"l_pvalue":0.0002150678,"l_slop":9.7087204825,"l_stderror":2.1301350468,"ma120":10.66925,"ma250":11.63696,"ma42":11.495952381,"max10":12.12,"min10":11.14,"name":"中航高科","stat_date":"2017-06-30","mc":164.2405,"cmc":93.1787,"pe":61.5286,"pe_lyr":223.6935,"pb":4.5573,"ps":4.5713,"pcf":31.2816,"iop":375.7948}