{"code":"600962","atr10":0.541,"close":14.57,"close_count":60,"l_pvalue":0.0,"l_slop":28.438450391,"l_stderror":1.9863492584,"ma120":14.061,"ma250":15.837,"ma42":13.9638095238,"max10":15.63,"min10":14.21,"name":"国投中鲁","stat_date":"2017-06-30","mc":38.204,"cmc":37.0107,"pe":-535.1279,"pe_lyr":4245.0103,"pb":4.6619,"ps":4.263,"pcf":82.0792,"iop":-56.1003}