{"code":"600971","atr10":0.445,"close":11.49,"close_count":60,"l_pvalue":0.0480625354,"l_slop":12.1324414418,"l_stderror":5.7418969444,"ma120":9.4835833333,"ma250":8.22956,"ma42":11.8485714286,"max10":12.47,"min10":11.08,"name":"恒源煤电","stat_date":"2017-06-30","mc":114.9005,"cmc":114.9005,"pe":18.8404,"pe_lyr":325.6204,"pb":1.7641,"ps":1.8977,"pcf":6.9222,"iop":565.9379}