{"code":"600980","atr10":0.7,"close":19.78,"close_count":60,"l_pvalue":0.0000000035,"l_slop":31.3658413833,"l_stderror":3.0607567244,"ma120":18.5385,"ma250":21.62476,"ma42":19.9276190476,"max10":21.17,"min10":19.44,"name":"北矿科技","stat_date":"2017-06-30","mc":30.1071,"cmc":28.3499,"pe":75.2934,"pe_lyr":81.4505,"pb":5.6228,"ps":6.6706,"pcf":101.598,"iop":154.1141}