{"code":"600999","atr10":0.552,"close":20.93,"close_count":60,"l_pvalue":1.767464959e-20,"l_slop":45.6223716305,"l_stderror":1.050446032,"ma120":17.4736666667,"ma250":17.26292,"ma42":19.0945238095,"max10":20.93,"min10":20.15,"name":"招商证券","stat_date":"2017-06-30","mc":1303.4796,"cmc":1026.3444,"pe":24.54,"pe_lyr":25.9498,"pb":2.3265,"ps":11.3474,"pcf":-12.5269,"iop":1.1801}