{"code":"600992","atr10":0.28,"close":14.13,"close_count":60,"l_pvalue":0.0000158885,"l_slop":-3.5327248091,"l_stderror":0.6161840613,"ma120":15.1115,"ma250":15.65456,"ma42":14.3457142857,"max10":14.58,"min10":14.13,"name":"贵绳股份","stat_date":"2017-06-30","mc":34.6312,"cmc":34.6312,"pe":156.0162,"pe_lyr":164.6342,"pb":2.5435,"ps":2.1895,"pcf":41.6858,"iop":19.9694}