{"code":"600986","atr10":0.158,"close":12.43,"close_count":60,"l_pvalue":0.0065749116,"l_slop":-4.0671352312,"l_stderror":1.3330673386,"ma120":13.5835,"ma250":15.10644,"ma42":12.6576190476,"max10":12.61,"min10":12.27,"name":"科达股份","stat_date":"2017-06-30","mc":119.6771,"cmc":62.2587,"pe":25.5689,"pe_lyr":28.785,"pb":2.0397,"ps":1.5234,"pcf":36.6061,"iop":-13.5357}