{"code":"600973","atr10":0.177,"close":5.75,"close_count":60,"l_pvalue":0.0,"l_slop":19.4073352733,"l_stderror":1.2008537576,"ma120":5.6635,"ma250":5.873,"ma42":5.5597619048,"max10":5.88,"min10":5.65,"name":"宝胜股份","stat_date":"2017-06-30","mc":70.2715,"cmc":51.4649,"pe":28.7608,"pe_lyr":26.4507,"pb":1.9549,"ps":0.4447,"pcf":-18.7237,"iop":-11.0923}