{"code":"600926","atr10":0.131,"close":14.11,"close_count":60,"l_pvalue":0.000000002,"l_slop":-8.1182309325,"l_stderror":0.7640184279,"ma120":15.0248333333,"ma250":null,"ma42":14.6607142857,"max10":14.59,"min10":14.11,"name":"杭州银行","stat_date":"2017-06-30","mc":517.0509,"cmc":51.7061,"pe":12.2949,"pe_lyr":12.859,"pb":1.2873,"ps":3.8265,"pcf":0.9478,"iop":2.5057}