{"code":"600995","atr10":0.237,"close":11.04,"close_count":60,"l_pvalue":0.0006729568,"l_slop":9.0824168284,"l_stderror":2.2388094467,"ma120":10.4439166667,"ma250":11.51976,"ma42":11.1292857143,"max10":11.54,"min10":10.86,"name":"文山电力","stat_date":"2017-06-30","mc":52.8293,"cmc":52.8293,"pe":22.044,"pe_lyr":33.1477,"pb":3.0285,"ps":2.7511,"pcf":32.2435,"iop":193.7916}