{"code":"600983","atr10":0.111,"close":8.62,"close_count":60,"l_pvalue":1.67836053e-17,"l_slop":-38.3155218368,"l_stderror":1.2720273525,"ma120":9.91125,"ma250":10.60428,"ma42":9.1821428571,"max10":8.87,"min10":8.51,"name":"惠而浦","stat_date":"2017-06-30","mc":66.067,"cmc":45.9274,"pe":71.8998,"pe_lyr":17.7467,"pb":1.7181,"ps":0.9439,"pcf":49.3672,"iop":-2205.2866}