{"code":"600977","atr10":0.154,"close":17.1,"close_count":60,"l_pvalue":0.0000000001,"l_slop":-10.8680999313,"l_stderror":0.8314233106,"ma120":18.8491666667,"ma250":21.8974,"ma42":17.7892857143,"max10":17.57,"min10":17.04,"name":"中国电影","stat_date":"2017-06-30","mc":319.257,"cmc":96.615,"pe":34.9661,"pe_lyr":34.7981,"pb":3.343,"ps":4.0332,"pcf":7.6973,"iop":27.0327}