{"code":"600993","atr10":0.235,"close":19.99,"close_count":60,"l_pvalue":0.0119300689,"l_slop":-1.6286294091,"l_stderror":0.5858231265,"ma120":20.7931666667,"ma250":20.64992,"ma42":20.3145238095,"max10":20.42,"min10":19.99,"name":"马应龙","stat_date":"2017-06-30","mc":86.1677,"cmc":86.0042,"pe":32.3542,"pe_lyr":34.4335,"pb":4.3813,"ps":4.4495,"pcf":459.7405,"iop":22.4929}