{"code":"600976","atr10":0.563,"close":26.23,"close_count":60,"l_pvalue":1.856989565e-17,"l_slop":18.0692034124,"l_stderror":0.6031409664,"ma120":26.56125,"ma250":29.51496,"ma42":25.6638095238,"max10":27.01,"min10":26.16,"name":"健民集团","stat_date":"2017-06-30","mc":40.2365,"cmc":40.2102,"pe":56.8069,"pe_lyr":62.232,"pb":3.8431,"ps":1.5031,"pcf":-25.1544,"iop":69.0572}