{"code":"600961","atr10":0.447,"close":10.11,"close_count":60,"l_pvalue":0.0000006619,"l_slop":16.0511574306,"l_stderror":2.2051666259,"ma120":9.5746666667,"ma250":10.53636,"ma42":10.3447619048,"max10":10.69,"min10":10.01,"name":"株冶集团","stat_date":"2017-06-30","mc":53.326,"cmc":53.326,"pe":337.4044,"pe_lyr":257.7449,"pb":32.9806,"ps":0.3915,"pcf":15.062,"iop":115.3184}