{"code":"600990","atr10":0.795,"close":57.14,"close_count":60,"l_pvalue":1.487687068e-17,"l_slop":-11.8423482345,"l_stderror":0.3906145825,"ma120":60.5715833333,"ma250":67.5144,"ma42":58.0619047619,"max10":57.41,"min10":56.79,"name":"四创电子","stat_date":"2017-06-30","mc":90.9549,"cmc":78.1115,"pe":71.251,"pe_lyr":70.2599,"pb":4.7695,"ps":2.9871,"pcf":41.962,"iop":2.4097}