{"code":"600997","atr10":0.346,"close":7.89,"close_count":60,"l_pvalue":0.0000000015,"l_slop":59.9822376669,"l_stderror":5.5457247573,"ma120":6.6,"ma250":6.93768,"ma42":7.5402380952,"max10":8.37,"min10":7.63,"name":"开滦股份","stat_date":"2017-06-30","mc":125.2774,"cmc":97.4131,"pe":20.7328,"pe_lyr":29.0194,"pb":1.4105,"ps":0.7846,"pcf":-167.5223,"iop":125.4314}