{"code":"600978","atr10":0.168,"close":10.48,"close_count":60,"l_pvalue":0.0466279226,"l_slop":4.5843623816,"l_stderror":2.1540928096,"ma120":10.096,"ma250":10.62964,"ma42":10.3495238095,"max10":10.48,"min10":10.27,"name":"宜华生活","stat_date":"2017-06-30","mc":155.4048,"cmc":155.4048,"pe":19.6727,"pe_lyr":21.9053,"pb":2.0229,"ps":2.2928,"pcf":9.5921,"iop":13.7723}