{"code":"600959","atr10":0.123,"close":10.57,"close_count":60,"l_pvalue":1.0,"l_slop":0.0,"l_stderror":0.0,"ma120":10.6785,"ma250":10.62672,"ma42":10.4788095238,"max10":10.57,"min10":10.57,"name":"江苏有线","stat_date":"2017-06-30","mc":410.5948,"cmc":147.5761,"pe":49.1901,"pe_lyr":46.9766,"pb":3.169,"ps":5.9249,"pcf":77.8531,"iop":-2.0871}