{"code":"600936","atr10":0.092,"close":7.8,"close_count":60,"l_pvalue":0.7465124049,"l_slop":0.3076794705,"l_stderror":0.9381001772,"ma120":8.37775,"ma250":10.86196,"ma42":7.9116666667,"max10":8.02,"min10":7.76,"name":"广西广电","stat_date":"2017-06-30","mc":130.34,"cmc":93.2867,"pe":55.6272,"pe_lyr":43.291,"pb":3.645,"ps":4.8193,"pcf":63.7994,"iop":-26.3641}