{"code":"600984","atr10":0.108,"close":7.14,"close_count":60,"l_pvalue":0.0,"l_slop":-11.958716608,"l_stderror":0.8671031587,"ma120":7.8263333333,"ma250":8.61912,"ma42":7.3554761905,"max10":7.24,"min10":7.1,"name":"建设机械","stat_date":"2017-06-30","mc":45.465,"cmc":38.4724,"pe":42.3107,"pe_lyr":55.3099,"pb":1.3989,"ps":2.9285,"pcf":61126.3984,"iop":156.5913}