{"code":"600982","atr10":0.053,"close":4.82,"close_count":60,"l_pvalue":0.0000375152,"l_slop":-4.6496498682,"l_stderror":0.8709210939,"ma120":4.9675,"ma250":5.26764,"ma42":4.965952381,"max10":4.98,"min10":4.81,"name":"宁波热电","stat_date":"2017-06-30","mc":36.002,"cmc":36.002,"pe":32.9061,"pe_lyr":42.865,"pb":1.4597,"ps":2.5053,"pcf":29.0712,"iop":20.5405}