{"code":"600988","atr10":0.259,"close":13.64,"close_count":60,"l_pvalue":0.5810116479,"l_slop":1.6395688419,"l_stderror":2.9199145068,"ma120":13.23525,"ma250":14.67108,"ma42":13.8764285714,"max10":13.98,"min10":13.52,"name":"赤峰黄金","stat_date":"2017-06-30","mc":97.2792,"cmc":83.2507,"pe":31.1915,"pe_lyr":30.2807,"pb":3.8036,"ps":4.3762,"pcf":29.0025,"iop":11.5063}