{"code":"600965","atr10":0.28,"close":11.73,"close_count":60,"l_pvalue":3.577527557e-16,"l_slop":-19.8108382874,"l_stderror":0.7755431101,"ma120":12.1940833333,"ma250":13.30976,"ma42":12.4602380952,"max10":12.29,"min10":11.73,"name":"福成股份","stat_date":"2017-06-30","mc":96.0336,"cmc":61.9348,"pe":58.0862,"pe_lyr":51.9822,"pb":5.4483,"ps":7.3163,"pcf":-200.6765,"iop":-9.7143}