{"code":"600909","atr10":0.29,"close":10.44,"close_count":60,"l_pvalue":0.000000007,"l_slop":33.4464550184,"l_stderror":3.404408187,"ma120":10.1775,"ma250":null,"ma42":10.4464285714,"max10":11.24,"min10":10.38,"name":"华安证券","stat_date":"2017-06-30","mc":378.0324,"cmc":83.52,"pe":50.9263,"pe_lyr":62.7947,"pb":3.2053,"ps":19.7165,"pcf":-42.6587,"iop":90.3604}