{"code":"600908","atr10":0.355,"close":9.3,"close_count":60,"l_pvalue":0.0000000718,"l_slop":-24.173705864,"l_stderror":2.8560594156,"ma120":13.0716666667,"ma250":null,"ma42":11.3007142857,"max10":11.4,"min10":9.26,"name":"无锡银行","stat_date":"2017-06-30","mc":171.8747,"cmc":73.6386,"pe":18.2466,"pe_lyr":19.2519,"pb":1.9353,"ps":6.4143,"pcf":-2.327,"iop":8.613}