{"code":"600975","atr10":0.146,"close":6.53,"close_count":60,"l_pvalue":0.0,"l_slop":0.0216928767,"l_stderror":0.0012059191,"ma120":7.5683333333,"ma250":8.30764,"ma42":6.2080952381,"max10":6.53,"min10":6.53,"name":"新五丰","stat_date":"2017-06-30","mc":42.6197,"cmc":30.6074,"pe":44.8085,"pe_lyr":21.6761,"pb":3.5527,"ps":2.4325,"pcf":-11.6944,"iop":-90.3879}