{"code":"600998","atr10":0.371,"close":20.36,"close_count":60,"l_pvalue":0.0000000683,"l_slop":10.5177234993,"l_stderror":1.2385816675,"ma120":20.0724166667,"ma250":20.51136,"ma42":20.470952381,"max10":21.27,"min10":20.35,"name":"九州通","stat_date":"2017-06-30","mc":345.236,"cmc":335.0802,"pe":25.3918,"pe_lyr":39.3772,"pb":3.5188,"ps":0.5077,"pcf":50.0677,"iop":56.494}