{"code":"600981","atr10":0.078,"close":6.85,"close_count":60,"l_pvalue":0.0032722385,"l_slop":-2.0802178701,"l_stderror":0.6187022382,"ma120":7.2913333333,"ma250":8.01676,"ma42":6.9830952381,"max10":7.05,"min10":6.82,"name":"汇鸿集团","stat_date":"2017-06-30","mc":153.6067,"cmc":16.567,"pe":27.7373,"pe_lyr":23.1431,"pb":1.9874,"ps":0.467,"pcf":-35.6433,"iop":-59.6384}