{"code":"600966","atr10":0.245,"close":6.77,"close_count":60,"l_pvalue":0.0,"l_slop":29.5333079233,"l_stderror":1.4672832051,"ma120":5.5636666667,"ma250":4.81828,"ma42":6.3076190476,"max10":6.77,"min10":6.33,"name":"博汇纸业","stat_date":"2017-06-30","mc":90.5044,"cmc":90.5044,"pe":16.7298,"pe_lyr":44.9556,"pb":2.0051,"ps":1.061,"pcf":-80.3932,"iop":918.7674}