{"code":"600970","atr10":0.193,"close":8.35,"close_count":60,"l_pvalue":0.0000067503,"l_slop":12.7121594377,"l_stderror":2.0720859353,"ma120":8.9174166667,"ma250":8.17256,"ma42":8.499047619,"max10":8.97,"min10":8.27,"name":"中材国际","stat_date":"2017-06-30","mc":146.4805,"cmc":140.5481,"pe":22.6785,"pe_lyr":28.644,"pb":2.0321,"ps":0.7595,"pcf":5.1193,"iop":66.0531}