{"code":"600987","atr10":0.281,"close":11.77,"close_count":60,"l_pvalue":0.0000000006,"l_slop":-23.8055145444,"l_stderror":2.0951837415,"ma120":12.6326666667,"ma250":12.37824,"ma42":13.0226190476,"max10":13.03,"min10":11.76,"name":"航民股份","stat_date":"2017-06-30","mc":74.776,"cmc":74.776,"pe":13.6093,"pe_lyr":13.7757,"pb":2.3211,"ps":2.3211,"pcf":-296.6534,"iop":6.2411}