{"code":"600960","atr10":0.252,"close":7.99,"close_count":60,"l_pvalue":0.0,"l_slop":27.3974565634,"l_stderror":1.7151614604,"ma120":7.63525,"ma250":8.3806,"ma42":7.6788095238,"max10":8.26,"min10":7.87,"name":"渤海活塞","stat_date":"2017-06-30","mc":75.9462,"cmc":41.9251,"pe":43.1947,"pe_lyr":64.4071,"pb":1.7412,"ps":3.6124,"pcf":6.876,"iop":-10.8951}