{"code":"600963","atr10":0.365,"close":8.62,"close_count":60,"l_pvalue":0.0000000002,"l_slop":23.721651089,"l_stderror":1.9712385353,"ma120":8.0055,"ma250":8.17568,"ma42":8.3561904762,"max10":9.11,"min10":8.22,"name":"岳阳林纸","stat_date":"2017-06-30","mc":120.4846,"cmc":89.9203,"pe":125.5785,"pe_lyr":426.8171,"pb":1.5878,"ps":2.4529,"pcf":104.9025,"iop":959.5902}