{"code":"600979","atr10":0.08,"close":5.71,"close_count":60,"l_pvalue":0.0000999656,"l_slop":8.0853718809,"l_stderror":1.6508794354,"ma120":5.826,"ma250":6.147,"ma42":5.8235714286,"max10":5.95,"min10":5.69,"name":"广安爱众","stat_date":"2017-06-30","mc":54.1246,"cmc":40.9916,"pe":22.5255,"pe_lyr":25.3506,"pb":1.6265,"ps":2.7399,"pcf":-59.3811,"iop":-1.0124}