{"code":"600958","atr10":0.332,"close":15.95,"close_count":60,"l_pvalue":0.000000003,"l_slop":19.3488852543,"l_stderror":1.8698290982,"ma120":14.8860833333,"ma250":15.252,"ma42":16.0030952381,"max10":16.66,"min10":15.95,"name":"东方证券","stat_date":"2017-06-30","mc":899.164,"cmc":498.6217,"pe":35.5865,"pe_lyr":42.8425,"pb":2.4821,"ps":11.5115,"pcf":-10.1054,"iop":36.8217}