{"code":"600919","atr10":0.066,"close":8.41,"close_count":60,"l_pvalue":3.17384553e-18,"l_slop":-12.2445882465,"l_stderror":0.3717943529,"ma120":9.052,"ma250":9.51608,"ma42":8.7376190476,"max10":8.68,"min10":8.41,"name":"江苏银行","stat_date":"2017-06-30","mc":970.8882,"cmc":487.3466,"pe":8.6858,"pe_lyr":9.1502,"pb":1.1321,"ps":3.0142,"pcf":1.31,"iop":-5.7213}