{"code":"600967","atr10":0.263,"close":13.21,"close_count":60,"l_pvalue":0.0000000042,"l_slop":-16.3372533009,"l_stderror":1.6107067315,"ma120":14.0385,"ma250":13.79804,"ma42":13.9207142857,"max10":13.92,"min10":13.18,"name":"内蒙一机","stat_date":"2017-06-30","mc":223.2004,"cmc":108.6956,"pe":43.6449,"pe_lyr":44.954,"pb":3.0159,"ps":2.2189,"pcf":11.1249,"iop":34.0919}