{"code":"600969","atr10":0.173,"close":14.35,"close_count":60,"l_pvalue":0.0000140693,"l_slop":-11.1315499936,"l_stderror":1.922636127,"ma120":14.5121666667,"ma250":15.99692,"ma42":14.819047619,"max10":14.8,"min10":14.28,"name":"郴电国际","stat_date":"2017-06-30","mc":37.9302,"cmc":37.9302,"pe":41.411,"pe_lyr":37.8493,"pb":1.159,"ps":1.5756,"pcf":-20.7371,"iop":-20.1314}