{"code":"600985","atr10":0.323,"close":12.36,"close_count":60,"l_pvalue":0.0,"l_slop":-0.9415866695,"l_stderror":0.0523433263,"ma120":14.19975,"ma250":13.6322,"ma42":12.975952381,"max10":12.36,"min10":12.36,"name":"雷鸣科化","stat_date":"2017-06-30","mc":37.0993,"cmc":32.4888,"pe":43.2543,"pe_lyr":41.193,"pb":2.2592,"ps":4.2477,"pcf":12.7764,"iop":5.803}