{"code":"600939","atr10":0.147,"close":9.19,"close_count":60,"l_pvalue":0.1998639048,"l_slop":-2.273924251,"l_stderror":1.7121015086,"ma120":10.8821666667,"ma250":null,"ma42":9.5421428571,"max10":9.72,"min10":9.18,"name":"重庆建工","stat_date":"2017-06-30","mc":166.7526,"cmc":16.6798,"pe":68.5482,"pe_lyr":56.5955,"pb":3.3693,"ps":0.3873,"pcf":16.0369,"iop":-25.5438}