{"code":"600996","atr10":0.177,"close":12.42,"close_count":60,"l_pvalue":0.0087093131,"l_slop":2.5542887402,"l_stderror":0.8735998222,"ma120":12.5555,"ma250":null,"ma42":12.0947619048,"max10":12.54,"min10":12.04,"name":"贵广网络","stat_date":"2017-06-30","mc":129.487,"cmc":26.082,"pe":28.4569,"pe_lyr":29.2332,"pb":3.1728,"ps":5.598,"pcf":11.0068,"iop":75.9444}