{"code":"600917","atr10":0.116,"close":9.08,"close_count":60,"l_pvalue":0.9092246316,"l_slop":0.1481637908,"l_stderror":1.2822900807,"ma120":9.6968333333,"ma250":11.8082,"ma42":9.3571428571,"max10":9.59,"min10":9.02,"name":"重庆燃气","stat_date":"2017-06-30","mc":141.2848,"cmc":14.1648,"pe":39.8805,"pe_lyr":38.0589,"pb":3.9009,"ps":2.5456,"pcf":-44.9482,"iop":-9.2085}