{"code":"600900","atr10":0.179,"close":15.14,"close_count":60,"l_pvalue":0.0552859231,"l_slop":-0.944390011,"l_stderror":0.4624900392,"ma120":14.0856666667,"ma250":13.00264,"ma42":15.1521428571,"max10":15.3,"min10":14.97,"name":"长江电力","stat_date":"2017-06-30","mc":3330.8,"cmc":1741.9995,"pe":15.6114,"pe_lyr":16.028,"pb":3.1695,"ps":6.916,"pcf":-394.0289,"iop":12.8463}