{"code":"601028","atr10":0.169,"close":9.33,"close_count":60,"l_pvalue":3.387348748e-16,"l_slop":45.2413291521,"l_stderror":1.7658564029,"ma120":9.6035833333,"ma250":9.79192,"ma42":8.7930952381,"max10":9.55,"min10":9.23,"name":"玉龙股份","stat_date":"2017-06-30","mc":73.0563,"cmc":73.0563,"pe":-10.9301,"pe_lyr":-11.4088,"pb":3.7502,"ps":4.2305,"pcf":5.3214,"iop":-1007.4776}