{"code":"601003","atr10":0.465,"close":7.49,"close_count":60,"l_pvalue":0.0000000013,"l_slop":79.6921933682,"l_stderror":7.3033081254,"ma120":5.3346666667,"ma250":4.94284,"ma42":6.7569047619,"max10":7.97,"min10":6.74,"name":"柳钢股份","stat_date":"2017-06-30","mc":191.9532,"cmc":191.9532,"pe":37.4138,"pe_lyr":97.7169,"pb":3.8756,"ps":0.5736,"pcf":10.8306,"iop":216.1996}