{"code":"601005","atr10":0.089,"close":2.15,"close_count":60,"l_pvalue":0.0,"l_slop":-0.7241144087,"l_stderror":0.0402539225,"ma120":2.4743333333,"ma250":3.0098,"ma42":2.0547619048,"max10":2.15,"min10":2.15,"name":"*ST重钢","stat_date":"2017-06-30","mc":90.8718,"cmc":83.8048,"pe":-2.4492,"pe_lyr":-2.0353,"pb":-8.0115,"ps":1.5515,"pcf":18.3336,"iop":53.3197}