{"code":"601001","atr10":0.288,"close":7.52,"close_count":60,"l_pvalue":0.0000000003,"l_slop":61.0970488247,"l_stderror":5.1431701079,"ma120":6.11275,"ma250":6.44928,"ma42":7.01,"max10":7.68,"min10":7.13,"name":"大同煤业","stat_date":"2017-06-30","mc":125.8622,"cmc":125.8622,"pe":31.5201,"pe_lyr":67.7729,"pb":2.2261,"ps":1.3155,"pcf":5.3314,"iop":3360.9846}