{"code":"601020","atr10":0.997,"close":25.74,"close_count":60,"l_pvalue":0.0000000031,"l_slop":41.2123689125,"l_stderror":3.9868879287,"ma120":24.5135,"ma250":30.77368,"ma42":25.57,"max10":27.87,"min10":25.36,"name":"华钰矿业","stat_date":"2017-06-30","mc":135.4832,"cmc":72.7532,"pe":51.4711,"pe_lyr":72.3867,"pb":8.337,"ps":18.9142,"pcf":150.6259,"iop":50.5187}