{"code":"601015","atr10":0.656,"close":11.72,"close_count":60,"l_pvalue":0.0,"l_slop":130.769880383,"l_stderror":6.757973148,"ma120":8.3289166667,"ma250":8.79456,"ma42":10.0545238095,"max10":12.3,"min10":10.88,"name":"陕西黑猫","stat_date":"2017-06-30","mc":108.996,"cmc":52.0368,"pe":40.2191,"pe_lyr":50.5491,"pb":3.8556,"ps":1.3132,"pcf":144.4037,"iop":366.1084}