{"code":"601010","atr10":0.054,"close":4.24,"close_count":60,"l_pvalue":0.308602112,"l_slop":-0.2917542333,"l_stderror":0.2788736892,"ma120":4.2990833333,"ma250":4.77936,"ma42":4.2911904762,"max10":4.34,"min10":4.24,"name":"文峰股份","stat_date":"2017-06-30","mc":78.3552,"cmc":78.3552,"pe":28.4531,"pe_lyr":31.0282,"pb":1.853,"ps":1.1291,"pcf":51.1567,"iop":-15.596}