{"code":"601002","atr10":0.237,"close":9.38,"close_count":60,"l_pvalue":0.0000172571,"l_slop":11.6682658842,"l_stderror":2.0488856826,"ma120":9.3354166667,"ma250":9.52312,"ma42":9.5745238095,"max10":10.12,"min10":9.26,"name":"晋亿实业","stat_date":"2017-06-30","mc":74.3543,"cmc":74.3543,"pe":56.3512,"pe_lyr":104.4442,"pb":3.0941,"ps":2.9665,"pcf":-40.0325,"iop":169.5357}