{"code":"601011","atr10":0.761,"close":12.81,"close_count":60,"l_pvalue":0.0000000001,"l_slop":122.574247709,"l_stderror":9.8434477611,"ma120":7.8873333333,"ma250":7.71928,"ma42":10.8085714286,"max10":12.81,"min10":10.78,"name":"宝泰隆","stat_date":"2017-06-30","mc":203.8559,"cmc":167.6503,"pe":145.5037,"pe_lyr":218.4015,"pb":3.6583,"ps":8.6762,"pcf":209.7096,"iop":1172.1943}