{"code":"601006","atr10":0.118,"close":8.84,"close_count":60,"l_pvalue":0.000001625,"l_slop":-3.7712605681,"l_stderror":0.552475103,"ma120":8.4175833333,"ma250":7.57756,"ma42":8.8952380952,"max10":8.97,"min10":8.83,"name":"大秦铁路","stat_date":"2017-06-30","mc":1314.2244,"cmc":1314.2244,"pe":11.8283,"pe_lyr":18.3334,"pb":1.4023,"ps":2.5893,"pcf":-28.1407,"iop":197.2138}