{"code":"601038","atr10":0.179,"close":8.68,"close_count":60,"l_pvalue":0.0029928247,"l_slop":1.9921687781,"l_stderror":0.5856363428,"ma120":9.0924166667,"ma250":10.60236,"ma42":8.7116666667,"max10":8.91,"min10":8.64,"name":"一拖股份","stat_date":"2017-06-30","mc":63.8715,"cmc":51.5514,"pe":87.9592,"pe_lyr":38.3095,"pb":1.8069,"ps":1.0727,"pcf":13.9299,"iop":-166.5979}