{"code":"601008","atr10":0.099,"close":5.98,"close_count":60,"l_pvalue":0.0000000022,"l_slop":-15.133028843,"l_stderror":1.4326879241,"ma120":7.1218333333,"ma250":6.34228,"ma42":6.3883333333,"max10":6.38,"min10":5.97,"name":"连云港","stat_date":"2017-06-30","mc":60.7099,"cmc":60.7099,"pe":974.2021,"pe_lyr":713.3823,"pb":1.8982,"ps":5.1205,"pcf":33.7471,"iop":-851.1137}