{"code":"601018","atr10":0.121,"close":5.95,"close_count":60,"l_pvalue":0.0,"l_slop":-6.1549464337,"l_stderror":0.4236637327,"ma120":5.7816666667,"ma250":5.46088,"ma42":6.0559523809,"max10":6.05,"min10":5.86,"name":"宁波港","stat_date":"2017-06-30","mc":783.7844,"cmc":761.6,"pe":32.0985,"pe_lyr":34.0936,"pb":2.2325,"ps":4.9906,"pcf":72.3176,"iop":20.2056}