{"code":"601000","atr10":0.071,"close":5.04,"close_count":60,"l_pvalue":2.862148158e-16,"l_slop":-23.6061162829,"l_stderror":0.9130373917,"ma120":5.5195833333,"ma250":4.78984,"ma42":5.3976190476,"max10":5.31,"min10":5.01,"name":"唐山港","stat_date":"2017-06-30","mc":229.7437,"cmc":202.4006,"pe":16.1913,"pe_lyr":17.4015,"pb":1.6595,"ps":4.1952,"pcf":29.4614,"iop":7.276}