{"code":"601098","atr10":0.213,"close":15.22,"close_count":60,"l_pvalue":1.860769848e-18,"l_slop":-25.723429171,"l_stderror":0.7590751968,"ma120":16.9496666667,"ma250":16.99932,"ma42":16.3047619048,"max10":16.08,"min10":15.19,"name":"中南传媒","stat_date":"2017-06-30","mc":273.3512,"cmc":273.3512,"pe":14.7952,"pe_lyr":15.1465,"pb":2.1559,"ps":2.42,"pcf":28.2951,"iop":23.2341}