{"code":"601009","atr10":0.102,"close":7.91,"close_count":60,"l_pvalue":0.0000362816,"l_slop":6.7943535609,"l_stderror":1.2690291658,"ma120":7.8069166667,"ma250":7.81148,"ma42":7.9619047619,"max10":8.08,"min10":7.91,"name":"南京银行","stat_date":"2017-06-30","mc":670.9426,"cmc":638.2977,"pe":7.4513,"pe_lyr":8.1212,"pb":1.2725,"ps":2.7876,"pcf":-28.8463,"iop":7.7434}