{"code":"601007","atr10":0.275,"close":11.96,"close_count":60,"l_pvalue":9.59224879e-21,"l_slop":34.0182098892,"l_stderror":0.7582416252,"ma120":11.5951666667,"ma250":12.93752,"ma42":11.4138095238,"max10":12.25,"min10":11.92,"name":"金陵饭店","stat_date":"2017-06-30","mc":35.88,"cmc":35.88,"pe":49.0432,"pe_lyr":86.1916,"pb":2.5414,"ps":4.1244,"pcf":65.5624,"iop":201.312}