{"code":"601021","atr10":0.667,"close":33.71,"close_count":60,"l_pvalue":0.0000021535,"l_slop":22.5074411536,"l_stderror":3.3658565596,"ma120":33.0114166667,"ma250":36.38404,"ma42":33.4011904762,"max10":35.0,"min10":33.3,"name":"春秋航空","stat_date":"2017-06-30","mc":269.8755,"cmc":67.42,"pe":35.3082,"pe_lyr":28.3924,"pb":3.4825,"ps":2.8285,"pcf":-33.3414,"iop":896.482}