{"code":"601069","atr10":1.049,"close":21.19,"close_count":60,"l_pvalue":0.0000004667,"l_slop":-47.5750977807,"l_stderror":6.3782686964,"ma120":22.6568333333,"ma250":23.58964,"ma42":21.9823809524,"max10":26.27,"min10":21.19,"name":"西部黄金","stat_date":"2017-06-30","mc":134.7684,"cmc":40.208,"pe":87.3481,"pe_lyr":106.4944,"pb":7.6911,"ps":11.9628,"pcf":3894.3752,"iop":13.6982}