{"code":"601088","atr10":0.517,"close":21.28,"close_count":60,"l_pvalue":0.0000000165,"l_slop":30.813510348,"l_stderror":3.3109208972,"ma120":16.66625,"ma250":15.06324,"ma42":19.1945238095,"max10":21.28,"min10":20.38,"name":"中国神华","stat_date":"2017-06-30","mc":4049.4902,"cmc":3509.293,"pe":11.378,"pe_lyr":18.6356,"pb":1.9161,"ps":1.8818,"pcf":19.1119,"iop":90.7395}