{"code":"601016","atr10":0.059,"close":3.72,"close_count":60,"l_pvalue":0.0152573719,"l_slop":4.0017709854,"l_stderror":1.5008717636,"ma120":3.80575,"ma250":4.2192,"ma42":3.7978571429,"max10":3.91,"min10":3.68,"name":"节能风电","stat_date":"2017-06-30","mc":154.5868,"cmc":83.1628,"pe":57.6011,"pe_lyr":81.9668,"pb":2.3694,"ps":9.8713,"pcf":-67.057,"iop":74.1926}