{"code":"601012","atr10":1.31,"close":27.24,"close_count":60,"l_pvalue":6.641172094e-17,"l_slop":118.872372955,"l_stderror":4.2493029462,"ma120":18.9684166667,"ma250":16.46452,"ma42":23.14,"max10":28.23,"min10":26.73,"name":"隆基股份","stat_date":"2017-06-30","mc":543.6807,"cmc":535.6046,"pe":28.2789,"pe_lyr":35.1388,"pb":4.8758,"ps":4.7763,"pcf":17.4494,"iop":43.0267}