{"code":"601099","atr10":0.054,"close":4.16,"close_count":60,"l_pvalue":0.0000068924,"l_slop":6.6501769029,"l_stderror":1.0857313477,"ma120":4.15275,"ma250":4.67688,"ma42":4.2207142857,"max10":4.29,"min10":4.15,"name":"太平洋","stat_date":"2017-06-30","mc":283.5588,"cmc":269.5188,"pe":71.2068,"pe_lyr":42.4667,"pb":2.4696,"ps":17.9066,"pcf":-8.9079,"iop":-106.8353}