{"code":"601058","atr10":0.047,"close":3.48,"close_count":60,"l_pvalue":0.0710443924,"l_slop":2.0229560303,"l_stderror":1.0579035948,"ma120":3.5524166667,"ma250":3.8736,"ma42":3.5228571429,"max10":3.57,"min10":3.43,"name":"赛轮金宇","stat_date":"2017-06-30","mc":79.829,"cmc":78.6661,"pe":45.9965,"pe_lyr":22.0371,"pb":1.8134,"ps":0.6382,"pcf":35.8434,"iop":-41.5173}