{"code":"601118","atr10":0.19,"close":6.53,"close_count":60,"l_pvalue":0.0000000125,"l_slop":19.8677000474,"l_stderror":2.0968767662,"ma120":6.0809166667,"ma250":6.56112,"ma42":6.5257142857,"max10":6.84,"min10":6.35,"name":"海南橡胶","stat_date":"2017-06-30","mc":256.7055,"cmc":256.7055,"pe":166.9005,"pe_lyr":418.7318,"pb":3.2451,"ps":2.4235,"pcf":121.5743,"iop":-6.2298}