{"code":"601179","atr10":0.07,"close":5.5,"close_count":60,"l_pvalue":0.3847303553,"l_slop":-1.0208283094,"l_stderror":1.1473270587,"ma120":5.66575,"ma250":5.68312,"ma42":5.665952381,"max10":5.69,"min10":5.48,"name":"中国西电","stat_date":"2017-06-30","mc":281.9235,"cmc":281.9235,"pe":22.4025,"pe_lyr":24.9956,"pb":1.479,"ps":1.9006,"pcf":47.0761,"iop":50.2497}