{"code":"601137","atr10":0.387,"close":13.08,"close_count":60,"l_pvalue":7.133004076e-18,"l_slop":21.1724702257,"l_stderror":0.6713705567,"ma120":11.77225,"ma250":12.72572,"ma42":12.0254761905,"max10":13.08,"min10":12.18,"name":"博威合金","stat_date":"2017-06-30","mc":82.0403,"cmc":73.7619,"pe":34.6024,"pe_lyr":44.7451,"pb":2.567,"ps":1.6555,"pcf":361.539,"iop":85.6612}