{"code":"601169","atr10":0.065,"close":7.4,"close_count":60,"l_pvalue":0.0000014349,"l_slop":-4.380224078,"l_stderror":0.6359216064,"ma120":7.4865833333,"ma250":7.69384,"ma42":7.5766666667,"max10":7.57,"min10":7.4,"name":"北京银行","stat_date":"2017-06-30","mc":1350.3528,"cmc":1350.3528,"pe":7.3951,"pe_lyr":7.5854,"pb":1.0691,"ps":2.7391,"pcf":-1.8203,"iop":7.8236}