{"code":"601155","atr10":0.813,"close":18.33,"close_count":60,"l_pvalue":0.0,"l_slop":45.7462815453,"l_stderror":2.4385672926,"ma120":17.1591666667,"ma250":14.81672,"ma42":17.6914285714,"max10":20.12,"min10":18.26,"name":"新城控股","stat_date":"2017-06-30","mc":413.9802,"cmc":129.1686,"pe":12.5217,"pe_lyr":13.7115,"pb":2.7055,"ps":1.3696,"pcf":6.982,"iop":4.1701}