{"code":"601117","atr10":0.145,"close":6.97,"close_count":60,"l_pvalue":0.6075803321,"l_slop":0.9452102528,"l_stderror":1.810124769,"ma120":7.2056666667,"ma250":7.00052,"ma42":7.3147619048,"max10":7.57,"min10":6.97,"name":"中国化学","stat_date":"2017-06-30","mc":343.8301,"cmc":343.8301,"pe":19.3758,"pe_lyr":19.4212,"pb":1.2618,"ps":0.6463,"pcf":16.1327,"iop":41.9442}