{"code":"601186","atr10":0.173,"close":12.02,"close_count":60,"l_pvalue":0.0000000001,"l_slop":-6.8394799788,"l_stderror":0.5417724728,"ma120":12.4113333333,"ma250":12.04484,"ma42":12.3245238095,"max10":12.46,"min10":12.0,"name":"中国铁建","stat_date":"2017-06-30","mc":1556.4974,"cmc":1382.6901,"pe":11.1035,"pe_lyr":11.6593,"pb":1.3086,"ps":0.2505,"pcf":-28.1382,"iop":9.1093}