{"code":"601168","atr10":0.465,"close":9.29,"close_count":60,"l_pvalue":0.0,"l_slop":40.3584098176,"l_stderror":2.1401639775,"ma120":8.0870833333,"ma250":7.70172,"ma42":9.1873809524,"max10":10.27,"min10":9.14,"name":"西部矿业","stat_date":"2017-06-30","mc":221.3807,"cmc":221.3807,"pe":67.2588,"pe_lyr":221.8226,"pb":1.9004,"ps":0.8012,"pcf":-87.1542,"iop":88.818}