{"code":"601188","atr10":0.057,"close":4.63,"close_count":60,"l_pvalue":0.8156947628,"l_slop":-0.2830454809,"l_stderror":1.1975984314,"ma120":4.7970833333,"ma250":5.13472,"ma42":4.7195238095,"max10":4.77,"min10":4.61,"name":"龙江交通","stat_date":"2017-06-30","mc":60.9252,"cmc":60.9252,"pe":20.025,"pe_lyr":21.0721,"pb":1.6186,"ps":12.2277,"pcf":27.9883,"iop":18.242}