{"code":"601113","atr10":0.207,"close":10.26,"close_count":60,"l_pvalue":0.0,"l_slop":18.4251673395,"l_stderror":0.9145863428,"ma120":9.4264166667,"ma250":9.72176,"ma42":9.8921428571,"max10":10.37,"min10":10.03,"name":"华鼎股份","stat_date":"2017-06-30","mc":85.4709,"cmc":65.664,"pe":75.6022,"pe_lyr":117.5132,"pb":3.1238,"ps":3.3575,"pcf":16.8047,"iop":-465.102}