{"code":"601100","atr10":0.58,"close":17.86,"close_count":60,"l_pvalue":0.000002397,"l_slop":-14.3844733229,"l_stderror":2.1681729631,"ma120":17.17725,"ma250":16.2148,"ma42":18.900952381,"max10":19.18,"min10":17.68,"name":"恒立液压","stat_date":"2017-06-30","mc":112.518,"cmc":112.518,"pe":55.2305,"pe_lyr":159.9361,"pb":3.1058,"ps":5.2606,"pcf":36.2932,"iop":401.1117}