{"code":"601166","atr10":0.191,"close":17.38,"close_count":60,"l_pvalue":0.0000000006,"l_slop":-4.1622245118,"l_stderror":0.3652382203,"ma120":16.5635,"ma250":16.18232,"ma42":17.4847619048,"max10":17.59,"min10":17.33,"name":"兴业银行","stat_date":"2017-06-30","mc":3610.5544,"cmc":3311.2961,"pe":6.4463,"pe_lyr":6.7048,"pb":0.9836,"ps":2.5022,"pcf":2.1801,"iop":9.6173}