{"code":"601128","atr10":0.327,"close":9.25,"close_count":60,"l_pvalue":0.0000003507,"l_slop":-14.9846850493,"l_stderror":1.9696524876,"ma120":11.4255833333,"ma250":null,"ma42":10.6188095238,"max10":10.75,"min10":9.25,"name":"常熟银行","stat_date":"2017-06-30","mc":205.6023,"cmc":20.5602,"pe":18.9744,"pe_lyr":19.7599,"pb":2.0807,"ps":4.3435,"pcf":-34.1631,"iop":8.5468}