{"code":"601139","atr10":0.106,"close":8.61,"close_count":60,"l_pvalue":0.0687282307,"l_slop":3.3213385394,"l_stderror":1.7212739688,"ma120":8.7053333333,"ma250":8.91412,"ma42":8.7252380952,"max10":8.83,"min10":8.57,"name":"深圳燃气","stat_date":"2017-06-30","mc":190.6484,"cmc":188.056,"pe":23.7241,"pe_lyr":24.6931,"pb":2.3584,"ps":2.0161,"pcf":-299.0722,"iop":7.9725}