{"code":"601163","atr10":0.28,"close":23.96,"close_count":60,"l_pvalue":0.0529147531,"l_slop":-1.2245420628,"l_stderror":0.5931995411,"ma120":25.5629166667,"ma250":30.5454,"ma42":24.2883333333,"max10":24.56,"min10":23.8,"name":"三角轮胎","stat_date":"2017-06-30","mc":191.68,"cmc":67.1941,"pe":27.0266,"pe_lyr":23.2316,"pb":2.5644,"ps":2.5668,"pcf":27.7517,"iop":-48.7689}