{"code":"601116","atr10":1.399,"close":26.68,"close_count":60,"l_pvalue":0.0000000001,"l_slop":37.2109261694,"l_stderror":2.825260191,"ma120":24.8570833333,"ma250":26.1978,"ma42":24.0204761905,"max10":27.48,"min10":24.07,"name":"三江购物","stat_date":"2017-06-30","mc":109.5904,"cmc":107.2251,"pe":93.7738,"pe_lyr":108.3865,"pb":6.9122,"ps":2.8392,"pcf":97.3241,"iop":-10.5979}