{"code":"601199","atr10":0.055,"close":6.41,"close_count":60,"l_pvalue":0.0000000194,"l_slop":-4.4783508266,"l_stderror":0.486058002,"ma120":6.8295,"ma250":7.542,"ma42":6.5435714286,"max10":6.56,"min10":6.38,"name":"江南水务","stat_date":"2017-06-30","mc":59.9467,"cmc":59.9467,"pe":19.4857,"pe_lyr":18.3835,"pb":2.3899,"ps":5.3435,"pcf":-42.147,"iop":-15.6227}