{"code":"601158","atr10":0.046,"close":6.86,"close_count":60,"l_pvalue":0.0000000003,"l_slop":-5.7478446686,"l_stderror":0.4824773008,"ma120":7.1583333333,"ma250":7.35772,"ma42":7.0242857143,"max10":7.0,"min10":6.86,"name":"重庆水务","stat_date":"2017-06-30","mc":329.28,"cmc":329.28,"pe":24.6568,"pe_lyr":30.8286,"pb":2.5047,"ps":7.6408,"pcf":-47.6191,"iop":115.0004}