{"code":"601198","atr10":0.285,"close":18.26,"close_count":60,"l_pvalue":0.001242382,"l_slop":4.6191716577,"l_stderror":1.2193109584,"ma120":17.6496666667,"ma250":19.25748,"ma42":18.4914285714,"max10":18.87,"min10":18.26,"name":"东兴证券","stat_date":"2017-06-30","mc":503.6036,"cmc":183.3304,"pe":43.5229,"pe_lyr":37.2232,"pb":2.6977,"ps":15.0748,"pcf":-106.9908,"iop":-44.9993}