{"code":"601177","atr10":0.162,"close":9.06,"close_count":60,"l_pvalue":1.214739137e-17,"l_slop":23.5329532704,"l_stderror":0.7678277909,"ma120":8.7946666667,"ma250":10.03104,"ma42":8.7219047619,"max10":9.17,"min10":9.04,"name":"杭齿前进","stat_date":"2017-06-30","mc":36.2454,"cmc":36.2454,"pe":1727.4114,"pe_lyr":496.5122,"pb":2.2535,"ps":2.2646,"pcf":48.1013,"iop":407.5689}