{"code":"601126","atr10":0.224,"close":8.95,"close_count":60,"l_pvalue":1.988565173e-16,"l_slop":24.6981967098,"l_stderror":0.9366660476,"ma120":9.2841666667,"ma250":9.71108,"ma42":8.7173809524,"max10":9.17,"min10":8.92,"name":"四方股份","stat_date":"2017-06-30","mc":72.7789,"cmc":72.7789,"pe":28.8968,"pe_lyr":24.5928,"pb":1.9444,"ps":2.3636,"pcf":39.9244,"iop":85.6621}