{"code":"601127","atr10":0.824,"close":21.47,"close_count":60,"l_pvalue":0.0,"l_slop":47.1894383501,"l_stderror":2.0470066211,"ma120":20.1256666667,"ma250":23.96372,"ma42":20.4316666667,"max10":22.57,"min10":20.93,"name":"小康股份","stat_date":"2017-06-30","mc":191.6198,"cmc":38.646,"pe":27.0511,"pe_lyr":37.3152,"pb":4.8216,"ps":0.9616,"pcf":13.707,"iop":226.4318}