{"code":"601111","atr10":0.164,"close":8.73,"close_count":60,"l_pvalue":0.004829513,"l_slop":-4.4380748075,"l_stderror":1.391588193,"ma120":9.2698333333,"ma250":8.37876,"ma42":9.0235714286,"max10":9.02,"min10":8.73,"name":"中国国航","stat_date":"2017-06-30","mc":1122.9056,"cmc":743.9765,"pe":18.9743,"pe_lyr":18.6089,"pb":1.594,"ps":1.0692,"pcf":38.7599,"iop":189.7789}