{"code":"601101","atr10":0.34,"close":9.64,"close_count":60,"l_pvalue":0.0287309819,"l_slop":-9.4425812906,"l_stderror":3.990002556,"ma120":8.89675,"ma250":7.77636,"ma42":10.3411904762,"max10":10.75,"min10":9.4,"name":"昊华能源","stat_date":"2017-06-30","mc":115.6798,"cmc":115.6798,"pe":18.8147,"pe_lyr":-1384.5731,"pb":1.6327,"ps":1.8115,"pcf":20.8903,"iop":787.0105}