{"code":"601106","atr10":0.138,"close":4.06,"close_count":60,"l_pvalue":0.1733365645,"l_slop":6.6071289647,"l_stderror":4.6703412012,"ma120":3.656,"ma250":4.46724,"ma42":4.2247619048,"max10":4.44,"min10":4.05,"name":"*ST一重","stat_date":"2017-06-30","mc":265.4428,"cmc":265.4428,"pe":-5.271,"pe_lyr":-4.6293,"pb":2.8765,"ps":4.668,"pcf":12.6493,"iop":96.8813}