{"code":"601107","atr10":0.045,"close":4.62,"close_count":60,"l_pvalue":1.11247909e-17,"l_slop":-8.7582640675,"l_stderror":0.2844178591,"ma120":4.7475,"ma250":4.8158,"ma42":4.7476190476,"max10":4.71,"min10":4.61,"name":"四川成渝","stat_date":"2017-06-30","mc":123.5104,"cmc":99.9186,"pe":14.78,"pe_lyr":13.4918,"pb":1.0407,"ps":1.6831,"pcf":13.8239,"iop":-13.9933}