{"code":"601288","atr10":0.076,"close":3.82,"close_count":60,"l_pvalue":0.0000048153,"l_slop":6.5650625024,"l_stderror":1.0427079377,"ma120":3.4801666667,"ma250":3.25304,"ma42":3.7576190476,"max10":3.85,"min10":3.7,"name":"农业银行","stat_date":"2017-06-30","mc":12157.4775,"cmc":11232.9121,"pe":6.6212,"pe_lyr":6.7452,"pb":1.0169,"ps":2.3742,"pcf":91.4778,"iop":4.7396}