{"code":"601216","atr10":0.088,"close":5.1,"close_count":60,"l_pvalue":1.151772835e-16,"l_slop":-23.7588235261,"l_stderror":0.874876104,"ma120":5.032,"ma250":4.98152,"ma42":5.3164285714,"max10":5.16,"min10":5.02,"name":"君正集团","stat_date":"2017-06-30","mc":430.3389,"cmc":430.3389,"pe":22.8975,"pe_lyr":27.1693,"pb":2.9713,"ps":6.4076,"pcf":-106.558,"iop":23.3969}