{"code":"601218","atr10":0.06,"close":4.31,"close_count":60,"l_pvalue":0.0000001756,"l_slop":7.5928940394,"l_stderror":0.9520921079,"ma120":4.4914166667,"ma250":5.02484,"ma42":4.385,"max10":4.49,"min10":4.31,"name":"吉鑫科技","stat_date":"2017-06-30","mc":42.7449,"cmc":42.7449,"pe":47.7309,"pe_lyr":36.4074,"pb":1.6573,"ps":2.9443,"pcf":-54.3054,"iop":-47.46}