{"code":"601238","atr10":0.622,"close":27.04,"close_count":60,"l_pvalue":0.0,"l_slop":12.9125101244,"l_stderror":0.9683141626,"ma120":26.0605,"ma250":25.00248,"ma42":26.020952381,"max10":27.21,"min10":25.78,"name":"广汽集团","stat_date":"2017-06-30","mc":1500.6165,"cmc":1159.3186,"pe":20.7057,"pe_lyr":27.9538,"pb":3.6133,"ps":2.8011,"pcf":100.2318,"iop":13.298}