{"code":"601226","atr10":0.107,"close":6.37,"close_count":60,"l_pvalue":0.0,"l_slop":14.585323031,"l_stderror":0.9426274933,"ma120":6.7176666667,"ma250":7.62184,"ma42":6.3319047619,"max10":6.64,"min10":6.33,"name":"华电重工","stat_date":"2017-06-30","mc":73.5735,"cmc":25.7985,"pe":-50.931,"pe_lyr":-80.0617,"pb":2.1402,"ps":1.7662,"pcf":-78.6175,"iop":596.0898}