{"code":"601222","atr10":0.31,"close":8.9,"close_count":60,"l_pvalue":0.0,"l_slop":44.2292021697,"l_stderror":2.4445333793,"ma120":7.6144166667,"ma250":7.95864,"ma42":8.3035714286,"max10":9.1,"min10":8.65,"name":"林洋能源","stat_date":"2017-06-30","mc":157.0042,"cmc":155.0853,"pe":24.1935,"pe_lyr":33.0936,"pb":1.8711,"ps":4.8421,"pcf":34.7478,"iop":132.0191}