{"code":"601231","atr10":0.474,"close":14.47,"close_count":60,"l_pvalue":0.4324811466,"l_slop":-2.4001215646,"l_stderror":2.9927438846,"ma120":13.8400833333,"ma250":12.29452,"ma42":14.5,"max10":14.58,"min10":13.52,"name":"环旭电子","stat_date":"2017-06-30","mc":314.8561,"cmc":314.8561,"pe":28.7052,"pe_lyr":39.0843,"pb":3.9912,"ps":1.1683,"pcf":32.3147,"iop":51.6299}