{"code":"601200","atr10":0.297,"close":24.7,"close_count":60,"l_pvalue":0.0002158999,"l_slop":-5.9531359972,"l_stderror":1.3066322179,"ma120":26.6500833333,"ma250":null,"ma42":24.7519047619,"max10":24.91,"min10":24.16,"name":"上海环境","stat_date":"2017-06-30","mc":173.5283,"cmc":166.0658,"pe":32.1483,"pe_lyr":37.313,"pb":3.3419,"ps":6.5423,"pcf":76.5674,"iop":60.031}