{"code":"601228","atr10":0.086,"close":6.76,"close_count":60,"l_pvalue":0.0000005146,"l_slop":-11.9114049192,"l_stderror":1.6078403004,"ma120":8.1400833333,"ma250":null,"ma42":7.0035714286,"max10":7.06,"min10":6.7,"name":"广州港","stat_date":"2017-06-30","mc":418.659,"cmc":47.2308,"pe":59.4107,"pe_lyr":62.4046,"pb":3.6102,"ps":4.8392,"pcf":-418.5712,"iop":12.5241}