{"code":"601208","atr10":0.099,"close":7.06,"close_count":60,"l_pvalue":0.0000186012,"l_slop":5.3689850584,"l_stderror":0.9485432969,"ma120":7.0500833333,"ma250":7.39356,"ma42":7.2002380952,"max10":7.3,"min10":7.06,"name":"东材科技","stat_date":"2017-06-30","mc":44.238,"cmc":44.238,"pe":53.8221,"pe_lyr":106.1388,"pb":1.9332,"ps":2.5508,"pcf":-325.7695,"iop":-13.818}