{"code":"601229","atr10":0.17,"close":17.82,"close_count":60,"l_pvalue":0.0,"l_slop":-13.516907454,"l_stderror":0.6017813584,"ma120":18.46375,"ma250":null,"ma42":18.675952381,"max10":18.47,"min10":17.82,"name":"上海银行","stat_date":"2017-06-30","mc":1390.9908,"cmc":139.1002,"pe":9.4056,"pe_lyr":9.7216,"pb":1.181,"ps":4.3695,"pcf":-9.3059,"iop":-10.9076}