{"code":"601225","atr10":0.283,"close":8.84,"close_count":60,"l_pvalue":0.0000000015,"l_slop":32.0343943168,"l_stderror":2.9642584362,"ma120":7.2064166667,"ma250":6.3762,"ma42":8.3766666667,"max10":8.93,"min10":8.45,"name":"陕西煤业","stat_date":"2017-06-30","mc":884.0,"cmc":884.0,"pe":11.0818,"pe_lyr":32.0884,"pb":2.3041,"ps":1.9034,"pcf":12.332,"iop":999.3618}