{"code":"601211","atr10":0.422,"close":21.41,"close_count":60,"l_pvalue":0.0,"l_slop":15.0630382431,"l_stderror":0.8811628754,"ma120":19.8593333333,"ma250":19.04464,"ma42":20.8702380952,"max10":21.81,"min10":21.15,"name":"国泰君安","stat_date":"2017-06-30","mc":1781.5256,"cmc":1013.269,"pe":19.4795,"pe_lyr":18.9572,"pb":1.7449,"ps":8.055,"pcf":-5.2559,"iop":-7.6994}