{"code":"601233","atr10":0.719,"close":16.66,"close_count":60,"l_pvalue":4.846005016e-17,"l_slop":40.9422253676,"l_stderror":1.4389357707,"ma120":14.09225,"ma250":14.06916,"ma42":15.4007142857,"max10":16.85,"min10":15.52,"name":"桐昆股份","stat_date":"2017-06-30","mc":205.2406,"cmc":200.7701,"pe":14.6283,"pe_lyr":18.1284,"pb":1.8242,"ps":0.7115,"pcf":-24.1276,"iop":90.9788}