{"code":"601212","atr10":0.207,"close":8.56,"close_count":60,"l_pvalue":0.055058732,"l_slop":-4.3823794661,"l_stderror":2.143947548,"ma120":9.0055833333,"ma250":null,"ma42":8.8890476191,"max10":8.93,"min10":8.56,"name":"白银有色","stat_date":"2017-06-30","mc":596.8859,"cmc":59.7488,"pe":229.2875,"pe_lyr":237.3074,"pb":4.9456,"ps":1.1033,"pcf":130.0301,"iop":24.8979}