{"code":"601258","atr10":0.035,"close":2.84,"close_count":60,"l_pvalue":0.1369432256,"l_slop":1.0147875025,"l_stderror":0.6534747577,"ma120":3.01725,"ma250":2.91456,"ma42":2.885952381,"max10":2.9,"min10":2.82,"name":"庞大集团","stat_date":"2017-06-30","mc":189.5604,"cmc":185.549,"pe":30.7507,"pe_lyr":49.6629,"pb":1.4212,"ps":0.27,"pcf":-9.5233,"iop":23.5069}