{"code":"601368","atr10":0.106,"close":9.62,"close_count":60,"l_pvalue":0.0000000797,"l_slop":7.7940257462,"l_stderror":0.9271658675,"ma120":9.92925,"ma250":11.13524,"ma42":9.6666666667,"max10":9.91,"min10":9.61,"name":"绿城水务","stat_date":"2017-06-30","mc":70.785,"cmc":28.3023,"pe":20.7725,"pe_lyr":24.4113,"pb":2.5419,"ps":5.7905,"pcf":-45.9293,"iop":256.6892}