{"code":"601336","atr10":1.346,"close":57.74,"close_count":60,"l_pvalue":0.0,"l_slop":-27.7170352789,"l_stderror":1.5175065697,"ma120":53.57475,"ma250":48.47388,"ma42":60.0883333333,"max10":59.18,"min10":56.35,"name":"新华保险","stat_date":"2017-06-30","mc":1610.6747,"cmc":1204.1327,"pe":37.1693,"pe_lyr":36.4473,"pb":2.9908,"ps":1.3265,"pcf":76.0011,"iop":9.2666}