{"code":"601375","atr10":0.231,"close":9.1,"close_count":60,"l_pvalue":0.0000016518,"l_slop":16.1058876719,"l_stderror":2.3622624473,"ma120":9.7520833333,"ma250":null,"ma42":9.255,"max10":9.78,"min10":9.07,"name":"中原证券","stat_date":"2017-06-30","mc":281.8589,"cmc":63.6984,"pe":65.4119,"pe_lyr":49.6851,"pb":3.5159,"ps":18.73,"pcf":-9.341,"iop":-64.9269}