{"code":"601339","atr10":0.054,"close":5.73,"close_count":60,"l_pvalue":0.0000597518,"l_slop":-1.6569221354,"l_stderror":0.3230988789,"ma120":5.7669166667,"ma250":5.90236,"ma42":5.8247619048,"max10":5.86,"min10":5.73,"name":"百隆东方","stat_date":"2017-06-30","mc":85.95,"cmc":85.95,"pe":14.0182,"pe_lyr":14.2072,"pb":1.2017,"ps":1.4532,"pcf":-29.6246,"iop":-4.4071}