{"code":"601398","atr10":0.118,"close":6.02,"close_count":60,"l_pvalue":0.0000000002,"l_slop":11.5229211359,"l_stderror":0.9365862396,"ma120":5.2205,"ma250":4.76044,"ma42":5.8076190476,"max10":6.11,"min10":5.76,"name":"工商银行","stat_date":"2017-06-30","mc":20503.2129,"cmc":16230.6553,"pe":7.6347,"pe_lyr":7.711,"pb":1.1606,"ps":3.1535,"pcf":17.005,"iop":0.3872}