{"code":"601313","atr10":0.254,"close":8.79,"close_count":60,"l_pvalue":1.0,"l_slop":0.0,"l_stderror":0.0,"ma120":10.8235,"ma250":11.89004,"ma42":9.509047619,"max10":8.79,"min10":8.79,"name":"江南嘉捷","stat_date":"2017-06-30","mc":34.9123,"cmc":34.9123,"pe":36.0478,"pe_lyr":21.8958,"pb":2.1208,"ps":1.5215,"pcf":24.1558,"iop":-82.5513}