{"code":"601311","atr10":0.478,"close":15.64,"close_count":60,"l_pvalue":0.0,"l_slop":31.2083890731,"l_stderror":1.8064263055,"ma120":14.716,"ma250":16.02916,"ma42":15.2578571429,"max10":16.2,"min10":15.28,"name":"骆驼股份","stat_date":"2017-06-30","mc":132.6891,"cmc":132.6891,"pe":24.7973,"pe_lyr":25.7479,"pb":2.5716,"ps":1.8912,"pcf":21.7467,"iop":-17.1133}