{"code":"601333","atr10":0.111,"close":5.07,"close_count":60,"l_pvalue":0.0000060387,"l_slop":7.9258614121,"l_stderror":1.2808556716,"ma120":4.7915833333,"ma250":4.83604,"ma42":5.1802380952,"max10":5.4,"min10":5.05,"name":"广深铁路","stat_date":"2017-06-30","mc":341.1398,"cmc":286.5684,"pe":36.455,"pe_lyr":31.0066,"pb":1.3093,"ps":2.0389,"pcf":-83.7432,"iop":-37.9015}