{"code":"601318","atr10":0.938,"close":53.6,"close_count":60,"l_pvalue":0.0694374817,"l_slop":3.2498402208,"l_stderror":1.6889181699,"ma120":47.4358333333,"ma250":40.93652,"ma42":53.5764285714,"max10":54.25,"min10":53.08,"name":"中国平安","stat_date":"2017-06-30","mc":9655.4746,"cmc":5806.3081,"pe":15.0637,"pe_lyr":15.7038,"pb":2.4099,"ps":1.2254,"pcf":-12.2189,"iop":14.6172}