{"code":"601369","atr10":0.132,"close":6.94,"close_count":60,"l_pvalue":0.0,"l_slop":16.0279584092,"l_stderror":1.0028860612,"ma120":6.8215,"ma250":6.8952,"ma42":7.000952381,"max10":7.2,"min10":6.93,"name":"陕鼓动力","stat_date":"2017-06-30","mc":113.7307,"cmc":113.7307,"pe":59.3311,"pe_lyr":47.471,"pb":1.9083,"ps":3.2878,"pcf":351.4017,"iop":7.1674}