{"code":"601388","atr10":0.313,"close":5.59,"close_count":60,"l_pvalue":3.045182605e-16,"l_slop":71.2417978674,"l_stderror":2.7647396214,"ma120":4.40525,"ma250":4.20224,"ma42":5.2116666667,"max10":6.09,"min10":5.43,"name":"怡球资源","stat_date":"2017-06-30","mc":113.2199,"cmc":113.2199,"pe":52.219,"pe_lyr":438.0149,"pb":4.7979,"ps":2.3082,"pcf":715.0404,"iop":4944.6802}