{"code":"601366","atr10":0.246,"close":12.38,"close_count":60,"l_pvalue":0.0000007898,"l_slop":5.1223677584,"l_stderror":0.7125591789,"ma120":null,"ma250":null,"ma42":12.5223809524,"max10":12.94,"min10":12.36,"name":"利群股份","stat_date":"2017-06-30","mc":106.53,"cmc":21.7888,"pe":28.4142,"pe_lyr":29.4391,"pb":2.4492,"ps":1.0227,"pcf":-108.3739,"iop":4.5906}