{"code":"601328","atr10":0.082,"close":6.34,"close_count":60,"l_pvalue":0.1111496869,"l_slop":-2.1979049317,"l_stderror":1.3154718012,"ma120":6.0801666667,"ma250":5.84768,"ma42":6.4128571429,"max10":6.4,"min10":6.29,"name":"交通银行","stat_date":"2017-06-30","mc":4185.314,"cmc":2488.5049,"pe":6.871,"pe_lyr":7.0053,"pb":0.836,"ps":2.4335,"pcf":-7.6562,"iop":-1.8805}