{"code":"601377","atr10":0.175,"close":8.39,"close_count":60,"l_pvalue":0.0000000002,"l_slop":27.1657443792,"l_stderror":2.2286899424,"ma120":7.7174166667,"ma250":7.75312,"ma42":8.2378571429,"max10":8.68,"min10":8.39,"name":"兴业证券","stat_date":"2017-06-30","mc":561.8508,"cmc":561.8508,"pe":25.0375,"pe_lyr":27.4566,"pb":1.8092,"ps":6.9269,"pcf":-13.048,"iop":13.9457}