{"code":"601390","atr10":0.134,"close":8.65,"close_count":60,"l_pvalue":0.0000000027,"l_slop":9.9796807812,"l_stderror":0.9578116403,"ma120":8.7529166667,"ma250":8.72896,"ma42":8.6954761905,"max10":8.97,"min10":8.62,"name":"中国中铁","stat_date":"2017-06-30","mc":1841.6656,"cmc":1585.3748,"pe":13.3933,"pe_lyr":15.7967,"pb":1.4781,"ps":0.2949,"pcf":233.6697,"iop":47.7635}