{"code":"601599","atr10":0.102,"close":5.78,"close_count":60,"l_pvalue":0.0000232419,"l_slop":-3.4831397539,"l_stderror":0.6267345831,"ma120":6.3904166667,"ma250":7.79708,"ma42":5.9333333333,"max10":5.94,"min10":5.71,"name":"鹿港文化","stat_date":"2017-06-30","mc":51.6772,"cmc":49.3007,"pe":30.212,"pe_lyr":28.921,"pb":1.931,"ps":1.3394,"pcf":-31.5921,"iop":0.1487}