{"code":"601500","atr10":0.257,"close":12.57,"close_count":60,"l_pvalue":0.0000572868,"l_slop":6.914219376,"l_stderror":1.3432982888,"ma120":13.9989166667,"ma250":17.36496,"ma42":12.8626190476,"max10":13.33,"min10":12.5,"name":"通用股份","stat_date":"2017-06-30","mc":91.3737,"cmc":21.9873,"pe":60.3887,"pe_lyr":53.6492,"pb":3.6178,"ps":2.5492,"pcf":150.7813,"iop":-52.6521}