{"code":"601558","atr10":0.035,"close":1.77,"close_count":60,"l_pvalue":0.2262862397,"l_slop":2.5273765057,"l_stderror":2.021035929,"ma120":1.6800833333,"ma250":2.09404,"ma42":1.8030952381,"max10":1.85,"min10":1.74,"name":"*ST锐电","stat_date":"2017-06-30","mc":106.7416,"cmc":100.2209,"pe":-4.9037,"pe_lyr":-3.444,"pb":6.5858,"ps":13.0007,"pcf":-100.0457,"iop":145.8001}