{"code":"601566","atr10":0.359,"close":16.37,"close_count":60,"l_pvalue":3.528528796e-17,"l_slop":19.7843623303,"l_stderror":0.683566398,"ma120":16.0868333333,"ma250":15.96932,"ma42":15.814047619,"max10":16.56,"min10":16.14,"name":"九牧王","stat_date":"2017-06-30","mc":94.0681,"cmc":94.0681,"pe":20.9193,"pe_lyr":22.241,"pb":2.2773,"ps":3.8759,"pcf":-40.7442,"iop":76.4532}