{"code":"601567","atr10":0.277,"close":11.03,"close_count":60,"l_pvalue":0.0015333907,"l_slop":10.853441506,"l_stderror":2.936475061,"ma120":10.5671666667,"ma250":11.26604,"ma42":11.2485714286,"max10":11.63,"min10":11.03,"name":"三星医疗","stat_date":"2017-06-30","mc":156.4535,"cmc":136.3882,"pe":19.0319,"pe_lyr":19.6983,"pb":2.351,"ps":3.1188,"pcf":-12.1464,"iop":-1.2654}