{"code":"601519","atr10":0.178,"close":5.21,"close_count":60,"l_pvalue":0.0,"l_slop":101.612444771,"l_stderror":4.5131948604,"ma120":4.5291666667,"ma250":6.0728,"ma42":4.7233333333,"max10":5.58,"min10":5.14,"name":"*ST智慧","stat_date":"2017-06-30","mc":103.5592,"cmc":103.5592,"pe":-6.2439,"pe_lyr":-5.884,"pb":12.4407,"ps":8.9715,"pcf":-22.5571,"iop":51.2643}