{"code":"601518","atr10":0.039,"close":3.89,"close_count":60,"l_pvalue":0.6310706307,"l_slop":0.5040508585,"l_stderror":1.0326988707,"ma120":3.9071666667,"ma250":4.07396,"ma42":3.9514285714,"max10":3.97,"min10":3.87,"name":"吉林高速","stat_date":"2017-06-30","mc":47.1935,"cmc":47.1935,"pe":21.1937,"pe_lyr":24.5868,"pb":1.7343,"ps":5.7276,"pcf":-16.9565,"iop":27.5742}