{"code":"601555","atr10":0.19,"close":12.12,"close_count":60,"l_pvalue":0.0001851908,"l_slop":7.8395921235,"l_stderror":1.6954648324,"ma120":11.6549166667,"ma250":12.51948,"ma42":12.1652380952,"max10":12.35,"min10":12.12,"name":"东吴证券","stat_date":"2017-06-30","mc":363.6,"cmc":350.3892,"pe":27.7377,"pe_lyr":24.2677,"pb":1.788,"ps":7.4767,"pcf":-25.6351,"iop":-47.827}