{"code":"601515","atr10":0.214,"close":11.29,"close_count":60,"l_pvalue":0.0000000065,"l_slop":19.4987484143,"l_stderror":1.9762487563,"ma120":11.1380833333,"ma250":11.65212,"ma42":11.2095238095,"max10":11.71,"min10":11.2,"name":"东风股份","stat_date":"2017-06-30","mc":125.5448,"cmc":125.5448,"pe":20.6131,"pe_lyr":22.1529,"pb":3.3046,"ps":4.7716,"pcf":-35.4675,"iop":27.943}