{"code":"601595","atr10":0.355,"close":23.64,"close_count":60,"l_pvalue":0.0014814932,"l_slop":-6.6395183972,"l_stderror":1.7890577102,"ma120":25.8403333333,"ma250":32.88364,"ma42":24.5197619048,"max10":24.28,"min10":23.5,"name":"上海电影","stat_date":"2017-06-30","mc":88.2954,"cmc":25.0691,"pe":40.0987,"pe_lyr":37.3694,"pb":4.5445,"ps":8.2068,"pcf":20.2878,"iop":26.2268}