{"code":"601588","atr10":0.167,"close":5.98,"close_count":60,"l_pvalue":0.0000000001,"l_slop":19.9606089885,"l_stderror":1.5750387779,"ma120":5.98975,"ma250":5.18208,"ma42":6.0876190476,"max10":6.42,"min10":5.98,"name":"北辰实业","stat_date":"2017-06-30","mc":177.099,"cmc":159.068,"pe":24.3344,"pe_lyr":33.5253,"pb":1.6666,"ps":1.5155,"pcf":47.9553,"iop":91.7635}