{"code":"601579","atr10":0.149,"close":12.31,"close_count":60,"l_pvalue":0.000033836,"l_slop":-4.6731689558,"l_stderror":0.8676916822,"ma120":12.2165,"ma250":13.21228,"ma42":12.179047619,"max10":12.31,"min10":11.95,"name":"会稽山","stat_date":"2017-06-30","mc":61.225,"cmc":49.24,"pe":39.0973,"pe_lyr":43.2791,"pb":2.0889,"ps":5.1691,"pcf":94.0848,"iop":-63.3328}