{"code":"601669","atr10":0.116,"close":8.11,"close_count":60,"l_pvalue":0.1404570924,"l_slop":0.6065478711,"l_stderror":0.3942911084,"ma120":8.055,"ma250":7.57816,"ma42":8.1247619048,"max10":8.17,"min10":8.11,"name":"中国电建","stat_date":"2017-06-30","mc":1240.7517,"cmc":778.56,"pe":17.6722,"pe_lyr":18.3223,"pb":1.7782,"ps":0.4888,"pcf":6.3783,"iop":-1.249}