{"code":"601677","atr10":0.282,"close":13.9,"close_count":60,"l_pvalue":0.0674973673,"l_slop":2.1281771487,"l_stderror":1.0975562218,"ma120":13.7114166667,"ma250":14.493,"ma42":14.1697619048,"max10":14.34,"min10":13.78,"name":"明泰铝业","stat_date":"2017-06-30","mc":71.3481,"cmc":66.4044,"pe":22.7224,"pe_lyr":26.506,"pb":1.7689,"ps":0.807,"pcf":186.015,"iop":25.2668}