{"code":"601689","atr10":0.609,"close":28.48,"close_count":60,"l_pvalue":0.000558937,"l_slop":-6.5394676954,"l_stderror":1.5803030381,"ma120":31.0684166667,"ma250":30.4542,"ma42":29.2242857143,"max10":29.85,"min10":28.0,"name":"拓普集团","stat_date":"2017-06-30","mc":207.2141,"cmc":48.6154,"pe":28.226,"pe_lyr":33.6556,"pb":3.3864,"ps":4.4979,"pcf":18.6735,"iop":34.9425}