{"code":"601633","atr10":0.239,"close":12.36,"close_count":60,"l_pvalue":1.011887649e-18,"l_slop":-14.5699547626,"l_stderror":0.4161765863,"ma120":12.7495,"ma250":11.8978,"ma42":12.7428571429,"max10":12.7,"min10":12.3,"name":"长城汽车","stat_date":"2017-06-30","mc":999.501,"cmc":745.0273,"pe":14.0222,"pe_lyr":10.692,"pb":2.4253,"ps":1.1488,"pcf":45.0792,"iop":-82.1126}