{"code":"601699","atr10":0.418,"close":10.43,"close_count":60,"l_pvalue":0.0186553252,"l_slop":16.922337859,"l_stderror":6.5787529425,"ma120":8.7653333333,"ma250":8.73856,"ma42":10.5692857143,"max10":11.12,"min10":10.09,"name":"潞安环能","stat_date":"2017-06-30","mc":312.004,"cmc":312.004,"pe":16.0152,"pe_lyr":36.4005,"pb":1.5847,"ps":1.6183,"pcf":7.2181,"iop":3785.9109}