{"code":"601618","atr10":0.076,"close":5.14,"close_count":60,"l_pvalue":0.0000022359,"l_slop":12.099228051,"l_stderror":1.81438183,"ma120":5.0639166667,"ma250":4.90516,"ma42":5.1233333333,"max10":5.2,"min10":5.14,"name":"中国中冶","stat_date":"2017-06-30","mc":980.3834,"cmc":834.6846,"pe":18.9045,"pe_lyr":19.8144,"pb":1.7579,"ps":0.4738,"pcf":22.6999,"iop":35.5823}