{"code":"601688","atr10":0.572,"close":21.98,"close_count":60,"l_pvalue":0.0000000349,"l_slop":35.2179661227,"l_stderror":3.9694198961,"ma120":18.6066666667,"ma250":18.37144,"ma42":21.220952381,"max10":22.66,"min10":21.79,"name":"华泰证券","stat_date":"2017-06-30","mc":1449.0867,"cmc":1196.5303,"pe":24.513,"pe_lyr":25.1072,"pb":1.9578,"ps":8.9059,"pcf":-4.5936,"iop":2.0193}