{"code":"601601","atr10":1.023,"close":36.6,"close_count":60,"l_pvalue":0.0000797372,"l_slop":15.6098530649,"l_stderror":3.1228046069,"ma120":32.3586666667,"ma250":30.1722,"ma42":36.2876190476,"max10":37.89,"min10":35.96,"name":"中国太保","stat_date":"2017-06-30","mc":3107.4722,"cmc":2300.9321,"pe":26.6958,"pe_lyr":27.5084,"pb":2.6497,"ps":1.1061,"pcf":22.2836,"iop":18.193}