{"code":"601600","atr10":0.463,"close":8.1,"close_count":60,"l_pvalue":1.831730535e-16,"l_slop":59.2761934413,"l_stderror":2.2380688339,"ma120":5.3431666667,"ma250":4.86692,"ma42":6.7754761905,"max10":8.1,"min10":8.1,"name":"中国铝业","stat_date":"2017-06-30","mc":1112.2087,"cmc":886.6504,"pe":111.0356,"pe_lyr":299.5616,"pb":3.4174,"ps":0.6503,"pcf":-173.6241,"iop":244.644}