{"code":"601636","atr10":0.101,"close":4.94,"close_count":60,"l_pvalue":0.1928038392,"l_slop":-2.0107175447,"l_stderror":1.4891519088,"ma120":4.6858333333,"ma250":4.32,"ma42":5.0971428571,"max10":5.2,"min10":4.89,"name":"旗滨集团","stat_date":"2017-06-30","mc":132.6112,"cmc":123.9923,"pe":10.8797,"pe_lyr":15.8805,"pb":2.1087,"ps":1.781,"pcf":-108.4454,"iop":161.8978}