{"code":"601611","atr10":0.221,"close":11.98,"close_count":60,"l_pvalue":0.032154902,"l_slop":5.87027476,"l_stderror":2.5391047071,"ma120":12.7515,"ma250":14.89064,"ma42":12.1957142857,"max10":12.58,"min10":11.98,"name":"中国核建","stat_date":"2017-06-30","mc":314.475,"cmc":115.2236,"pe":38.312,"pe_lyr":39.3825,"pb":4.3743,"ps":0.743,"pcf":59.309,"iop":12.6432}