{"code":"601607","atr10":0.338,"close":23.57,"close_count":60,"l_pvalue":0.0,"l_slop":-27.4539280864,"l_stderror":1.4953758061,"ma120":24.9715,"ma250":22.62036,"ma42":24.2654761905,"max10":23.85,"min10":23.0,"name":"上海医药","stat_date":"2017-06-30","mc":579.7942,"cmc":453.2358,"pe":18.7007,"pe_lyr":19.8278,"pb":2.0069,"ps":0.4996,"pcf":69.5489,"iop":6.2412}