{"code":"601668","atr10":0.156,"close":9.48,"close_count":60,"l_pvalue":3.110878401e-16,"l_slop":-15.6867760921,"l_stderror":0.6094726711,"ma120":9.6741666667,"ma250":8.96848,"ma42":9.8976190476,"max10":9.92,"min10":9.42,"name":"中国建筑","stat_date":"2017-06-30","mc":2844.0,"cmc":2818.4873,"pe":8.9413,"pe_lyr":9.5212,"pb":1.5575,"ps":0.2801,"pcf":12.8694,"iop":20.9506}