{"code":"601628","atr10":0.452,"close":27.85,"close_count":60,"l_pvalue":0.0000057145,"l_slop":-7.2651707299,"l_stderror":1.1691134356,"ma120":27.3124166667,"ma250":25.6538,"ma42":28.1071428571,"max10":28.37,"min10":27.59,"name":"中国人寿","stat_date":"2017-06-30","mc":7290.4111,"cmc":5799.353,"pe":37.5308,"pe_lyr":41.155,"pb":2.6169,"ps":1.2893,"pcf":-32.438,"iop":16.4132}