{"code":"601619","atr10":0.405,"close":9.22,"close_count":50,"l_pvalue":0.000027868,"l_slop":59.9297950833,"l_stderror":10.9473784581,"ma120":null,"ma250":null,"ma42":9.5035714286,"max10":10.72,"min10":9.22,"name":"嘉泽新能","stat_date":"2017-06-30","mc":178.2226,"cmc":17.8603,"pe":97.3037,"pe_lyr":130.1192,"pb":7.566,"ps":22.1707,"pcf":-222.5329,"iop":null}