{"code":"601616","atr10":0.076,"close":4.48,"close_count":60,"l_pvalue":0.000592677,"l_slop":7.6780497371,"l_stderror":1.8670322266,"ma120":4.7450833333,"ma250":5.62,"ma42":4.5838095238,"max10":4.68,"min10":4.44,"name":"广电电气","stat_date":"2017-06-30","mc":41.9138,"cmc":41.9138,"pe":-132.7712,"pe_lyr":-37.301,"pb":1.789,"ps":6.5388,"pcf":60.5669,"iop":109.3873}