{"code":"601666","atr10":0.248,"close":6.8,"close_count":60,"l_pvalue":0.261042905,"l_slop":6.3693379069,"l_stderror":5.4982540623,"ma120":5.93875,"ma250":5.63248,"ma42":7.0926190476,"max10":7.31,"min10":6.53,"name":"平煤股份","stat_date":"2017-06-30","mc":160.5592,"cmc":160.5592,"pe":15.6673,"pe_lyr":21.3154,"pb":1.3681,"ps":0.8238,"pcf":6.1597,"iop":45.9558}