{"code":"601608","atr10":0.091,"close":5.1,"close_count":60,"l_pvalue":0.5333267511,"l_slop":0.9814328546,"l_stderror":1.5468042994,"ma120":5.4789166667,"ma250":5.47748,"ma42":5.2930952381,"max10":5.39,"min10":5.02,"name":"中信重工","stat_date":"2017-06-30","mc":221.3104,"cmc":218.2691,"pe":-13.9722,"pe_lyr":-13.9722,"pb":3.0967,"ps":5.4911,"pcf":-60.6214,"iop":1592.1534}