{"code":"601678","atr10":0.292,"close":8.55,"close_count":60,"l_pvalue":0.0000004204,"l_slop":-15.3318122546,"l_stderror":2.0406723583,"ma120":7.56925,"ma250":7.10188,"ma42":8.8988095238,"max10":8.77,"min10":8.21,"name":"滨化股份","stat_date":"2017-06-30","mc":101.574,"cmc":101.574,"pe":15.1063,"pe_lyr":28.3083,"pb":1.9331,"ps":1.7305,"pcf":100.4232,"iop":755.4933}