{"code":"601718","atr10":0.115,"close":8.42,"close_count":60,"l_pvalue":0.0000001076,"l_slop":-11.7156864246,"l_stderror":1.4217095823,"ma120":8.652,"ma250":8.65948,"ma42":8.7742857143,"max10":8.73,"min10":8.36,"name":"际华集团","stat_date":"2017-06-30","mc":369.7752,"cmc":324.7594,"pe":30.9312,"pe_lyr":30.2411,"pb":2.0191,"ps":1.3253,"pcf":35.6738,"iop":-22.6006}