{"code":"601777","atr10":0.37,"close":8.78,"close_count":60,"l_pvalue":0.0,"l_slop":31.4715279407,"l_stderror":1.9771360223,"ma120":8.1320833333,"ma250":8.78324,"ma42":8.2904761905,"max10":9.1,"min10":8.44,"name":"力帆股份","stat_date":"2017-06-30","mc":108.5764,"cmc":108.5764,"pe":423.5008,"pe_lyr":131.4456,"pb":1.6228,"ps":0.8849,"pcf":13.7849,"iop":-3.6519}