{"code":"601727","atr10":0.19,"close":8.14,"close_count":60,"l_pvalue":0.0000001035,"l_slop":12.5106627477,"l_stderror":1.5141995453,"ma120":7.721,"ma250":8.0244,"ma42":7.8147619048,"max10":8.14,"min10":7.79,"name":"上海电气","stat_date":"2017-06-30","mc":938.2022,"cmc":801.9045,"pe":50.3869,"pe_lyr":53.0683,"pb":2.3503,"ps":1.3958,"pcf":-53.6175,"iop":-14.3825}