{"code":"601766","atr10":0.084,"close":9.77,"close_count":60,"l_pvalue":0.0000000004,"l_slop":-2.8554648537,"l_stderror":0.2423234519,"ma120":9.902,"ma250":9.84648,"ma42":9.8971428571,"max10":9.96,"min10":9.76,"name":"中国中车","stat_date":"2017-06-30","mc":2632.7358,"cmc":2239.0586,"pe":27.561,"pe_lyr":24.8228,"pb":2.5859,"ps":1.2504,"pcf":-149.065,"iop":-9.2654}