{"code":"601788","atr10":0.205,"close":15.42,"close_count":60,"l_pvalue":0.0000000832,"l_slop":10.4288628384,"l_stderror":1.244158133,"ma120":15.0573333333,"ma250":15.61252,"ma42":15.4466666667,"max10":15.79,"min10":15.42,"name":"光大证券","stat_date":"2017-06-30","mc":666.2442,"cmc":602.413,"pe":25.9882,"pe_lyr":23.597,"pb":1.5151,"ps":7.8312,"pcf":-4.4921,"iop":16.157}