{"code":"601717","atr10":0.341,"close":7.79,"close_count":60,"l_pvalue":1.0,"l_slop":0.0,"l_stderror":0.0,"ma120":7.53675,"ma250":6.6918,"ma42":8.4614285714,"max10":7.79,"min10":7.79,"name":"郑煤机","stat_date":"2017-06-30","mc":126.3936,"cmc":107.1997,"pe":73.7304,"pe_lyr":217.4065,"pb":1.265,"ps":2.6316,"pcf":-21.2604,"iop":551.2161}