{"code":"601700","atr10":0.214,"close":7.2,"close_count":60,"l_pvalue":2.892626501e-18,"l_slop":41.5496552928,"l_stderror":1.2553653676,"ma120":6.5415,"ma250":6.91632,"ma42":6.6576190476,"max10":7.22,"min10":7.0,"name":"风范股份","stat_date":"2017-06-30","mc":81.5927,"cmc":81.4631,"pe":38.7034,"pe_lyr":39.1977,"pb":2.7228,"ps":3.5362,"pcf":115.6676,"iop":-7.4838}