{"code":"601789","atr10":0.109,"close":5.08,"close_count":60,"l_pvalue":0.4181791105,"l_slop":1.3860333934,"l_stderror":1.674791988,"ma120":5.1890833333,"ma250":5.86148,"ma42":5.3352380952,"max10":5.41,"min10":5.04,"name":"宁波建工","stat_date":"2017-06-30","mc":49.5849,"cmc":49.5849,"pe":24.4333,"pe_lyr":25.3778,"pb":2.0044,"ps":0.3533,"pcf":4605.584,"iop":20.9935}