{"code":"601798","atr10":0.242,"close":10.78,"close_count":60,"l_pvalue":0.0,"l_slop":10.9127667721,"l_stderror":0.5669987598,"ma120":11.16275,"ma250":12.30652,"ma42":10.7952380952,"max10":11.23,"min10":10.78,"name":"蓝科高新","stat_date":"2017-06-30","mc":38.2181,"cmc":38.2181,"pe":-24.8931,"pe_lyr":-27.8194,"pb":2.0942,"ps":7.4396,"pcf":41.2263,"iop":-86.4083}