{"code":"601799","atr10":1.417,"close":49.41,"close_count":60,"l_pvalue":1.118875422e-18,"l_slop":43.1504935116,"l_stderror":1.239186358,"ma120":42.9295,"ma250":40.65648,"ma42":46.2271428571,"max10":49.93,"min10":48.03,"name":"星宇股份","stat_date":"2017-06-30","mc":136.4483,"cmc":136.4483,"pe":33.7493,"pe_lyr":38.9959,"pb":3.6105,"ps":3.5921,"pcf":-238.4934,"iop":47.1095}