{"code":"601866","atr10":0.055,"close":3.85,"close_count":60,"l_pvalue":0.2700269462,"l_slop":-1.8703745939,"l_stderror":1.646257132,"ma120":3.8260833333,"ma250":4.0042,"ma42":4.005952381,"max10":4.04,"min10":3.84,"name":"中远海发","stat_date":"2017-06-30","mc":361.9572,"cmc":305.3868,"pe":31.2113,"pe_lyr":122.032,"pb":3.1706,"ps":2.9902,"pcf":-43.0664,"iop":2.8634}