{"code":"601898","atr10":0.125,"close":6.25,"close_count":60,"l_pvalue":0.8229963765,"l_slop":0.4869880186,"l_stderror":2.1471493968,"ma120":5.9665833333,"ma250":6.00444,"ma42":6.420952381,"max10":6.5,"min10":6.2,"name":"中煤能源","stat_date":"2017-06-30","mc":702.4795,"cmc":572.0,"pe":26.6773,"pe_lyr":40.8909,"pb":0.9499,"ps":1.16,"pcf":-116.1583,"iop":71.1284}