{"code":"601857","atr10":0.079,"close":8.05,"close_count":60,"l_pvalue":0.2273100282,"l_slop":0.4226600435,"l_stderror":0.3387587339,"ma120":7.8095833333,"ma250":7.77692,"ma42":7.9985714286,"max10":8.09,"min10":7.94,"name":"中国石油","stat_date":"2017-06-30","mc":13930.3379,"cmc":13034.7275,"pe":73.4969,"pe_lyr":186.4961,"pb":1.243,"ps":0.7948,"pcf":111.4799,"iop":-55.0565}