{"code":"601880","atr10":0.028,"close":2.91,"close_count":60,"l_pvalue":0.0000001925,"l_slop":-5.3164119848,"l_stderror":0.6707818429,"ma120":2.9841666667,"ma250":2.87436,"ma42":2.9928571429,"max10":3.0,"min10":2.9,"name":"大连港","stat_date":"2017-06-30","mc":285.4298,"cmc":225.1124,"pe":68.4149,"pe_lyr":70.6633,"pb":2.1285,"ps":3.5225,"pcf":-263.7638,"iop":22.9562}