{"code":"601881","atr10":0.673,"close":14.88,"close_count":60,"l_pvalue":0.0,"l_slop":59.870749191,"l_stderror":4.1076769817,"ma120":12.6469166667,"ma250":null,"ma42":14.0966666667,"max10":16.34,"min10":14.55,"name":"中国银河","stat_date":"2017-06-30","mc":1174.0483,"cmc":89.28,"pe":30.1065,"pe_lyr":29.2696,"pb":2.47,"ps":12.0569,"pcf":-5.2063,"iop":-15.5389}