{"code":"601899","atr10":0.091,"close":3.91,"close_count":60,"l_pvalue":0.0000069722,"l_slop":31.1422939556,"l_stderror":5.088940238,"ma120":3.5464166667,"ma250":3.4626,"ma42":3.9102380952,"max10":4.05,"min10":3.9,"name":"紫金矿业","stat_date":"2017-06-30","mc":808.9044,"cmc":617.9287,"pe":32.083,"pe_lyr":48.9467,"pb":2.8514,"ps":1.1622,"pcf":72.4738,"iop":91.9479}