{"code":"601890","atr10":0.125,"close":8.47,"close_count":60,"l_pvalue":5.187565123e-18,"l_slop":-9.3246720744,"l_stderror":0.2906797681,"ma120":8.8578333333,"ma250":8.88716,"ma42":8.554047619,"max10":8.52,"min10":8.32,"name":"亚星锚链","stat_date":"2017-06-30","mc":81.2612,"cmc":81.2612,"pe":210.6822,"pe_lyr":150.6647,"pb":2.7709,"ps":9.4683,"pcf":-65.8307,"iop":-22.1477}