{"code":"601878","atr10":0.898,"close":20.34,"close_count":60,"l_pvalue":0.0000000053,"l_slop":60.2290499034,"l_stderror":6.0244523332,"ma120":null,"ma250":null,"ma42":20.490952381,"max10":23.59,"min10":20.27,"name":"浙商证券","stat_date":"2017-06-30","mc":678.0,"cmc":67.8,"pe":54.2807,"pe_lyr":54.6381,"pb":5.2767,"ps":14.9296,"pcf":-33.2959,"iop":-21.255}