{"code":"601811","atr10":0.381,"close":14.76,"close_count":60,"l_pvalue":0.0,"l_slop":24.1203252204,"l_stderror":1.6693568894,"ma120":15.6139166667,"ma250":19.55872,"ma42":14.6264285714,"max10":15.69,"min10":14.66,"name":"新华文轩","stat_date":"2017-06-30","mc":140.7743,"cmc":29.3863,"pe":22.8971,"pe_lyr":28.1275,"pb":2.2781,"ps":2.6696,"pcf":28.2959,"iop":141.7229}