{"code":"601888","atr10":1.15,"close":34.17,"close_count":60,"l_pvalue":2.830782178e-23,"l_slop":60.9076688175,"l_stderror":0.9970496416,"ma120":28.7490833333,"ma250":25.61436,"ma42":30.7283333333,"max10":34.55,"min10":33.2,"name":"中国国旅","stat_date":"2017-06-30","mc":667.1609,"cmc":667.1609,"pe":33.3314,"pe_lyr":36.8966,"pb":5.1808,"ps":2.7016,"pcf":11.7259,"iop":42.2763}