{"code":"601808","atr10":0.208,"close":11.51,"close_count":60,"l_pvalue":0.0,"l_slop":3.6093816687,"l_stderror":0.2592847393,"ma120":11.3494166667,"ma250":12.08032,"ma42":11.2523809524,"max10":11.51,"min10":11.19,"name":"中海油服","stat_date":"2017-06-30","mc":448.1656,"cmc":340.7499,"pe":-16.047,"pe_lyr":-4.794,"pb":1.5968,"ps":3.5979,"pcf":-24.3993,"iop":103.2682}