{"code":"601882","atr10":0.525,"close":16.23,"close_count":60,"l_pvalue":0.0,"l_slop":9.012468096,"l_stderror":0.6223435395,"ma120":17.6745,"ma250":null,"ma42":16.2311904762,"max10":16.94,"min10":16.23,"name":"海天精工","stat_date":"2017-06-30","mc":84.7206,"cmc":8.4721,"pe":115.8277,"pe_lyr":133.8877,"pb":7.6345,"ps":7.7965,"pcf":519.9061,"iop":118.8878}