{"code":"601877","atr10":0.897,"close":21.92,"close_count":60,"l_pvalue":0.0000000001,"l_slop":37.5501587415,"l_stderror":2.9774602358,"ma120":19.3874166667,"ma250":20.0584,"ma42":19.7866666667,"max10":22.4,"min10":20.15,"name":"正泰电器","stat_date":"2017-06-30","mc":471.5289,"cmc":290.2162,"pe":19.4558,"pe_lyr":21.5826,"pb":2.5512,"ps":2.2963,"pcf":11.2641,"iop":9.0839}