{"code":"601801","atr10":0.143,"close":12.24,"close_count":60,"l_pvalue":0.0,"l_slop":-11.2437620969,"l_stderror":0.5962236858,"ma120":13.465,"ma250":15.02948,"ma42":12.6545238095,"max10":12.64,"min10":12.16,"name":"皖新传媒","stat_date":"2017-06-30","mc":243.4787,"cmc":243.4787,"pe":17.2877,"pe_lyr":22.9985,"pb":2.6882,"ps":3.0345,"pcf":17.4847,"iop":-1.0649}