{"code":"601800","atr10":0.285,"close":15.61,"close_count":60,"l_pvalue":6.84967218e-18,"l_slop":-9.0037629352,"l_stderror":0.2848862894,"ma120":16.1628333333,"ma250":15.75392,"ma42":15.7716666667,"max10":15.89,"min10":15.53,"name":"中国交建","stat_date":"2017-06-30","mc":2199.8691,"cmc":1833.7434,"pe":14.6299,"pe_lyr":15.0801,"pb":1.697,"ps":0.5759,"pcf":13.0994,"iop":3.4005}