{"code":"601818","atr10":0.04,"close":4.08,"close_count":60,"l_pvalue":0.000006018,"l_slop":-4.5419845868,"l_stderror":0.7338110529,"ma120":4.0046666667,"ma250":3.94668,"ma42":4.1492857143,"max10":4.13,"min10":4.08,"name":"光大银行","stat_date":"2017-06-30","mc":1837.8447,"cmc":1624.2627,"pe":6.1776,"pe_lyr":6.2795,"pb":0.8433,"ps":2.039,"pcf":-8.3283,"iop":0.5906}