{"code":"601872","atr10":0.067,"close":5.04,"close_count":60,"l_pvalue":0.0000039174,"l_slop":6.7229704785,"l_stderror":1.05120919,"ma120":5.15875,"ma250":5.08248,"ma42":5.2228571429,"max10":5.21,"min10":5.04,"name":"招商轮船","stat_date":"2017-06-30","mc":267.0927,"cmc":237.9345,"pe":39.5725,"pe_lyr":15.4392,"pb":1.7093,"ps":4.3574,"pcf":9.6737,"iop":-53.6678}