{"code":"601858","atr10":0.353,"close":12.75,"close_count":60,"l_pvalue":0.0002031301,"l_slop":19.5362374809,"l_stderror":4.2627562269,"ma120":12.9370833333,"ma250":null,"ma42":12.6895238095,"max10":13.49,"min10":12.62,"name":"中国科传","stat_date":"2017-06-30","mc":100.7887,"cmc":16.6388,"pe":31.9834,"pe_lyr":36.0024,"pb":3.4031,"ps":5.3632,"pcf":-36.9658,"iop":40.1649}