{"code":"601886","atr10":0.34,"close":10.34,"close_count":60,"l_pvalue":0.0000000024,"l_slop":21.6815002768,"l_stderror":2.0661189711,"ma120":10.7611666667,"ma250":10.83552,"ma42":10.6645238095,"max10":11.33,"min10":10.29,"name":"江河集团","stat_date":"2017-06-30","mc":119.3288,"cmc":119.3288,"pe":32.5402,"pe_lyr":33.9425,"pb":1.7894,"ps":0.7694,"pcf":14.7055,"iop":22.7599}