{"code":"601952","atr10":0.565,"close":14.55,"close_count":60,"l_pvalue":0.0,"l_slop":41.5395762196,"l_stderror":1.8324732155,"ma120":null,"ma250":null,"ma42":13.6471428571,"max10":15.0,"min10":14.33,"name":"苏垦农发","stat_date":"2017-06-30","mc":154.23,"cmc":37.83,"pe":28.6042,"pe_lyr":30.5397,"pb":3.1408,"ps":3.5874,"pcf":28.4573,"iop":170.4841}