{"code":"601901","atr10":0.129,"close":8.58,"close_count":60,"l_pvalue":0.003768893,"l_slop":-4.498241802,"l_stderror":1.3632760125,"ma120":8.9145833333,"ma250":8.40364,"ma42":8.8347619048,"max10":8.92,"min10":8.58,"name":"方正证券","stat_date":"2017-06-30","mc":706.3143,"cmc":706.3143,"pe":56.902,"pe_lyr":27.4901,"pb":1.9383,"ps":11.3183,"pcf":-5.6329,"iop":-66.6957}