{"code":"601991","atr10":0.064,"close":4.46,"close_count":60,"l_pvalue":0.0000001137,"l_slop":-11.5820743046,"l_stderror":1.4106138223,"ma120":4.69125,"ma250":4.3858,"ma42":4.6333333333,"max10":4.59,"min10":4.44,"name":"大唐发电","stat_date":"2017-06-30","mc":514.0138,"cmc":445.7485,"pe":-18.3431,"pe_lyr":-22.6288,"pb":1.4555,"ps":0.9898,"pcf":47.693,"iop":-58.98}