{"code":"601928","atr10":0.109,"close":9.23,"close_count":60,"l_pvalue":0.2965326292,"l_slop":1.7815028489,"l_stderror":1.6596704693,"ma120":9.534,"ma250":10.10112,"ma42":9.4830952381,"max10":9.58,"min10":9.23,"name":"凤凰传媒","stat_date":"2017-06-30","mc":234.8943,"cmc":234.8943,"pe":19.4704,"pe_lyr":20.0799,"pb":1.9533,"ps":2.1583,"pcf":20.6059,"iop":0.8305}