{"code":"601998","atr10":0.064,"close":6.33,"close_count":60,"l_pvalue":0.0000172281,"l_slop":-4.6948763786,"l_stderror":0.8242826503,"ma120":6.2184166667,"ma250":6.30024,"ma42":6.4580952381,"max10":6.41,"min10":6.33,"name":"中信银行","stat_date":"2017-06-30","mc":2792.2969,"cmc":2019.5969,"pe":7.3682,"pe_lyr":7.4409,"pb":0.9059,"ps":2.0358,"pcf":117.4213,"iop":-1.2111}