{"code":"601988","atr10":0.072,"close":4.15,"close_count":60,"l_pvalue":0.0000180384,"l_slop":9.3811647836,"l_stderror":1.6532308047,"ma120":3.7329166667,"ma250":3.53752,"ma42":4.114047619,"max10":4.23,"min10":4.06,"name":"中国银行","stat_date":"2017-06-30","mc":11524.1143,"cmc":8746.7686,"pe":6.972,"pe_lyr":7.4233,"pb":0.9382,"ps":2.5995,"pcf":4.1373,"iop":14.4894}