{"code":"601965","atr10":0.286,"close":9.64,"close_count":60,"l_pvalue":0.0,"l_slop":29.0557503421,"l_stderror":1.3537603546,"ma120":9.3505,"ma250":9.91008,"ma42":9.4916666667,"max10":10.2,"min10":9.64,"name":"中国汽研","stat_date":"2017-06-30","mc":92.6577,"cmc":92.6577,"pe":25.281,"pe_lyr":27.2393,"pb":2.309,"ps":4.5452,"pcf":60.6367,"iop":11.6622}