{"code":"601999","atr10":0.176,"close":9.12,"close_count":60,"l_pvalue":1.0,"l_slop":0.0,"l_stderror":0.0,"ma120":10.3426666667,"ma250":10.84656,"ma42":8.9216666667,"max10":9.12,"min10":9.12,"name":"出版传媒","stat_date":"2017-06-30","mc":49.968,"cmc":49.968,"pe":40.2111,"pe_lyr":40.642,"pb":2.5889,"ps":2.9965,"pcf":-20.9344,"iop":34.6833}