{"code":"601996","atr10":0.135,"close":5.09,"close_count":60,"l_pvalue":0.0001239904,"l_slop":4.2098005285,"l_stderror":0.8767306447,"ma120":4.8345833333,"ma250":4.84,"ma42":5.1607142857,"max10":5.34,"min10":5.09,"name":"丰林集团","stat_date":"2017-06-30","mc":48.7716,"cmc":47.7352,"pe":38.9597,"pe_lyr":54.9826,"pb":2.7221,"ps":3.6797,"pcf":20.1842,"iop":174.0483}