{"code":"601900","atr10":0.173,"close":11.9,"close_count":60,"l_pvalue":0.0016480168,"l_slop":4.8888670992,"l_stderror":1.3341367197,"ma120":12.4514166667,"ma250":14.52656,"ma42":12.1254761905,"max10":12.33,"min10":11.9,"name":"南方传媒","stat_date":"2017-06-30","mc":97.4729,"cmc":20.8964,"pe":21.5055,"pe_lyr":23.0835,"pb":2.6247,"ps":1.9909,"pcf":38.6986,"iop":85.3647}