{"code":"601985","atr10":0.083,"close":7.48,"close_count":60,"l_pvalue":0.0,"l_slop":-12.4707181215,"l_stderror":0.5439331415,"ma120":7.6399166667,"ma250":7.2854,"ma42":7.6519047619,"max10":7.56,"min10":7.45,"name":"中国核电","stat_date":"2017-06-30","mc":1164.2942,"cmc":316.3778,"pe":25.6646,"pe_lyr":25.9385,"pb":2.9231,"ps":3.6256,"pcf":-128.0689,"iop":80.9239}