{"code":"601968","atr10":0.103,"close":6.65,"close_count":60,"l_pvalue":0.0002680556,"l_slop":7.3842600387,"l_stderror":1.6553977498,"ma120":7.2149166667,"ma250":8.65404,"ma42":6.7971428571,"max10":6.97,"min10":6.6,"name":"宝钢包装","stat_date":"2017-06-30","mc":55.4167,"cmc":20.8367,"pe":-1374.0591,"pe_lyr":560.6097,"pb":2.7984,"ps":1.2359,"pcf":87.526,"iop":-143.9743}