{"code":"601918","atr10":0.097,"close":4.55,"close_count":60,"l_pvalue":0.9867709493,"l_slop":-0.0477461194,"l_stderror":2.8419483784,"ma120":4.48775,"ma250":4.6268,"ma42":4.8002380952,"max10":4.86,"min10":4.5,"name":"新集能源","stat_date":"2017-06-30","mc":117.8697,"cmc":117.8697,"pe":32.9973,"pe_lyr":48.7596,"pb":2.4643,"ps":1.8311,"pcf":32.4765,"iop":91.0173}