{"code":"601966","atr10":0.276,"close":19.33,"close_count":60,"l_pvalue":0.2445956472,"l_slop":-2.0891022732,"l_stderror":1.7397969587,"ma120":20.6893333333,"ma250":24.73128,"ma42":19.8347619048,"max10":20.02,"min10":19.07,"name":"玲珑轮胎","stat_date":"2017-06-30","mc":231.96,"cmc":76.2375,"pe":26.148,"pe_lyr":22.9613,"pb":2.8344,"ps":1.8543,"pcf":-10.6261,"iop":-40.521}