{"code":"601939","atr10":0.126,"close":6.96,"close_count":60,"l_pvalue":0.0003624277,"l_slop":4.8528972062,"l_stderror":1.121254966,"ma120":6.2998333333,"ma250":5.78712,"ma42":6.8866666667,"max10":7.09,"min10":6.73,"name":"建设银行","stat_date":"2017-06-30","mc":13969.2227,"cmc":667.7186,"pe":7.3611,"pe_lyr":7.5178,"pb":1.0816,"ps":2.9362,"pcf":30.0117,"iop":3.2439}