{"code":"601908","atr10":0.209,"close":5.63,"close_count":60,"l_pvalue":2.648278721e-19,"l_slop":72.1215307152,"l_stderror":1.9178855561,"ma120":5.1019166667,"ma250":6.05436,"ma42":5.1457142857,"max10":5.87,"min10":5.58,"name":"京运通","stat_date":"2017-06-30","mc":112.3353,"cmc":112.2069,"pe":54.3349,"pe_lyr":43.5395,"pb":1.7901,"ps":7.3058,"pcf":112.3875,"iop":28.4492}