{"code":"601933","atr10":0.323,"close":7.77,"close_count":60,"l_pvalue":0.0000000018,"l_slop":36.5157563604,"l_stderror":3.4202476582,"ma120":6.751,"ma250":5.76852,"ma42":7.0626190476,"max10":7.98,"min10":6.97,"name":"永辉超市","stat_date":"2017-06-30","mc":743.6249,"cmc":505.7393,"pe":45.69,"pe_lyr":59.8729,"pb":3.888,"ps":1.4023,"pcf":-1278.0,"iop":42.0022}