{"code":"601919","atr10":0.219,"close":7.09,"close_count":60,"l_pvalue":0.0359888214,"l_slop":9.1304755459,"l_stderror":4.0456834292,"ma120":6.48275,"ma250":5.90156,"ma42":7.6116666667,"max10":7.82,"min10":7.07,"name":"中远海控","stat_date":"2017-06-30","mc":636.2619,"cmc":541.3693,"pe":-82.8901,"pe_lyr":-7.3121,"pb":3.5554,"ps":0.8677,"pcf":-6.984,"iop":248.3355}