{"code":"601969","atr10":0.43,"close":12.14,"close_count":60,"l_pvalue":0.0000000001,"l_slop":38.1273399862,"l_stderror":3.0100591304,"ma120":11.3791666667,"ma250":11.75312,"ma42":12.0252380952,"max10":13.03,"min10":11.9,"name":"海南矿业","stat_date":"2017-06-30","mc":237.303,"cmc":104.2425,"pe":-155.9791,"pe_lyr":-83.0381,"pb":4.8249,"ps":14.1366,"pcf":17.117,"iop":97.5214}