{"code":"601989","atr10":0.155,"close":6.21,"close_count":60,"l_pvalue":1.0,"l_slop":0.0,"l_stderror":0.0,"ma120":7.3126666667,"ma250":6.919,"ma42":7.0028571429,"max10":6.21,"min10":6.21,"name":"中国重工","stat_date":"2017-06-30","mc":1184.8616,"cmc":1140.2594,"pe":215.8616,"pe_lyr":169.7428,"pb":1.9438,"ps":2.5104,"pcf":-92.3353,"iop":-119.7529}