{"code":"601997","atr10":0.154,"close":14.79,"close_count":60,"l_pvalue":0.0001113691,"l_slop":-5.9297851621,"l_stderror":1.2227699035,"ma120":15.5419166667,"ma250":15.85592,"ma42":15.3635714286,"max10":15.38,"min10":14.79,"name":"贵阳银行","stat_date":"2017-06-30","mc":339.9617,"cmc":178.6047,"pe":8.4709,"pe_lyr":9.303,"pb":1.5269,"ps":2.9639,"pcf":2.0148,"iop":25.8431}