{"code":"601929","atr10":0.044,"close":3.37,"close_count":60,"l_pvalue":0.088196634,"l_slop":2.7123847189,"l_stderror":1.5091183952,"ma120":3.5283333333,"ma250":3.92916,"ma42":3.48,"max10":3.52,"min10":3.37,"name":"吉视传媒","stat_date":"2017-06-30","mc":104.834,"cmc":104.834,"pe":29.345,"pe_lyr":28.1127,"pb":1.6578,"ps":4.8854,"pcf":-51.9885,"iop":32.2116}