{"code":"601958","atr10":0.345,"close":8.73,"close_count":60,"l_pvalue":0.0004965887,"l_slop":14.1464137739,"l_stderror":3.3762841593,"ma120":7.9158333333,"ma250":7.96612,"ma42":9.0207142857,"max10":9.2,"min10":8.53,"name":"金钼股份","stat_date":"2017-06-30","mc":281.6826,"cmc":281.6826,"pe":169.5755,"pe_lyr":522.6204,"pb":2.2261,"ps":2.6856,"pcf":-15.7512,"iop":115.9921}