{"code":"601992","atr10":0.148,"close":6.25,"close_count":60,"l_pvalue":0.0000000122,"l_slop":-21.4345273729,"l_stderror":2.2593140742,"ma120":6.8085833333,"ma250":5.58572,"ma42":6.8107142857,"max10":6.82,"min10":6.19,"name":"金隅股份","stat_date":"2017-06-30","mc":599.6579,"cmc":509.0774,"pe":24.6088,"pe_lyr":24.8398,"pb":1.6723,"ps":1.2414,"pcf":10.6274,"iop":16.0257}