{"code":"603021","atr10":0.435,"close":12.73,"close_count":60,"l_pvalue":1.574038141e-17,"l_slop":77.4941913347,"l_stderror":2.5638634199,"ma120":12.2823333333,"ma250":15.53976,"ma42":11.4116666667,"max10":13.27,"min10":12.69,"name":"山东华鹏","stat_date":"2017-06-30","mc":40.7294,"cmc":26.457,"pe":90.8069,"pe_lyr":79.3002,"pb":3.0279,"ps":5.9405,"pcf":-8.2143,"iop":-6.5735}