{"code":"603039","atr10":2.189,"close":64.7,"close_count":60,"l_pvalue":0.0,"l_slop":35.5875247375,"l_stderror":1.9376878391,"ma120":66.4090833333,"ma250":null,"ma42":59.025,"max10":64.7,"min10":64.7,"name":"泛微网络","stat_date":"2017-06-30","mc":43.1355,"cmc":10.7855,"pe":60.0888,"pe_lyr":66.1391,"pb":8.2226,"ps":7.7618,"pcf":14.5822,"iop":51.354}