{"code":"603033","atr10":0.642,"close":24.01,"close_count":60,"l_pvalue":1.574054801e-20,"l_slop":23.7122153619,"l_stderror":0.542617473,"ma120":24.5825,"ma250":null,"ma42":22.7202380952,"max10":24.36,"min10":23.27,"name":"三维股份","stat_date":"2017-06-30","mc":30.4879,"cmc":7.6304,"pe":49.2506,"pe_lyr":38.5435,"pb":2.791,"ps":3.6102,"pcf":29.0704,"iop":-43.5208}