{"code":"603085","atr10":1.173,"close":28.22,"close_count":60,"l_pvalue":0.0,"l_slop":-36.8264861943,"l_stderror":2.0836472838,"ma120":26.485,"ma250":25.30564,"ma42":30.9345238095,"max10":30.28,"min10":25.99,"name":"天成自控","stat_date":"2017-06-30","mc":63.1664,"cmc":22.2802,"pe":135.2748,"pe_lyr":179.3414,"pb":6.725,"ps":13.1975,"pcf":20.2541,"iop":110.3461}