{"code":"603025","atr10":1.049,"close":30.18,"close_count":60,"l_pvalue":0.0000000003,"l_slop":22.6104332789,"l_stderror":1.8950098422,"ma120":28.0349166667,"ma250":31.99392,"ma42":28.9007142857,"max10":30.89,"min10":28.66,"name":"大豪科技","stat_date":"2017-06-30","mc":135.9986,"cmc":15.3918,"pe":46.1446,"pe_lyr":56.9612,"pb":9.0858,"ps":16.4944,"pcf":-877.743,"iop":101.1563}