{"code":"603090","atr10":1.218,"close":25.65,"close_count":60,"l_pvalue":0.0121402055,"l_slop":-5.2661994881,"l_stderror":1.8997581369,"ma120":36.2041666667,"ma250":null,"ma42":29.3569047619,"max10":29.41,"min10":25.56,"name":"宏盛股份","stat_date":"2017-06-30","mc":25.65,"cmc":10.4348,"pe":69.8504,"pe_lyr":64.3643,"pb":5.7101,"ps":8.9516,"pcf":-124.9217,"iop":-17.3981}