{"code":"603031","atr10":1.253,"close":32.1,"close_count":60,"l_pvalue":0.0000000019,"l_slop":17.0794803986,"l_stderror":1.605650539,"ma120":35.5610833333,"ma250":48.52756,"ma42":32.5602380952,"max10":35.71,"min10":31.93,"name":"安德利","stat_date":"2017-06-30","mc":25.68,"cmc":12.8083,"pe":60.3869,"pe_lyr":56.3785,"pb":4.4582,"ps":1.5963,"pcf":91.3129,"iop":-14.5637}