{"code":"603000","atr10":0.298,"close":13.91,"close_count":60,"l_pvalue":0.2235031802,"l_slop":-2.2804218293,"l_stderror":1.8122070885,"ma120":14.0506666667,"ma250":15.99228,"ma42":14.3952380952,"max10":14.46,"min10":13.85,"name":"人民网","stat_date":"2017-06-30","mc":153.8016,"cmc":153.8016,"pe":335.6562,"pe_lyr":145.0919,"pb":5.7522,"ps":10.8857,"pcf":-61.3112,"iop":1581.8323}