{"code":"603099","atr10":0.265,"close":14.72,"close_count":60,"l_pvalue":0.0000000713,"l_slop":14.532481062,"l_stderror":1.7161975182,"ma120":15.0465,"ma250":17.31072,"ma42":14.5821428571,"max10":15.24,"min10":14.7,"name":"长白山","stat_date":"2017-06-30","mc":39.2538,"cmc":39.2538,"pe":104.2258,"pe_lyr":55.1998,"pb":4.6558,"ps":12.3247,"pcf":-28.0952,"iop":-261.1557}