{"code":"603081","atr10":0.653,"close":21.19,"close_count":60,"l_pvalue":0.0000000003,"l_slop":28.1509598703,"l_stderror":2.3879851606,"ma120":null,"ma250":null,"ma42":19.8523809524,"max10":21.28,"min10":20.24,"name":"大丰实业","stat_date":"2017-06-30","mc":85.1414,"cmc":10.9764,"pe":39.5766,"pe_lyr":42.4119,"pb":6.0353,"ps":5.2589,"pcf":16.8067,"iop":5.6002}