{"code":"603067","atr10":0.308,"close":18.97,"close_count":60,"l_pvalue":1.426155368e-16,"l_slop":-21.4818619817,"l_stderror":0.8002005594,"ma120":20.9541666667,"ma250":25.17676,"ma42":20.1719047619,"max10":19.6,"min10":18.86,"name":"振华股份","stat_date":"2017-06-30","mc":41.734,"cmc":21.0851,"pe":49.4216,"pe_lyr":52.3896,"pb":3.9008,"ps":4.1824,"pcf":-81.6574,"iop":-55.7786}