{"code":"603069","atr10":0.59,"close":13.15,"close_count":60,"l_pvalue":0.0,"l_slop":33.7789816254,"l_stderror":2.400436901,"ma120":12.7339166667,"ma250":15.90052,"ma42":12.2304761905,"max10":13.94,"min10":12.45,"name":"海汽集团","stat_date":"2017-06-30","mc":41.554,"cmc":22.8547,"pe":71.5457,"pe_lyr":66.128,"pb":3.9368,"ps":3.8139,"pcf":100.4108,"iop":-40.3032}