{"code":"603060","atr10":0.707,"close":26.32,"close_count":60,"l_pvalue":0.0,"l_slop":36.6380153926,"l_stderror":2.6495772503,"ma120":26.4979166667,"ma250":null,"ma42":26.0819047619,"max10":28.32,"min10":26.08,"name":"国检集团","stat_date":"2017-06-30","mc":57.904,"cmc":14.476,"pe":44.8436,"pe_lyr":50.015,"pb":6.1305,"ps":8.0252,"pcf":24.5116,"iop":28.7434}