{"code":"603042","atr10":2.786,"close":36.13,"close_count":60,"l_pvalue":0.0,"l_slop":69.8333761189,"l_stderror":3.7837995095,"ma120":null,"ma250":null,"ma42":29.359047619,"max10":38.35,"min10":30.51,"name":"华脉科技","stat_date":"2017-06-30","mc":49.1368,"cmc":12.2842,"pe":54.0324,"pe_lyr":58.5288,"pb":5.8122,"ps":4.7941,"pcf":22.3737,"iop":null}