{"code":"603066","atr10":0.628,"close":14.91,"close_count":60,"l_pvalue":5.913900309e-19,"l_slop":43.8317340394,"l_stderror":1.2166209805,"ma120":14.0153333333,"ma250":15.97776,"ma42":13.5464285714,"max10":15.18,"min10":13.75,"name":"音飞储存","stat_date":"2017-06-30","mc":45.0828,"cmc":20.5129,"pe":49.412,"pe_lyr":55.0916,"pb":5.4492,"ps":8.2789,"pcf":-45.5717,"iop":27.538}