{"code":"603018","atr10":0.399,"close":32.23,"close_count":60,"l_pvalue":0.4337588776,"l_slop":-0.600847974,"l_stderror":0.7513240522,"ma120":32.3776666667,"ma250":33.67664,"ma42":32.4757142857,"max10":32.93,"min10":32.23,"name":"中设集团","stat_date":"2017-06-30","mc":68.1721,"cmc":40.5666,"pe":28.6279,"pe_lyr":32.4831,"pb":3.4815,"ps":3.0271,"pcf":70.734,"iop":36.632}