{"code":"603036","atr10":0.722,"close":22.36,"close_count":60,"l_pvalue":0.0000033428,"l_slop":14.9169347086,"l_stderror":2.3047659971,"ma120":28.21675,"ma250":null,"ma42":23.08,"max10":24.58,"min10":22.3,"name":"如通股份","stat_date":"2017-06-30","mc":45.4713,"cmc":11.3678,"pe":85.005,"pe_lyr":68.6848,"pb":4.774,"ps":22.4602,"pcf":14.5648,"iop":-26.7717}