{"code":"603038","atr10":1.088,"close":47.31,"close_count":60,"l_pvalue":0.0,"l_slop":20.6708941863,"l_stderror":1.4960130635,"ma120":47.76,"ma250":null,"ma42":45.444047619,"max10":47.36,"min10":45.52,"name":"华立股份","stat_date":"2017-06-30","mc":31.5558,"cmc":7.9008,"pe":31.9726,"pe_lyr":31.8773,"pb":3.6731,"ps":5.1362,"pcf":30.1199,"iop":1.445}