{"code":"603063","atr10":0.69,"close":21.93,"close_count":44,"l_pvalue":0.0165272766,"l_slop":11.1369007638,"l_stderror":4.2361257715,"ma120":null,"ma250":null,"ma42":23.0471428571,"max10":23.29,"min10":21.67,"name":"禾望电气","stat_date":null,"mc":null,"cmc":null,"pe":null,"pe_lyr":null,"pb":null,"ps":null,"pcf":null,"iop":null}