{"code":"603096","atr10":2.769,"close":62.82,"close_count":60,"l_pvalue":1.559035803e-17,"l_slop":91.0995541648,"l_stderror":3.0124424163,"ma120":null,"ma250":null,"ma42":53.3430952381,"max10":63.76,"min10":59.22,"name":"新经典","stat_date":"2017-06-30","mc":84.5934,"cmc":20.9568,"pe":43.7842,"pe_lyr":55.6887,"pb":5.9675,"ps":9.2645,"pcf":-601.7852,"iop":93.0415}