{"code":"603017","atr10":0.33,"close":17.39,"close_count":60,"l_pvalue":0.0000000005,"l_slop":23.963338219,"l_stderror":2.0671849567,"ma120":17.6631666667,"ma250":19.797,"ma42":17.115,"max10":18.18,"min10":17.22,"name":"中衡设计","stat_date":"2017-06-30","mc":47.8875,"cmc":26.5739,"pe":36.8224,"pe_lyr":39.5283,"pb":2.9662,"ps":4.7583,"pcf":-393.0744,"iop":18.3091}