{"code":"603058","atr10":0.518,"close":19.88,"close_count":60,"l_pvalue":0.0000474682,"l_slop":10.9657990347,"l_stderror":2.095880001,"ma120":21.7785,"ma250":null,"ma42":20.5173809524,"max10":20.99,"min10":19.85,"name":"永吉股份","stat_date":"2017-06-30","mc":83.8061,"cmc":8.3814,"pe":96.3609,"pe_lyr":89.4049,"pb":10.4542,"ps":27.7744,"pcf":66.7965,"iop":-32.0071}