{"code":"603005","atr10":1.43,"close":32.26,"close_count":60,"l_pvalue":5.375183931e-18,"l_slop":57.2157991371,"l_stderror":1.7869960579,"ma120":28.8186666667,"ma250":30.18016,"ma42":28.9911904762,"max10":33.98,"min10":29.48,"name":"晶方科技","stat_date":"2017-06-30","mc":75.0713,"cmc":55.3739,"pe":94.6075,"pe_lyr":142.3064,"pb":4.354,"ps":12.8711,"pcf":27.4828,"iop":452.068}