{"code":"603043","atr10":0.81,"close":23.17,"close_count":60,"l_pvalue":0.0,"l_slop":30.0047343561,"l_stderror":1.6722738648,"ma120":null,"ma250":null,"ma42":23.1592857143,"max10":25.64,"min10":23.11,"name":"广州酒家","stat_date":"2017-06-30","mc":93.6059,"cmc":11.585,"pe":33.5243,"pe_lyr":35.0957,"pb":6.6614,"ps":4.5844,"pcf":12.6747,"iop":null}