{"code":"603015","atr10":0.268,"close":10.4,"close_count":60,"l_pvalue":0.0000000141,"l_slop":19.7943409022,"l_stderror":2.1054809614,"ma120":10.37875,"ma250":11.563,"ma42":10.4711904762,"max10":10.87,"min10":10.34,"name":"弘讯科技","stat_date":"2017-06-30","mc":42.2105,"cmc":16.6608,"pe":64.7736,"pe_lyr":79.3789,"pb":3.5929,"ps":6.3688,"pcf":64.5278,"iop":97.1783}