{"code":"603078","atr10":3.673,"close":72.62,"close_count":60,"l_pvalue":0.000151601,"l_slop":19.7183833144,"l_stderror":4.1843115323,"ma120":65.8246666667,"ma250":null,"ma42":63.8083333333,"max10":74.35,"min10":61.04,"name":"江化微","stat_date":"2017-06-30","mc":43.572,"cmc":10.893,"pe":66.2449,"pe_lyr":63.2003,"pb":6.0495,"ps":12.2365,"pcf":33.4433,"iop":-11.2513}