{"code":"603032","atr10":1.331,"close":47.5,"close_count":60,"l_pvalue":0.0000057524,"l_slop":14.8951530957,"l_stderror":2.3981497867,"ma120":43.4538333333,"ma250":null,"ma42":46.1197619048,"max10":48.32,"min10":45.13,"name":"德新交运","stat_date":"2017-06-30","mc":63.3365,"cmc":15.8365,"pe":217.0915,"pe_lyr":124.7758,"pb":15.0731,"ps":27.1918,"pcf":-191.3872,"iop":-19.671}