{"code":"603002","atr10":0.131,"close":5.66,"close_count":60,"l_pvalue":0.0,"l_slop":26.3328638629,"l_stderror":1.9924593226,"ma120":5.59825,"ma250":6.13416,"ma42":5.5404761905,"max10":5.79,"min10":5.56,"name":"宏昌电子","stat_date":"2017-06-30","mc":34.7757,"cmc":34.2761,"pe":126.9063,"pe_lyr":130.3475,"pb":3.3583,"ps":3.5012,"pcf":-18.2491,"iop":-26.1331}