{"code":"603019","atr10":1.704,"close":33.52,"close_count":60,"l_pvalue":9.247812483e-17,"l_slop":92.8844408864,"l_stderror":3.3800709445,"ma120":27.9731666667,"ma250":28.30784,"ma42":29.480952381,"max10":35.29,"min10":32.13,"name":"中科曙光","stat_date":"2017-06-30","mc":215.5416,"cmc":134.6682,"pe":93.5362,"pe_lyr":96.1166,"pb":7.392,"ps":4.4464,"pcf":40.763,"iop":58.2167}