{"code":"603008","atr10":0.337,"close":16.79,"close_count":60,"l_pvalue":0.0547801792,"l_slop":-2.3828112276,"l_stderror":1.1642448806,"ma120":17.51075,"ma250":18.64328,"ma42":17.2502380952,"max10":17.47,"min10":16.6,"name":"喜临门","stat_date":"2017-06-30","mc":66.1959,"cmc":52.8885,"pe":28.0269,"pe_lyr":32.4865,"pb":2.6728,"ps":2.5313,"pcf":34.0807,"iop":21.2604}