{"code":"603088","atr10":1.019,"close":41.1,"close_count":60,"l_pvalue":0.0000000015,"l_slop":29.724654289,"l_stderror":2.7529311006,"ma120":38.2159166667,"ma250":45.64452,"ma42":39.539047619,"max10":41.95,"min10":40.52,"name":"宁波精达","stat_date":"2017-06-30","mc":32.88,"cmc":10.275,"pe":160.7369,"pe_lyr":152.967,"pb":6.9758,"ps":12.223,"pcf":74.3453,"iop":-67.1764}