{"code":"603010","atr10":1.586,"close":27.83,"close_count":60,"l_pvalue":0.0000000001,"l_slop":35.3142824451,"l_stderror":2.826333097,"ma120":28.6761666667,"ma250":25.22692,"ma42":28.0911904762,"max10":32.12,"min10":27.83,"name":"万盛股份","stat_date":"2017-06-30","mc":70.7973,"cmc":29.166,"pe":47.107,"pe_lyr":47.3505,"pb":6.6617,"ps":5.0365,"pcf":-5757.0679,"iop":-18.6281}