{"code":"603098","atr10":0.449,"close":21.29,"close_count":60,"l_pvalue":0.0423422704,"l_slop":-5.7233632234,"l_stderror":2.629701991,"ma120":23.2293333333,"ma250":null,"ma42":22.3673809524,"max10":22.25,"min10":21.06,"name":"森特股份","stat_date":"2017-06-30","mc":85.1621,"cmc":13.3084,"pe":41.0334,"pe_lyr":41.1633,"pb":5.4473,"ps":4.9183,"pcf":54.4074,"iop":-17.5788}