{"code":"603041","atr10":1.06,"close":27.16,"close_count":60,"l_pvalue":0.0,"l_slop":16.7056137859,"l_stderror":1.0847902445,"ma120":29.1834166667,"ma250":null,"ma42":26.39,"max10":28.6,"min10":26.56,"name":"美思德","stat_date":"2017-06-30","mc":27.16,"cmc":6.79,"pe":44.508,"pe_lyr":39.7902,"pb":3.95,"ps":9.1106,"pcf":-195.2063,"iop":-31.3494}