{"code":"603040","atr10":1.815,"close":67.85,"close_count":60,"l_pvalue":0.000004868,"l_slop":16.3713338226,"l_stderror":2.6023626049,"ma120":70.0815,"ma250":null,"ma42":67.8642857143,"max10":70.43,"min10":66.59,"name":"新坐标","stat_date":"2017-06-30","mc":41.4423,"cmc":10.1775,"pe":53.1731,"pe_lyr":74.6986,"pb":7.4427,"ps":19.3994,"pcf":68.1241,"iop":119.1015}