{"code":"603006","atr10":0.78,"close":20.2,"close_count":60,"l_pvalue":0.0051061107,"l_slop":9.7010374952,"l_stderror":3.0657370958,"ma120":25.44325,"ma250":28.01836,"ma42":21.0421428571,"max10":22.22,"min10":19.85,"name":"联明股份","stat_date":"2017-06-30","mc":38.9528,"cmc":14.1377,"pe":33.5318,"pe_lyr":30.1661,"pb":4.5324,"ps":4.1214,"pcf":-164.8955,"iop":-26.8069}