{"code":"603020","atr10":0.207,"close":14.07,"close_count":60,"l_pvalue":0.0105737083,"l_slop":2.1398536008,"l_stderror":0.7546824305,"ma120":14.8623333333,"ma250":17.76524,"ma42":14.2095238095,"max10":14.62,"min10":14.0,"name":"爱普股份","stat_date":"2017-06-30","mc":45.024,"cmc":27.2198,"pe":26.9383,"pe_lyr":23.594,"pb":2.4383,"ps":1.9401,"pcf":-11.4121,"iop":9.769}