{"code":"603001","atr10":0.162,"close":17.58,"close_count":60,"l_pvalue":0.0000001243,"l_slop":-4.7048539632,"l_stderror":0.5764516418,"ma120":18.6518333333,"ma250":20.21412,"ma42":18.0714285714,"max10":18.04,"min10":17.58,"name":"奥康国际","stat_date":"2017-06-30","mc":70.4923,"cmc":70.4923,"pe":26.2334,"pe_lyr":23.0967,"pb":1.7496,"ps":2.1742,"pcf":-20.6896,"iop":-43.2912}