{"code":"603089","atr10":0.502,"close":30.35,"close_count":60,"l_pvalue":4.623405751e-17,"l_slop":-85.5405870943,"l_stderror":2.9987717973,"ma120":34.9916666667,"ma250":null,"ma42":35.7785714286,"max10":31.94,"min10":30.11,"name":"正裕工业","stat_date":"2017-06-30","mc":32.3743,"cmc":8.0943,"pe":37.6482,"pe_lyr":36.705,"pb":4.7313,"ps":4.0718,"pcf":53.1241,"iop":-27.3785}