{"code":"603023","atr10":0.155,"close":10.23,"close_count":60,"l_pvalue":0.0000000111,"l_slop":-6.1855907487,"l_stderror":0.6482426983,"ma120":11.24425,"ma250":13.3022,"ma42":10.3216666667,"max10":10.39,"min10":10.08,"name":"威帝股份","stat_date":"2017-06-30","mc":36.828,"cmc":12.9938,"pe":50.674,"pe_lyr":40.6114,"pb":7.1502,"ps":21.4456,"pcf":305.8089,"iop":-51.8928}