{"code":"603027","atr10":0.872,"close":22.81,"close_count":60,"l_pvalue":6.45857508e-19,"l_slop":64.4468952827,"l_stderror":1.7972589951,"ma120":18.1578333333,"ma250":18.56096,"ma42":19.3328571429,"max10":22.85,"min10":20.68,"name":"千禾味业","stat_date":"2017-06-30","mc":72.992,"cmc":30.3807,"pe":57.3771,"pe_lyr":72.9274,"pb":7.8009,"ps":8.1501,"pcf":-47.0385,"iop":86.0877}