{"code":"603050","atr10":1.112,"close":29.0,"close_count":60,"l_pvalue":0.0,"l_slop":37.6938245929,"l_stderror":2.2657525511,"ma120":null,"ma250":null,"ma42":29.3933333333,"max10":31.8,"min10":29.0,"name":"科林电气","stat_date":"2017-06-30","mc":46.4023,"cmc":11.6023,"pe":61.1468,"pe_lyr":69.737,"pb":5.0128,"ps":5.5667,"pcf":286.4519,"iop":275.669}