{"code":"603077","atr10":0.038,"close":2.3,"close_count":60,"l_pvalue":0.000004828,"l_slop":9.9143012038,"l_stderror":1.5749724546,"ma120":2.2854166667,"ma250":2.32188,"ma42":2.3228571429,"max10":2.44,"min10":2.29,"name":"和邦生物","stat_date":"2017-06-30","mc":203.1188,"cmc":167.5993,"pe":45.0312,"pe_lyr":63.9118,"pb":1.9127,"ps":5.0263,"pcf":35.2826,"iop":37.147}