{"code":"603009","atr10":0.507,"close":13.43,"close_count":60,"l_pvalue":0.0,"l_slop":-5.5708675992,"l_stderror":0.3096876262,"ma120":17.7373333333,"ma250":18.1528,"ma42":15.0514285714,"max10":13.43,"min10":13.43,"name":"北特科技","stat_date":"2017-06-30","mc":44.0711,"cmc":42.4692,"pe":69.9363,"pe_lyr":79.0282,"pb":3.354,"ps":5.1245,"pcf":-10.323,"iop":20.8548}