{"code":"603035","atr10":0.427,"close":19.31,"close_count":60,"l_pvalue":0.029526404,"l_slop":3.1677367199,"l_stderror":1.3460517684,"ma120":20.2065,"ma250":null,"ma42":19.7169047619,"max10":20.23,"min10":19.23,"name":"常熟汽饰","stat_date":"2017-06-30","mc":54.068,"cmc":13.517,"pe":23.2069,"pe_lyr":23.8918,"pb":2.5366,"ps":3.9082,"pcf":-75.0735,"iop":9.1273}