{"code":"603029","atr10":0.679,"close":27.92,"close_count":60,"l_pvalue":0.0,"l_slop":-3.4559600014,"l_stderror":0.1921187373,"ma120":34.29275,"ma250":43.03468,"ma42":28.8369047619,"max10":27.92,"min10":27.92,"name":"天鹅股份","stat_date":"2017-06-30","mc":26.0605,"cmc":10.1979,"pe":156.5659,"pe_lyr":92.6076,"pb":3.7383,"ps":12.6661,"pcf":74.9405,"iop":-515.4608}