{"code":"603007","atr10":0.438,"close":16.83,"close_count":60,"l_pvalue":0.3333317778,"l_slop":0.3513918785,"l_stderror":0.3539763522,"ma120":18.1334166667,"ma250":19.3338,"ma42":16.7892857143,"max10":17.01,"min10":16.57,"name":"花王股份","stat_date":"2017-06-30","mc":56.107,"cmc":32.7111,"pe":59.9754,"pe_lyr":77.9827,"pb":6.3115,"ps":8.5313,"pcf":37.9484,"iop":-15.5116}