{"code":"603022","atr10":0.296,"close":15.27,"close_count":60,"l_pvalue":0.0000005699,"l_slop":7.9066923399,"l_stderror":1.0749065647,"ma120":16.8899166667,"ma250":20.50084,"ma42":15.5430952381,"max10":16.05,"min10":15.18,"name":"新通联","stat_date":"2017-06-30","mc":30.54,"cmc":9.9255,"pe":112.9723,"pe_lyr":104.4845,"pb":5.2225,"ps":5.6678,"pcf":-257.8314,"iop":-44.6948}