{"code":"603028","atr10":0.414,"close":13.78,"close_count":60,"l_pvalue":3.762959093e-17,"l_slop":21.5133576747,"l_stderror":0.7458800528,"ma120":14.6639166667,"ma250":20.59344,"ma42":13.6188095238,"max10":14.41,"min10":13.78,"name":"赛福天","stat_date":"2017-06-30","mc":30.4262,"cmc":15.9254,"pe":108.2236,"pe_lyr":97.76,"pb":4.4475,"ps":5.6837,"pcf":-61.3301,"iop":-24.5729}