{"code":"603037","atr10":1.172,"close":33.54,"close_count":60,"l_pvalue":0.0024880796,"l_slop":4.7256097348,"l_stderror":1.3566636631,"ma120":36.234,"ma250":null,"ma42":33.1714285714,"max10":35.72,"min10":33.0,"name":"凯众股份","stat_date":"2017-06-30","mc":34.8816,"cmc":8.7204,"pe":31.3326,"pe_lyr":39.3388,"pb":4.9147,"ps":8.4471,"pcf":16.88,"iop":29.5142}