{"code":"603016","atr10":2.946,"close":37.19,"close_count":60,"l_pvalue":0.0,"l_slop":173.61666832,"l_stderror":10.5843519252,"ma120":38.52975,"ma250":null,"ma42":35.58,"max10":44.01,"min10":37.13,"name":"新宏泰","stat_date":"2017-06-30","mc":55.1007,"cmc":26.2041,"pe":89.6797,"pe_lyr":83.5561,"pb":6.937,"ps":14.434,"pcf":-20.5713,"iop":-10.1642}