{"code":"603003","atr10":0.306,"close":14.36,"close_count":60,"l_pvalue":8.369450258e-16,"l_slop":-22.3304172532,"l_stderror":0.9153570613,"ma120":16.9338333333,"ma250":19.38112,"ma42":15.265952381,"max10":15.16,"min10":14.27,"name":"龙宇燃油","stat_date":"2017-06-30","mc":63.3441,"cmc":63.3441,"pe":123.7927,"pe_lyr":231.4493,"pb":1.5327,"ps":0.3516,"pcf":2.2317,"iop":776.4285}