{"code":"603011","atr10":0.096,"close":10.77,"close_count":60,"l_pvalue":0.0,"l_slop":-3.4075281279,"l_stderror":0.165353724,"ma120":10.8713333333,"ma250":11.41024,"ma42":10.8733333333,"max10":10.79,"min10":10.76,"name":"合锻智能","stat_date":"2017-06-30","mc":48.0556,"cmc":28.1527,"pe":85.8355,"pe_lyr":93.6857,"pb":2.8563,"ps":7.0496,"pcf":-78.4754,"iop":67.4602}