{"code":"603030","atr10":0.158,"close":8.17,"close_count":60,"l_pvalue":0.0164108286,"l_slop":4.0824763906,"l_stderror":1.5508972674,"ma120":9.0903333333,"ma250":9.62628,"ma42":8.4547619048,"max10":8.71,"min10":8.09,"name":"全筑股份","stat_date":"2017-06-30","mc":44.0085,"cmc":20.0287,"pe":42.0248,"pe_lyr":43.8369,"pb":2.9756,"ps":1.1594,"pcf":17.8414,"iop":-33.8186}