{"code":"603012","atr10":0.341,"close":9.1,"close_count":60,"l_pvalue":0.0,"l_slop":47.885475511,"l_stderror":2.2610663911,"ma120":8.5025833333,"ma250":9.85032,"ma42":8.5395238095,"max10":9.63,"min10":8.86,"name":"创力集团","stat_date":"2017-06-30","mc":57.927,"cmc":38.5689,"pe":55.5367,"pe_lyr":60.4022,"pb":2.3342,"ps":5.8132,"pcf":-30.7278,"iop":40.4799}