{"code":"603086","atr10":0.879,"close":39.71,"close_count":60,"l_pvalue":0.0000000002,"l_slop":16.5929780769,"l_stderror":1.3476316461,"ma120":null,"ma250":null,"ma42":38.674047619,"max10":40.14,"min10":39.28,"name":"先达股份","stat_date":"2017-06-30","mc":31.768,"cmc":7.942,"pe":31.7235,"pe_lyr":32.3415,"pb":3.0008,"ps":3.3202,"pcf":24.1048,"iop":3.369}