{"code":"603026","atr10":0.923,"close":32.14,"close_count":60,"l_pvalue":0.3328436796,"l_slop":-2.465926933,"l_stderror":2.4814933354,"ma120":31.0651666667,"ma250":35.59224,"ma42":34.1435714286,"max10":34.2,"min10":31.58,"name":"石大胜华","stat_date":"2017-06-30","mc":65.1414,"cmc":42.2223,"pe":42.0989,"pe_lyr":38.2062,"pb":4.3813,"ps":1.4597,"pcf":137.0893,"iop":-35.7715}