{"code":"603116","atr10":0.17,"close":17.5,"close_count":60,"l_pvalue":0.0008013464,"l_slop":3.7225137721,"l_stderror":0.9352200284,"ma120":17.9540833333,"ma250":19.79416,"ma42":17.6404761905,"max10":17.9,"min10":17.45,"name":"红蜻蜓","stat_date":"2017-06-30","mc":71.54,"cmc":31.6235,"pe":23.1204,"pe_lyr":25.6487,"pb":2.2629,"ps":2.4014,"pcf":-731.5878,"iop":-13.5602}