{"code":"603167","atr10":0.173,"close":11.7,"close_count":60,"l_pvalue":0.1125763902,"l_slop":2.5577988369,"l_stderror":1.5374032154,"ma120":11.1690833333,"ma250":10.90888,"ma42":11.9014285714,"max10":12.08,"min10":11.55,"name":"渤海轮渡","stat_date":"2017-06-30","mc":56.3238,"cmc":56.3238,"pe":19.8661,"pe_lyr":25.3206,"pb":1.8083,"ps":4.0374,"pcf":-536.7324,"iop":229.2401}