{"code":"603199","atr10":0.477,"close":35.38,"close_count":60,"l_pvalue":0.0000000109,"l_slop":6.6396722217,"l_stderror":0.6948785077,"ma120":36.2861666667,"ma250":38.2134,"ma42":35.5676190476,"max10":36.41,"min10":35.31,"name":"九华旅游","stat_date":"2017-06-30","mc":39.1586,"cmc":25.8077,"pe":47.2826,"pe_lyr":52.8853,"pb":3.9136,"ps":9.1526,"pcf":-67.9006,"iop":-3.3104}