{"code":"603166","atr10":0.259,"close":10.99,"close_count":60,"l_pvalue":0.000092428,"l_slop":10.001810244,"l_stderror":2.0276914256,"ma120":11.6566666667,"ma250":14.58516,"ma42":11.0721428571,"max10":11.44,"min10":10.64,"name":"福达股份","stat_date":"2017-06-30","mc":65.0629,"cmc":16.4705,"pe":44.7454,"pe_lyr":64.3337,"pb":3.1659,"ps":5.4181,"pcf":69.515,"iop":88.8745}