{"code":"603179","atr10":1.225,"close":45.6,"close_count":60,"l_pvalue":0.0000000044,"l_slop":18.8557773465,"l_stderror":1.8649230413,"ma120":43.83425,"ma250":null,"ma42":43.0976190476,"max10":45.6,"min10":43.52,"name":"新泉股份","stat_date":"2017-06-30","mc":72.6864,"cmc":18.1716,"pe":41.0848,"pe_lyr":63.9435,"pb":6.0875,"ps":2.6597,"pcf":32.8213,"iop":123.6567}