{"code":"603198","atr10":0.37,"close":19.3,"close_count":60,"l_pvalue":0.0000008211,"l_slop":-11.2050845509,"l_stderror":1.5630035592,"ma120":19.7519166667,"ma250":20.77964,"ma42":20.2442857143,"max10":20.24,"min10":19.3,"name":"迎驾贡酒","stat_date":"2017-06-30","mc":154.4,"cmc":32.1152,"pe":22.641,"pe_lyr":22.6059,"pb":4.0862,"ps":4.9972,"pcf":-71.2675,"iop":-17.8692}