{"code":"603128","atr10":0.177,"close":8.92,"close_count":60,"l_pvalue":0.0,"l_slop":11.0568421492,"l_stderror":0.802858617,"ma120":8.66225,"ma250":9.47948,"ma42":8.5807142857,"max10":8.92,"min10":8.54,"name":"华贸物流","stat_date":"2017-06-30","mc":89.683,"cmc":81.2685,"pe":37.0065,"pe_lyr":40.0986,"pb":2.497,"ps":1.1135,"pcf":38.9698,"iop":-0.8391}