{"code":"603131","atr10":0.658,"close":22.88,"close_count":60,"l_pvalue":1.0,"l_slop":0.0,"l_stderror":0.0,"ma120":24.9941666667,"ma250":29.93012,"ma42":23.5257142857,"max10":22.88,"min10":22.88,"name":"上海沪工","stat_date":"2017-06-30","mc":45.76,"cmc":11.44,"pe":56.2102,"pe_lyr":66.0709,"pb":7.2712,"ps":7.6267,"pcf":197.8593,"iop":39.1933}