{"code":"603165","atr10":2.392,"close":70.6,"close_count":60,"l_pvalue":0.0,"l_slop":65.3868814722,"l_stderror":3.8727831602,"ma120":60.2311666667,"ma250":null,"ma42":63.2916666667,"max10":72.35,"min10":68.88,"name":"荣晟环保","stat_date":"2017-06-30","mc":89.4361,"cmc":22.3661,"pe":35.5509,"pe_lyr":72.8624,"pb":10.5003,"ps":5.8878,"pcf":630.4878,"iop":514.082}