{"code":"603108","atr10":0.4,"close":14.37,"close_count":60,"l_pvalue":0.0,"l_slop":-26.5259795391,"l_stderror":1.5944540852,"ma120":16.3954166667,"ma250":16.325,"ma42":15.7707142857,"max10":15.21,"min10":14.12,"name":"润达医疗","stat_date":"2017-06-30","mc":83.279,"cmc":31.8812,"pe":50.7646,"pe_lyr":71.5285,"pb":3.8522,"ps":2.749,"pcf":94.5424,"iop":137.7477}