{"code":"603189","atr10":0.595,"close":19.41,"close_count":60,"l_pvalue":0.0001147957,"l_slop":10.3136047699,"l_stderror":2.1326824861,"ma120":21.391,"ma250":28.97548,"ma42":19.905952381,"max10":21.28,"min10":19.22,"name":"网达软件","stat_date":"2017-06-30","mc":42.8573,"cmc":21.3704,"pe":61.6737,"pe_lyr":58.9494,"pb":5.4974,"ps":19.3995,"pcf":-212.9202,"iop":7.3231}