{"code":"603177","atr10":0.66,"close":16.77,"close_count":60,"l_pvalue":0.0002776709,"l_slop":22.5302226718,"l_stderror":5.0684356089,"ma120":19.30975,"ma250":null,"ma42":17.2219047619,"max10":19.08,"min10":16.68,"name":"德创环保","stat_date":"2017-06-30","mc":33.8754,"cmc":8.4688,"pe":75.7472,"pe_lyr":63.0125,"pb":6.9991,"ps":4.0483,"pcf":49.2981,"iop":-36.293}