{"code":"603126","atr10":0.58,"close":13.68,"close_count":60,"l_pvalue":0.0000036679,"l_slop":-32.4071242055,"l_stderror":5.0421377999,"ma120":14.5914166667,"ma250":13.14156,"ma42":16.0352380952,"max10":16.46,"min10":13.68,"name":"中材节能","stat_date":"2017-06-30","mc":83.5164,"cmc":83.5164,"pe":62.1934,"pe_lyr":64.117,"pb":5.5092,"ps":5.4084,"pcf":1037.3051,"iop":60.1921}