{"code":"603197","atr10":2.555,"close":52.5,"close_count":60,"l_pvalue":2.145953895e-18,"l_slop":67.8343448112,"l_stderror":2.017049889,"ma120":null,"ma250":null,"ma42":48.2933333333,"max10":56.05,"min10":51.22,"name":"保隆科技","stat_date":"2017-06-30","mc":61.4779,"cmc":15.372,"pe":38.9934,"pe_lyr":46.4498,"pb":4.7656,"ps":3.3196,"pcf":8.9554,"iop":60.2272}