{"code":"603180","atr10":2.95,"close":82.77,"close_count":60,"l_pvalue":0.0,"l_slop":66.1691815063,"l_stderror":2.9319502029,"ma120":null,"ma250":null,"ma42":78.5716666667,"max10":87.95,"min10":81.67,"name":"金牌厨柜","stat_date":"2017-06-30","mc":55.4559,"cmc":14.0709,"pe":46.1245,"pe_lyr":57.6313,"pb":7.5426,"ps":4.4364,"pcf":16.5007,"iop":198.4776}