{"code":"603186","atr10":1.066,"close":34.64,"close_count":60,"l_pvalue":0.4252521601,"l_slop":0.8815073676,"l_stderror":1.0817972457,"ma120":37.5404166667,"ma250":null,"ma42":34.5533333333,"max10":35.45,"min10":33.57,"name":"华正新材","stat_date":"2017-06-30","mc":44.8068,"cmc":11.206,"pe":47.2588,"pe_lyr":52.8417,"pb":7.7856,"ps":3.0431,"pcf":101.6557,"iop":-15.7354}