{"code":"603111","atr10":0.573,"close":14.84,"close_count":60,"l_pvalue":1.507798453e-23,"l_slop":55.133572594,"l_stderror":0.8729620236,"ma120":12.9291666667,"ma250":13.19428,"ma42":13.4702380952,"max10":15.15,"min10":13.76,"name":"康尼机电","stat_date":"2017-06-30","mc":109.5761,"cmc":71.1875,"pe":46.8172,"pe_lyr":45.668,"pb":7.8958,"ps":5.3331,"pcf":4021.5386,"iop":12.4813}