{"code":"603123","atr10":0.119,"close":8.72,"close_count":60,"l_pvalue":1.354532303e-16,"l_slop":9.634598421,"l_stderror":0.3578931024,"ma120":8.7829166667,"ma250":9.6368,"ma42":8.655,"max10":8.92,"min10":8.71,"name":"翠微股份","stat_date":"2017-06-30","mc":45.7054,"cmc":32.124,"pe":36.3242,"pe_lyr":40.7699,"pb":1.5519,"ps":0.8763,"pcf":-49.1843,"iop":148.6823}