{"code":"603101","atr10":0.509,"close":16.75,"close_count":60,"l_pvalue":0.0,"l_slop":23.926206099,"l_stderror":1.5648964017,"ma120":17.2610833333,"ma250":21.31612,"ma42":16.8711904762,"max10":17.93,"min10":16.5,"name":"汇嘉时代","stat_date":"2017-06-30","mc":40.2,"cmc":12.06,"pe":32.7141,"pe_lyr":41.6106,"pb":3.2021,"ps":1.4485,"pcf":-11.8212,"iop":99.383}