{"code":"603139","atr10":0.523,"close":28.7,"close_count":60,"l_pvalue":0.0,"l_slop":-12.6465427199,"l_stderror":0.5838449366,"ma120":null,"ma250":null,"ma42":29.6004761905,"max10":29.64,"min10":28.41,"name":"康惠制药","stat_date":"2017-06-30","mc":28.6656,"cmc":7.1664,"pe":44.3978,"pe_lyr":43.9426,"pb":3.3012,"ps":7.4285,"pcf":12.3038,"iop":-2.401}