{"code":"603133","atr10":2.022,"close":41.18,"close_count":60,"l_pvalue":0.0,"l_slop":86.302384423,"l_stderror":4.8990723419,"ma120":33.2320833333,"ma250":null,"ma42":36.7835714286,"max10":42.24,"min10":39.09,"name":"碳元科技","stat_date":"2017-06-30","mc":85.6544,"cmc":21.4136,"pe":108.0381,"pe_lyr":104.0266,"pb":9.8961,"ps":16.4514,"pcf":-230.1384,"iop":-22.242}