{"code":"603118","atr10":0.449,"close":13.59,"close_count":60,"l_pvalue":0.0,"l_slop":19.0043362841,"l_stderror":1.2620050051,"ma120":13.3616666667,"ma250":15.54604,"ma42":12.275,"max10":13.59,"min10":12.33,"name":"共进股份","stat_date":"2017-06-30","mc":106.4036,"cmc":50.487,"pe":35.612,"pe_lyr":31.0126,"pb":2.4609,"ps":1.5323,"pcf":-20.7602,"iop":-56.1865}