{"code":"603138","atr10":2.489,"close":42.15,"close_count":60,"l_pvalue":0.0,"l_slop":70.1703880161,"l_stderror":4.3502762239,"ma120":42.3253333333,"ma250":null,"ma42":37.3961904762,"max10":44.37,"min10":39.85,"name":"海量数据","stat_date":"2017-06-30","mc":44.9319,"cmc":11.233,"pe":96.5121,"pe_lyr":103.0431,"pb":12.9771,"ps":8.9878,"pcf":21.1592,"iop":26.8014}