{"code":"603169","atr10":0.192,"close":10.51,"close_count":60,"l_pvalue":0.0000002277,"l_slop":-12.9489493929,"l_stderror":1.6525088076,"ma120":11.8165,"ma250":12.34144,"ma42":11.0188095238,"max10":10.96,"min10":10.33,"name":"兰石重装","stat_date":"2017-06-30","mc":107.7712,"cmc":49.0051,"pe":1086.3359,"pe_lyr":656.3446,"pb":3.6082,"ps":4.8596,"pcf":49.5024,"iop":136.8801}