{"code":"603196","atr10":0.364,"close":13.64,"close_count":60,"l_pvalue":0.0000073019,"l_slop":10.3010855594,"l_stderror":1.6893406652,"ma120":null,"ma250":null,"ma42":13.97,"max10":14.77,"min10":13.5,"name":"日播时尚","stat_date":"2017-06-30","mc":32.736,"cmc":8.184,"pe":40.0332,"pe_lyr":43.2875,"pb":3.724,"ps":3.2561,"pcf":18.5154,"iop":null}