{"code":"603100","atr10":0.238,"close":11.44,"close_count":60,"l_pvalue":0.0000000001,"l_slop":12.7838096267,"l_stderror":1.0111719163,"ma120":11.6811666667,"ma250":13.36644,"ma42":11.3895238095,"max10":11.86,"min10":11.37,"name":"川仪股份","stat_date":"2017-06-30","mc":45.188,"cmc":29.5867,"pe":33.2082,"pe_lyr":35.0282,"pb":2.3658,"ps":1.3995,"pcf":-37.0672,"iop":40.2492}