{"code":"603117","atr10":0.24,"close":12.19,"close_count":60,"l_pvalue":0.0,"l_slop":32.6855876412,"l_stderror":1.6936633134,"ma120":12.0413333333,"ma250":14.35668,"ma42":11.5721428571,"max10":12.23,"min10":11.86,"name":"万林股份","stat_date":"2017-06-30","mc":56.3569,"cmc":34.3446,"pe":69.3759,"pe_lyr":70.2478,"pb":2.5366,"ps":13.3108,"pcf":14.2884,"iop":-1.2357}