{"code":"603188","atr10":0.415,"close":18.48,"close_count":60,"l_pvalue":0.0000002911,"l_slop":20.3194229271,"l_stderror":2.6369172513,"ma120":17.7024166667,"ma250":17.76532,"ma42":18.5414285714,"max10":19.0,"min10":18.2,"name":"亚邦股份","stat_date":"2017-06-30","mc":106.4448,"cmc":106.4448,"pe":16.6566,"pe_lyr":16.2413,"pb":3.0483,"ps":4.6952,"pcf":-54.2571,"iop":-25.9875}