{"code":"603168","atr10":0.469,"close":23.03,"close_count":60,"l_pvalue":0.0000000136,"l_slop":23.8442931181,"l_stderror":2.530296838,"ma120":23.7371666667,"ma250":26.70252,"ma42":22.9245238095,"max10":23.94,"min10":22.92,"name":"莎普爱思","stat_date":"2017-06-30","mc":57.1485,"cmc":37.4969,"pe":22.4486,"pe_lyr":20.7272,"pb":3.5654,"ps":6.1737,"pcf":319.6673,"iop":-25.1736}