{"code":"603178","atr10":0.471,"close":16.35,"close_count":60,"l_pvalue":0.0000000167,"l_slop":10.358729386,"l_stderror":1.1136699363,"ma120":18.5751666667,"ma250":null,"ma42":16.485952381,"max10":17.13,"min10":16.18,"name":"圣龙股份","stat_date":"2017-06-30","mc":32.7,"cmc":8.175,"pe":38.4394,"pe_lyr":41.0281,"pb":4.3001,"ps":2.4092,"pcf":44.3473,"iop":-18.3858}