{"code":"603159","atr10":0.949,"close":30.71,"close_count":60,"l_pvalue":0.0000114402,"l_slop":15.761767049,"l_stderror":2.6777159423,"ma120":34.1058333333,"ma250":45.40632,"ma42":31.0626190476,"max10":32.08,"min10":30.17,"name":"上海亚虹","stat_date":"2017-06-30","mc":30.71,"cmc":7.6775,"pe":73.7007,"pe_lyr":74.0635,"pb":8.2662,"ps":5.6786,"pcf":75.4263,"iop":8.307}