{"code":"603160","atr10":4.14,"close":94.0,"close_count":60,"l_pvalue":0.0000000011,"l_slop":19.8153929607,"l_stderror":1.8035509264,"ma120":94.09575,"ma250":null,"ma42":93.9442857143,"max10":102.59,"min10":92.61,"name":"汇顶科技","stat_date":"2017-06-30","mc":427.0028,"cmc":42.3,"pe":41.2665,"pe_lyr":49.8355,"pb":12.238,"ps":11.5212,"pcf":49.818,"iop":-8.3613}