{"code":"603158","atr10":0.451,"close":20.75,"close_count":60,"l_pvalue":8.89023157e-20,"l_slop":22.2026868439,"l_stderror":0.557072889,"ma120":21.4688333333,"ma250":24.1034,"ma42":19.684047619,"max10":20.75,"min10":20.01,"name":"腾龙股份","stat_date":"2017-06-30","mc":45.4033,"cmc":21.4435,"pe":34.8773,"pe_lyr":38.3627,"pb":4.8918,"ps":5.1777,"pcf":94.9357,"iop":40.1796}