{"code":"603113","atr10":0.953,"close":27.38,"close_count":60,"l_pvalue":0.0000000919,"l_slop":41.4635851596,"l_stderror":4.9790817177,"ma120":null,"ma250":null,"ma42":26.6664285714,"max10":29.47,"min10":26.58,"name":"金能科技","stat_date":"2017-06-30","mc":185.0722,"cmc":21.1647,"pe":25.6355,"pe_lyr":44.0854,"pb":5.2273,"ps":3.1857,"pcf":57.8094,"iop":163.8997}