{"code":"603200","atr10":1.623,"close":42.63,"close_count":60,"l_pvalue":0.0000000623,"l_slop":37.8592103711,"l_stderror":4.4313830119,"ma120":null,"ma250":null,"ma42":40.0197619048,"max10":43.39,"min10":41.39,"name":"上海洗霸","stat_date":"2017-06-30","mc":31.4268,"cmc":7.8567,"pe":49.7594,"pe_lyr":53.025,"pb":4.6075,"ps":10.3113,"pcf":8.5571,"iop":null}