{"code":"603203","atr10":0.859,"close":38.51,"close_count":60,"l_pvalue":0.0000000001,"l_slop":16.4039980464,"l_stderror":1.2932389272,"ma120":38.98275,"ma250":null,"ma42":38.0628571429,"max10":39.64,"min10":38.51,"name":"快克股份","stat_date":"2017-06-30","mc":46.058,"cmc":11.5145,"pe":39.0779,"pe_lyr":44.6312,"pb":7.1159,"ps":14.3239,"pcf":-55.8869,"iop":33.3526}