{"code":"603222","atr10":0.264,"close":16.17,"close_count":60,"l_pvalue":0.0000000322,"l_slop":27.1313237952,"l_stderror":3.0423531339,"ma120":15.0230833333,"ma250":15.42732,"ma42":15.7585714286,"max10":16.7,"min10":16.15,"name":"济民制药","stat_date":"2017-06-30","mc":51.744,"cmc":18.2624,"pe":107.6368,"pe_lyr":126.5323,"pb":6.9215,"ps":9.8233,"pcf":240.8013,"iop":115.0112}