{"code":"603229","atr10":0.431,"close":18.88,"close_count":60,"l_pvalue":0.0,"l_slop":30.1975408326,"l_stderror":1.7965719653,"ma120":null,"ma250":null,"ma42":17.9745238095,"max10":19.12,"min10":18.65,"name":"奥翔药业","stat_date":"2017-06-30","mc":30.208,"cmc":7.552,"pe":48.9286,"pe_lyr":52.6932,"pb":5.6305,"ps":13.9811,"pcf":10.8292,"iop":79.1862}