{"code":"603228","atr10":1.812,"close":50.4,"close_count":60,"l_pvalue":2.857837736e-19,"l_slop":40.7327709039,"l_stderror":1.0875889586,"ma120":46.0163333333,"ma250":null,"ma42":47.7778571429,"max10":52.98,"min10":49.2,"name":"景旺电子","stat_date":"2017-06-30","mc":205.632,"cmc":24.192,"pe":33.7766,"pe_lyr":38.26,"pb":7.012,"ps":5.4758,"pcf":53.829,"iop":27.3387}