{"code":"603218","atr10":0.527,"close":30.56,"close_count":60,"l_pvalue":0.0021041614,"l_slop":-4.9079170031,"l_stderror":1.3797643973,"ma120":35.1436666667,"ma250":null,"ma42":31.4771428571,"max10":31.85,"min10":30.46,"name":"日月股份","stat_date":"2017-06-30","mc":122.5456,"cmc":12.5296,"pe":40.089,"pe_lyr":36.151,"pb":4.7078,"ps":7.3886,"pcf":177.1865,"iop":-34.6761}