{"code":"603298","atr10":0.383,"close":19.61,"close_count":60,"l_pvalue":0.000060763,"l_slop":10.0116447027,"l_stderror":1.9551450487,"ma120":21.2135833333,"ma250":null,"ma42":19.9552380952,"max10":20.88,"min10":19.48,"name":"杭叉集团","stat_date":"2017-06-30","mc":121.3573,"cmc":16.994,"pe":26.6532,"pe_lyr":30.1423,"pb":3.6782,"ps":1.9511,"pcf":68.8244,"iop":16.3242}