{"code":"603225","atr10":0.685,"close":36.42,"close_count":60,"l_pvalue":0.0001363293,"l_slop":11.0709746533,"l_stderror":2.3260513472,"ma120":null,"ma250":null,"ma42":37.095,"max10":38.02,"min10":36.22,"name":"新凤鸣","stat_date":"2017-06-30","mc":219.2484,"cmc":28.1527,"pe":19.5031,"pe_lyr":29.9698,"pb":3.9268,"ps":1.0671,"pcf":48.9454,"iop":487.7596}