{"code":"603227","atr10":0.099,"close":6.83,"close_count":60,"l_pvalue":0.0000000011,"l_slop":17.9145326771,"l_stderror":1.6257121479,"ma120":7.0171666667,"ma250":7.95844,"ma42":6.8464285714,"max10":7.16,"min10":6.82,"name":"雪峰科技","stat_date":"2017-06-30","mc":44.9892,"cmc":28.7912,"pe":-119.8452,"pe_lyr":-180.9146,"pb":4.0068,"ps":4.3448,"pcf":-21.7797,"iop":159.0843}