{"code":"603269","atr10":1.777,"close":26.64,"close_count":60,"l_pvalue":0.0003315484,"l_slop":40.9257619419,"l_stderror":9.3711387306,"ma120":null,"ma250":null,"ma42":27.6892857143,"max10":34.2,"min10":26.42,"name":"海鸥股份","stat_date":"2017-06-30","mc":24.3676,"cmc":6.0926,"pe":63.3014,"pe_lyr":64.8556,"pb":4.0382,"ps":4.3441,"pcf":14.3345,"iop":30.3474}