{"code":"603238","atr10":0.643,"close":28.44,"close_count":60,"l_pvalue":0.0000009072,"l_slop":-9.3067584487,"l_stderror":1.3074320943,"ma120":null,"ma250":null,"ma42":30.8742857143,"max10":30.25,"min10":28.25,"name":"诺邦股份","stat_date":"2017-06-30","mc":34.128,"cmc":8.532,"pe":66.8007,"pe_lyr":57.4365,"pb":4.5611,"ps":6.5877,"pcf":569.7187,"iop":-15.6012}