{"code":"603299","atr10":0.421,"close":10.49,"close_count":60,"l_pvalue":1.0,"l_slop":0.0,"l_stderror":0.0,"ma120":14.6708333333,"ma250":16.08548,"ma42":12.4085714286,"max10":10.49,"min10":10.49,"name":"井神股份","stat_date":"2017-06-30","mc":58.5734,"cmc":29.2428,"pe":63.2988,"pe_lyr":255.1718,"pb":2.8862,"ps":2.432,"pcf":263.8991,"iop":856.7029}