{"code":"603266","atr10":0.72,"close":31.02,"close_count":60,"l_pvalue":0.0000000035,"l_slop":10.4705603029,"l_stderror":1.0203083426,"ma120":33.7303333333,"ma250":null,"ma42":30.8278571429,"max10":32.3,"min10":30.72,"name":"天龙股份","stat_date":"2017-06-30","mc":31.02,"cmc":7.755,"pe":35.1002,"pe_lyr":38.2691,"pb":4.0105,"ps":3.6694,"pcf":61.9121,"iop":13.5929}