{"code":"603232","atr10":2.393,"close":55.45,"close_count":60,"l_pvalue":0.0,"l_slop":43.6729916818,"l_stderror":1.9598759011,"ma120":null,"ma250":null,"ma42":49.3869047619,"max10":56.73,"min10":51.41,"name":"格尔软件","stat_date":"2017-06-30","mc":33.8245,"cmc":8.4561,"pe":54.1608,"pe_lyr":59.9965,"pb":6.592,"ps":13.5983,"pcf":13.3228,"iop":46.1074}