{"code":"603233","atr10":1.475,"close":40.59,"close_count":43,"l_pvalue":6.922166114e-16,"l_slop":17.2380572529,"l_stderror":0.6993778291,"ma120":null,"ma250":null,"ma42":39.9552380952,"max10":41.92,"min10":39.96,"name":"大参林","stat_date":"2017-06-30","mc":162.3641,"cmc":16.2401,"pe":35.1777,"pe_lyr":37.7425,"pb":6.4407,"ps":2.3793,"pcf":263.287,"iop":19.4103}