{"code":"603226","atr10":0.852,"close":31.08,"close_count":60,"l_pvalue":0.0000190084,"l_slop":11.6732143253,"l_stderror":2.0659685979,"ma120":null,"ma250":null,"ma42":30.5021428571,"max10":31.88,"min10":30.79,"name":"菲林格尔","stat_date":"2017-06-30","mc":26.937,"cmc":6.735,"pe":36.1953,"pe_lyr":38.3804,"pb":3.9626,"ps":3.5153,"pcf":7.1336,"iop":19.8102}