{"code":"603208","atr10":0.856,"close":49.72,"close_count":60,"l_pvalue":3.893962127e-22,"l_slop":-9.9218474145,"l_stderror":0.1865917323,"ma120":51.3650833333,"ma250":null,"ma42":50.684047619,"max10":50.38,"min10":49.35,"name":"欧派股份","stat_date":"2017-06-30","mc":40.1817,"cmc":10.0484,"pe":35.1015,"pe_lyr":36.7425,"pb":4.3823,"ps":4.6533,"pcf":191.8698,"iop":-4.5481}