{"code":"603288","atr10":1.263,"close":45.98,"close_count":60,"l_pvalue":0.0000000013,"l_slop":32.4813503894,"l_stderror":2.9837398294,"ma120":39.4871666667,"ma250":34.81588,"ma42":41.4878571429,"max10":45.98,"min10":41.17,"name":"海天味业","stat_date":"2017-06-30","mc":1243.7363,"cmc":1240.0284,"pe":39.1063,"pe_lyr":43.7453,"pb":12.4291,"ps":9.0603,"pcf":1194.4495,"iop":19.8082}