{"code":"603258","atr10":1.375,"close":38.45,"close_count":60,"l_pvalue":0.0,"l_slop":44.7844798035,"l_stderror":2.0959780024,"ma120":39.8785,"ma250":null,"ma42":37.3330952381,"max10":40.93,"min10":38.18,"name":"电魂网络","stat_date":"2017-06-30","mc":92.28,"cmc":23.07,"pe":46.09,"pe_lyr":36.034,"pb":6.0118,"ps":19.6697,"pcf":39.7063,"iop":-43.8848}