{"code":"603268","atr10":1.007,"close":29.4,"close_count":60,"l_pvalue":0.0000000089,"l_slop":26.1339546365,"l_stderror":2.6996119989,"ma120":35.79475,"ma250":43.26572,"ma42":29.295,"max10":32.33,"min10":29.04,"name":"松发股份","stat_date":"2017-06-30","mc":26.2789,"cmc":12.0952,"pe":60.6169,"pe_lyr":67.1942,"pb":4.4035,"ps":5.9832,"pcf":-73.5482,"iop":109.8555}