{"code":"603223","atr10":0.92,"close":26.47,"close_count":60,"l_pvalue":0.0,"l_slop":28.3278201874,"l_stderror":1.9176581022,"ma120":25.0218333333,"ma250":30.48144,"ma42":24.4742857143,"max10":26.64,"min10":24.54,"name":"恒通股份","stat_date":"2017-06-30","mc":31.764,"cmc":20.9113,"pe":52.757,"pe_lyr":54.5774,"pb":4.9498,"ps":1.1218,"pcf":-56.0903,"iop":-37.2971}