{"code":"603286","atr10":1.406,"close":26.96,"close_count":60,"l_pvalue":0.000567245,"l_slop":31.126035663,"l_stderror":7.5335670414,"ma120":null,"ma250":null,"ma42":27.1373809524,"max10":29.76,"min10":26.35,"name":"日盈电子","stat_date":"2017-06-30","mc":23.7453,"cmc":5.9363,"pe":72.1003,"pe_lyr":76.4265,"pb":5.8458,"ps":8.0421,"pcf":15.2453,"iop":17.4859}