{"code":"603239","atr10":0.541,"close":21.99,"close_count":60,"l_pvalue":0.0000047407,"l_slop":11.9979612068,"l_stderror":1.9033313286,"ma120":26.00125,"ma250":null,"ma42":22.7695238095,"max10":23.79,"min10":21.99,"name":"浙江仙通","stat_date":"2017-06-30","mc":59.5313,"cmc":14.8828,"pe":31.5331,"pe_lyr":39.6435,"pb":6.4773,"ps":8.6533,"pcf":80.8955,"iop":22.0599}