{"code":"603305","atr10":3.144,"close":47.73,"close_count":58,"l_pvalue":0.0000000013,"l_slop":72.7179623604,"l_stderror":6.6683986195,"ma120":null,"ma250":null,"ma42":46.2885714286,"max10":51.86,"min10":45.38,"name":"旭升股份","stat_date":null,"mc":null,"cmc":null,"pe":null,"pe_lyr":null,"pb":null,"ps":null,"pcf":null,"iop":null}