{"code":"603323","atr10":0.251,"close":10.7,"close_count":60,"l_pvalue":0.5116751022,"l_slop":2.0472426137,"l_stderror":3.0611213045,"ma120":12.2138333333,"ma250":null,"ma42":11.4319047619,"max10":11.66,"min10":10.7,"name":"吴江银行","stat_date":"2017-06-30","mc":154.945,"cmc":15.5097,"pe":22.2466,"pe_lyr":23.8271,"pb":1.9228,"ps":6.1375,"pcf":-2.2934,"iop":7.001}