{"code":"603355","atr10":1.664,"close":50.79,"close_count":60,"l_pvalue":0.0008739365,"l_slop":-9.5343511144,"l_stderror":2.4184127285,"ma120":52.4175833333,"ma250":49.2104,"ma42":47.7928571429,"max10":50.93,"min10":45.4,"name":"莱克电气","stat_date":"2017-06-30","mc":203.6679,"cmc":33.8719,"pe":40.2535,"pe_lyr":40.6163,"pb":6.5739,"ps":4.0112,"pcf":13.4917,"iop":-7.7869}