{"code":"603399","atr10":0.441,"close":14.96,"close_count":60,"l_pvalue":0.0000000551,"l_slop":16.584769292,"l_stderror":1.9256608355,"ma120":13.1108333333,"ma250":12.19372,"ma42":14.9335714286,"max10":15.32,"min10":14.59,"name":"新华龙","stat_date":"2017-06-30","mc":81.2703,"cmc":74.6879,"pe":59.1103,"pe_lyr":276.6712,"pb":4.2386,"ps":4.678,"pcf":38.7937,"iop":14479.3291}