{"code":"603331","atr10":0.891,"close":22.58,"close_count":60,"l_pvalue":0.000000056,"l_slop":23.0453227628,"l_stderror":2.678536713,"ma120":null,"ma250":null,"ma42":21.9373809524,"max10":23.95,"min10":22.49,"name":"百达精工","stat_date":"2017-06-30","mc":28.7338,"cmc":7.1834,"pe":44.3754,"pe_lyr":51.7123,"pb":4.4133,"ps":4.5162,"pcf":10.4896,"iop":34.3625}