{"code":"603388","atr10":1.574,"close":26.34,"close_count":60,"l_pvalue":0.0,"l_slop":117.786015239,"l_stderror":6.4153329121,"ma120":19.47675,"ma250":null,"ma42":22.9919047619,"max10":27.58,"min10":25.42,"name":"元成股份","stat_date":"2017-06-30","mc":52.68,"cmc":13.17,"pe":76.9886,"pe_lyr":99.3258,"pb":7.41,"ps":8.3378,"pcf":72.5833,"iop":41.5319}