{"code":"603377","atr10":0.642,"close":31.97,"close_count":60,"l_pvalue":0.0000000002,"l_slop":11.0980104967,"l_stderror":0.9082686875,"ma120":34.6215833333,"ma250":37.06924,"ma42":31.794047619,"max10":33.14,"min10":31.5,"name":"东方时尚","stat_date":"2017-06-30","mc":134.274,"cmc":37.6467,"pe":55.0825,"pe_lyr":54.5971,"pb":8.3036,"ps":11.6657,"pcf":-76.5829,"iop":-10.4055}