{"code":"603333","atr10":0.095,"close":7.14,"close_count":60,"l_pvalue":0.0000394361,"l_slop":8.7238463013,"l_stderror":1.6410283485,"ma120":7.361,"ma250":8.31588,"ma42":7.1742857143,"max10":7.33,"min10":7.03,"name":"明星电缆","stat_date":"2017-06-30","mc":37.1284,"cmc":37.1284,"pe":-75.2861,"pe_lyr":-47.8503,"pb":2.6264,"ps":5.1411,"pcf":-32.8332,"iop":132.1581}