{"code":"603368","atr10":0.638,"close":53.86,"close_count":60,"l_pvalue":0.0001235915,"l_slop":4.0705820144,"l_stderror":0.8474842367,"ma120":55.2366666667,"ma250":58.49508,"ma42":54.8630952381,"max10":55.94,"min10":53.8,"name":"柳州医药","stat_date":"2017-06-30","mc":99.6693,"cmc":40.1791,"pe":27.2731,"pe_lyr":31.0485,"pb":3.0367,"ps":1.1981,"pcf":-27.3607,"iop":28.6742}