{"code":"603357","atr10":2.011,"close":28.0,"close_count":42,"l_pvalue":0.0000000009,"l_slop":128.438973055,"l_stderror":11.5262834792,"ma120":null,"ma250":null,"ma42":26.7104761905,"max10":33.93,"min10":28.0,"name":"设计总院","stat_date":"2017-06-30","mc":90.9085,"cmc":22.736,"pe":45.9286,"pe_lyr":46.438,"pb":5.5639,"ps":8.756,"pcf":420.6646,"iop":-17.2286}