{"code":"603338","atr10":1.3,"close":58.98,"close_count":60,"l_pvalue":0.0000000014,"l_slop":-8.4634282933,"l_stderror":0.7806570051,"ma120":60.17825,"ma250":54.7668,"ma42":61.5561904762,"max10":61.63,"min10":57.8,"name":"浙江鼎力","stat_date":"2017-06-30","mc":95.8425,"cmc":27.2635,"pe":39.9194,"pe_lyr":54.8354,"pb":7.9431,"ps":10.298,"pcf":423.5503,"iop":62.3387}