{"code":"603330","atr10":1.376,"close":40.66,"close_count":60,"l_pvalue":0.0000004061,"l_slop":12.2382285289,"l_stderror":1.6250021332,"ma120":49.5769166667,"ma250":null,"ma42":40.2992857143,"max10":43.26,"min10":40.26,"name":"上海天洋","stat_date":"2017-06-30","mc":24.396,"cmc":6.099,"pe":69.7621,"pe_lyr":45.5131,"pb":4.178,"ps":5.9139,"pcf":876.3413,"iop":-62.5344}