{"code":"603345","atr10":0.565,"close":23.9,"close_count":60,"l_pvalue":0.0000820308,"l_slop":10.5288307724,"l_stderror":2.1116924362,"ma120":null,"ma250":null,"ma42":24.385,"max10":25.25,"min10":23.68,"name":"安井食品","stat_date":"2017-06-30","mc":51.6336,"cmc":12.9084,"pe":28.7835,"pe_lyr":29.1046,"pb":3.238,"ps":1.6143,"pcf":18.9701,"iop":6.4591}