{"code":"603319","atr10":0.952,"close":37.43,"close_count":60,"l_pvalue":0.0898676488,"l_slop":1.3959136821,"l_stderror":0.7810567099,"ma120":39.604,"ma250":null,"ma42":36.955,"max10":38.24,"min10":36.86,"name":"湘油泵","stat_date":"2017-06-30","mc":30.2884,"cmc":7.5721,"pe":40.2117,"pe_lyr":53.7762,"pb":4.8277,"ps":4.4692,"pcf":172.665,"iop":94.7016}