{"code":"603335","atr10":0.49,"close":13.04,"close_count":60,"l_pvalue":0.0318101622,"l_slop":4.6485412762,"l_stderror":2.0061072002,"ma120":null,"ma250":null,"ma42":13.5007142857,"max10":14.38,"min10":12.96,"name":"迪生力","stat_date":"2017-06-30","mc":33.0355,"cmc":8.2595,"pe":70.6976,"pe_lyr":65.8385,"pb":5.7514,"ps":4.307,"pcf":15.683,"iop":null}