{"code":"603315","atr10":0.521,"close":17.37,"close_count":60,"l_pvalue":0.0,"l_slop":45.9755035927,"l_stderror":2.6680503469,"ma120":17.27725,"ma250":21.48988,"ma42":17.1383333333,"max10":18.66,"min10":17.34,"name":"福鞍股份","stat_date":"2017-06-30","mc":34.74,"cmc":13.5247,"pe":204.727,"pe_lyr":100.9657,"pb":5.3366,"ps":13.0984,"pcf":15457.9639,"iop":-45.9617}