{"code":"603326","atr10":0.591,"close":20.55,"close_count":60,"l_pvalue":0.000293686,"l_slop":13.7956060844,"l_stderror":3.1208044504,"ma120":null,"ma250":null,"ma42":20.1076190476,"max10":21.23,"min10":20.53,"name":"我乐家居","stat_date":"2017-06-30","mc":32.88,"cmc":8.22,"pe":40.8726,"pe_lyr":47.8317,"pb":4.8866,"ps":4.1897,"pcf":12.971,"iop":152.3315}