{"code":"603383","atr10":2.044,"close":48.91,"close_count":60,"l_pvalue":0.0,"l_slop":57.4264645648,"l_stderror":2.89944525,"ma120":null,"ma250":null,"ma42":43.9733333333,"max10":49.83,"min10":46.5,"name":"顶点软件","stat_date":"2017-06-30","mc":41.9975,"cmc":10.2956,"pe":54.5151,"pe_lyr":59.5866,"pb":4.6709,"ps":19.3873,"pcf":122.4742,"iop":null}