{"code":"603393","atr10":0.675,"close":36.81,"close_count":60,"l_pvalue":0.0516863563,"l_slop":-4.3156002623,"l_stderror":2.0785782623,"ma120":39.8863333333,"ma250":47.63648,"ma42":37.9471428571,"max10":38.9,"min10":36.43,"name":"新天然气","stat_date":"2017-06-30","mc":58.896,"cmc":31.5199,"pe":25.1598,"pe_lyr":28.9612,"pb":3.2936,"ps":6.0526,"pcf":5.7962,"iop":59.1134}