{"code":"603366","atr10":0.376,"close":8.49,"close_count":60,"l_pvalue":0.0005697891,"l_slop":17.8783206771,"l_stderror":4.3292201267,"ma120":7.9075833333,"ma250":8.84896,"ma42":7.829047619,"max10":8.86,"min10":7.68,"name":"日出东方","stat_date":"2017-06-30","mc":67.92,"cmc":67.92,"pe":36.7645,"pe_lyr":27.8572,"pb":1.8319,"ps":2.7586,"pcf":12.4611,"iop":-33.0046}