{"code":"603358","atr10":0.754,"close":45.51,"close_count":60,"l_pvalue":0.0000022548,"l_slop":7.6980945199,"l_stderror":1.1551100943,"ma120":49.096,"ma250":null,"ma42":46.3016666667,"max10":47.71,"min10":45.16,"name":"华达科技","stat_date":"2017-06-30","mc":72.816,"cmc":18.204,"pe":24.4226,"pe_lyr":25.0329,"pb":2.986,"ps":2.52,"pcf":112.9203,"iop":-31.6503}