{"code":"603336","atr10":0.957,"close":27.77,"close_count":60,"l_pvalue":1.954830162e-20,"l_slop":44.0704303704,"l_stderror":1.0201603619,"ma120":29.1568333333,"ma250":null,"ma42":26.6419047619,"max10":29.44,"min10":27.77,"name":"宏辉果蔬","stat_date":"2017-06-30","mc":37.0313,"cmc":9.2613,"pe":54.9944,"pe_lyr":61.0892,"pb":4.9413,"ps":5.2334,"pcf":119.0852,"iop":15.5308}