{"code":"603385","atr10":0.694,"close":24.48,"close_count":60,"l_pvalue":0.0000000007,"l_slop":32.7818698576,"l_stderror":2.9007819034,"ma120":26.8510833333,"ma250":null,"ma42":24.4138095238,"max10":26.75,"min10":24.28,"name":"惠达卫浴","stat_date":"2017-06-30","mc":69.5602,"cmc":17.3906,"pe":27.9905,"pe_lyr":33.1008,"pb":2.4165,"ps":2.7228,"pcf":12.4543,"iop":73.4088}