{"code":"603389","atr10":0.341,"close":15.98,"close_count":60,"l_pvalue":0.2326025277,"l_slop":2.0983640616,"l_stderror":1.7017926212,"ma120":18.57475,"ma250":null,"ma42":16.6823809524,"max10":17.04,"min10":15.91,"name":"亚振家居","stat_date":"2017-06-30","mc":34.9898,"cmc":8.749,"pe":45.5492,"pe_lyr":46.3296,"pb":4.1352,"ps":6.1535,"pcf":8.761,"iop":6.0424}