{"code":"603300","atr10":0.341,"close":11.68,"close_count":60,"l_pvalue":0.0,"l_slop":13.5998475217,"l_stderror":0.7967472255,"ma120":11.69625,"ma250":13.93972,"ma42":11.7254761905,"max10":12.25,"min10":11.51,"name":"华铁科技","stat_date":"2017-06-30","mc":47.3437,"cmc":32.4837,"pe":78.6741,"pe_lyr":87.2513,"pb":4.2217,"ps":7.6093,"pcf":-6.3958,"iop":784.7029}