{"code":"603369","atr10":0.525,"close":15.6,"close_count":60,"l_pvalue":0.0000543542,"l_slop":7.5540760976,"l_stderror":1.4608860313,"ma120":13.9295833333,"ma250":13.50972,"ma42":15.8652380952,"max10":16.58,"min10":15.6,"name":"今世缘","stat_date":"2017-06-30","mc":195.702,"cmc":195.702,"pe":22.4296,"pe_lyr":25.9496,"pb":3.8952,"ps":6.9407,"pcf":-34.6532,"iop":19.0037}