{"code":"603311","atr10":0.434,"close":17.82,"close_count":60,"l_pvalue":0.0000665646,"l_slop":7.7875428637,"l_stderror":1.5330843655,"ma120":19.3084166667,"ma250":22.71244,"ma42":18.1566666667,"max10":18.89,"min10":17.73,"name":"金海环境","stat_date":"2017-06-30","mc":37.422,"cmc":16.5737,"pe":49.3643,"pe_lyr":52.8658,"pb":5.607,"ps":7.1363,"pcf":-22.9357,"iop":3.7514}