{"code":"603318","atr10":0.554,"close":15.1,"close_count":60,"l_pvalue":6.514993918e-19,"l_slop":59.1910416662,"l_stderror":1.6514531256,"ma120":12.5826666667,"ma250":13.54892,"ma42":14.0707142857,"max10":15.98,"min10":15.04,"name":"派思股份","stat_date":"2017-06-30","mc":55.1527,"cmc":16.0362,"pe":114.5048,"pe_lyr":235.4373,"pb":11.2815,"ps":12.6314,"pcf":-169.4366,"iop":117.8775}