{"code":"603320","atr10":1.762,"close":45.46,"close_count":60,"l_pvalue":0.0,"l_slop":59.9541679732,"l_stderror":3.8846027938,"ma120":null,"ma250":null,"ma42":38.5907142857,"max10":46.07,"min10":39.83,"name":"迪贝电气","stat_date":"2017-06-30","mc":45.46,"cmc":11.365,"pe":83.5626,"pe_lyr":99.0647,"pb":7.9493,"ps":7.6617,"pcf":50.3545,"iop":null}