{"code":"603308","atr10":0.255,"close":14.15,"close_count":60,"l_pvalue":0.0000000298,"l_slop":13.550498921,"l_stderror":1.5118828825,"ma120":14.7516666667,"ma250":18.0698,"ma42":14.205,"max10":14.52,"min10":14.09,"name":"应流股份","stat_date":"2017-06-30","mc":61.3762,"cmc":56.6014,"pe":88.6399,"pe_lyr":112.2411,"pb":2.1884,"ps":4.5906,"pcf":-4.3016,"iop":70.3924}