{"code":"603303","atr10":1.022,"close":32.72,"close_count":60,"l_pvalue":0.0,"l_slop":49.9573339286,"l_stderror":3.7183618343,"ma120":32.9538333333,"ma250":null,"ma42":31.950952381,"max10":35.39,"min10":32.4,"name":"得邦照明","stat_date":"2017-06-30","mc":78.528,"cmc":19.632,"pe":23.1258,"pe_lyr":24.6385,"pb":3.3196,"ps":2.017,"pcf":66.3213,"iop":-7.8376}