{"code":"603387","atr10":2.009,"close":51.97,"close_count":53,"l_pvalue":0.000000036,"l_slop":45.613298614,"l_stderror":5.152071756,"ma120":null,"ma250":null,"ma42":53.1045238095,"max10":59.26,"min10":51.88,"name":"基蛋生物","stat_date":"2017-06-30","mc":68.6004,"cmc":17.1501,"pe":41.5564,"pe_lyr":49.5822,"pb":6.6032,"ps":16.6801,"pcf":748.9736,"iop":null}