{"code":"603328","atr10":0.665,"close":15.55,"close_count":60,"l_pvalue":0.0,"l_slop":35.5438117298,"l_stderror":1.7953131609,"ma120":13.9409166667,"ma250":14.44072,"ma42":13.8007142857,"max10":15.55,"min10":13.6,"name":"依顿电子","stat_date":"2017-06-30","mc":155.1449,"cmc":153.4042,"pe":26.306,"pe_lyr":26.366,"pb":3.6315,"ps":4.9229,"pcf":-508.7634,"iop":0.5963}