{"code":"603309","atr10":0.61,"close":20.65,"close_count":60,"l_pvalue":1.358154397e-18,"l_slop":54.9705543372,"l_stderror":1.5950620725,"ma120":18.7445,"ma250":22.28876,"ma42":18.8016666667,"max10":21.34,"min10":20.13,"name":"维力医疗","stat_date":"2017-06-30","mc":41.3,"cmc":15.9005,"pe":49.3593,"pe_lyr":52.1136,"pb":4.7624,"ps":7.1703,"pcf":202.8593,"iop":28.8955}