{"code":"603398","atr10":0.517,"close":20.53,"close_count":60,"l_pvalue":0.0,"l_slop":30.4181423761,"l_stderror":1.4154870339,"ma120":23.93625,"ma250":29.8416,"ma42":19.9542857143,"max10":21.37,"min10":20.53,"name":"邦宝益智","stat_date":"2017-06-30","mc":43.6221,"cmc":10.8398,"pe":75.7593,"pe_lyr":74.4949,"pb":7.2269,"ps":15.1378,"pcf":109.471,"iop":15.3913}