{"code":"603360","atr10":0.752,"close":29.27,"close_count":60,"l_pvalue":0.0,"l_slop":18.8603275782,"l_stderror":1.3616493297,"ma120":28.6583333333,"ma250":null,"ma42":26.9166666667,"max10":29.31,"min10":27.33,"name":"百傲化学","stat_date":"2017-06-30","mc":39.0286,"cmc":9.7586,"pe":35.6856,"pe_lyr":39.7143,"pb":7.6749,"ps":9.9269,"pcf":15.2759,"iop":6.2142}