{"code":"603339","atr10":1.023,"close":27.06,"close_count":60,"l_pvalue":0.0000000006,"l_slop":21.0626966007,"l_stderror":1.8391696694,"ma120":26.4075,"ma250":32.32832,"ma42":26.3671428571,"max10":29.06,"min10":26.54,"name":"四方冷链","stat_date":"2017-06-30","mc":56.8926,"cmc":15.3701,"pe":39.5706,"pe_lyr":45.7178,"pb":4.2105,"ps":6.9818,"pcf":49.4554,"iop":41.8041}