{"code":"603306","atr10":0.539,"close":30.47,"close_count":60,"l_pvalue":1.382604021e-18,"l_slop":-24.578599534,"l_stderror":0.7138692012,"ma120":31.3084166667,"ma250":33.01428,"ma42":31.9242857143,"max10":31.09,"min10":29.94,"name":"华懋科技","stat_date":"2017-06-30","mc":71.9607,"cmc":64.4623,"pe":26.6921,"pe_lyr":27.4153,"pb":3.637,"ps":7.5653,"pcf":37.6733,"iop":3.5247}