{"code":"603316","atr10":0.728,"close":16.36,"close_count":60,"l_pvalue":0.0000000001,"l_slop":30.0902201718,"l_stderror":2.353233381,"ma120":null,"ma250":null,"ma42":16.4019047619,"max10":18.47,"min10":16.27,"name":"诚邦股份","stat_date":"2017-06-30","mc":33.2566,"cmc":8.3142,"pe":49.0699,"pe_lyr":54.804,"pb":4.3473,"ps":4.8835,"pcf":9.2531,"iop":-7.8489}