{"code":"603313","atr10":0.491,"close":28.34,"close_count":60,"l_pvalue":0.0,"l_slop":-20.8745793143,"l_stderror":1.1344514016,"ma120":30.8303333333,"ma250":null,"ma42":30.2873809524,"max10":29.91,"min10":28.01,"name":"梦百合","stat_date":"2017-06-30","mc":68.016,"cmc":17.004,"pe":29.2055,"pe_lyr":33.9409,"pb":4.5675,"ps":3.4155,"pcf":12.4461,"iop":56.4403}