{"code":"603380","atr10":1.207,"close":24.42,"close_count":60,"l_pvalue":0.0000000001,"l_slop":25.8559929043,"l_stderror":1.9770441511,"ma120":null,"ma250":null,"ma42":22.1319047619,"max10":25.4,"min10":22.48,"name":"易德龙","stat_date":"2017-06-30","mc":39.072,"cmc":9.768,"pe":44.9751,"pe_lyr":48.2392,"pb":6.1321,"ps":5.0685,"pcf":9.3917,"iop":null}