{"code":"603322","atr10":3.081,"close":53.2,"close_count":60,"l_pvalue":0.0,"l_slop":44.4067315257,"l_stderror":2.1828317199,"ma120":50.641,"ma250":66.59776,"ma42":44.4133333333,"max10":53.2,"min10":44.83,"name":"超讯通信","stat_date":"2017-06-30","mc":42.56,"cmc":17.2364,"pe":240.601,"pe_lyr":140.5057,"pb":9.1318,"ps":5.0375,"pcf":68.0828,"iop":-126.2026}