{"code":"603337","atr10":1.424,"close":45.96,"close_count":60,"l_pvalue":0.0,"l_slop":21.5308002846,"l_stderror":1.1553544706,"ma120":37.3689166667,"ma250":null,"ma42":40.705952381,"max10":45.96,"min10":40.33,"name":"杰克股份","stat_date":"2017-06-30","mc":94.9855,"cmc":23.7475,"pe":36.1648,"pe_lyr":43.0938,"pb":5.0561,"ps":4.1814,"pcf":13.7351,"iop":38.9374}