{"code":"603421","atr10":1.343,"close":33.17,"close_count":60,"l_pvalue":0.0000006831,"l_slop":9.1164128203,"l_stderror":1.2552361253,"ma120":29.822,"ma250":null,"ma42":29.9742857143,"max10":33.17,"min10":29.59,"name":"鼎信通讯","stat_date":"2017-06-30","mc":146.9781,"cmc":14.3958,"pe":42.1658,"pe_lyr":47.2733,"pb":7.1581,"ps":10.5631,"pcf":30.0904,"iop":14.9234}