{"code":"603488","atr10":0.39,"close":15.6,"close_count":60,"l_pvalue":0.0000006143,"l_slop":19.39970292,"l_stderror":2.6512609972,"ma120":null,"ma250":null,"ma42":15.72,"max10":16.49,"min10":15.41,"name":"展鹏科技","stat_date":"2017-06-30","mc":32.448,"cmc":8.112,"pe":45.8843,"pe_lyr":44.7245,"pb":4.2882,"ps":11.4203,"pcf":-126.1999,"iop":null}