{"code":"603496","atr10":2.086,"close":36.42,"close_count":60,"l_pvalue":0.0,"l_slop":47.9307418111,"l_stderror":2.0031065012,"ma120":null,"ma250":null,"ma42":33.2904761905,"max10":39.94,"min10":34.89,"name":"恒为科技","stat_date":"2017-06-30","mc":36.42,"cmc":9.105,"pe":56.1377,"pe_lyr":58.7216,"pb":5.9319,"ps":13.3383,"pcf":11.1772,"iop":null}