{"code":"603429","atr10":1.779,"close":42.8,"close_count":60,"l_pvalue":0.0000000293,"l_slop":54.6258158359,"l_stderror":6.0879569955,"ma120":39.8195,"ma250":null,"ma42":41.0416666667,"max10":44.56,"min10":42.06,"name":"集友股份","stat_date":"2017-06-30","mc":58.208,"cmc":14.552,"pe":82.0719,"pe_lyr":110.2345,"pb":12.3607,"ps":27.1119,"pcf":-754.7604,"iop":116.6974}