{"code":"603444","atr10":3.891,"close":213.11,"close_count":60,"l_pvalue":0.0000000063,"l_slop":-12.2445047969,"l_stderror":1.2382358044,"ma120":255.32375,"ma250":null,"ma42":228.05547619,"max10":227.66,"min10":212.01,"name":"吉比特","stat_date":"2017-06-30","mc":152.8849,"cmc":37.9336,"pe":25.8384,"pe_lyr":26.1134,"pb":7.8111,"ps":10.5396,"pcf":70.2286,"iop":-40.6192}