{"code":"603416","atr10":0.918,"close":35.13,"close_count":60,"l_pvalue":0.0000276337,"l_slop":11.6316710253,"l_stderror":2.1232591374,"ma120":34.9439166667,"ma250":null,"ma42":34.7164285714,"max10":36.44,"min10":34.55,"name":"信捷电气","stat_date":"2017-06-30","mc":49.3787,"cmc":12.3447,"pe":40.5485,"pe_lyr":49.2849,"pb":5.6674,"ps":11.8337,"pcf":-75.004,"iop":118.8778}