{"code":"603456","atr10":0.297,"close":16.3,"close_count":60,"l_pvalue":0.0,"l_slop":-14.3849434991,"l_stderror":0.7707173278,"ma120":16.5316666667,"ma250":19.25888,"ma42":17.2411904762,"max10":17.12,"min10":16.29,"name":"九洲药业","stat_date":"2017-06-30","mc":72.9989,"cmc":23.3524,"pe":49.7118,"pe_lyr":65.4814,"pb":2.7806,"ps":4.309,"pcf":64.9619,"iop":1013.8056}