{"code":"603559","atr10":2.652,"close":37.17,"close_count":60,"l_pvalue":0.0000062558,"l_slop":84.9449176587,"l_stderror":13.7648922813,"ma120":29.73525,"ma250":null,"ma42":23.3595238095,"max10":37.17,"min10":21.68,"name":"中通国脉","stat_date":"2017-06-30","mc":49.0644,"cmc":12.2661,"pe":116.1642,"pe_lyr":115.3493,"pb":9.4672,"ps":9.1875,"pcf":43.7927,"iop":0.1688}