{"code":"603505","atr10":2.069,"close":29.45,"close_count":60,"l_pvalue":3.105278229e-18,"l_slop":74.8793370823,"l_stderror":2.2709786803,"ma120":null,"ma250":null,"ma42":24.6654761905,"max10":30.62,"min10":25.59,"name":"金石资源","stat_date":"2017-06-30","mc":70.68,"cmc":17.67,"pe":125.8983,"pe_lyr":140.8032,"pb":10.3443,"ps":22.6779,"pcf":-771.9267,"iop":53.3233}