{"code":"603589","atr10":1.853,"close":46.81,"close_count":60,"l_pvalue":0.0,"l_slop":29.6205589492,"l_stderror":1.2852365768,"ma120":39.0363333333,"ma250":35.91208,"ma42":44.959047619,"max10":47.76,"min10":45.95,"name":"口子窖","stat_date":"2017-06-30","mc":280.86,"cmc":137.3988,"pe":31.0548,"pe_lyr":35.8485,"pb":6.6445,"ps":9.079,"pcf":80.8371,"iop":42.9107}