{"code":"603518","atr10":0.425,"close":24.37,"close_count":60,"l_pvalue":0.0060122437,"l_slop":10.9920327903,"l_stderror":3.5559442179,"ma120":24.9066666667,"ma250":28.00216,"ma42":24.7242857143,"max10":25.62,"min10":24.15,"name":"维格娜丝","stat_date":"2017-06-30","mc":37.094,"cmc":13.5564,"pe":31.9834,"pe_lyr":36.9727,"pb":2.4019,"ps":2.8507,"pcf":63.3899,"iop":130.9579}