{"code":"603501","atr10":2.194,"close":22.17,"close_count":60,"l_pvalue":0.0994683573,"l_slop":1.1316379741,"l_stderror":0.653351489,"ma120":null,"ma250":null,"ma42":null,"max10":22.17,"min10":20.15,"name":"韦尔股份","stat_date":"2017-06-30","mc":92.2272,"cmc":9.2227,"pe":70.1692,"pe_lyr":65.0904,"pb":8.491,"ps":4.5419,"pcf":57.469,"iop":-52.331}