{"code":"603577","atr10":0.8,"close":18.54,"close_count":60,"l_pvalue":0.0,"l_slop":60.9159764799,"l_stderror":4.0024061834,"ma120":20.87575,"ma250":null,"ma42":18.2383333333,"max10":20.47,"min10":18.33,"name":"汇金通","stat_date":"2017-06-30","mc":32.4487,"cmc":8.115,"pe":53.5486,"pe_lyr":51.1794,"pb":3.9486,"ps":4.2765,"pcf":20.7611,"iop":2.1812}