{"code":"603508","atr10":0.854,"close":50.21,"close_count":60,"l_pvalue":0.0001280835,"l_slop":6.5721375146,"l_stderror":1.3728367366,"ma120":52.4295833333,"ma250":63.53492,"ma42":50.1628571429,"max10":51.21,"min10":50.11,"name":"思维列控","stat_date":"2017-06-30","mc":80.336,"cmc":32.7369,"pe":42.2154,"pe_lyr":42.9794,"pb":3.2288,"ps":14.6359,"pcf":-20.3266,"iop":299.2136}