{"code":"603586","atr10":1.143,"close":31.15,"close_count":60,"l_pvalue":0.0,"l_slop":29.2333571756,"l_stderror":2.0778223513,"ma120":34.0034166667,"ma250":null,"ma42":30.9747619048,"max10":34.06,"min10":30.96,"name":"金麒麟","stat_date":"2017-06-30","mc":65.2188,"cmc":16.3538,"pe":30.9142,"pe_lyr":31.4793,"pb":3.1949,"ps":4.464,"pcf":9.864,"iop":3.6211}