{"code":"603580","atr10":1.22,"close":37.06,"close_count":60,"l_pvalue":0.0000000015,"l_slop":44.7985145003,"l_stderror":4.1416969187,"ma120":null,"ma250":null,"ma42":34.8304761905,"max10":37.72,"min10":36.89,"name":"艾艾精工","stat_date":"2017-06-30","mc":24.7079,"cmc":6.1779,"pe":76.4995,"pe_lyr":79.5357,"pb":6.8544,"ps":16.2505,"pcf":14.8208,"iop":null}