{"code":"603567","atr10":0.225,"close":16.28,"close_count":60,"l_pvalue":0.0000000276,"l_slop":5.7084611729,"l_stderror":0.6337504705,"ma120":16.6231666667,"ma250":18.493,"ma42":16.384047619,"max10":16.89,"min10":16.27,"name":"珍宝岛","stat_date":"2017-06-30","mc":138.2432,"cmc":44.4704,"pe":27.6001,"pe_lyr":27.1299,"pb":3.1797,"ps":5.2513,"pcf":-86.1145,"iop":-58.3361}