{"code":"603569","atr10":0.779,"close":30.82,"close_count":60,"l_pvalue":1.639264582e-16,"l_slop":12.9911213217,"l_stderror":0.4875703409,"ma120":33.2104166667,"ma250":38.549,"ma42":30.4547619048,"max10":31.81,"min10":30.53,"name":"长久物流","stat_date":"2017-06-30","mc":123.2831,"cmc":17.6548,"pe":35.4769,"pe_lyr":34.0162,"pb":6.4023,"ps":2.5737,"pcf":29.3687,"iop":79.7864}