{"code":"603536","atr10":1.037,"close":22.59,"close_count":60,"l_pvalue":1.152315659e-16,"l_slop":52.2410025518,"l_stderror":1.9237301863,"ma120":null,"ma250":null,"ma42":21.0452380952,"max10":23.7,"min10":22.4,"name":"惠发股份","stat_date":"2017-06-30","mc":27.108,"cmc":6.777,"pe":29.406,"pe_lyr":64.3598,"pb":4.5157,"ps":2.8518,"pcf":34.8813,"iop":null}