{"code":"603585","atr10":0.7,"close":34.42,"close_count":60,"l_pvalue":0.0000003137,"l_slop":33.3440879115,"l_stderror":4.3494571062,"ma120":35.3204166667,"ma250":null,"ma42":34.4126190476,"max10":36.41,"min10":34.22,"name":"苏利股份","stat_date":"2017-06-30","mc":51.63,"cmc":12.9075,"pe":24.8214,"pe_lyr":27.8694,"pb":3.6827,"ps":3.644,"pcf":8.7796,"iop":14.8299}