{"code":"603520","atr10":0.806,"close":28.81,"close_count":60,"l_pvalue":0.0034845938,"l_slop":4.1446979776,"l_stderror":1.2430216877,"ma120":31.04025,"ma250":40.30812,"ma42":28.9526190476,"max10":29.72,"min10":28.28,"name":"司太立","stat_date":"2017-06-30","mc":34.572,"cmc":18.6257,"pe":41.2163,"pe_lyr":45.4168,"pb":4.1725,"ps":4.8576,"pcf":-122.4326,"iop":15.3782}