{"code":"603599","atr10":0.405,"close":16.86,"close_count":60,"l_pvalue":0.0000000587,"l_slop":18.1409302275,"l_stderror":2.1151077952,"ma120":15.7124166667,"ma250":16.5578,"ma42":16.6347619048,"max10":17.15,"min10":16.71,"name":"广信股份","stat_date":"2017-06-30","mc":63.4745,"cmc":23.0105,"pe":26.4864,"pe_lyr":35.0434,"pb":2.5277,"ps":3.1098,"pcf":1535.6998,"iop":113.9148}