{"code":"603519","atr10":0.688,"close":25.26,"close_count":60,"l_pvalue":0.0,"l_slop":20.5306119837,"l_stderror":1.3771121237,"ma120":24.1960833333,"ma250":27.44152,"ma42":23.5666666667,"max10":25.68,"min10":23.45,"name":"立霸股份","stat_date":"2017-06-30","mc":40.416,"cmc":19.4198,"pe":52.981,"pe_lyr":55.7138,"pb":5.9477,"ps":3.896,"pcf":-64.2542,"iop":6.0253}