{"code":"603555","atr10":0.327,"close":21.62,"close_count":60,"l_pvalue":9.410195445e-19,"l_slop":-11.7659766055,"l_stderror":0.3347829738,"ma120":22.5754166667,"ma250":23.98448,"ma42":21.8919047619,"max10":21.8,"min10":21.39,"name":"贵人鸟","stat_date":"2017-06-30","mc":135.9038,"cmc":132.7468,"pe":51.1769,"pe_lyr":46.4375,"pb":5.773,"ps":4.7864,"pcf":34.1302,"iop":-29.7391}