{"code":"603538","atr10":0.849,"close":28.87,"close_count":60,"l_pvalue":8.993154546e-20,"l_slop":33.5959276985,"l_stderror":0.8434497803,"ma120":29.599,"ma250":null,"ma42":27.3642857143,"max10":29.74,"min10":28.04,"name":"美诺华","stat_date":"2017-06-30","mc":34.644,"cmc":8.661,"pe":48.7327,"pe_lyr":43.9402,"pb":3.1337,"ps":5.9367,"pcf":8.6751,"iop":-48.6745}