{"code":"603517","atr10":1.037,"close":35.7,"close_count":60,"l_pvalue":1.109547713e-16,"l_slop":15.0913214268,"l_stderror":0.5545928693,"ma120":35.0918333333,"ma250":null,"ma42":32.959047619,"max10":35.7,"min10":33.34,"name":"绝味食品","stat_date":"2017-06-30","mc":146.37,"cmc":17.85,"pe":33.5649,"pe_lyr":38.4877,"pb":6.3341,"ps":4.1035,"pcf":19.3438,"iop":20.9417}