{"code":"603558","atr10":0.239,"close":15.98,"close_count":60,"l_pvalue":0.0073821138,"l_slop":-5.5534368812,"l_stderror":1.8519167866,"ma120":17.117,"ma250":19.50056,"ma42":16.5930952381,"max10":16.51,"min10":15.92,"name":"健盛集团","stat_date":"2017-06-30","mc":64.3384,"cmc":18.4569,"pe":69.3258,"pe_lyr":62.0889,"pb":2.522,"ps":7.7911,"pcf":-190.9818,"iop":86.4365}