{"code":"603528","atr10":0.429,"close":12.39,"close_count":60,"l_pvalue":0.0,"l_slop":58.3510607724,"l_stderror":3.4630669952,"ma120":13.8474166667,"ma250":18.99764,"ma42":12.1826190476,"max10":13.62,"min10":12.36,"name":"多伦科技","stat_date":"2017-06-30","mc":76.823,"cmc":23.2424,"pe":37.8162,"pe_lyr":24.878,"pb":5.7908,"ps":11.3913,"pcf":-78.3289,"iop":-46.1077}