{"code":"603566","atr10":0.519,"close":22.05,"close_count":60,"l_pvalue":0.0182905348,"l_slop":4.8891464942,"l_stderror":1.893879446,"ma120":23.7253333333,"ma250":24.52732,"ma42":22.7378571429,"max10":23.27,"min10":21.99,"name":"普莱柯","stat_date":"2017-06-30","mc":71.3847,"cmc":35.7471,"pe":44.6855,"pe_lyr":37.9701,"pb":4.7934,"ps":12.0658,"pcf":-109.6224,"iop":-35.9102}