{"code":"603515","atr10":1.398,"close":40.42,"close_count":60,"l_pvalue":0.0,"l_slop":29.2426994045,"l_stderror":1.7931161744,"ma120":36.8928333333,"ma250":38.045,"ma42":39.3938095238,"max10":42.29,"min10":40.42,"name":"欧普照明","stat_date":"2017-06-30","mc":234.2255,"cmc":39.1486,"pe":40.2411,"pe_lyr":46.2479,"pb":7.2906,"ps":3.7459,"pcf":1380.1606,"iop":37.2704}