{"code":"603568","atr10":0.463,"close":21.89,"close_count":60,"l_pvalue":2.503638447e-16,"l_slop":22.2947027919,"l_stderror":0.8561002512,"ma120":21.49825,"ma250":23.13516,"ma42":21.4071428571,"max10":22.57,"min10":21.57,"name":"伟明环保","stat_date":"2017-06-30","mc":150.4303,"cmc":28.5967,"pe":36.8232,"pe_lyr":45.785,"pb":7.1118,"ps":18.4885,"pcf":66.1655,"iop":51.8013}