{"code":"603556","atr10":0.57,"close":41.69,"close_count":60,"l_pvalue":0.0000074183,"l_slop":16.2851972737,"l_stderror":2.6739986652,"ma120":43.2061666667,"ma250":null,"ma42":41.8007142857,"max10":43.02,"min10":41.35,"name":"海兴电力","stat_date":"2017-06-30","mc":158.502,"cmc":38.9134,"pe":28.064,"pe_lyr":30.4091,"pb":3.6298,"ps":6.1147,"pcf":30.6162,"iop":21.3948}