{"code":"603578","atr10":2.04,"close":52.98,"close_count":60,"l_pvalue":0.0,"l_slop":30.631836041,"l_stderror":1.8023037505,"ma120":47.118,"ma250":null,"ma42":49.8019047619,"max10":53.75,"min10":50.48,"name":"三星新材","stat_date":"2017-06-30","mc":46.6224,"cmc":11.6556,"pe":89.8168,"pe_lyr":97.7299,"pb":9.9117,"ps":16.3519,"pcf":49.6344,"iop":52.6637}