{"code":"603579","atr10":2.22,"close":57.8,"close_count":60,"l_pvalue":0.0000000002,"l_slop":38.0778254676,"l_stderror":3.1213779646,"ma120":61.6075833333,"ma250":null,"ma42":58.3761904762,"max10":63.48,"min10":57.2,"name":"荣泰健康","stat_date":"2017-06-30","mc":80.92,"cmc":20.23,"pe":37.2122,"pe_lyr":39.1588,"pb":6.4485,"ps":5.3405,"pcf":9.4537,"iop":14.018}