{"code":"603588","atr10":0.512,"close":14.19,"close_count":60,"l_pvalue":0.0,"l_slop":-2.5628079062,"l_stderror":0.1424679159,"ma120":15.69725,"ma250":15.82556,"ma42":15.6876190476,"max10":14.19,"min10":14.19,"name":"高能环境","stat_date":"2017-06-30","mc":93.9649,"cmc":69.3748,"pe":50.7447,"pe_lyr":60.0486,"pb":4.6001,"ps":4.9891,"pcf":-45.8156,"iop":89.6863}