{"code":"603598","atr10":0.885,"close":16.45,"close_count":60,"l_pvalue":0.0000000631,"l_slop":33.1416219287,"l_stderror":3.8822828824,"ma120":20.989,"ma250":21.5646,"ma42":18.115,"max10":19.61,"min10":16.43,"name":"引力传媒","stat_date":"2017-06-30","mc":44.5981,"cmc":16.0157,"pe":130.7629,"pe_lyr":135.0154,"pb":7.331,"ps":2.4395,"pcf":57.6032,"iop":-59.0121}