{"code":"603606","atr10":0.212,"close":11.75,"close_count":60,"l_pvalue":0.0000016837,"l_slop":6.8405326859,"l_stderror":1.0047036467,"ma120":12.0035833333,"ma250":13.74248,"ma42":11.7061904762,"max10":11.94,"min10":11.6,"name":"东方电缆","stat_date":"2017-06-30","mc":36.539,"cmc":16.3605,"pe":62.4355,"pe_lyr":70.466,"pb":4.2106,"ps":1.8108,"pcf":-1441.5767,"iop":82.9139}