{"code":"603678","atr10":1.134,"close":28.11,"close_count":60,"l_pvalue":9.176892279e-17,"l_slop":44.033369001,"l_stderror":1.6017125615,"ma120":26.4776666667,"ma250":28.80864,"ma42":25.2852380952,"max10":28.63,"min10":26.08,"name":"火炬电子","stat_date":"2017-06-30","mc":127.2444,"cmc":67.0185,"pe":56.88,"pe_lyr":65.7666,"pb":5.2981,"ps":7.7041,"pcf":398.5765,"iop":61.2204}