{"code":"603618","atr10":0.268,"close":9.57,"close_count":60,"l_pvalue":0.0000000335,"l_slop":16.3735948785,"l_stderror":1.8407704693,"ma120":9.8494166667,"ma250":11.37084,"ma42":9.5616666667,"max10":10.25,"min10":9.43,"name":"杭电股份","stat_date":"2017-06-30","mc":65.7343,"cmc":29.6746,"pe":57.0342,"pe_lyr":48.3437,"pb":2.9234,"ps":1.8777,"pcf":40.2068,"iop":-47.2662}