{"code":"603617","atr10":0.861,"close":26.03,"close_count":60,"l_pvalue":0.0000008649,"l_slop":29.9959633588,"l_stderror":4.1996102805,"ma120":null,"ma250":null,"ma42":25.8764285714,"max10":28.32,"min10":25.82,"name":"君禾股份","stat_date":"2017-06-30","mc":26.03,"cmc":6.5075,"pe":43.8416,"pe_lyr":47.1805,"pb":5.7664,"ps":4.8392,"pcf":10.4106,"iop":7.8166}