{"code":"603600","atr10":0.388,"close":17.39,"close_count":60,"l_pvalue":0.0000011716,"l_slop":10.5394112362,"l_stderror":1.5079072445,"ma120":16.8026666667,"ma250":18.94468,"ma42":16.8369047619,"max10":17.55,"min10":16.72,"name":"永艺股份","stat_date":"2017-06-30","mc":44.0045,"cmc":18.2052,"pe":34.089,"pe_lyr":36.6021,"pb":6.7004,"ps":2.7546,"pcf":-1015.793,"iop":27.7175}