{"code":"603609","atr10":0.131,"close":9.14,"close_count":60,"l_pvalue":0.0006998005,"l_slop":3.0607923185,"l_stderror":0.7576816921,"ma120":9.6068333333,"ma250":11.64028,"ma42":9.2202380952,"max10":9.4,"min10":9.13,"name":"禾丰牧业","stat_date":"2017-06-30","mc":75.9695,"cmc":75.9695,"pe":21.7059,"pe_lyr":17.7924,"pb":2.5092,"ps":0.5926,"pcf":34.8511,"iop":-68.5166}