{"code":"603668","atr10":0.439,"close":14.84,"close_count":60,"l_pvalue":0.0,"l_slop":12.8350379111,"l_stderror":0.7736356374,"ma120":15.2213333333,"ma250":null,"ma42":14.7245238095,"max10":15.65,"min10":14.83,"name":"天马科技","stat_date":"2017-06-30","mc":44.0451,"cmc":11.0113,"pe":48.2591,"pe_lyr":54.8552,"pb":5.6975,"ps":4.6971,"pcf":1602.8719,"iop":54.5395}