{"code":"603696","atr10":0.835,"close":40.11,"close_count":60,"l_pvalue":0.8172357144,"l_slop":-0.4012707024,"l_stderror":1.7124202436,"ma120":39.3238333333,"ma250":40.94904,"ma42":40.6952380952,"max10":41.46,"min10":40.11,"name":"安记食品","stat_date":"2017-06-30","mc":48.132,"cmc":13.8379,"pe":124.6162,"pe_lyr":117.983,"pb":6.8929,"ps":19.6295,"pcf":-38.4788,"iop":-28.0655}