{"code":"603667","atr10":0.989,"close":25.72,"close_count":60,"l_pvalue":0.0,"l_slop":54.1597646679,"l_stderror":2.2614609721,"ma120":23.7040833333,"ma250":null,"ma42":23.3280952381,"max10":26.24,"min10":24.22,"name":"五洲新春","stat_date":"2017-06-30","mc":52.0573,"cmc":13.0143,"pe":53.2216,"pe_lyr":58.6938,"pb":4.4732,"ps":4.6635,"pcf":81.645,"iop":23.6353}