{"code":"603699","atr10":0.296,"close":16.25,"close_count":60,"l_pvalue":0.0000000003,"l_slop":5.5962578939,"l_stderror":0.4733456781,"ma120":15.86925,"ma250":16.65088,"ma42":16.2323809524,"max10":16.57,"min10":16.23,"name":"纽威股份","stat_date":"2017-06-30","mc":121.875,"cmc":121.875,"pe":67.2961,"pe_lyr":55.5281,"pb":5.2291,"ps":5.6872,"pcf":-3236.4402,"iop":-21.9523}