{"code":"603636","atr10":0.429,"close":13.04,"close_count":60,"l_pvalue":7.27741666e-16,"l_slop":64.7948438299,"l_stderror":2.6359797434,"ma120":12.76175,"ma250":17.50312,"ma42":11.5330952381,"max10":13.04,"min10":12.31,"name":"南威软件","stat_date":"2017-06-30","mc":53.0508,"cmc":22.2179,"pe":126.647,"pe_lyr":103.0619,"pb":5.9996,"ps":10.6592,"pcf":-226.9585,"iop":-19.5926}