{"code":"603601","atr10":0.223,"close":15.08,"close_count":60,"l_pvalue":0.000002507,"l_slop":-7.6181475964,"l_stderror":1.1521007987,"ma120":16.0983333333,"ma250":17.43516,"ma42":15.5278571429,"max10":15.35,"min10":14.93,"name":"再升科技","stat_date":"2017-06-30","mc":58.2316,"cmc":32.1752,"pe":61.2081,"pe_lyr":72.0474,"pb":5.157,"ps":14.7882,"pcf":-10.9782,"iop":105.4185}