{"code":"603669","atr10":0.33,"close":22.22,"close_count":60,"l_pvalue":0.0000000002,"l_slop":7.1166089549,"l_stderror":0.585776674,"ma120":23.1405,"ma250":27.27044,"ma42":22.1907142857,"max10":22.88,"min10":22.16,"name":"灵康药业","stat_date":"2017-06-30","mc":57.772,"cmc":19.2092,"pe":41.3643,"pe_lyr":37.5325,"pb":4.8255,"ps":9.5777,"pcf":538.7822,"iop":17.3364}