{"code":"603615","atr10":0.588,"close":17.18,"close_count":60,"l_pvalue":0.0000000069,"l_slop":13.334587367,"l_stderror":1.356151779,"ma120":19.0963333333,"ma250":null,"ma42":17.6216666667,"max10":18.91,"min10":17.1,"name":"茶花股份","stat_date":"2017-06-30","mc":41.232,"cmc":10.308,"pe":48.4833,"pe_lyr":45.0934,"pb":3.1975,"ps":6.1109,"pcf":11.0195,"iop":-32.1379}