{"code":"603688","atr10":1.032,"close":17.79,"close_count":60,"l_pvalue":0.0,"l_slop":105.744362779,"l_stderror":5.5665139791,"ma120":12.274,"ma250":13.29892,"ma42":13.5619047619,"max10":17.79,"min10":14.38,"name":"石英股份","stat_date":"2017-06-30","mc":60.0124,"cmc":21.4969,"pe":66.4305,"pe_lyr":74.1466,"pb":4.9253,"ps":12.1078,"pcf":-62.43,"iop":43.2735}