{"code":"603679","atr10":1.061,"close":26.01,"close_count":60,"l_pvalue":0.0001225225,"l_slop":9.8928988662,"l_stderror":2.0580199506,"ma120":null,"ma250":null,"ma42":27.9983333333,"max10":28.85,"min10":25.87,"name":"华体科技","stat_date":"2017-06-30","mc":26.01,"cmc":6.5025,"pe":50.9026,"pe_lyr":54.1135,"pb":5.4317,"ps":6.0298,"pcf":10.7575,"iop":null}