{"code":"603656","atr10":1.124,"close":34.78,"close_count":60,"l_pvalue":0.0000006348,"l_slop":16.4824663605,"l_stderror":2.257779477,"ma120":35.9445,"ma250":null,"ma42":34.1802380952,"max10":37.03,"min10":34.3,"name":"泰禾光电","stat_date":"2017-06-30","mc":36.9864,"cmc":9.2466,"pe":43.9242,"pe_lyr":44.2106,"pb":4.8091,"ps":10.0939,"pcf":46.8975,"iop":17.4819}