{"code":"603658","atr10":1.025,"close":45.76,"close_count":60,"l_pvalue":0.0000000001,"l_slop":31.8777540564,"l_stderror":2.445283059,"ma120":42.38775,"ma250":47.14832,"ma42":44.4814285714,"max10":47.49,"min10":45.28,"name":"安图生物","stat_date":"2017-06-30","mc":192.192,"cmc":62.4797,"pe":48.8482,"pe_lyr":54.95,"pb":13.6098,"ps":17.0231,"pcf":-92.8431,"iop":34.3394}