{"code":"603660","atr10":1.374,"close":43.2,"close_count":60,"l_pvalue":0.0,"l_slop":39.410888095,"l_stderror":2.6074543925,"ma120":37.1161666667,"ma250":null,"ma42":40.105,"max10":43.55,"min10":41.83,"name":"苏州科达","stat_date":"2017-06-30","mc":108.0,"cmc":21.6,"pe":43.0374,"pe_lyr":61.8299,"pb":9.0554,"ps":6.8756,"pcf":560.73,"iop":943.7323}