{"code":"603638","atr10":0.736,"close":28.09,"close_count":60,"l_pvalue":0.0,"l_slop":-25.9474593932,"l_stderror":1.4440178613,"ma120":30.52425,"ma250":null,"ma42":28.384047619,"max10":28.41,"min10":26.79,"name":"艾迪精密","stat_date":"2017-06-30","mc":49.4384,"cmc":12.3596,"pe":45.0591,"pe_lyr":62.2697,"pb":6.4279,"ps":9.6855,"pcf":35.1303,"iop":55.0587}