{"code":"603686","atr10":0.453,"close":31.08,"close_count":60,"l_pvalue":0.0000000031,"l_slop":-7.4488423032,"l_stderror":0.7214407729,"ma120":32.6438333333,"ma250":32.677,"ma42":30.8230952381,"max10":31.13,"min10":30.55,"name":"龙马环卫","stat_date":"2017-06-30","mc":84.6464,"cmc":31.7143,"pe":35.7264,"pe_lyr":40.0558,"pb":6.5896,"ps":3.1766,"pcf":-37.7054,"iop":27.0742}