{"code":"603690","atr10":1.428,"close":20.8,"close_count":60,"l_pvalue":1.080028417e-16,"l_slop":93.3045461205,"l_stderror":3.4238792113,"ma120":17.7865,"ma250":null,"ma42":17.3042857143,"max10":22.19,"min10":18.34,"name":"至纯科技","stat_date":"2017-06-30","mc":43.7632,"cmc":10.816,"pe":94.2238,"pe_lyr":96.5879,"pb":10.5933,"ps":13.9814,"pcf":54.0681,"iop":50.678}