{"code":"603603","atr10":2.15,"close":48.13,"close_count":60,"l_pvalue":0.0,"l_slop":56.9345925688,"l_stderror":3.7347183584,"ma120":42.9124166667,"ma250":null,"ma42":44.910952381,"max10":51.0,"min10":46.39,"name":"博天环境","stat_date":"2017-06-30","mc":192.5248,"cmc":19.2568,"pe":88.9869,"pe_lyr":133.9378,"pb":15.7242,"ps":8.724,"pcf":34.3476,"iop":85.5224}