{"code":"603637","atr10":0.96,"close":24.54,"close_count":60,"l_pvalue":0.0000000568,"l_slop":16.3573250232,"l_stderror":1.9030845186,"ma120":28.25,"ma250":null,"ma42":23.4276190476,"max10":25.34,"min10":23.62,"name":"镇海股份","stat_date":"2017-06-30","mc":32.6374,"cmc":8.1594,"pe":68.9806,"pe_lyr":54.1139,"pb":4.7253,"ps":15.6999,"pcf":18.7802,"iop":-32.819}