{"code":"603676","atr10":1.296,"close":17.96,"close_count":49,"l_pvalue":0.0,"l_slop":55.979259747,"l_stderror":3.1873447463,"ma120":null,"ma250":null,"ma42":17.4223809524,"max10":19.83,"min10":17.96,"name":"卫信康","stat_date":"2017-06-30","mc":75.9708,"cmc":11.3148,"pe":66.0224,"pe_lyr":66.1099,"pb":9.2509,"ps":18.893,"pcf":-73.6824,"iop":null}