{"code":"603612","atr10":4.003,"close":69.22,"close_count":52,"l_pvalue":0.0,"l_slop":142.68581386,"l_stderror":6.6195759993,"ma120":null,"ma250":null,"ma42":59.5364285714,"max10":73.97,"min10":66.09,"name":"索通发展","stat_date":"2017-06-30","mc":166.6159,"cmc":41.6704,"pe":56.1276,"pe_lyr":187.3879,"pb":8.1809,"ps":6.3043,"pcf":197.3866,"iop":null}