{"code":"603628","atr10":0.737,"close":18.57,"close_count":60,"l_pvalue":0.0,"l_slop":36.705646312,"l_stderror":2.3694486135,"ma120":22.7883333333,"ma250":null,"ma42":18.5671428571,"max10":20.63,"min10":18.54,"name":"清源股份","stat_date":"2017-06-30","mc":50.8447,"cmc":12.7112,"pe":70.1066,"pe_lyr":88.0452,"pb":5.5984,"ps":6.4062,"pcf":72.3677,"iop":-9.2972}