{"code":"603665","atr10":1.727,"close":37.09,"close_count":60,"l_pvalue":4.739046485e-19,"l_slop":28.9600573185,"l_stderror":0.794390605,"ma120":39.50875,"ma250":null,"ma42":36.2469047619,"max10":39.82,"min10":36.93,"name":"康隆达","stat_date":"2017-06-30","mc":37.09,"cmc":9.2725,"pe":43.2722,"pe_lyr":39.5585,"pb":4.1444,"ps":4.8728,"pcf":93.0269,"iop":-32.9805}