{"code":"603698","atr10":0.549,"close":24.18,"close_count":60,"l_pvalue":0.0,"l_slop":18.6812009073,"l_stderror":1.0310642435,"ma120":24.4345833333,"ma250":26.8076,"ma42":23.6121428571,"max10":24.92,"min10":23.79,"name":"航天工程","stat_date":"2017-06-30","mc":99.6941,"cmc":21.4647,"pe":42.1938,"pe_lyr":60.8404,"pb":4.1074,"ps":6.5357,"pcf":153.3555,"iop":89.9723}