{"code":"603633","atr10":0.944,"close":26.0,"close_count":60,"l_pvalue":0.0,"l_slop":27.4140701693,"l_stderror":1.5657104189,"ma120":27.85975,"ma250":null,"ma42":24.0811904762,"max10":26.15,"min10":24.67,"name":"徕木股份","stat_date":"2017-06-30","mc":31.291,"cmc":7.8234,"pe":64.0873,"pe_lyr":63.1586,"pb":4.6241,"ps":8.9312,"pcf":19.894,"iop":-30.56}