{"code":"603677","atr10":0.657,"close":30.81,"close_count":60,"l_pvalue":0.0034321674,"l_slop":-8.3207303584,"l_stderror":2.4904226711,"ma120":31.2554166667,"ma250":null,"ma42":32.0814285714,"max10":31.88,"min10":30.8,"name":"奇精机械","stat_date":"2017-06-30","mc":43.1887,"cmc":10.4754,"pe":46.5938,"pe_lyr":48.9804,"pb":4.8636,"ps":3.612,"pcf":206.9956,"iop":6.0252}