{"code":"603608","atr10":0.217,"close":13.15,"close_count":60,"l_pvalue":0.0000000001,"l_slop":9.3688057422,"l_stderror":0.7457929857,"ma120":14.2429166667,"ma250":15.71884,"ma42":12.7,"max10":13.15,"min10":12.78,"name":"天创时尚","stat_date":"2017-06-30","mc":51.548,"cmc":16.7531,"pe":32.0967,"pe_lyr":43.9534,"pb":3.3642,"ps":3.1891,"pcf":-59.6535,"iop":50.6218}