{"code":"603616","atr10":1.021,"close":23.75,"close_count":60,"l_pvalue":0.0029454833,"l_slop":13.5752171467,"l_stderror":3.9824449729,"ma120":24.41975,"ma250":20.43288,"ma42":23.9714285714,"max10":25.95,"min10":23.25,"name":"韩建河山","stat_date":"2017-06-30","mc":69.673,"cmc":34.998,"pe":439.4287,"pe_lyr":531.1857,"pb":8.6521,"ps":8.8941,"pcf":429.3562,"iop":-51.3593}