{"code":"603639","atr10":0.96,"close":50.51,"close_count":60,"l_pvalue":0.0000000229,"l_slop":11.3818232437,"l_stderror":1.248490369,"ma120":51.2569166667,"ma250":null,"ma42":50.244047619,"max10":52.39,"min10":49.71,"name":"海利尔","stat_date":"2017-06-30","mc":60.612,"cmc":15.153,"pe":32.0775,"pe_lyr":41.4437,"pb":4.1031,"ps":5.0046,"pcf":21.861,"iop":35.5709}