{"code":"603689","atr10":0.582,"close":15.78,"close_count":60,"l_pvalue":0.000000013,"l_slop":20.230158409,"l_stderror":2.1405513102,"ma120":16.9133333333,"ma250":null,"ma42":15.1071428571,"max10":16.43,"min10":15.27,"name":"皖天然气","stat_date":"2017-06-30","mc":53.0208,"cmc":13.2552,"pe":49.2796,"pe_lyr":57.6586,"pb":2.9427,"ps":2.1781,"pcf":70.4044,"iop":194.736}