{"code":"603663","atr10":0.944,"close":26.34,"close_count":60,"l_pvalue":0.0000000012,"l_slop":24.8041920259,"l_stderror":2.2612144798,"ma120":28.218,"ma250":33.76736,"ma42":26.674047619,"max10":28.75,"min10":26.1,"name":"三祥新材","stat_date":"2017-06-30","mc":35.3351,"cmc":12.9242,"pe":77.5331,"pe_lyr":89.839,"pb":8.0895,"ps":10.599,"pcf":83.3601,"iop":35.1134}