{"code":"603630","atr10":1.177,"close":33.58,"close_count":60,"l_pvalue":0.0000000086,"l_slop":12.2807939965,"l_stderror":1.266436293,"ma120":35.45975,"ma250":null,"ma42":31.9280952381,"max10":35.33,"min10":31.72,"name":"拉芳家化","stat_date":"2017-06-30","mc":58.5635,"cmc":14.6408,"pe":41.2208,"pe_lyr":39.1821,"pb":3.6912,"ps":5.9017,"pcf":12.166,"iop":-42.6556}