{"code":"603611","atr10":0.657,"close":25.27,"close_count":60,"l_pvalue":0.0000000001,"l_slop":16.812939221,"l_stderror":1.2845947913,"ma120":26.0991666667,"ma250":30.26612,"ma42":24.6252380952,"max10":25.97,"min10":24.82,"name":"诺力股份","stat_date":"2017-06-30","mc":48.3674,"cmc":23.5074,"pe":33.0609,"pe_lyr":33.3931,"pb":3.1126,"ps":2.8724,"pcf":-333.4826,"iop":-24.0817}