{"code":"603626","atr10":2.461,"close":42.93,"close_count":60,"l_pvalue":0.0000000002,"l_slop":-27.4422729905,"l_stderror":2.255778883,"ma120":42.3305833333,"ma250":null,"ma42":44.1030952381,"max10":43.31,"min10":40.64,"name":"科森科技","stat_date":"2017-06-30","mc":126.6149,"cmc":31.6537,"pe":72.8554,"pe_lyr":67.0289,"pb":8.1678,"ps":8.5915,"pcf":33.1328,"iop":-30.554}