{"code":"603787","atr10":0.566,"close":15.74,"close_count":60,"l_pvalue":0.0000000005,"l_slop":17.2174829855,"l_stderror":1.4837664981,"ma120":null,"ma250":null,"ma42":15.9045238095,"max10":16.93,"min10":15.64,"name":"新日股份","stat_date":"2017-06-30","mc":32.1096,"cmc":8.0274,"pe":43.7552,"pe_lyr":42.1355,"pb":3.8119,"ps":1.3727,"pcf":18.9525,"iop":-39.6646}