{"code":"603789","atr10":0.565,"close":16.19,"close_count":60,"l_pvalue":0.0,"l_slop":22.0966851302,"l_stderror":1.5696288998,"ma120":15.67475,"ma250":18.832,"ma42":15.7047619048,"max10":16.92,"min10":15.81,"name":"星光农机","stat_date":"2017-06-30","mc":42.4114,"cmc":16.8376,"pe":117.9474,"pe_lyr":127.7186,"pb":3.8652,"ps":6.7946,"pcf":966.1705,"iop":6.7824}