{"code":"603779","atr10":0.518,"close":20.29,"close_count":60,"l_pvalue":0.00000266,"l_slop":8.0035907028,"l_stderror":1.2157154439,"ma120":21.9883333333,"ma250":28.47748,"ma42":20.7183333333,"max10":21.47,"min10":20.19,"name":"威龙股份","stat_date":"2017-06-30","mc":40.6206,"cmc":18.7897,"pe":63.6112,"pe_lyr":69.0945,"pb":5.1227,"ps":5.0617,"pcf":-52.6431,"iop":51.1401}