{"code":"603730","atr10":0.989,"close":38.2,"close_count":44,"l_pvalue":0.0000000034,"l_slop":-5.9623306616,"l_stderror":0.5803579639,"ma120":null,"ma250":null,"ma42":39.320952381,"max10":39.92,"min10":38.2,"name":"岱美股份","stat_date":"2017-06-30","mc":155.856,"cmc":18.336,"pe":30.6391,"pe_lyr":35.0624,"pb":5.5955,"ps":5.231,"pcf":114.6502,"iop":null}