{"code":"603767","atr10":1.242,"close":20.44,"close_count":60,"l_pvalue":0.0,"l_slop":46.664336353,"l_stderror":2.2510637431,"ma120":null,"ma250":null,"ma42":19.5488095238,"max10":22.01,"min10":20.19,"name":"中马传动","stat_date":"2017-06-30","mc":43.6026,"cmc":10.9007,"pe":43.1891,"pe_lyr":41.5826,"pb":3.1441,"ps":5.1328,"pcf":7.7406,"iop":-15.1369}