{"code":"603718","atr10":0.278,"close":13.39,"close_count":60,"l_pvalue":0.0,"l_slop":-8.2765232936,"l_stderror":0.590316973,"ma120":13.8605833333,"ma250":15.8624,"ma42":13.5038095238,"max10":13.55,"min10":13.18,"name":"海利生物","stat_date":"2017-06-30","mc":86.2316,"cmc":40.8307,"pe":97.6364,"pe_lyr":100.8128,"pb":8.5407,"ps":25.8441,"pcf":-58.9655,"iop":-3.2744}