{"code":"603716","atr10":1.684,"close":82.21,"close_count":60,"l_pvalue":0.0002959169,"l_slop":-3.5552106499,"l_stderror":0.8048561893,"ma120":91.1238333333,"ma250":null,"ma42":82.7083333333,"max10":84.21,"min10":81.29,"name":"塞力斯","stat_date":"2017-06-30","mc":41.8778,"cmc":10.4736,"pe":59.9087,"pe_lyr":60.7648,"pb":4.7769,"ps":6.0375,"pcf":32.2533,"iop":-11.2907}