{"code":"603737","atr10":2.452,"close":64.68,"close_count":60,"l_pvalue":2.911889335e-17,"l_slop":29.9221226329,"l_stderror":1.0232147881,"ma120":62.7834166667,"ma250":67.8048,"ma42":60.6642857143,"max10":66.81,"min10":61.57,"name":"三棵树","stat_date":"2017-06-30","mc":64.68,"cmc":19.5469,"pe":46.2239,"pe_lyr":48.3921,"pb":6.6184,"ps":2.9163,"pcf":-22.2537,"iop":3.3945}