{"code":"603758","atr10":0.365,"close":16.22,"close_count":60,"l_pvalue":0.0000051626,"l_slop":7.8043294811,"l_stderror":1.2461409825,"ma120":null,"ma250":null,"ma42":16.4521428571,"max10":17.21,"min10":16.11,"name":"秦安股份","stat_date":"2017-06-30","mc":71.1729,"cmc":9.732,"pe":31.4474,"pe_lyr":32.7166,"pb":2.978,"ps":5.639,"pcf":29.1204,"iop":41.8472}