{"code":"603797","atr10":0.57,"close":17.66,"close_count":60,"l_pvalue":0.0000000021,"l_slop":21.5717838598,"l_stderror":2.036808046,"ma120":null,"ma250":null,"ma42":17.9295238095,"max10":19.58,"min10":17.53,"name":"联泰环保","stat_date":"2017-06-30","mc":37.6758,"cmc":9.4198,"pe":58.4805,"pe_lyr":59.3444,"pb":3.9128,"ps":19.5693,"pcf":13.508,"iop":165.3858}