{"code":"603726","atr10":0.686,"close":36.82,"close_count":60,"l_pvalue":0.0007988164,"l_slop":2.9499932821,"l_stderror":0.7408793625,"ma120":37.9696666667,"ma250":44.79836,"ma42":36.7966666667,"max10":37.41,"min10":36.74,"name":"朗迪集团","stat_date":"2017-06-30","mc":34.8759,"cmc":8.719,"pe":35.8495,"pe_lyr":51.9332,"pb":4.7935,"ps":3.4234,"pcf":-534.0023,"iop":79.8667}