{"code":"603766","atr10":0.211,"close":8.17,"close_count":60,"l_pvalue":0.0,"l_slop":33.5919351376,"l_stderror":2.070390272,"ma120":7.59,"ma250":8.00924,"ma42":7.805952381,"max10":8.45,"min10":8.11,"name":"隆鑫通用","stat_date":"2017-06-30","mc":172.6384,"cmc":169.7464,"pe":18.3719,"pe_lyr":19.9445,"pb":2.7985,"ps":1.8478,"pcf":55.6205,"iop":-13.373}