{"code":"603788","atr10":0.717,"close":40.71,"close_count":60,"l_pvalue":0.0000000186,"l_slop":-12.8050032001,"l_stderror":1.3863579651,"ma120":40.2420833333,"ma250":40.51896,"ma42":40.9261904762,"max10":41.19,"min10":39.13,"name":"宁波高发","stat_date":"2017-06-30","mc":66.9081,"cmc":19.9463,"pe":33.3952,"pe_lyr":42.5783,"pb":3.918,"ps":6.3894,"pcf":-370.0417,"iop":48.4493}