{"code":"603768","atr10":0.768,"close":23.58,"close_count":60,"l_pvalue":0.0,"l_slop":27.0272727731,"l_stderror":1.7523189217,"ma120":25.76325,"ma250":null,"ma42":23.1802380952,"max10":25.48,"min10":23.4,"name":"常青股份","stat_date":"2017-06-30","mc":48.1032,"cmc":12.0258,"pe":38.0008,"pe_lyr":32.422,"pb":3.0366,"ps":2.7522,"pcf":29.9934,"iop":-43.1448}