{"code":"603757","atr10":1.69,"close":57.63,"close_count":57,"l_pvalue":0.0787863268,"l_slop":-4.1695335942,"l_stderror":2.244516092,"ma120":null,"ma250":null,"ma42":56.4076190476,"max10":57.63,"min10":53.05,"name":"大元泵业","stat_date":"2017-06-30","mc":48.2939,"cmc":12.1023,"pe":34.3314,"pe_lyr":39.3004,"pb":6.1397,"ps":5.4251,"pcf":1205.309,"iop":26.4326}