{"code":"603738","atr10":1.136,"close":31.67,"close_count":60,"l_pvalue":0.0,"l_slop":12.4032454083,"l_stderror":0.7751568405,"ma120":32.00675,"ma250":null,"ma42":30.970952381,"max10":33.19,"min10":30.73,"name":"泰晶科技","stat_date":"2017-06-30","mc":35.8998,"cmc":8.9803,"pe":55.851,"pe_lyr":60.8201,"pb":6.4786,"ps":8.6562,"pcf":-155.4096,"iop":-1.9608}