{"code":"603717","atr10":0.659,"close":28.21,"close_count":60,"l_pvalue":0.0000000074,"l_slop":5.9303544138,"l_stderror":0.6058110702,"ma120":31.9814166667,"ma250":null,"ma42":28.3588095238,"max10":29.29,"min10":28.16,"name":"天域生态","stat_date":"2017-06-30","mc":48.7219,"cmc":12.1805,"pe":39.4101,"pe_lyr":44.328,"pb":4.0224,"ps":5.7316,"pcf":12.2517,"iop":-65.8691}