{"code":"603707","atr10":1.347,"close":23.8,"close_count":51,"l_pvalue":1.375621579e-17,"l_slop":92.9835007323,"l_stderror":3.0541567054,"ma120":null,"ma250":null,"ma42":20.8321428571,"max10":25.46,"min10":23.15,"name":"健友股份","stat_date":"2017-06-30","mc":100.793,"cmc":15.113,"pe":52.1306,"pe_lyr":39.1825,"pb":5.4148,"ps":13.2992,"pcf":-24.9938,"iop":null}