{"code":"603728","atr10":0.814,"close":24.57,"close_count":60,"l_pvalue":8.829714807e-19,"l_slop":29.1865488979,"l_stderror":0.8276401043,"ma120":null,"ma250":null,"ma42":22.5697619048,"max10":24.62,"min10":23.32,"name":"鸣志电器","stat_date":"2017-06-30","mc":78.624,"cmc":19.656,"pe":45.9468,"pe_lyr":50.1391,"pb":4.904,"ps":4.9452,"pcf":9.4207,"iop":7.2047}