{"code":"603708","atr10":0.52,"close":16.83,"close_count":60,"l_pvalue":0.0000000046,"l_slop":8.6945356909,"l_stderror":0.8623227664,"ma120":16.5675,"ma250":null,"ma42":15.8064285714,"max10":16.83,"min10":15.69,"name":"家家悦","stat_date":"2017-06-30","mc":78.7644,"cmc":19.6911,"pe":29.388,"pe_lyr":31.3492,"pb":3.4081,"ps":0.7202,"pcf":6.143,"iop":17.9299}