{"code":"603727","atr10":0.899,"close":30.77,"close_count":60,"l_pvalue":0.0,"l_slop":17.6485959679,"l_stderror":1.0511090243,"ma120":31.6655833333,"ma250":null,"ma42":28.5471428571,"max10":30.77,"min10":28.83,"name":"博迈科","stat_date":"2017-06-30","mc":72.0464,"cmc":18.062,"pe":31.7851,"pe_lyr":30.9183,"pb":2.9847,"ps":3.6575,"pcf":12.7832,"iop":60.5528}