{"code":"603777","atr10":0.819,"close":31.33,"close_count":60,"l_pvalue":0.1519884456,"l_slop":-1.0348089333,"l_stderror":0.6933413004,"ma120":33.566,"ma250":null,"ma42":31.995,"max10":33.26,"min10":31.24,"name":"来伊份","stat_date":"2017-06-30","mc":76.3573,"cmc":18.798,"pe":50.4089,"pe_lyr":56.9343,"pb":3.9273,"ps":2.2966,"pcf":29.1814,"iop":-22.1251}