{"code":"603703","atr10":0.809,"close":21.64,"close_count":60,"l_pvalue":2.730360701e-18,"l_slop":64.9430978232,"l_stderror":1.9561151122,"ma120":18.585,"ma250":26.54472,"ma42":18.6597619048,"max10":21.64,"min10":19.68,"name":"盛洋科技","stat_date":"2017-06-30","mc":49.7071,"cmc":20.7568,"pe":139.1263,"pe_lyr":182.0579,"pb":9.3025,"ps":7.8985,"pcf":340.6288,"iop":8.5929}