{"code":"603701","atr10":1.151,"close":23.89,"close_count":60,"l_pvalue":0.0,"l_slop":33.5828512269,"l_stderror":1.5580533254,"ma120":24.8343333333,"ma250":33.18072,"ma42":23.1566666667,"max10":26.51,"min10":23.71,"name":"德宏股份","stat_date":"2017-06-30","mc":28.5533,"cmc":13.99,"pe":39.0171,"pe_lyr":42.1525,"pb":4.9945,"ps":6.3611,"pcf":-62.4825,"iop":15.5482}