{"code":"603778","atr10":0.233,"close":10.02,"close_count":60,"l_pvalue":0.0,"l_slop":-23.8701471918,"l_stderror":1.0413777403,"ma120":10.98575,"ma250":10.63368,"ma42":10.6245238095,"max10":10.38,"min10":10.02,"name":"乾景园林","stat_date":"2017-06-30","mc":50.1,"cmc":22.6657,"pe":65.5455,"pe_lyr":62.4853,"pb":5.2743,"ps":9.39,"pcf":-1877.5732,"iop":18.0651}