{"code":"603799","atr10":5.286,"close":89.13,"close_count":60,"l_pvalue":0.0,"l_slop":97.3487915624,"l_stderror":5.6515653642,"ma120":61.1665833333,"ma250":49.97648,"ma42":77.3633333333,"max10":91.02,"min10":82.34,"name":"华友钴业","stat_date":"2017-06-30","mc":528.2527,"cmc":241.7847,"pe":68.1234,"pe_lyr":762.9578,"pb":10.5966,"ps":8.1119,"pcf":78.2505,"iop":2449.8218}