{"code":"603729","atr10":2.338,"close":64.12,"close_count":60,"l_pvalue":0.0,"l_slop":-1.4896940862,"l_stderror":0.0828129222,"ma120":75.8573333333,"ma250":76.50988,"ma42":71.4657142857,"max10":64.12,"min10":64.12,"name":"龙韵股份","stat_date":"2017-06-30","mc":42.7155,"cmc":23.1293,"pe":277.5871,"pe_lyr":122.4948,"pb":5.2326,"ps":5.298,"pcf":81.1239,"iop":-58.2533}