{"code":"603798","atr10":0.616,"close":23.28,"close_count":60,"l_pvalue":0.5855178064,"l_slop":0.902105758,"l_stderror":1.6260614741,"ma120":26.06925,"ma250":28.06644,"ma42":24.9526190476,"max10":25.7,"min10":23.28,"name":"康普顿","stat_date":"2017-06-30","mc":46.56,"cmc":19.8811,"pe":35.8987,"pe_lyr":41.1477,"pb":5.8196,"ps":5.101,"pcf":-63.0466,"iop":12.9894}