{"code":"603817","atr10":0.403,"close":14.02,"close_count":60,"l_pvalue":0.0026149632,"l_slop":3.9368607332,"l_stderror":1.1373865371,"ma120":16.63675,"ma250":null,"ma42":14.4285714286,"max10":15.18,"min10":14.02,"name":"海峡环保","stat_date":"2017-06-30","mc":63.09,"cmc":15.7725,"pe":59.7504,"pe_lyr":65.3811,"pb":4.6104,"ps":18.4349,"pcf":-28299.082,"iop":65.1373}