{"code":"603887","atr10":1.301,"close":32.55,"close_count":60,"l_pvalue":0.0,"l_slop":32.721473354,"l_stderror":1.974796246,"ma120":33.9719166667,"ma250":null,"ma42":32.2973809524,"max10":35.63,"min10":32.52,"name":"城地股份","stat_date":"2017-06-30","mc":33.5265,"cmc":8.0073,"pe":59.8,"pe_lyr":60.5759,"pb":4.2044,"ps":5.3366,"pcf":27.8162,"iop":12.0924}