{"code":"603855","atr10":0.35,"close":13.5,"close_count":60,"l_pvalue":0.0000004179,"l_slop":11.2969590923,"l_stderror":1.5030040727,"ma120":null,"ma250":null,"ma42":13.9635714286,"max10":14.62,"min10":13.5,"name":"华荣股份","stat_date":"2017-06-30","mc":44.6945,"cmc":11.1739,"pe":38.3685,"pe_lyr":39.4781,"pb":3.3669,"ps":3.3566,"pcf":8.7269,"iop":-1.7871}