{"code":"603878","atr10":0.816,"close":25.47,"close_count":60,"l_pvalue":0.0000036864,"l_slop":29.3559341681,"l_stderror":4.5691399911,"ma120":24.1865,"ma250":null,"ma42":24.1673809524,"max10":25.47,"min10":24.52,"name":"武进不锈","stat_date":"2017-06-30","mc":51.4494,"cmc":12.8623,"pe":38.5068,"pe_lyr":42.0052,"pb":2.6239,"ps":3.8469,"pcf":379.7955,"iop":-6.1298}