{"code":"603879","atr10":0.867,"close":21.98,"close_count":60,"l_pvalue":0.0,"l_slop":65.0212122423,"l_stderror":3.3961920582,"ma120":null,"ma250":null,"ma42":18.5111904762,"max10":22.3,"min10":20.0,"name":"永悦科技","stat_date":"2017-06-30","mc":31.6512,"cmc":7.9128,"pe":64.7429,"pe_lyr":66.8962,"pb":6.3695,"ps":5.5042,"pcf":13.9874,"iop":16.0967}