{"code":"603801","atr10":0.879,"close":41.66,"close_count":60,"l_pvalue":0.802245453,"l_slop":0.2035711572,"l_stderror":0.8015501006,"ma120":null,"ma250":null,"ma42":42.2145238095,"max10":43.82,"min10":41.33,"name":"志邦股份","stat_date":"2017-06-30","mc":66.656,"cmc":16.664,"pe":34.6452,"pe_lyr":37.4913,"pb":4.3578,"ps":3.6912,"pcf":7.3425,"iop":19.4554}