{"code":"603833","atr10":1.916,"close":102.22,"close_count":60,"l_pvalue":0.0000000011,"l_slop":6.2763534375,"l_stderror":0.5709289985,"ma120":105.839583333,"ma250":null,"ma42":102.018809524,"max10":105.66,"min10":102.13,"name":"欧派家居","stat_date":"2017-06-30","mc":429.9337,"cmc":42.4315,"pe":40.8186,"pe_lyr":45.277,"pb":7.2836,"ps":5.2868,"pcf":20.3273,"iop":23.7276}