{"code":"603858","atr10":0.883,"close":67.64,"close_count":60,"l_pvalue":0.0000093276,"l_slop":8.0887657977,"l_stderror":1.3521663411,"ma120":71.3340833333,"ma250":null,"ma42":68.6178571429,"max10":70.34,"min10":67.64,"name":"步长制药","stat_date":"2017-06-30","mc":461.1695,"cmc":47.2127,"pe":25.0336,"pe_lyr":26.0641,"pb":4.161,"ps":3.569,"pcf":31.7412,"iop":19.3217}