{"code":"603885","atr10":0.249,"close":14.49,"close_count":60,"l_pvalue":0.0003441721,"l_slop":6.5507492676,"l_stderror":1.5056442743,"ma120":15.0953333333,"ma250":16.26784,"ma42":14.7678571429,"max10":15.33,"min10":14.41,"name":"吉祥航空","stat_date":"2017-06-30","mc":260.3873,"cmc":77.8133,"pe":22.3736,"pe_lyr":20.8464,"pb":3.2813,"ps":2.3591,"pcf":-18.4411,"iop":-3.1357}