{"code":"603828","atr10":0.36,"close":10.9,"close_count":60,"l_pvalue":0.0000000071,"l_slop":16.5515740496,"l_stderror":1.6861712435,"ma120":11.30875,"ma250":12.5368,"ma42":10.8995238095,"max10":11.69,"min10":10.88,"name":"柯利达","stat_date":"2017-06-30","mc":35.998,"cmc":11.7955,"pe":81.7669,"pe_lyr":74.3605,"pb":3.5621,"ps":2.0085,"pcf":55.2415,"iop":-167.3953}