{"code":"603859","atr10":1.26,"close":32.76,"close_count":60,"l_pvalue":2.327859346e-20,"l_slop":49.4213286477,"l_stderror":1.1546931949,"ma120":35.4535,"ma250":null,"ma42":29.5826190476,"max10":33.72,"min10":30.78,"name":"能科股份","stat_date":"2017-06-30","mc":37.2023,"cmc":9.3006,"pe":86.5774,"pe_lyr":87.7728,"pb":5.8896,"ps":15.5938,"pcf":74.1714,"iop":-10.0419}