{"code":"603816","atr10":0.835,"close":50.56,"close_count":60,"l_pvalue":2.505794878e-17,"l_slop":-17.6733153667,"l_stderror":0.5994974233,"ma120":53.83225,"ma250":null,"ma42":53.0178571429,"max10":52.86,"min10":50.36,"name":"顾家家居","stat_date":"2017-06-30","mc":208.56,"cmc":41.712,"pe":30.1833,"pe_lyr":36.2681,"pb":5.8975,"ps":3.5387,"pcf":54.794,"iop":38.9573}