{"code":"603803","atr10":1.144,"close":25.36,"close_count":60,"l_pvalue":0.0000007523,"l_slop":19.5557647788,"l_stderror":2.7110103101,"ma120":null,"ma250":null,"ma42":21.4197619048,"max10":25.36,"min10":21.24,"name":"瑞斯康达","stat_date":"2017-06-30","mc":106.7797,"cmc":14.4045,"pe":50.1094,"pe_lyr":42.146,"pb":4.5208,"ps":5.3217,"pcf":35.9422,"iop":-44.4579}