{"code":"603899","atr10":0.531,"close":19.74,"close_count":60,"l_pvalue":0.0,"l_slop":28.8459176812,"l_stderror":1.4457673572,"ma120":17.5446666667,"ma250":17.71304,"ma42":18.3376190476,"max10":19.88,"min10":18.88,"name":"晨光文具","stat_date":"2017-06-30","mc":181.608,"cmc":44.2176,"pe":34.1754,"pe_lyr":36.8433,"pb":7.2964,"ps":3.4472,"pcf":-188.6362,"iop":22.9344}