{"code":"603866","atr10":0.808,"close":37.06,"close_count":60,"l_pvalue":6.273215277e-16,"l_slop":35.3757618729,"l_stderror":1.427620161,"ma120":36.4181666667,"ma250":40.09112,"ma42":35.7407142857,"max10":38.18,"min10":37.06,"name":"桃李面包","stat_date":"2017-06-30","mc":166.8167,"cmc":21.5229,"pe":38.8465,"pe_lyr":38.3007,"pb":7.9238,"ps":4.5559,"pcf":-310.905,"iop":10.0919}