{"code":"603886","atr10":0.807,"close":22.17,"close_count":60,"l_pvalue":0.0,"l_slop":39.9397259597,"l_stderror":2.2625956032,"ma120":21.379,"ma250":null,"ma42":22.0914285714,"max10":24.79,"min10":22.0,"name":"元祖股份","stat_date":"2017-06-30","mc":53.208,"cmc":13.3013,"pe":33.4339,"pe_lyr":42.5834,"pb":5.2129,"ps":3.1904,"pcf":31.9839,"iop":2292.365}