{"code":"603808","atr10":0.756,"close":23.44,"close_count":60,"l_pvalue":2.037768725e-18,"l_slop":50.0540698139,"l_stderror":1.484243496,"ma120":21.9143333333,"ma250":22.96444,"ma42":21.6561904762,"max10":24.31,"min10":22.9,"name":"歌力思","stat_date":"2017-06-30","mc":79.0636,"cmc":26.5213,"pe":29.1242,"pe_lyr":39.9411,"pb":4.397,"ps":5.2331,"pcf":34.2807,"iop":130.7647}