{"code":"603896","atr10":0.91,"close":34.5,"close_count":60,"l_pvalue":0.0000000281,"l_slop":14.363523783,"l_stderror":1.596730798,"ma120":null,"ma250":null,"ma42":34.2302380952,"max10":36.29,"min10":34.25,"name":"寿仙谷","stat_date":"2017-06-30","mc":48.231,"cmc":12.0578,"pe":56.664,"pe_lyr":59.5608,"pb":5.881,"ps":14.4809,"pcf":81.9837,"iop":63.6796}