{"code":"603800","atr10":0.911,"close":23.58,"close_count":60,"l_pvalue":0.0,"l_slop":58.3790114986,"l_stderror":2.860499435,"ma120":22.3938333333,"ma250":28.316,"ma42":20.6628571429,"max10":23.64,"min10":21.57,"name":"道森股份","stat_date":"2017-06-30","mc":49.0464,"cmc":15.9401,"pe":-282.9602,"pe_lyr":-81.6901,"pb":5.3316,"ps":8.5706,"pcf":-76.1063,"iop":163.187}