{"code":"603819","atr10":0.842,"close":24.68,"close_count":60,"l_pvalue":3.718086557e-21,"l_slop":34.3429394857,"l_stderror":0.727922633,"ma120":25.752,"ma250":null,"ma42":23.8545238095,"max10":25.99,"min10":24.59,"name":"神力股份","stat_date":"2017-06-30","mc":29.616,"cmc":7.404,"pe":70.1109,"pe_lyr":64.8805,"pb":4.0333,"ps":4.9144,"pcf":97.2694,"iop":-30.806}