{"code":"603877","atr10":1.228,"close":28.91,"close_count":60,"l_pvalue":0.0,"l_slop":45.8160043718,"l_stderror":1.9320367339,"ma120":27.72325,"ma250":null,"ma42":26.2307142857,"max10":29.1,"min10":28.1,"name":"太平鸟","stat_date":"2017-06-30","mc":139.0376,"cmc":15.9005,"pe":36.7495,"pe_lyr":32.5204,"pb":4.6021,"ps":2.0946,"pcf":49.6547,"iop":125.592}