{"code":"603883","atr10":1.165,"close":47.89,"close_count":60,"l_pvalue":0.0000008691,"l_slop":14.4134592251,"l_stderror":2.0186724724,"ma120":46.00225,"ma250":46.66996,"ma42":48.4123809524,"max10":50.43,"min10":47.84,"name":"老百姓","stat_date":"2017-06-30","mc":127.8663,"cmc":40.2866,"pe":37.2382,"pe_lyr":43.0678,"pb":6.5238,"ps":1.886,"pcf":80.3236,"iop":12.65}