{"code":"603881","atr10":1.525,"close":45.67,"close_count":60,"l_pvalue":0.0000272213,"l_slop":17.9427993655,"l_stderror":3.2711897741,"ma120":49.1731666667,"ma250":null,"ma42":46.1328571429,"max10":47.76,"min10":45.45,"name":"数据港","stat_date":"2017-06-30","mc":96.1749,"cmc":24.0453,"pe":99.7595,"pe_lyr":122.9405,"pb":11.4912,"ps":21.2402,"pcf":40.4402,"iop":69.2659}