{"code":"603823","atr10":0.558,"close":19.78,"close_count":60,"l_pvalue":0.0000000522,"l_slop":12.524944809,"l_stderror":1.4492609712,"ma120":21.8461666667,"ma250":null,"ma42":20.2373809524,"max10":21.38,"min10":19.78,"name":"百合花","stat_date":"2017-06-30","mc":44.505,"cmc":8.901,"pe":37.3542,"pe_lyr":31.9479,"pb":3.7237,"ps":3.1434,"pcf":18.1632,"iop":-35.8388}