{"code":"603868","atr10":2.044,"close":65.08,"close_count":60,"l_pvalue":0.0095789991,"l_slop":3.461795707,"l_stderror":1.2017800247,"ma120":56.9841666667,"ma250":51.55004,"ma42":59.85,"max10":65.08,"min10":58.9,"name":"飞科电器","stat_date":"2017-06-30","mc":283.4885,"cmc":28.3749,"pe":38.0008,"pe_lyr":46.2286,"pb":14.5093,"ps":7.7893,"pcf":-106.6563,"iop":59.8337}