{"code":"603818","atr10":0.502,"close":15.18,"close_count":60,"l_pvalue":0.0000086278,"l_slop":6.9316442647,"l_stderror":1.1516615005,"ma120":15.8955833333,"ma250":16.88176,"ma42":15.7147619048,"max10":16.83,"min10":15.17,"name":"曲美家居","stat_date":"2017-06-30","mc":73.4894,"cmc":19.9781,"pe":33.6959,"pe_lyr":39.7228,"pb":5.066,"ps":3.9384,"pcf":71.1185,"iop":30.3999}