{"code":"603888","atr10":0.548,"close":28.39,"close_count":60,"l_pvalue":0.0010883304,"l_slop":8.7236970158,"l_stderror":2.2680519496,"ma120":31.9385833333,"ma250":null,"ma42":29.2611904762,"max10":30.06,"min10":28.22,"name":"新华网","stat_date":"2017-06-30","mc":147.3524,"cmc":36.8381,"pe":51.7024,"pe_lyr":52.6002,"pb":5.9033,"ps":10.5855,"pcf":16.3706,"iop":-31.5736}