{"code":"603826","atr10":0.888,"close":19.42,"close_count":60,"l_pvalue":5.048816617e-16,"l_slop":46.73995564,"l_stderror":1.8641789997,"ma120":null,"ma250":null,"ma42":18.3671428571,"max10":20.64,"min10":19.14,"name":"坤彩科技","stat_date":"2017-06-30","mc":69.912,"cmc":17.478,"pe":58.1372,"pe_lyr":64.2879,"pb":6.4153,"ps":15.774,"pcf":208.6446,"iop":-4.0325}