{"code":"603822","atr10":1.571,"close":40.96,"close_count":60,"l_pvalue":0.0,"l_slop":32.9865165664,"l_stderror":1.8614321068,"ma120":47.3818333333,"ma250":55.34168,"ma42":40.1838095238,"max10":44.21,"min10":40.7,"name":"嘉澳环保","stat_date":"2017-06-30","mc":30.0442,"cmc":16.6298,"pe":71.0912,"pe_lyr":70.0528,"pb":4.7337,"ps":4.3796,"pcf":-21.0096,"iop":34.0618}