{"code":"603869","atr10":0.611,"close":26.08,"close_count":60,"l_pvalue":0.0002531759,"l_slop":7.2230365581,"l_stderror":1.6101758454,"ma120":27.3484166667,"ma250":29.30568,"ma42":26.4664285714,"max10":27.48,"min10":25.77,"name":"北部湾旅","stat_date":"2017-06-30","mc":90.9687,"cmc":19.0052,"pe":39.6737,"pe_lyr":53.4676,"pb":2.573,"ps":5.5285,"pcf":12.789,"iop":260.2517}