{"code":"603889","atr10":0.169,"close":13.87,"close_count":60,"l_pvalue":2.030702372e-17,"l_slop":-14.1293880494,"l_stderror":0.4739020501,"ma120":14.9144166667,"ma250":15.10508,"ma42":14.0814285714,"max10":13.9,"min10":13.75,"name":"新澳股份","stat_date":"2017-06-30","mc":54.5994,"cmc":19.6872,"pe":31.559,"pe_lyr":34.3018,"pb":2.5817,"ps":2.6591,"pcf":-889.4488,"iop":21.7484}