{"code":"603839","atr10":0.641,"close":25.02,"close_count":60,"l_pvalue":4.148120952e-16,"l_slop":22.2101872087,"l_stderror":0.8764603947,"ma120":26.6581666667,"ma250":null,"ma42":24.6773809524,"max10":26.4,"min10":25.02,"name":"安正时尚","stat_date":"2017-06-30","mc":71.317,"cmc":17.8293,"pe":28.7547,"pe_lyr":30.2134,"pb":2.9506,"ps":5.477,"pcf":33.2007,"iop":8.8583}