{"code":"603843","atr10":0.574,"close":15.02,"close_count":60,"l_pvalue":0.0000061681,"l_slop":25.9655769778,"l_stderror":4.2030145268,"ma120":14.1724166667,"ma250":17.80032,"ma42":13.2007142857,"max10":15.11,"min10":13.38,"name":"正平股份","stat_date":"2017-06-30","mc":60.0805,"cmc":28.964,"pe":71.0513,"pe_lyr":66.209,"pb":4.9616,"ps":3.2747,"pcf":26.4112,"iop":-13.3703}