{"code":"603861","atr10":1.231,"close":24.17,"close_count":60,"l_pvalue":1.0,"l_slop":0.0,"l_stderror":0.0,"ma120":26.2191666667,"ma250":31.02432,"ma42":21.2897619048,"max10":24.17,"min10":24.17,"name":"白云电器","stat_date":"2017-06-30","mc":98.8795,"cmc":29.2663,"pe":62.8872,"pe_lyr":61.222,"pb":5.3091,"ps":6.9591,"pcf":-99.6887,"iop":-46.3917}