{"code":"603806","atr10":1.093,"close":34.29,"close_count":60,"l_pvalue":0.0,"l_slop":46.6192784729,"l_stderror":2.2394916959,"ma120":33.5361666667,"ma250":40.27724,"ma42":32.4978571429,"max10":35.62,"min10":33.64,"name":"福斯特","stat_date":"2017-06-30","mc":137.8458,"cmc":137.8458,"pe":21.0261,"pe_lyr":16.2605,"pb":2.9385,"ps":3.2267,"pcf":-19.0491,"iop":-46.8646}