{"code":"603838","atr10":0.378,"close":12.61,"close_count":60,"l_pvalue":0.0000015486,"l_slop":17.2053201226,"l_stderror":2.5117070263,"ma120":13.9139166667,"ma250":16.11004,"ma42":12.885,"max10":13.45,"min10":12.46,"name":"四通股份","stat_date":"2017-06-30","mc":33.6283,"cmc":12.267,"pe":58.4455,"pe_lyr":56.2143,"pb":4.9806,"ps":7.9085,"pcf":-83.3238,"iop":-2.1061}