{"code":"603811","atr10":0.84,"close":34.01,"close_count":60,"l_pvalue":2.318539415e-16,"l_slop":22.2598673317,"l_stderror":0.8512228589,"ma120":38.5918333333,"ma250":null,"ma42":33.774047619,"max10":35.74,"min10":34.01,"name":"诚意药业","stat_date":"2017-06-30","mc":28.9765,"cmc":7.2441,"pe":44.703,"pe_lyr":42.5067,"pb":5.1872,"ps":9.1213,"pcf":10.9706,"iop":-23.321}