{"code":"603898","atr10":0.586,"close":29.2,"close_count":60,"l_pvalue":7.815595732e-17,"l_slop":-24.0551431267,"l_stderror":0.8674678781,"ma120":33.2593333333,"ma250":33.23672,"ma42":31.065952381,"max10":30.77,"min10":28.59,"name":"好莱客","stat_date":"2017-06-30","mc":92.8905,"cmc":25.9892,"pe":31.9007,"pe_lyr":36.8226,"pb":5.1206,"ps":5.7311,"pcf":-86.9517,"iop":28.3613}