{"code":"603960","atr10":1.051,"close":31.91,"close_count":60,"l_pvalue":0.0000000003,"l_slop":14.8283774071,"l_stderror":1.2460712255,"ma120":32.0111666667,"ma250":null,"ma42":29.9419047619,"max10":31.91,"min10":30.06,"name":"克来机电","stat_date":"2017-06-30","mc":33.1864,"cmc":8.2966,"pe":80.5307,"pe_lyr":92.7102,"pb":8.1453,"ps":14.9842,"pcf":19.2342,"iop":-33.8697}