{"code":"603998","atr10":0.474,"close":15.0,"close_count":60,"l_pvalue":0.0,"l_slop":54.7003034108,"l_stderror":2.6179497401,"ma120":13.8891666667,"ma250":15.64292,"ma42":13.694047619,"max10":15.18,"min10":14.47,"name":"方盛制药","stat_date":"2017-06-30","mc":64.6405,"cmc":40.3766,"pe":82.6068,"pe_lyr":92.6671,"pb":6.6609,"ps":10.1943,"pcf":751.204,"iop":29.3521}