{"code":"603991","atr10":0.948,"close":37.53,"close_count":60,"l_pvalue":0.0305691898,"l_slop":-1.9864642876,"l_stderror":0.8501759464,"ma120":39.0569166667,"ma250":null,"ma42":36.0716666667,"max10":37.53,"min10":35.41,"name":"至正股份","stat_date":"2017-06-30","mc":27.973,"cmc":7.0181,"pe":74.9381,"pe_lyr":74.6847,"pb":6.404,"ps":8.1078,"pcf":63.6506,"iop":-5.3513}