{"code":"603958","atr10":0.694,"close":21.39,"close_count":60,"l_pvalue":0.0,"l_slop":19.924645181,"l_stderror":0.9883420957,"ma120":27.2390833333,"ma250":29.94884,"ma42":20.8838095238,"max10":23.17,"min10":21.09,"name":"哈森股份","stat_date":"2017-06-30","mc":46.4933,"cmc":14.1172,"pe":65.9322,"pe_lyr":57.7627,"pb":4.0156,"ps":2.9208,"pcf":-9.4171,"iop":-70.5928}