{"code":"603926","atr10":0.611,"close":29.61,"close_count":60,"l_pvalue":0.0000876553,"l_slop":7.4109946088,"l_stderror":1.4952670393,"ma120":null,"ma250":null,"ma42":30.2466666667,"max10":31.44,"min10":29.45,"name":"铁流股份","stat_date":"2017-06-30","mc":35.532,"cmc":8.883,"pe":31.6682,"pe_lyr":31.7544,"pb":3.202,"ps":4.4917,"pcf":52.2847,"iop":-17.2121}