{"code":"603901","atr10":0.169,"close":10.92,"close_count":60,"l_pvalue":0.2051519062,"l_slop":1.7748496936,"l_stderror":1.3527830967,"ma120":11.7904166667,"ma250":13.38604,"ma42":11.0811904762,"max10":11.25,"min10":10.79,"name":"永创智能","stat_date":"2017-06-30","mc":43.68,"cmc":16.8168,"pe":51.7217,"pe_lyr":49.2576,"pb":4.7613,"ps":3.856,"pcf":-448.9027,"iop":-11.5928}