{"code":"603980","atr10":0.496,"close":23.62,"close_count":60,"l_pvalue":0.0002973147,"l_slop":17.9336608856,"l_stderror":4.0618674349,"ma120":null,"ma250":null,"ma42":24.1954761905,"max10":25.06,"min10":23.52,"name":"吉华集团","stat_date":"2017-06-30","mc":118.1,"cmc":23.62,"pe":29.1833,"pe_lyr":30.8944,"pb":3.1265,"ps":5.2066,"pcf":6.9544,"iop":null}