{"code":"603989","atr10":0.86,"close":36.04,"close_count":60,"l_pvalue":0.0000000001,"l_slop":14.287819876,"l_stderror":1.0938241073,"ma120":36.9653333333,"ma250":35.96288,"ma42":36.2602380952,"max10":37.79,"min10":35.77,"name":"艾华集团","stat_date":"2017-06-30","mc":108.12,"cmc":30.4088,"pe":37.8431,"pe_lyr":40.892,"pb":6.3733,"ps":6.4611,"pcf":35.4313,"iop":27.2952}