{"code":"603920","atr10":0.511,"close":20.3,"close_count":60,"l_pvalue":0.0000018522,"l_slop":8.5866024417,"l_stderror":1.2699632438,"ma120":null,"ma250":null,"ma42":20.420952381,"max10":21.31,"min10":20.23,"name":"世运电路","stat_date":"2017-06-30","mc":81.5654,"cmc":18.0264,"pe":32.7912,"pe_lyr":30.8162,"pb":3.5885,"ps":4.5635,"pcf":19.2816,"iop":-33.8777}