{"code":"603999","atr10":0.281,"close":10.41,"close_count":60,"l_pvalue":2.471265205e-17,"l_slop":25.3291366363,"l_stderror":0.8585506501,"ma120":10.5529166667,"ma250":13.58464,"ma42":10.089047619,"max10":10.94,"min10":10.22,"name":"读者传媒","stat_date":"2017-06-30","mc":59.9616,"cmc":23.9846,"pe":68.6826,"pe_lyr":71.169,"pb":3.6991,"ps":7.5433,"pcf":-20.0712,"iop":20.9653}