{"code":"603919","atr10":0.667,"close":20.75,"close_count":60,"l_pvalue":0.0033285878,"l_slop":5.9866252029,"l_stderror":1.7845660757,"ma120":19.87575,"ma250":21.78272,"ma42":20.8721428571,"max10":21.4,"min10":20.45,"name":"金徽酒","stat_date":"2017-06-30","mc":75.53,"cmc":24.0365,"pe":30.3013,"pe_lyr":34.0431,"pb":4.4009,"ps":5.7081,"pcf":-37.4935,"iop":19.2055}