{"code":"603939","atr10":0.889,"close":35.06,"close_count":60,"l_pvalue":0.0,"l_slop":19.5721534911,"l_stderror":1.0401855783,"ma120":31.74875,"ma250":31.07936,"ma42":34.320952381,"max10":36.51,"min10":34.61,"name":"益丰药房","stat_date":"2017-06-30","mc":127.1607,"cmc":69.6652,"pe":47.6993,"pe_lyr":56.7958,"pb":4.2267,"ps":3.0207,"pcf":238.0337,"iop":42.8771}