{"code":"603929","atr10":1.338,"close":25.0,"close_count":60,"l_pvalue":0.0000000004,"l_slop":51.5912050104,"l_stderror":4.4230871107,"ma120":22.8555,"ma250":null,"ma42":21.3742857143,"max10":26.54,"min10":21.41,"name":"亚翔集成","stat_date":"2017-06-30","mc":53.34,"cmc":13.34,"pe":40.0704,"pe_lyr":32.2802,"pb":5.7062,"ps":3.5608,"pcf":-18.2427,"iop":-31.3599}