{"code":"603900","atr10":0.8,"close":33.67,"close_count":60,"l_pvalue":1.133414514e-16,"l_slop":34.0562192427,"l_stderror":1.2529732407,"ma120":32.0191666667,"ma250":null,"ma42":32.2235714286,"max10":34.67,"min10":33.31,"name":"通灵珠宝","stat_date":"2017-06-30","mc":81.884,"cmc":20.471,"pe":30.5686,"pe_lyr":36.9868,"pb":3.8664,"ps":4.5845,"pcf":48.3713,"iop":30.47}