{"code":"603968","atr10":0.616,"close":23.23,"close_count":60,"l_pvalue":0.0093510852,"l_slop":4.7102337486,"l_stderror":1.6289770819,"ma120":23.2598333333,"ma250":23.97884,"ma42":24.6130952381,"max10":24.92,"min10":23.09,"name":"醋化股份","stat_date":"2017-06-30","mc":47.5007,"cmc":31.7322,"pe":30.5035,"pe_lyr":32.1535,"pb":3.7607,"ps":3.2162,"pcf":-63.2947,"iop":-39.8824}