{"code":"603903","atr10":1.798,"close":42.52,"close_count":60,"l_pvalue":0.0000209571,"l_slop":20.3904975425,"l_stderror":3.6377721842,"ma120":49.62525,"ma250":null,"ma42":44.7433333333,"max10":48.21,"min10":42.34,"name":"中持股份","stat_date":"2017-06-30","mc":43.5566,"cmc":10.8892,"pe":98.7559,"pe_lyr":93.1666,"pb":6.5314,"ps":10.1548,"pcf":43.2594,"iop":-11.8385}