{"code":"603988","atr10":1.472,"close":72.28,"close_count":60,"l_pvalue":0.0,"l_slop":24.0771878573,"l_stderror":1.3717907434,"ma120":64.7035833333,"ma250":67.42864,"ma42":67.97,"max10":72.4,"min10":70.68,"name":"中电电机","stat_date":"2017-06-30","mc":57.824,"cmc":16.1907,"pe":249.0379,"pe_lyr":242.0344,"pb":8.8713,"ps":22.3941,"pcf":184.1651,"iop":10.338}