{"code":"603959","atr10":1.741,"close":28.0,"close_count":60,"l_pvalue":7.743924591e-19,"l_slop":117.797892674,"l_stderror":3.3170632612,"ma120":21.3661666667,"ma250":25.59752,"ma42":23.6771428571,"max10":29.63,"min10":27.03,"name":"百利科技","stat_date":"2017-06-30","mc":62.72,"cmc":29.792,"pe":58.2463,"pe_lyr":58.9301,"pb":7.203,"ps":7.3672,"pcf":-149.1135,"iop":-22.7874}