{"code":"603977","atr10":0.45,"close":16.79,"close_count":60,"l_pvalue":0.0,"l_slop":4.4478333609,"l_stderror":0.2472575287,"ma120":21.0730833333,"ma250":null,"ma42":16.6238095238,"max10":16.79,"min10":16.79,"name":"国泰集团","stat_date":"2017-06-30","mc":37.1193,"cmc":9.2815,"pe":46.5966,"pe_lyr":36.7715,"pb":4.0681,"ps":7.4209,"pcf":132.6502,"iop":-6.8605}