{"code":"603996","atr10":0.319,"close":16.19,"close_count":60,"l_pvalue":0.0643450275,"l_slop":2.4071987594,"l_stderror":1.225731039,"ma120":16.7490833333,"ma250":19.61168,"ma42":16.4207142857,"max10":16.93,"min10":16.19,"name":"中新科技","stat_date":"2017-06-30","mc":48.5943,"cmc":16.7202,"pe":39.8813,"pe_lyr":41.3152,"pb":3.561,"ps":1.0155,"pcf":-21.2053,"iop":7.8446}