{"code":"603936","atr10":1.003,"close":28.85,"close_count":60,"l_pvalue":0.0,"l_slop":38.929104322,"l_stderror":2.020872722,"ma120":26.4460833333,"ma250":30.9698,"ma42":25.72,"max10":28.85,"min10":28.85,"name":"博敏电子","stat_date":"2017-06-30","mc":48.2805,"cmc":16.1849,"pe":75.6261,"pe_lyr":90.4271,"pb":5.0257,"ps":3.2006,"pcf":-184.5799,"iop":65.9703}