{"code":"603985","atr10":0.985,"close":43.1,"close_count":60,"l_pvalue":0.0002760377,"l_slop":9.7610242679,"l_stderror":2.1945740597,"ma120":null,"ma250":null,"ma42":43.7769047619,"max10":45.19,"min10":42.7,"name":"恒润股份","stat_date":"2017-06-30","mc":34.48,"cmc":8.62,"pe":32.8883,"pe_lyr":36.4046,"pb":3.5907,"ps":5.0344,"pcf":-399.2196,"iop":-13.2521}