{"code":"603955","atr10":1.289,"close":41.59,"close_count":60,"l_pvalue":0.0,"l_slop":28.9617694769,"l_stderror":1.3199251836,"ma120":43.5175833333,"ma250":null,"ma42":40.5173809524,"max10":44.13,"min10":41.33,"name":"大千生态","stat_date":"2017-06-30","mc":36.1833,"cmc":9.0458,"pe":47.2049,"pe_lyr":51.94,"pb":3.5585,"ps":5.5613,"pcf":89.6326,"iop":18.796}