{"code":"603969","atr10":0.425,"close":17.93,"close_count":60,"l_pvalue":0.0000103789,"l_slop":-15.3972383289,"l_stderror":2.5956688251,"ma120":20.5891666667,"ma250":17.41296,"ma42":18.6097619048,"max10":18.47,"min10":17.55,"name":"银龙股份","stat_date":"2017-06-30","mc":71.72,"cmc":27.3666,"pe":44.3554,"pe_lyr":49.5129,"pb":4.5707,"ps":3.8005,"pcf":-32.9015,"iop":-22.542}