{"code":"603987","atr10":0.351,"close":14.62,"close_count":60,"l_pvalue":0.0000017518,"l_slop":14.7482478873,"l_stderror":2.1724155197,"ma120":15.7155,"ma250":null,"ma42":14.9116666667,"max10":15.49,"min10":14.51,"name":"康德莱","stat_date":"2017-06-30","mc":46.1166,"cmc":11.5352,"pe":42.4182,"pe_lyr":45.7923,"pb":3.9707,"ps":3.7811,"pcf":28.9696,"iop":16.1274}