{"code":"603918","atr10":0.624,"close":22.56,"close_count":60,"l_pvalue":0.0000777475,"l_slop":4.9407934147,"l_stderror":0.9861895727,"ma120":25.48375,"ma250":28.7776,"ma42":22.5476190476,"max10":23.58,"min10":22.56,"name":"金桥信息","stat_date":"2017-06-30","mc":40.0045,"cmc":27.8264,"pe":135.6207,"pe_lyr":138.5591,"pb":8.6077,"ps":6.5709,"pcf":-83.7481,"iop":69.0838}