{"code":"603966","atr10":0.696,"close":19.57,"close_count":60,"l_pvalue":0.0000000048,"l_slop":18.1201243732,"l_stderror":1.8006339499,"ma120":23.4411666667,"ma250":null,"ma42":19.8328571429,"max10":21.4,"min10":19.42,"name":"法兰泰克","stat_date":"2017-06-30","mc":31.312,"cmc":7.828,"pe":51.6117,"pe_lyr":54.9925,"pb":4.0078,"ps":5.4733,"pcf":28.1289,"iop":-24.2052}