{"code":"603993","atr10":0.374,"close":7.77,"close_count":60,"l_pvalue":0.0,"l_slop":76.737119783,"l_stderror":4.8788089725,"ma120":5.7865833333,"ma250":4.94728,"ma42":7.2273809524,"max10":8.26,"min10":7.39,"name":"洛阳钼业","stat_date":"2017-06-30","mc":1528.6013,"cmc":1006.5049,"pe":127.0185,"pe_lyr":168.1556,"pb":4.5895,"ps":10.2679,"pcf":-159.2994,"iop":63.5899}