{"code":"603979","atr10":0.316,"close":12.56,"close_count":60,"l_pvalue":0.2524139735,"l_slop":-2.8761904154,"l_stderror":2.4366525026,"ma120":13.5199166667,"ma250":14.04884,"ma42":13.484047619,"max10":13.8,"min10":12.5,"name":"金诚信","stat_date":"2017-06-30","mc":73.476,"cmc":30.5409,"pe":42.0912,"pe_lyr":43.0504,"pb":1.9675,"ps":3.1539,"pcf":-192.8408,"iop":-19.0805}