{"code":"603938","atr10":1.919,"close":30.79,"close_count":60,"l_pvalue":0.0,"l_slop":72.9673457817,"l_stderror":3.0934067511,"ma120":null,"ma250":null,"ma42":28.049047619,"max10":32.75,"min10":29.7,"name":"三孚股份","stat_date":"2017-06-30","mc":46.2363,"cmc":11.5637,"pe":44.1098,"pe_lyr":57.0295,"pb":5.1432,"ps":4.7592,"pcf":15.5163,"iop":59.8354}