{"code":"603990","atr10":1.403,"close":38.77,"close_count":60,"l_pvalue":0.0000000001,"l_slop":24.0557479629,"l_stderror":1.8459361539,"ma120":38.0724166667,"ma250":null,"ma42":35.9428571429,"max10":39.92,"min10":36.15,"name":"麦迪科技","stat_date":"2017-06-30","mc":31.3763,"cmc":7.754,"pe":64.6519,"pe_lyr":69.4078,"pb":7.9504,"ps":12.3493,"pcf":65.0783,"iop":23.0796}