{"code":"603986","atr10":7.648,"close":124.83,"close_count":60,"l_pvalue":1.045318401e-24,"l_slop":206.139862511,"l_stderror":2.8346217663,"ma120":90.5158333333,"ma250":null,"ma42":93.8535714286,"max10":132.25,"min10":115.99,"name":"兆易创新","stat_date":"2017-06-30","mc":253.0229,"cmc":183.9312,"pe":95.1335,"pe_lyr":143.4146,"pb":17.5223,"ps":14.2746,"pcf":36.8629,"iop":163.8235}