{"code":"603909","atr10":0.927,"close":33.99,"close_count":60,"l_pvalue":6.613758618e-19,"l_slop":38.9441710604,"l_stderror":1.0874304492,"ma120":39.1716666667,"ma250":48.23396,"ma42":31.6702380952,"max10":34.53,"min10":33.96,"name":"合诚股份","stat_date":"2017-06-30","mc":33.99,"cmc":8.4975,"pe":55.9753,"pe_lyr":58.762,"pb":5.6898,"ps":10.515,"pcf":-20.7255,"iop":27.4221}