{"code":"603906","atr10":0.465,"close":18.77,"close_count":60,"l_pvalue":0.0165475971,"l_slop":5.7164285076,"l_stderror":2.1748239089,"ma120":21.7065,"ma250":null,"ma42":19.2711904762,"max10":20.11,"min10":18.62,"name":"龙蟠科技","stat_date":"2017-06-30","mc":39.0416,"cmc":9.7604,"pe":40.7119,"pe_lyr":43.5706,"pb":3.4092,"ps":3.2879,"pcf":50.074,"iop":-12.8148}