{"code":"603933","atr10":2.526,"close":52.25,"close_count":60,"l_pvalue":3.854264442e-17,"l_slop":51.2032781811,"l_stderror":1.7775363296,"ma120":null,"ma250":null,"ma42":50.8347619048,"max10":57.18,"min10":51.78,"name":"睿能科技","stat_date":"2017-06-30","mc":53.6451,"cmc":13.4126,"pe":39.7365,"pe_lyr":57.4232,"pb":5.8289,"ps":2.9586,"pcf":9.3918,"iop":71.7254}