{"code":"603997","atr10":0.297,"close":12.7,"close_count":60,"l_pvalue":0.0000000352,"l_slop":24.6625724123,"l_stderror":2.7815036179,"ma120":14.3228333333,"ma250":13.84472,"ma42":12.4685714286,"max10":13.2,"min10":12.5,"name":"继峰股份","stat_date":"2017-06-30","mc":80.01,"cmc":21.717,"pe":29.0994,"pe_lyr":32.0409,"pb":5.0949,"ps":4.646,"pcf":202.3678,"iop":28.9227}