{"code":"603908","atr10":0.936,"close":42.75,"close_count":60,"l_pvalue":0.0500034194,"l_slop":4.3955906871,"l_stderror":2.100149441,"ma120":47.3424166667,"ma250":null,"ma42":43.1030952381,"max10":44.12,"min10":42.03,"name":"牧高笛","stat_date":"2017-06-30","mc":28.51,"cmc":7.135,"pe":50.8239,"pe_lyr":60.0376,"pb":6.4715,"ps":5.9046,"pcf":57.4108,"iop":21.768}