{"code":"603928","atr10":0.482,"close":18.05,"close_count":60,"l_pvalue":3.044884463e-20,"l_slop":23.6512265926,"l_stderror":0.5605378123,"ma120":18.9186666667,"ma250":null,"ma42":17.4180952381,"max10":18.54,"min10":17.95,"name":"兴业股份","stat_date":"2017-06-30","mc":36.3888,"cmc":9.0972,"pe":39.3753,"pe_lyr":35.2628,"pb":3.4684,"ps":3.8203,"pcf":21.3598,"iop":27.4912}